/*
 * Copyright (c) 2015, COCO Consortium
 * All rights reserved.
 *
 * SPDX-License-Identifier: CC-BY-4.0
 */

/* 
 * Modifications Copyright 2025 NXP
 */

/*
 * converted with:
 *  convert couple.jpg -crop 536x536+104+0 -resize 128x128 couple_COCO_128_128.rgb
 *  image_operation.py -i couple_COCO_128_128.rgb -o couple_COCO_128_128.bgr \
 *  -W 128 -H 128 --img_op conv_RGB2BGR --pix_fmt rgb888
 *  xxd -i couple_COCO_128_128.rgb couple_COCO_128_128_rgb.h
 */

#ifndef __IMAGE_COUPLE_COCO_128_128_BGR_DATA_H__
#define __IMAGE_COUPLE_COCO_128_128_BGR_DATA_H__

#define SRC_IMAGE_COUPLE_COCO_128_128_BGR_WIDTH           128
#define SRC_IMAGE_COUPLE_COCO_128_128_BGR_HEIGHT          128
#define SRC_IMAGE_COUPLE_COCO_128_128_BGR_CHANNELS_NUMBER 3
#define SRC_IMAGE_COUPLE_COCO_128_128_BGR_FORMAT          MPP_PIXEL_RGB

static const uint8_t couple_COCO_128_128_bgr_data[] = {
  0xb1, 0xbb, 0xcc, 0xb2, 0xbc, 0xce, 0xb2, 0xbc, 0xce, 0xb2, 0xbc, 0xcd,
  0xb2, 0xbc, 0xcd, 0xb2, 0xbc, 0xcd, 0xb2, 0xbc, 0xce, 0xb3, 0xbd, 0xcf,
  0xb3, 0xbd, 0xcf, 0xb3, 0xbd, 0xcf, 0xb3, 0xbd, 0xcf, 0xb3, 0xbd, 0xcf,
  0xb3, 0xbd, 0xcf, 0xb1, 0xbb, 0xcd, 0xb0, 0xbb, 0xcd, 0xb2, 0xbe, 0xcf,
  0xb9, 0xc2, 0xd1, 0xb7, 0xc1, 0xd1, 0xb6, 0xc0, 0xcf, 0xaf, 0xbb, 0xcc,
  0xad, 0xb8, 0xcb, 0xb1, 0xbb, 0xcd, 0xb0, 0xbb, 0xcd, 0xad, 0xb8, 0xcb,
  0xac, 0xb6, 0xcb, 0xab, 0xb6, 0xca, 0xab, 0xb7, 0xca, 0xae, 0xb9, 0xcb,
  0xb2, 0xbc, 0xce, 0xb3, 0xbc, 0xcd, 0xb2, 0xbc, 0xcd, 0xb1, 0xbc, 0xce,
  0xb2, 0xbc, 0xcf, 0xb2, 0xbc, 0xce, 0xb1, 0xbb, 0xcd, 0xb2, 0xbc, 0xce,
  0xb2, 0xbc, 0xce, 0xb1, 0xbb, 0xcd, 0xb1, 0xbb, 0xcd, 0xb1, 0xbb, 0xcd,
  0xb1, 0xbb, 0xcd, 0xb1, 0xbb, 0xcd, 0xb0, 0xba, 0xcc, 0xb0, 0xba, 0xcc,
  0xb0, 0xba, 0xcc, 0xb0, 0xba, 0xcd, 0xb3, 0xbb, 0xcd, 0x94, 0xa6, 0xc2,
  0x6f, 0x8f, 0xb9, 0x70, 0x90, 0xbb, 0x75, 0x90, 0xbb, 0x70, 0x8f, 0xba,
  0x6b, 0x8d, 0xb9, 0x6a, 0x8b, 0xb8, 0x68, 0x8a, 0xb7, 0x66, 0x89, 0xb8,
  0x65, 0x8a, 0xb8, 0x66, 0x8a, 0xb9, 0x66, 0x8b, 0xb9, 0x64, 0x8c, 0xbc,
  0x61, 0x8a, 0xbd, 0x3d, 0x6d, 0xa0, 0x1d, 0x4f, 0x7e, 0x19, 0x4d, 0x7c,
  0x21, 0x50, 0x7e, 0x3a, 0x5f, 0x8a, 0x4e, 0x6c, 0x94, 0x53, 0x6f, 0x96,
  0x54, 0x6f, 0x97, 0x54, 0x70, 0x98, 0x52, 0x70, 0x96, 0x55, 0x70, 0x96,
  0x52, 0x70, 0x98, 0x54, 0x71, 0x98, 0x55, 0x71, 0x98, 0x57, 0x70, 0x98,
  0x55, 0x71, 0x98, 0x55, 0x72, 0x99, 0x56, 0x72, 0x97, 0x58, 0x73, 0x98,
  0x56, 0x73, 0x98, 0x56, 0x73, 0x99, 0x57, 0x74, 0x9b, 0x56, 0x73, 0x99,
  0x58, 0x74, 0x99, 0x59, 0x75, 0x9a, 0x57, 0x74, 0x99, 0x58, 0x74, 0x9a,
  0x59, 0x73, 0x9b, 0x5a, 0x74, 0x9c, 0x59, 0x74, 0x9c, 0x57, 0x74, 0x9b,
  0x59, 0x74, 0x9c, 0x5a, 0x75, 0x9c, 0x57, 0x75, 0x9c, 0x5b, 0x75, 0x9c,
  0x5a, 0x75, 0x9a, 0x5a, 0x74, 0x9c, 0x5b, 0x75, 0x9d, 0x5a, 0x74, 0x9c,
  0x59, 0x75, 0x9c, 0x59, 0x76, 0x9d, 0x59, 0x76, 0x9d, 0x58, 0x76, 0x9d,
  0x5b, 0x75, 0x9d, 0x5b, 0x74, 0x9d, 0x5b, 0x74, 0x9e, 0x5b, 0x75, 0x9d,
  0x5b, 0x75, 0x9d, 0x5b, 0x75, 0x9d, 0x5b, 0x75, 0x9d, 0x5b, 0x75, 0x9d,
  0x5b, 0x74, 0x9e, 0x5c, 0x75, 0x9e, 0x5d, 0x76, 0x9d, 0x5c, 0x74, 0x9e,
  0x5b, 0x74, 0x9e, 0x5b, 0x74, 0x9e, 0x5c, 0x75, 0x9e, 0x5b, 0x76, 0x9d,
  0x5c, 0x75, 0x9d, 0x5c, 0x75, 0x9d, 0x5c, 0x75, 0x9f, 0x5c, 0x75, 0x9f,
  0x5c, 0x75, 0x9f, 0x5c, 0x75, 0x9f, 0x5d, 0x75, 0x9f, 0x5d, 0x75, 0x9f,
  0xb2, 0xbc, 0xcd, 0xb2, 0xbc, 0xce, 0xb3, 0xbd, 0xcf, 0xb2, 0xbc, 0xce,
  0xb3, 0xbd, 0xce, 0xb3, 0xbd, 0xce, 0xb3, 0xbd, 0xcf, 0xb3, 0xbd, 0xcf,
  0xb3, 0xbd, 0xcf, 0xb3, 0xbd, 0xcf, 0xb3, 0xbd, 0xcf, 0xb2, 0xbd, 0xcf,
  0xb2, 0xbd, 0xce, 0xb8, 0xc2, 0xd2, 0xb4, 0xbe, 0xd1, 0xa6, 0xb3, 0xca,
  0x95, 0xa6, 0xc1, 0x81, 0x96, 0xb6, 0x79, 0x93, 0xba, 0x7c, 0x9b, 0xc4,
  0x87, 0xa5, 0xcb, 0x77, 0x99, 0xc2, 0x79, 0x98, 0xc0, 0x87, 0x9f, 0xc3,
  0x7c, 0x98, 0xc0, 0x7c, 0x99, 0xc0, 0x7a, 0x98, 0xc0, 0x84, 0x9e, 0xc2,
  0xa4, 0xb2, 0xc9, 0xab, 0xb6, 0xcb, 0xab, 0xb7, 0xca, 0xad, 0xb8, 0xcc,
  0xaf, 0xba, 0xcd, 0xb1, 0xbc, 0xcd, 0xb2, 0xbc, 0xce, 0xb3, 0xbc, 0xcf,
  0xb2, 0xbc, 0xce, 0xb2, 0xbc, 0xce, 0xb2, 0xbc, 0xce, 0xb1, 0xbb, 0xcd,
  0xb2, 0xbc, 0xce, 0xb2, 0xbc, 0xce, 0xb1, 0xbb, 0xcd, 0xb1, 0xbb, 0xcd,
  0xb1, 0xbb, 0xcd, 0xb1, 0xbb, 0xcd, 0xb3, 0xbc, 0xce, 0x95, 0xa6, 0xc3,
  0x6f, 0x8e, 0xb9, 0x70, 0x8f, 0xbb, 0x74, 0x90, 0xbb, 0x70, 0x90, 0xbb,
  0x6d, 0x8e, 0xbb, 0x6b, 0x8c, 0xb9, 0x69, 0x8b, 0xb8, 0x66, 0x89, 0xb8,
  0x65, 0x8a, 0xba, 0x67, 0x8b, 0xba, 0x66, 0x8c, 0xba, 0x65, 0x8d, 0xbc,
  0x63, 0x8b, 0xbe, 0x3e, 0x6e, 0xa1, 0x18, 0x50, 0x7e, 0x16, 0x4e, 0x7c,
  0x21, 0x51, 0x7e, 0x3c, 0x60, 0x8b, 0x4e, 0x6d, 0x95, 0x52, 0x70, 0x97,
  0x52, 0x70, 0x97, 0x54, 0x71, 0x98, 0x54, 0x70, 0x97, 0x55, 0x71, 0x96,
  0x54, 0x72, 0x99, 0x55, 0x72, 0x99, 0x55, 0x72, 0x99, 0x56, 0x72, 0x99,
  0x56, 0x73, 0x9a, 0x56, 0x73, 0x9a, 0x57, 0x73, 0x99, 0x57, 0x72, 0x97,
  0x57, 0x74, 0x9a, 0x58, 0x75, 0x9c, 0x58, 0x75, 0x9c, 0x58, 0x75, 0x9a,
  0x57, 0x74, 0x9b, 0x58, 0x75, 0x9c, 0x58, 0x75, 0x9c, 0x59, 0x75, 0x9c,
  0x59, 0x74, 0x9c, 0x5b, 0x74, 0x9c, 0x5a, 0x75, 0x9c, 0x58, 0x75, 0x9c,
  0x59, 0x75, 0x9c, 0x58, 0x75, 0x9c, 0x58, 0x76, 0x9c, 0x5a, 0x74, 0x9c,
  0x5a, 0x74, 0x9c, 0x5b, 0x75, 0x9d, 0x5b, 0x75, 0x9d, 0x5a, 0x74, 0x9c,
  0x5a, 0x75, 0x9d, 0x5a, 0x76, 0x9d, 0x59, 0x76, 0x9d, 0x5a, 0x76, 0x9e,
  0x5b, 0x77, 0x9e, 0x5b, 0x75, 0x9d, 0x5c, 0x76, 0x9e, 0x5a, 0x77, 0x9e,
  0x5a, 0x77, 0x9e, 0x5c, 0x76, 0x9e, 0x5c, 0x76, 0x9e, 0x5d, 0x76, 0x9f,
  0x5c, 0x74, 0x9f, 0x5d, 0x75, 0x9e, 0x5d, 0x76, 0x9e, 0x5d, 0x75, 0x9f,
  0x5c, 0x75, 0x9f, 0x5c, 0x75, 0x9f, 0x5c, 0x76, 0x9f, 0x5c, 0x76, 0x9e,
  0x5c, 0x76, 0x9e, 0x5c, 0x75, 0x9d, 0x5c, 0x75, 0x9f, 0x5d, 0x76, 0xa0,
  0x5d, 0x76, 0x9f, 0x5d, 0x75, 0x9f, 0x5d, 0x75, 0x9f, 0x5e, 0x76, 0xa0,
  0xb3, 0xbd, 0xce, 0xb3, 0xbd, 0xce, 0xb3, 0xbd, 0xce, 0xb3, 0xbd, 0xcf,
  0xb3, 0xbd, 0xcf, 0xb4, 0xbe, 0xd0, 0xb3, 0xbd, 0xcf, 0xb3, 0xbe, 0xd0,
  0xb1, 0xbe, 0xd0, 0xb1, 0xbe, 0xd0, 0xb0, 0xbc, 0xce, 0xb7, 0xc2, 0xd2,
  0xb1, 0xbd, 0xd1, 0x84, 0x95, 0xb2, 0x50, 0x68, 0x8c, 0x2f, 0x4e, 0x76,
  0x1b, 0x40, 0x6b, 0x1b, 0x3e, 0x6c, 0x23, 0x50, 0x85, 0x3e, 0x75, 0xaf,
  0x43, 0x79, 0xb4, 0x2f, 0x68, 0xa7, 0x23, 0x5f, 0x9b, 0x32, 0x65, 0x9d,
  0x38, 0x6b, 0x9e, 0x47, 0x78, 0xac, 0x53, 0x84, 0xb9, 0x51, 0x83, 0xb7,
  0x66, 0x8e, 0xbc, 0x7c, 0x9a, 0xc1, 0x86, 0x9f, 0xc1, 0x95, 0xa9, 0xc6,
  0xa8, 0xb5, 0xca, 0xad, 0xb9, 0xcb, 0xb0, 0xbb, 0xcd, 0xb2, 0xbc, 0xcf,
  0xb2, 0xbc, 0xce, 0xb2, 0xbc, 0xce, 0xb3, 0xbd, 0xcf, 0xb2, 0xbc, 0xce,
  0xb2, 0xbc, 0xce, 0xb2, 0xbc, 0xce, 0xb2, 0xbc, 0xce, 0xb1, 0xbb, 0xcd,
  0xb1, 0xbb, 0xcd, 0xb1, 0xbc, 0xce, 0xb4, 0xbd, 0xce, 0x95, 0xa7, 0xc4,
  0x70, 0x8e, 0xb9, 0x72, 0x8e, 0xba, 0x72, 0x8f, 0xbb, 0x70, 0x90, 0xbb,
  0x6e, 0x8e, 0xba, 0x6b, 0x8c, 0xb9, 0x6a, 0x8b, 0xb9, 0x66, 0x8a, 0xba,
  0x64, 0x8b, 0xbb, 0x66, 0x8b, 0xbb, 0x66, 0x8c, 0xbc, 0x66, 0x8e, 0xbe,
  0x65, 0x8c, 0xbf, 0x3f, 0x70, 0xa4, 0x18, 0x51, 0x7f, 0x17, 0x4d, 0x7c,
  0x21, 0x51, 0x7f, 0x3c, 0x60, 0x8b, 0x4e, 0x6d, 0x94, 0x54, 0x71, 0x98,
  0x54, 0x71, 0x98, 0x54, 0x71, 0x97, 0x54, 0x71, 0x97, 0x54, 0x71, 0x96,
  0x55, 0x72, 0x98, 0x55, 0x72, 0x99, 0x54, 0x73, 0x9a, 0x54, 0x73, 0x9a,
  0x55, 0x74, 0x9b, 0x56, 0x74, 0x9b, 0x57, 0x74, 0x9b, 0x56, 0x74, 0x9b,
  0x57, 0x74, 0x9b, 0x57, 0x74, 0x9b, 0x58, 0x75, 0x9c, 0x58, 0x75, 0x9c,
  0x58, 0x75, 0x9c, 0x59, 0x76, 0x9d, 0x59, 0x76, 0x9d, 0x58, 0x75, 0x9c,
  0x59, 0x76, 0x9d, 0x59, 0x76, 0x9d, 0x59, 0x76, 0x9d, 0x59, 0x77, 0x9e,
  0x5a, 0x76, 0x9e, 0x5b, 0x76, 0x9d, 0x59, 0x77, 0x9b, 0x5a, 0x76, 0x9c,
  0x5b, 0x75, 0x9d, 0x5c, 0x76, 0x9e, 0x5b, 0x76, 0x9e, 0x5b, 0x75, 0x9d,
  0x5b, 0x75, 0x9d, 0x5b, 0x76, 0x9e, 0x5c, 0x76, 0x9e, 0x5b, 0x75, 0x9d,
  0x5c, 0x76, 0x9e, 0x5c, 0x76, 0x9e, 0x5c, 0x76, 0x9e, 0x5d, 0x77, 0x9f,
  0x5b, 0x78, 0x9f, 0x5c, 0x77, 0x9e, 0x5d, 0x76, 0x9f, 0x5d, 0x75, 0x9f,
  0x5d, 0x76, 0x9f, 0x5c, 0x76, 0x9e, 0x5c, 0x77, 0x9e, 0x5d, 0x77, 0x9f,
  0x5d, 0x76, 0xa0, 0x5d, 0x76, 0xa0, 0x5d, 0x76, 0xa0, 0x5d, 0x76, 0xa0,
  0x5d, 0x76, 0xa0, 0x5c, 0x75, 0x9f, 0x5c, 0x75, 0x9f, 0x5d, 0x76, 0xa0,
  0x5e, 0x76, 0xa0, 0x5e, 0x76, 0xa0, 0x5e, 0x76, 0xa0, 0x5d, 0x75, 0x9f,
  0xb3, 0xbd, 0xce, 0xb4, 0xbe, 0xcf, 0xb3, 0xbd, 0xce, 0xb4, 0xbe, 0xcf,
  0xb4, 0xbe, 0xd0, 0xb4, 0xbe, 0xd0, 0xb4, 0xbd, 0xd0, 0xb4, 0xbe, 0xd0,
  0xb3, 0xbe, 0xd0, 0xb2, 0xbe, 0xcf, 0xb5, 0xc1, 0xd3, 0x9a, 0xab, 0xc7,
  0x48, 0x65, 0x8e, 0x16, 0x32, 0x5a, 0x12, 0x30, 0x55, 0x1f, 0x3a, 0x5e,
  0x1f, 0x38, 0x5d, 0x25, 0x3f, 0x63, 0x31, 0x52, 0x7d, 0x34, 0x66, 0x98,
  0x2c, 0x63, 0x9e, 0x3a, 0x70, 0xab, 0x36, 0x6e, 0xa9, 0x26, 0x5f, 0x9e,
  0x21, 0x59, 0x92, 0x14, 0x4b, 0x81, 0x2e, 0x61, 0x96, 0x48, 0x7b, 0xb0,
  0x45, 0x7d, 0xb5, 0x49, 0x7f, 0xb5, 0x5a, 0x8b, 0xbd, 0x64, 0x8e, 0xbd,
  0x81, 0x9a, 0xc0, 0x93, 0xa7, 0xc6, 0xa3, 0xb2, 0xca, 0xae, 0xb9, 0xcd,
  0xb1, 0xbc, 0xcd, 0xb0, 0xbc, 0xce, 0xb1, 0xbe, 0xd0, 0xb1, 0xbd, 0xcf,
  0xb2, 0xbd, 0xcf, 0xb2, 0xbc, 0xce, 0xb2, 0xbc, 0xce, 0xb2, 0xbc, 0xce,
  0xb0, 0xbc, 0xce, 0xb0, 0xbc, 0xce, 0xb4, 0xbe, 0xce, 0x94, 0xa7, 0xc4,
  0x6f, 0x8f, 0xba, 0x72, 0x90, 0xbb, 0x73, 0x90, 0xbc, 0x71, 0x90, 0xbb,
  0x6d, 0x8e, 0xba, 0x6b, 0x8c, 0xb9, 0x6a, 0x8c, 0xb9, 0x66, 0x8b, 0xba,
  0x65, 0x8b, 0xbb, 0x66, 0x8b, 0xbb, 0x66, 0x8d, 0xbd, 0x66, 0x8e, 0xbe,
  0x66, 0x8d, 0xc0, 0x41, 0x72, 0xa6, 0x1c, 0x52, 0x81, 0x1b, 0x4d, 0x7e,
  0x22, 0x52, 0x80, 0x3a, 0x61, 0x8b, 0x4e, 0x6e, 0x96, 0x54, 0x71, 0x98,
  0x54, 0x71, 0x99, 0x52, 0x70, 0x99, 0x54, 0x72, 0x9b, 0x54, 0x73, 0x9a,
  0x53, 0x72, 0x99, 0x54, 0x73, 0x9a, 0x54, 0x73, 0x9a, 0x55, 0x74, 0x9b,
  0x55, 0x74, 0x9b, 0x56, 0x74, 0x9b, 0x57, 0x75, 0x9c, 0x56, 0x75, 0x9c,
  0x57, 0x75, 0x9c, 0x57, 0x75, 0x9c, 0x58, 0x75, 0x9c, 0x58, 0x75, 0x9c,
  0x59, 0x76, 0x9d, 0x59, 0x76, 0x9d, 0x59, 0x76, 0x9d, 0x59, 0x76, 0x9d,
  0x59, 0x76, 0x9d, 0x5a, 0x77, 0x9e, 0x59, 0x76, 0x9d, 0x59, 0x76, 0x9d,
  0x5a, 0x76, 0x9e, 0x5b, 0x76, 0x9d, 0x5a, 0x77, 0x9c, 0x5a, 0x77, 0x9d,
  0x5a, 0x77, 0x9e, 0x59, 0x77, 0x9e, 0x5a, 0x77, 0x9e, 0x5a, 0x77, 0x9e,
  0x5a, 0x77, 0x9e, 0x5c, 0x76, 0x9e, 0x5d, 0x76, 0x9e, 0x5d, 0x76, 0x9f,
  0x5c, 0x76, 0x9f, 0x5d, 0x77, 0x9f, 0x5d, 0x77, 0x9f, 0x5c, 0x77, 0x9f,
  0x5b, 0x78, 0x9f, 0x5d, 0x77, 0x9f, 0x5c, 0x78, 0x9f, 0x5c, 0x76, 0xa0,
  0x5d, 0x76, 0xa0, 0x5c, 0x78, 0x9f, 0x5c, 0x79, 0x9f, 0x5d, 0x77, 0x9f,
  0x5d, 0x76, 0xa0, 0x5d, 0x76, 0xa0, 0x5d, 0x76, 0xa0, 0x5d, 0x76, 0xa0,
  0x5d, 0x76, 0xa0, 0x5c, 0x75, 0x9f, 0x5c, 0x75, 0x9f, 0x5d, 0x76, 0xa0,
  0x5d, 0x75, 0x9f, 0x5e, 0x76, 0xa0, 0x5e, 0x76, 0xa0, 0x5d, 0x76, 0xa0,
  0xb4, 0xbe, 0xcf, 0xb4, 0xbe, 0xd0, 0xb4, 0xbe, 0xcf, 0xb4, 0xbe, 0xcf,
  0xb4, 0xbe, 0xd0, 0xb5, 0xbf, 0xd1, 0xb4, 0xbe, 0xd1, 0xb5, 0xbf, 0xd1,
  0xb3, 0xbe, 0xcf, 0xb6, 0xc1, 0xd4, 0x81, 0x94, 0xb4, 0x24, 0x40, 0x68,
  0x03, 0x25, 0x48, 0x0d, 0x28, 0x46, 0x19, 0x2f, 0x4c, 0x1b, 0x2f, 0x4c,
  0x22, 0x31, 0x4f, 0x22, 0x39, 0x56, 0x1d, 0x3e, 0x63, 0x1b, 0x46, 0x76,
  0x35, 0x69, 0x9e, 0x37, 0x71, 0xa7, 0x3f, 0x77, 0xb3, 0x45, 0x7d, 0xbb,
  0x44, 0x7c, 0xba, 0x3c, 0x73, 0xad, 0x26, 0x5a, 0x92, 0x20, 0x53, 0x87,
  0x2a, 0x5f, 0x92, 0x3a, 0x6b, 0xa0, 0x2d, 0x64, 0x98, 0x3f, 0x72, 0xa8,
  0x54, 0x85, 0xbb, 0x58, 0x86, 0xb8, 0x6b, 0x90, 0xbc, 0x7f, 0x9c, 0xc2,
  0x96, 0xa9, 0xc6, 0xac, 0xb9, 0xcc, 0xb2, 0xbe, 0xd0, 0xb1, 0xbd, 0xcf,
  0xb3, 0xbd, 0xcf, 0xb3, 0xbd, 0xcf, 0xb3, 0xbd, 0xcf, 0xb3, 0xbd, 0xcf,
  0xb3, 0xbc, 0xce, 0xb2, 0xbd, 0xcf, 0xb4, 0xbe, 0xce, 0x94, 0xa7, 0xc4,
  0x6e, 0x8f, 0xba, 0x71, 0x90, 0xbc, 0x74, 0x90, 0xbc, 0x71, 0x90, 0xbc,
  0x6d, 0x8e, 0xbb, 0x6d, 0x8e, 0xbb, 0x6b, 0x8d, 0xba, 0x67, 0x8b, 0xba,
  0x65, 0x8b, 0xbb, 0x66, 0x8c, 0xbc, 0x65, 0x8d, 0xbd, 0x67, 0x8f, 0xbf,
  0x68, 0x8f, 0xc0, 0x43, 0x73, 0xa6, 0x1a, 0x52, 0x83, 0x1a, 0x4e, 0x7f,
  0x22, 0x54, 0x81, 0x3c, 0x62, 0x8e, 0x4e, 0x6e, 0x97, 0x54, 0x73, 0x99,
  0x54, 0x73, 0x9a, 0x54, 0x72, 0x9b, 0x54, 0x72, 0x9a, 0x54, 0x73, 0x99,
  0x55, 0x73, 0x9a, 0x55, 0x74, 0x9b, 0x55, 0x74, 0x9b, 0x55, 0x74, 0x9b,
  0x55, 0x74, 0x9b, 0x56, 0x75, 0x9c, 0x57, 0x75, 0x9c, 0x58, 0x75, 0x9c,
  0x59, 0x76, 0x9d, 0x59, 0x76, 0x9d, 0x59, 0x76, 0x9d, 0x59, 0x76, 0x9d,
  0x59, 0x76, 0x9d, 0x59, 0x76, 0x9d, 0x59, 0x76, 0x9d, 0x59, 0x76, 0x9d,
  0x5a, 0x77, 0x9e, 0x5a, 0x77, 0x9e, 0x5a, 0x77, 0x9e, 0x5a, 0x77, 0x9e,
  0x5a, 0x77, 0x9e, 0x5a, 0x77, 0x9e, 0x5a, 0x77, 0x9e, 0x5a, 0x77, 0x9e,
  0x5b, 0x78, 0x9f, 0x5a, 0x77, 0x9e, 0x5b, 0x77, 0x9f, 0x5c, 0x78, 0x9f,
  0x5a, 0x78, 0x9e, 0x5c, 0x77, 0x9e, 0x5c, 0x77, 0x9f, 0x5c, 0x76, 0x9f,
  0x5d, 0x75, 0xa0, 0x5d, 0x77, 0x9f, 0x5d, 0x77, 0x9f, 0x5b, 0x78, 0x9f,
  0x5b, 0x78, 0x9f, 0x5d, 0x77, 0xa0, 0x5c, 0x78, 0xa0, 0x5d, 0x76, 0xa0,
  0x5d, 0x76, 0xa0, 0x5d, 0x78, 0xa0, 0x5b, 0x79, 0x9f, 0x5d, 0x76, 0x9f,
  0x5d, 0x76, 0xa0, 0x5d, 0x76, 0xa0, 0x5d, 0x76, 0xa0, 0x5d, 0x76, 0xa0,
  0x5e, 0x77, 0xa1, 0x5d, 0x76, 0xa0, 0x5d, 0x76, 0xa0, 0x5d, 0x76, 0xa0,
  0x5d, 0x76, 0xa0, 0x5e, 0x77, 0xa1, 0x5e, 0x77, 0xa1, 0x5e, 0x77, 0xa1,
  0xb4, 0xbe, 0xd0, 0xb4, 0xbe, 0xd0, 0xb5, 0xbf, 0xd0, 0xb5, 0xbf, 0xd0,
  0xb4, 0xbf, 0xd1, 0xb5, 0xbf, 0xd1, 0xb6, 0xc0, 0xd2, 0xb3, 0xbe, 0xd0,
  0xba, 0xc4, 0xd6, 0x86, 0x98, 0xb7, 0x10, 0x27, 0x4d, 0x06, 0x1e, 0x3b,
  0x16, 0x2d, 0x4b, 0x18, 0x2d, 0x4a, 0x1d, 0x2d, 0x49, 0x23, 0x33, 0x4d,
  0x16, 0x2b, 0x48, 0x13, 0x2e, 0x4d, 0x1c, 0x3a, 0x5f, 0x29, 0x4b, 0x77,
  0x2a, 0x55, 0x85, 0x2c, 0x5c, 0x90, 0x35, 0x68, 0x9e, 0x3c, 0x6d, 0xa2,
  0x2b, 0x5f, 0x9b, 0x32, 0x64, 0xa0, 0x37, 0x6f, 0xad, 0x2e, 0x64, 0x9d,
  0x13, 0x45, 0x76, 0x1c, 0x47, 0x75, 0x2a, 0x54, 0x83, 0x0b, 0x39, 0x64,
  0x3a, 0x68, 0x9a, 0x4d, 0x83, 0xba, 0x44, 0x7b, 0xb2, 0x4c, 0x80, 0xb6,
  0x59, 0x87, 0xba, 0x88, 0xa2, 0xc4, 0xaf, 0xba, 0xcc, 0xaf, 0xbb, 0xce,
  0xb2, 0xbc, 0xcf, 0xb2, 0xbd, 0xcf, 0xb4, 0xbe, 0xd0, 0xb3, 0xbd, 0xcf,
  0xb3, 0xbd, 0xcf, 0xb2, 0xbd, 0xcf, 0xb4, 0xbf, 0xcf, 0x97, 0xa9, 0xc5,
  0x6f, 0x8f, 0xbb, 0x72, 0x90, 0xbb, 0x74, 0x91, 0xbc, 0x71, 0x90, 0xbb,
  0x6d, 0x8f, 0xbb, 0x6d, 0x8e, 0xbb, 0x6a, 0x8d, 0xba, 0x68, 0x8b, 0xba,
  0x68, 0x8b, 0xbb, 0x67, 0x8c, 0xbc, 0x66, 0x8e, 0xbe, 0x68, 0x91, 0xc0,
  0x69, 0x91, 0xc1, 0x45, 0x74, 0xa8, 0x1b, 0x54, 0x84, 0x1a, 0x4e, 0x7f,
  0x22, 0x53, 0x81, 0x3b, 0x62, 0x8e, 0x4e, 0x6e, 0x97, 0x54, 0x72, 0x9a,
  0x54, 0x73, 0x9a, 0x55, 0x74, 0x9b, 0x55, 0x73, 0x9a, 0x55, 0x74, 0x9b,
  0x55, 0x74, 0x9b, 0x55, 0x74, 0x9b, 0x56, 0x75, 0x9c, 0x56, 0x75, 0x9c,
  0x56, 0x75, 0x9c, 0x56, 0x75, 0x9c, 0x57, 0x75, 0x9c, 0x58, 0x76, 0x9d,
  0x58, 0x76, 0x9d, 0x59, 0x76, 0x9d, 0x59, 0x76, 0x9d, 0x59, 0x76, 0x9d,
  0x59, 0x76, 0x9e, 0x59, 0x76, 0x9d, 0x59, 0x77, 0x9e, 0x5a, 0x77, 0x9e,
  0x5a, 0x77, 0x9e, 0x5a, 0x77, 0x9e, 0x5b, 0x77, 0x9e, 0x5b, 0x78, 0x9f,
  0x5b, 0x78, 0x9f, 0x5a, 0x78, 0x9f, 0x5b, 0x78, 0x9f, 0x5b, 0x78, 0x9f,
  0x5b, 0x78, 0x9f, 0x5b, 0x78, 0x9f, 0x5d, 0x77, 0x9f, 0x5b, 0x77, 0x9f,
  0x5b, 0x78, 0x9f, 0x5a, 0x78, 0x9f, 0x5b, 0x78, 0x9f, 0x5d, 0x76, 0xa0,
  0x5d, 0x76, 0xa0, 0x5d, 0x77, 0x9f, 0x5d, 0x77, 0xa0, 0x5b, 0x78, 0x9f,
  0x5c, 0x78, 0xa0, 0x5d, 0x77, 0xa1, 0x5c, 0x77, 0xa0, 0x5d, 0x77, 0xa0,
  0x5c, 0x76, 0xa0, 0x5c, 0x78, 0xa0, 0x5d, 0x79, 0xa0, 0x5c, 0x78, 0xa1,
  0x5c, 0x76, 0xa0, 0x5e, 0x77, 0xa1, 0x5d, 0x76, 0xa0, 0x5d, 0x76, 0xa0,
  0x5d, 0x76, 0xa0, 0x5d, 0x76, 0xa0, 0x5d, 0x77, 0xa0, 0x5e, 0x77, 0xa1,
  0x5e, 0x77, 0xa1, 0x5e, 0x77, 0xa1, 0x5e, 0x77, 0xa1, 0x5e, 0x77, 0xa1,
  0xb5, 0xbf, 0xd1, 0xb5, 0xbf, 0xd1, 0xb5, 0xbf, 0xd1, 0xb6, 0xc0, 0xd2,
  0xb3, 0xbf, 0xd1, 0xb4, 0xbf, 0xd1, 0xb4, 0xbf, 0xd1, 0xb8, 0xc1, 0xd2,
  0xad, 0xbb, 0xd0, 0x29, 0x43, 0x68, 0x0c, 0x21, 0x3e, 0x14, 0x2a, 0x46,
  0x15, 0x26, 0x41, 0x0e, 0x1e, 0x36, 0x1e, 0x2a, 0x43, 0x23, 0x32, 0x4d,
  0x2d, 0x3d, 0x5a, 0x2b, 0x3c, 0x59, 0x22, 0x36, 0x54, 0x20, 0x36, 0x55,
  0x27, 0x3e, 0x60, 0x2e, 0x49, 0x70, 0x34, 0x5b, 0x87, 0x38, 0x65, 0x96,
  0x31, 0x61, 0x97, 0x3b, 0x6c, 0xa2, 0x39, 0x6f, 0xa7, 0x30, 0x69, 0xa4,
  0x34, 0x63, 0x9e, 0x26, 0x57, 0x8d, 0x27, 0x55, 0x89, 0x27, 0x4c, 0x75,
  0x18, 0x42, 0x6e, 0x38, 0x6b, 0xa2, 0x4b, 0x80, 0xba, 0x47, 0x7e, 0xb6,
  0x45, 0x7d, 0xb5, 0x58, 0x85, 0xb9, 0x8b, 0xa3, 0xc5, 0xaa, 0xb7, 0xcc,
  0xb2, 0xbc, 0xcf, 0xb3, 0xbe, 0xd0, 0xb2, 0xbd, 0xcf, 0xb2, 0xbe, 0xd0,
  0xb2, 0xbe, 0xd0, 0xb1, 0xbd, 0xd0, 0xb5, 0xbf, 0xd0, 0x96, 0xa9, 0xc5,
  0x71, 0x8f, 0xbc, 0x74, 0x91, 0xbb, 0x74, 0x92, 0xbc, 0x71, 0x91, 0xbc,
  0x6f, 0x8f, 0xbc, 0x6d, 0x8e, 0xbb, 0x6a, 0x8d, 0xba, 0x65, 0x8c, 0xb9,
  0x66, 0x8c, 0xbb, 0x67, 0x8c, 0xbd, 0x67, 0x8e, 0xbe, 0x67, 0x91, 0xc0,
  0x69, 0x92, 0xc2, 0x47, 0x76, 0xab, 0x1b, 0x54, 0x84, 0x19, 0x4f, 0x80,
  0x21, 0x54, 0x83, 0x3c, 0x62, 0x8f, 0x4e, 0x6f, 0x99, 0x54, 0x73, 0x9b,
  0x55, 0x74, 0x9b, 0x54, 0x74, 0x9c, 0x55, 0x74, 0x9b, 0x54, 0x74, 0x9b,
  0x53, 0x74, 0x9b, 0x56, 0x75, 0x9c, 0x56, 0x75, 0x9c, 0x56, 0x75, 0x9c,
  0x56, 0x75, 0x9c, 0x56, 0x75, 0x9c, 0x57, 0x76, 0x9d, 0x57, 0x76, 0x9d,
  0x57, 0x77, 0x9e, 0x59, 0x76, 0x9d, 0x5a, 0x76, 0x9f, 0x5a, 0x76, 0x9f,
  0x5a, 0x76, 0x9e, 0x5a, 0x77, 0x9e, 0x58, 0x78, 0x9e, 0x59, 0x78, 0x9f,
  0x5a, 0x77, 0x9e, 0x5b, 0x78, 0x9f, 0x5a, 0x78, 0x9f, 0x5b, 0x78, 0x9f,
  0x5a, 0x78, 0x9f, 0x5a, 0x78, 0x9f, 0x5c, 0x79, 0xa0, 0x5c, 0x79, 0xa0,
  0x5c, 0x79, 0xa0, 0x5b, 0x78, 0x9f, 0x5b, 0x78, 0x9f, 0x5c, 0x79, 0xa0,
  0x5a, 0x79, 0xa0, 0x59, 0x78, 0x9f, 0x5d, 0x78, 0xa1, 0x5e, 0x77, 0xa1,
  0x5d, 0x77, 0xa1, 0x5d, 0x78, 0xa0, 0x5d, 0x77, 0xa1, 0x5c, 0x78, 0xa1,
  0x5c, 0x79, 0xa1, 0x5c, 0x78, 0xa1, 0x5c, 0x79, 0xa1, 0x5c, 0x79, 0xa0,
  0x5c, 0x78, 0xa1, 0x5e, 0x77, 0xa1, 0x5e, 0x78, 0xa2, 0x5d, 0x78, 0xa2,
  0x5d, 0x77, 0xa1, 0x5e, 0x77, 0xa1, 0x5e, 0x77, 0xa1, 0x5e, 0x77, 0xa1,
  0x5e, 0x77, 0xa1, 0x5e, 0x77, 0xa1, 0x5e, 0x78, 0xa2, 0x5e, 0x77, 0xa1,
  0x5e, 0x77, 0xa1, 0x5f, 0x78, 0xa2, 0x5f, 0x78, 0xa2, 0x5f, 0x77, 0xa1,
  0xb5, 0xc0, 0xd2, 0xb5, 0xbf, 0xd1, 0xb6, 0xc0, 0xd2, 0xb5, 0xc0, 0xd2,
  0xb4, 0xc0, 0xd2, 0xb4, 0xc0, 0xd2, 0xb2, 0xbe, 0xd1, 0xbd, 0xc8, 0xd9,
  0x60, 0x79, 0x9e, 0x0a, 0x20, 0x41, 0x11, 0x23, 0x3c, 0x0b, 0x19, 0x2e,
  0x03, 0x10, 0x22, 0x1d, 0x29, 0x3a, 0x2a, 0x38, 0x50, 0x32, 0x3d, 0x58,
  0x32, 0x3d, 0x54, 0x23, 0x31, 0x48, 0x27, 0x33, 0x4b, 0x31, 0x3d, 0x57,
  0x25, 0x35, 0x50, 0x1b, 0x31, 0x4e, 0x14, 0x2e, 0x4f, 0x1e, 0x3c, 0x62,
  0x2d, 0x54, 0x82, 0x39, 0x63, 0x93, 0x1c, 0x4f, 0x7d, 0x31, 0x69, 0xa3,
  0x35, 0x6d, 0xa9, 0x35, 0x6a, 0xa2, 0x27, 0x55, 0x8a, 0x1e, 0x4d, 0x7e,
  0x2e, 0x55, 0x82, 0x29, 0x52, 0x84, 0x37, 0x6e, 0xa6, 0x4d, 0x7f, 0xb9,
  0x4c, 0x82, 0xbc, 0x44, 0x7d, 0xb5, 0x55, 0x85, 0xb9, 0x83, 0x9f, 0xc3,
  0xa4, 0xb3, 0xcb, 0xaf, 0xbb, 0xcd, 0xb1, 0xbe, 0xd0, 0xb0, 0xbe, 0xd0,
  0xb2, 0xbf, 0xd1, 0xb2, 0xbe, 0xd0, 0xb6, 0xbf, 0xd1, 0x98, 0xaa, 0xc6,
  0x71, 0x8f, 0xbc, 0x74, 0x91, 0xbb, 0x75, 0x93, 0xbc, 0x73, 0x92, 0xbd,
  0x6f, 0x90, 0xbc, 0x6e, 0x8f, 0xbc, 0x6a, 0x8d, 0xba, 0x66, 0x8d, 0xba,
  0x65, 0x8d, 0xbc, 0x64, 0x8c, 0xbd, 0x66, 0x8f, 0xbf, 0x69, 0x91, 0xc0,
  0x6a, 0x92, 0xc2, 0x48, 0x77, 0xab, 0x1b, 0x56, 0x85, 0x18, 0x51, 0x80,
  0x21, 0x55, 0x84, 0x3b, 0x62, 0x8f, 0x4e, 0x6f, 0x99, 0x54, 0x74, 0x9b,
  0x55, 0x73, 0x9d, 0x54, 0x74, 0x9d, 0x55, 0x74, 0x9c, 0x56, 0x75, 0x9c,
  0x55, 0x75, 0x9c, 0x56, 0x75, 0x9c, 0x56, 0x76, 0x9c, 0x56, 0x76, 0x9c,
  0x56, 0x75, 0x9c, 0x57, 0x75, 0x9d, 0x57, 0x76, 0x9e, 0x58, 0x77, 0x9e,
  0x58, 0x77, 0x9e, 0x59, 0x77, 0x9e, 0x59, 0x76, 0x9e, 0x5a, 0x77, 0x9f,
  0x5a, 0x78, 0x9f, 0x59, 0x77, 0x9e, 0x59, 0x77, 0x9f, 0x59, 0x78, 0x9f,
  0x59, 0x78, 0x9f, 0x5a, 0x79, 0xa0, 0x59, 0x79, 0xa0, 0x5a, 0x78, 0x9f,
  0x5b, 0x79, 0xa0, 0x5a, 0x79, 0xa0, 0x5a, 0x79, 0xa0, 0x5b, 0x79, 0xa0,
  0x5c, 0x78, 0x9f, 0x5b, 0x79, 0x9f, 0x5c, 0x79, 0xa0, 0x5d, 0x79, 0xa0,
  0x5b, 0x79, 0xa0, 0x5b, 0x79, 0xa0, 0x5d, 0x78, 0xa1, 0x5b, 0x77, 0xa0,
  0x5c, 0x78, 0xa1, 0x5c, 0x79, 0xa0, 0x5c, 0x79, 0xa1, 0x5c, 0x78, 0xa2,
  0x5c, 0x78, 0xa1, 0x5c, 0x78, 0xa1, 0x5d, 0x79, 0xa2, 0x5c, 0x79, 0xa1,
  0x5d, 0x78, 0xa1, 0x5e, 0x77, 0xa1, 0x5f, 0x78, 0xa2, 0x5f, 0x78, 0xa2,
  0x5e, 0x77, 0xa1, 0x5e, 0x77, 0xa1, 0x5f, 0x78, 0xa2, 0x5e, 0x77, 0xa1,
  0x5e, 0x77, 0xa1, 0x5f, 0x78, 0xa2, 0x5e, 0x77, 0xa1, 0x5f, 0x77, 0xa1,
  0x5e, 0x77, 0xa1, 0x5f, 0x78, 0xa1, 0x5f, 0x77, 0xa1, 0x60, 0x78, 0xa2,
  0xb6, 0xc0, 0xd2, 0xb6, 0xc0, 0xd2, 0xb4, 0xc0, 0xd2, 0xb6, 0xc0, 0xd2,
  0xb6, 0xc1, 0xd3, 0xb4, 0xc0, 0xd2, 0xb8, 0xc4, 0xd4, 0x9b, 0xad, 0xc7,
  0x1b, 0x33, 0x57, 0x0c, 0x1c, 0x34, 0x0a, 0x16, 0x28, 0x04, 0x10, 0x21,
  0x19, 0x23, 0x35, 0x25, 0x30, 0x45, 0x20, 0x2c, 0x43, 0x27, 0x32, 0x47,
  0x27, 0x33, 0x47, 0x29, 0x31, 0x46, 0x46, 0x4c, 0x60, 0x39, 0x43, 0x58,
  0x2c, 0x36, 0x4d, 0x2f, 0x39, 0x50, 0x27, 0x3b, 0x56, 0x22, 0x3c, 0x5e,
  0x25, 0x42, 0x68, 0x24, 0x47, 0x71, 0x37, 0x5f, 0x8c, 0x3e, 0x6e, 0xa2,
  0x2b, 0x63, 0x9e, 0x20, 0x50, 0x8c, 0x1d, 0x4c, 0x80, 0x20, 0x4c, 0x7f,
  0x10, 0x3b, 0x67, 0x2d, 0x52, 0x7f, 0x30, 0x60, 0x90, 0x12, 0x3f, 0x70,
  0x36, 0x67, 0x9b, 0x4c, 0x86, 0xbd, 0x45, 0x7d, 0xb5, 0x4f, 0x83, 0xb8,
  0x65, 0x8e, 0xbd, 0x85, 0xa1, 0xc4, 0xa8, 0xb6, 0xcd, 0xb3, 0xbe, 0xcf,
  0xb3, 0xbf, 0xd1, 0xb3, 0xbf, 0xd1, 0xb6, 0xc0, 0xd2, 0x98, 0xaa, 0xc7,
  0x71, 0x90, 0xbd, 0x73, 0x91, 0xbc, 0x75, 0x93, 0xbc, 0x75, 0x92, 0xbe,
  0x70, 0x91, 0xbd, 0x6f, 0x90, 0xbc, 0x6b, 0x8f, 0xbb, 0x69, 0x8d, 0xbb,
  0x65, 0x8d, 0xbc, 0x65, 0x8d, 0xbd, 0x67, 0x8f, 0xbf, 0x69, 0x92, 0xc1,
  0x6b, 0x93, 0xc3, 0x48, 0x79, 0xac, 0x1d, 0x57, 0x85, 0x19, 0x51, 0x80,
  0x21, 0x55, 0x84, 0x3b, 0x62, 0x91, 0x4e, 0x6f, 0x9b, 0x53, 0x73, 0x9c,
  0x53, 0x74, 0x9d, 0x55, 0x74, 0x9d, 0x56, 0x74, 0x9d, 0x55, 0x74, 0x9d,
  0x56, 0x75, 0x9d, 0x56, 0x75, 0x9c, 0x57, 0x76, 0x9d, 0x58, 0x77, 0x9e,
  0x58, 0x76, 0x9e, 0x57, 0x75, 0x9e, 0x58, 0x76, 0x9f, 0x59, 0x78, 0x9f,
  0x58, 0x77, 0x9e, 0x58, 0x77, 0x9e, 0x58, 0x77, 0x9e, 0x59, 0x78, 0x9f,
  0x59, 0x78, 0x9f, 0x59, 0x77, 0x9e, 0x59, 0x77, 0xa0, 0x59, 0x77, 0xa0,
  0x5a, 0x79, 0xa0, 0x5a, 0x79, 0xa0, 0x5a, 0x79, 0xa0, 0x5a, 0x79, 0xa0,
  0x5a, 0x79, 0xa0, 0x5a, 0x79, 0xa0, 0x5a, 0x79, 0xa0, 0x5a, 0x79, 0xa0,
  0x5c, 0x79, 0xa0, 0x5b, 0x79, 0xa0, 0x5d, 0x78, 0xa1, 0x5d, 0x78, 0xa1,
  0x5c, 0x78, 0xa0, 0x5c, 0x79, 0xa0, 0x5d, 0x79, 0xa1, 0x5d, 0x79, 0xa2,
  0x5d, 0x79, 0xa2, 0x5d, 0x79, 0xa1, 0x5d, 0x7a, 0xa2, 0x5d, 0x7a, 0xa0,
  0x5d, 0x7a, 0xa1, 0x5d, 0x79, 0xa2, 0x5d, 0x79, 0xa2, 0x5d, 0x79, 0xa2,
  0x5d, 0x78, 0xa2, 0x5f, 0x78, 0xa2, 0x5f, 0x78, 0xa2, 0x5f, 0x78, 0xa2,
  0x5e, 0x77, 0xa1, 0x5f, 0x78, 0xa2, 0x5f, 0x78, 0xa2, 0x5e, 0x77, 0xa1,
  0x5e, 0x78, 0xa1, 0x5f, 0x78, 0xa2, 0x5f, 0x77, 0xa1, 0x5f, 0x78, 0xa2,
  0x5f, 0x78, 0xa2, 0x5f, 0x78, 0xa2, 0x60, 0x78, 0xa2, 0x60, 0x78, 0xa2,
  0xb5, 0xc0, 0xd2, 0xb6, 0xc1, 0xd3, 0xb5, 0xc0, 0xd2, 0xb5, 0xc1, 0xd3,
  0xb4, 0xc1, 0xd3, 0xb1, 0xbe, 0xd0, 0xbd, 0xc8, 0xda, 0x55, 0x6a, 0x8a,
  0x04, 0x19, 0x30, 0x0a, 0x14, 0x26, 0x08, 0x11, 0x23, 0x12, 0x1b, 0x2e,
  0x15, 0x1f, 0x33, 0x0b, 0x18, 0x2e, 0x14, 0x1e, 0x33, 0x19, 0x25, 0x3a,
  0x1e, 0x2c, 0x44, 0x33, 0x3b, 0x4f, 0x3b, 0x3f, 0x50, 0x2f, 0x36, 0x46,
  0x2f, 0x36, 0x48, 0x35, 0x3a, 0x50, 0x27, 0x36, 0x4e, 0x1a, 0x2e, 0x47,
  0x18, 0x2e, 0x46, 0x1d, 0x32, 0x4b, 0x1e, 0x33, 0x54, 0x2d, 0x4d, 0x77,
  0x3f, 0x70, 0xa0, 0x3d, 0x73, 0xab, 0x2a, 0x55, 0x89, 0x20, 0x46, 0x71,
  0x1f, 0x42, 0x6d, 0x09, 0x2b, 0x51, 0x2d, 0x4d, 0x74, 0x2b, 0x54, 0x7f,
  0x03, 0x2b, 0x54, 0x2c, 0x57, 0x89, 0x4e, 0x84, 0xc0, 0x46, 0x7e, 0xb8,
  0x45, 0x7d, 0xb6, 0x4c, 0x82, 0xb8, 0x72, 0x97, 0xc1, 0xa5, 0xb3, 0xcb,
  0xb2, 0xbe, 0xd0, 0xb3, 0xbe, 0xd1, 0xb5, 0xc1, 0xd2, 0x98, 0xac, 0xc8,
  0x72, 0x90, 0xbd, 0x73, 0x91, 0xbc, 0x75, 0x93, 0xbc, 0x75, 0x93, 0xbd,
  0x70, 0x91, 0xbd, 0x6e, 0x90, 0xbc, 0x6d, 0x8f, 0xbc, 0x69, 0x8d, 0xbc,
  0x66, 0x8d, 0xbd, 0x66, 0x8e, 0xbe, 0x68, 0x90, 0xc0, 0x6a, 0x92, 0xc1,
  0x6c, 0x93, 0xc4, 0x49, 0x7b, 0xae, 0x1d, 0x59, 0x87, 0x1a, 0x53, 0x81,
  0x22, 0x56, 0x87, 0x3b, 0x63, 0x91, 0x4f, 0x70, 0x9b, 0x55, 0x74, 0x9d,
  0x55, 0x75, 0x9e, 0x55, 0x75, 0x9e, 0x56, 0x75, 0x9e, 0x55, 0x75, 0x9e,
  0x55, 0x75, 0x9e, 0x56, 0x76, 0x9d, 0x57, 0x75, 0x9e, 0x57, 0x75, 0x9e,
  0x58, 0x76, 0x9e, 0x58, 0x76, 0x9f, 0x59, 0x76, 0x9f, 0x59, 0x77, 0x9e,
  0x59, 0x78, 0x9f, 0x59, 0x77, 0x9f, 0x58, 0x76, 0x9f, 0x59, 0x77, 0xa0,
  0x5b, 0x78, 0x9f, 0x5b, 0x78, 0x9f, 0x5a, 0x77, 0xa0, 0x5b, 0x78, 0xa0,
  0x5a, 0x79, 0xa0, 0x5b, 0x79, 0xa0, 0x5a, 0x79, 0xa1, 0x5b, 0x79, 0xa1,
  0x5b, 0x79, 0xa1, 0x5b, 0x79, 0xa1, 0x5b, 0x79, 0xa1, 0x5b, 0x79, 0xa1,
  0x5c, 0x79, 0xa1, 0x5b, 0x79, 0xa0, 0x5c, 0x79, 0xa1, 0x5d, 0x79, 0xa2,
  0x5d, 0x79, 0xa2, 0x5d, 0x7a, 0xa2, 0x5d, 0x79, 0xa1, 0x5d, 0x79, 0xa2,
  0x5d, 0x79, 0xa2, 0x5d, 0x79, 0xa2, 0x5d, 0x79, 0xa3, 0x5e, 0x7a, 0xa2,
  0x5e, 0x7a, 0xa2, 0x5d, 0x79, 0xa2, 0x5e, 0x79, 0xa2, 0x5f, 0x7a, 0xa3,
  0x5e, 0x79, 0xa2, 0x5f, 0x78, 0xa2, 0x5f, 0x79, 0xa2, 0x5e, 0x78, 0xa2,
  0x5f, 0x79, 0xa3, 0x5f, 0x79, 0xa2, 0x5f, 0x78, 0xa2, 0x60, 0x79, 0xa3,
  0x5f, 0x78, 0xa2, 0x5f, 0x78, 0xa2, 0x5f, 0x78, 0xa2, 0x60, 0x79, 0xa3,
  0x5f, 0x78, 0xa4, 0x60, 0x79, 0xa5, 0x61, 0x79, 0xa3, 0x60, 0x79, 0xa2,
  0xb5, 0xc1, 0xd3, 0xb5, 0xc2, 0xd4, 0xb5, 0xc1, 0xd3, 0xb6, 0xc2, 0xd4,
  0xb4, 0xc0, 0xd3, 0xb8, 0xc4, 0xd5, 0xa1, 0xb0, 0xc8, 0x16, 0x2c, 0x48,
  0x06, 0x14, 0x26, 0x09, 0x14, 0x26, 0x0a, 0x13, 0x28, 0x0d, 0x15, 0x2a,
  0x09, 0x15, 0x29, 0x0b, 0x18, 0x2e, 0x0d, 0x1a, 0x31, 0x11, 0x20, 0x37,
  0x15, 0x22, 0x39, 0x19, 0x21, 0x34, 0x18, 0x20, 0x30, 0x22, 0x2a, 0x3c,
  0x2c, 0x35, 0x49, 0x35, 0x3d, 0x53, 0x38, 0x42, 0x54, 0x28, 0x33, 0x45,
  0x1a, 0x28, 0x3c, 0x12, 0x24, 0x3a, 0x14, 0x2b, 0x47, 0x15, 0x34, 0x56,
  0x23, 0x4a, 0x71, 0x2a, 0x59, 0x88, 0x1a, 0x44, 0x71, 0x0a, 0x2a, 0x4b,
  0x14, 0x34, 0x58, 0x1e, 0x3a, 0x61, 0x08, 0x27, 0x48, 0x31, 0x50, 0x75,
  0x34, 0x57, 0x82, 0x24, 0x48, 0x76, 0x2a, 0x5a, 0x8e, 0x46, 0x7d, 0xb6,
  0x48, 0x7e, 0xb9, 0x47, 0x7e, 0xb7, 0x49, 0x81, 0xb9, 0x69, 0x92, 0xbf,
  0x95, 0xab, 0xc9, 0xae, 0xbb, 0xce, 0xb5, 0xc0, 0xd2, 0x9a, 0xac, 0xc9,
  0x71, 0x91, 0xbc, 0x72, 0x91, 0xbc, 0x75, 0x93, 0xbd, 0x74, 0x94, 0xbd,
  0x70, 0x92, 0xbe, 0x6f, 0x91, 0xbd, 0x6c, 0x90, 0xbc, 0x68, 0x8e, 0xbd,
  0x66, 0x8d, 0xbd, 0x66, 0x8e, 0xbe, 0x68, 0x90, 0xc0, 0x6a, 0x93, 0xc2,
  0x6d, 0x95, 0xc5, 0x49, 0x7c, 0xb0, 0x1d, 0x5a, 0x88, 0x19, 0x53, 0x83,
  0x21, 0x57, 0x88, 0x3a, 0x63, 0x91, 0x4f, 0x70, 0x9b, 0x57, 0x75, 0x9e,
  0x55, 0x75, 0x9e, 0x56, 0x76, 0x9f, 0x58, 0x75, 0x9e, 0x57, 0x75, 0x9e,
  0x56, 0x76, 0x9f, 0x55, 0x75, 0x9e, 0x57, 0x75, 0x9f, 0x58, 0x76, 0x9e,
  0x58, 0x77, 0x9f, 0x58, 0x76, 0x9f, 0x59, 0x77, 0xa0, 0x5a, 0x77, 0xa0,
  0x59, 0x77, 0xa0, 0x59, 0x77, 0xa0, 0x59, 0x77, 0xa0, 0x59, 0x77, 0xa0,
  0x5a, 0x78, 0x9f, 0x5a, 0x79, 0xa0, 0x5b, 0x79, 0xa0, 0x5b, 0x79, 0xa1,
  0x5b, 0x78, 0xa0, 0x5c, 0x79, 0xa1, 0x5b, 0x7a, 0xa1, 0x5c, 0x79, 0xa2,
  0x5e, 0x79, 0xa2, 0x5c, 0x79, 0xa2, 0x5b, 0x79, 0xa2, 0x5d, 0x7a, 0xa3,
  0x5e, 0x79, 0xa3, 0x5c, 0x7a, 0xa2, 0x5c, 0x7b, 0xa1, 0x5d, 0x7a, 0xa2,
  0x5d, 0x79, 0xa3, 0x5d, 0x78, 0xa2, 0x5d, 0x79, 0xa2, 0x5d, 0x79, 0xa2,
  0x5d, 0x79, 0xa2, 0x5d, 0x7a, 0xa2, 0x5e, 0x7a, 0xa3, 0x5e, 0x7a, 0xa3,
  0x5e, 0x79, 0xa3, 0x5e, 0x7a, 0xa3, 0x5e, 0x79, 0xa2, 0x60, 0x79, 0xa3,
  0x60, 0x79, 0xa3, 0x5f, 0x78, 0xa2, 0x60, 0x79, 0xa3, 0x5f, 0x79, 0xa2,
  0x5f, 0x79, 0xa3, 0x5f, 0x79, 0xa3, 0x5f, 0x78, 0xa2, 0x60, 0x78, 0xa2,
  0x60, 0x79, 0xa3, 0x5f, 0x78, 0xa2, 0x5f, 0x78, 0xa2, 0x60, 0x79, 0xa4,
  0x60, 0x79, 0xa4, 0x60, 0x79, 0xa3, 0x61, 0x7a, 0xa5, 0x61, 0x7a, 0xa5,
  0xb6, 0xc2, 0xd4, 0xb6, 0xc2, 0xd4, 0xb6, 0xc2, 0xd4, 0xb7, 0xc3, 0xd5,
  0xb3, 0xc0, 0xd2, 0xbd, 0xca, 0xda, 0x77, 0x8c, 0xaa, 0x05, 0x19, 0x37,
  0x12, 0x19, 0x2e, 0x0f, 0x18, 0x2d, 0x07, 0x11, 0x26, 0x07, 0x0e, 0x25,
  0x07, 0x10, 0x29, 0x0b, 0x18, 0x2d, 0x0a, 0x18, 0x2e, 0x08, 0x11, 0x25,
  0x08, 0x0e, 0x22, 0x0c, 0x14, 0x28, 0x11, 0x1d, 0x32, 0x1d, 0x29, 0x3f,
  0x2b, 0x35, 0x49, 0x3e, 0x44, 0x55, 0x36, 0x3b, 0x4b, 0x29, 0x2f, 0x40,
  0x20, 0x28, 0x3c, 0x18, 0x26, 0x3c, 0x12, 0x22, 0x3a, 0x10, 0x26, 0x44,
  0x15, 0x32, 0x56, 0x17, 0x3b, 0x60, 0x1d, 0x3a, 0x63, 0x11, 0x2f, 0x53,
  0x0c, 0x2e, 0x53, 0x28, 0x44, 0x74, 0x16, 0x33, 0x5b, 0x08, 0x20, 0x3f,
  0x1a, 0x32, 0x55, 0x19, 0x36, 0x59, 0x0c, 0x21, 0x3d, 0x1c, 0x41, 0x6b,
  0x4d, 0x85, 0xc1, 0x48, 0x7e, 0xb7, 0x47, 0x7f, 0xba, 0x47, 0x80, 0xb9,
  0x5c, 0x8b, 0xbc, 0x95, 0xac, 0xc9, 0xb1, 0xbd, 0xd1, 0x99, 0xac, 0xc9,
  0x71, 0x92, 0xbd, 0x71, 0x92, 0xbe, 0x75, 0x94, 0xbf, 0x74, 0x94, 0xbe,
  0x71, 0x93, 0xbe, 0x70, 0x92, 0xbe, 0x6e, 0x90, 0xbe, 0x6a, 0x8f, 0xbe,
  0x66, 0x8d, 0xbe, 0x66, 0x8f, 0xbe, 0x68, 0x91, 0xc0, 0x6a, 0x94, 0xc2,
  0x6d, 0x96, 0xc6, 0x4a, 0x7d, 0xb2, 0x20, 0x5b, 0x8c, 0x1a, 0x53, 0x85,
  0x21, 0x57, 0x87, 0x3c, 0x64, 0x91, 0x50, 0x71, 0x9c, 0x56, 0x75, 0x9e,
  0x55, 0x75, 0x9e, 0x56, 0x76, 0x9f, 0x57, 0x75, 0x9e, 0x57, 0x76, 0x9f,
  0x56, 0x76, 0x9f, 0x55, 0x76, 0x9e, 0x58, 0x76, 0xa0, 0x59, 0x77, 0x9f,
  0x59, 0x77, 0xa0, 0x58, 0x76, 0x9f, 0x59, 0x77, 0xa0, 0x5a, 0x78, 0xa1,
  0x59, 0x77, 0xa0, 0x5a, 0x78, 0xa1, 0x5a, 0x78, 0xa1, 0x5a, 0x78, 0xa1,
  0x5a, 0x79, 0xa1, 0x5a, 0x79, 0xa0, 0x5a, 0x78, 0xa0, 0x5b, 0x79, 0xa2,
  0x5d, 0x79, 0xa3, 0x5b, 0x79, 0xa2, 0x5b, 0x7a, 0xa2, 0x5c, 0x7a, 0xa3,
  0x5c, 0x79, 0xa2, 0x5c, 0x7a, 0xa2, 0x5c, 0x7a, 0xa2, 0x5d, 0x7a, 0xa3,
  0x5d, 0x79, 0xa2, 0x5d, 0x7a, 0xa3, 0x5e, 0x7b, 0xa3, 0x5d, 0x79, 0xa2,
  0x5e, 0x7a, 0xa3, 0x5e, 0x7a, 0xa3, 0x5d, 0x79, 0xa2, 0x5d, 0x7a, 0xa3,
  0x5e, 0x7a, 0xa3, 0x5e, 0x7a, 0xa3, 0x5d, 0x7a, 0xa2, 0x5d, 0x7a, 0xa3,
  0x5d, 0x7a, 0xa3, 0x5e, 0x7a, 0xa3, 0x5f, 0x7a, 0xa3, 0x5f, 0x7a, 0xa3,
  0x5f, 0x7a, 0xa3, 0x5f, 0x79, 0xa3, 0x60, 0x7a, 0xa4, 0x60, 0x79, 0xa3,
  0x60, 0x79, 0xa3, 0x60, 0x7a, 0xa3, 0x5f, 0x7a, 0xa3, 0x60, 0x7a, 0xa3,
  0x5f, 0x7a, 0xa3, 0x5f, 0x7a, 0xa3, 0x5f, 0x79, 0xa2, 0x60, 0x79, 0xa3,
  0x60, 0x79, 0xa3, 0x61, 0x7a, 0xa4, 0x61, 0x7a, 0xa5, 0x61, 0x7a, 0xa6,
  0xb6, 0xc2, 0xd4, 0xb6, 0xc2, 0xd4, 0xb7, 0xc3, 0xd5, 0xb7, 0xc3, 0xd5,
  0xb4, 0xc0, 0xd2, 0xbd, 0xca, 0xdc, 0x5a, 0x72, 0x95, 0x07, 0x15, 0x30,
  0x16, 0x20, 0x34, 0x08, 0x0c, 0x24, 0x05, 0x0c, 0x24, 0x05, 0x10, 0x27,
  0x0a, 0x15, 0x2b, 0x07, 0x0d, 0x24, 0x07, 0x09, 0x20, 0x11, 0x17, 0x2a,
  0x14, 0x22, 0x38, 0x1b, 0x29, 0x40, 0x1c, 0x27, 0x3f, 0x1a, 0x24, 0x38,
  0x25, 0x2d, 0x3e, 0x21, 0x27, 0x3a, 0x33, 0x38, 0x49, 0x42, 0x48, 0x58,
  0x2e, 0x35, 0x49, 0x16, 0x21, 0x34, 0x0c, 0x18, 0x2b, 0x0b, 0x21, 0x3b,
  0x16, 0x31, 0x55, 0x1c, 0x38, 0x5e, 0x22, 0x39, 0x64, 0x27, 0x43, 0x74,
  0x25, 0x41, 0x78, 0x37, 0x5a, 0x98, 0x3a, 0x5a, 0x95, 0x21, 0x3c, 0x6e,
  0x15, 0x2f, 0x57, 0x0b, 0x1d, 0x37, 0x0f, 0x14, 0x24, 0x0a, 0x17, 0x2c,
  0x3e, 0x70, 0xa6, 0x47, 0x80, 0xbc, 0x49, 0x80, 0xba, 0x48, 0x80, 0xbb,
  0x46, 0x80, 0xb9, 0x70, 0x97, 0xc3, 0xa5, 0xb5, 0xce, 0x95, 0xaa, 0xc8,
  0x71, 0x92, 0xbd, 0x73, 0x93, 0xbe, 0x76, 0x93, 0xbf, 0x74, 0x94, 0xbf,
  0x70, 0x92, 0xbe, 0x70, 0x92, 0xbe, 0x6f, 0x91, 0xbe, 0x6a, 0x8f, 0xbe,
  0x66, 0x8e, 0xbe, 0x66, 0x90, 0xbf, 0x67, 0x91, 0xc0, 0x6a, 0x94, 0xc3,
  0x6e, 0x96, 0xc7, 0x4d, 0x7f, 0xb3, 0x22, 0x5c, 0x8d, 0x1c, 0x54, 0x86,
  0x22, 0x57, 0x88, 0x3b, 0x65, 0x92, 0x50, 0x71, 0x9c, 0x56, 0x76, 0x9f,
  0x56, 0x76, 0x9f, 0x56, 0x76, 0x9f, 0x59, 0x76, 0x9f, 0x57, 0x76, 0x9f,
  0x56, 0x76, 0x9f, 0x57, 0x77, 0xa0, 0x58, 0x77, 0xa0, 0x59, 0x78, 0xa1,
  0x59, 0x77, 0xa0, 0x59, 0x77, 0xa0, 0x5a, 0x78, 0xa1, 0x59, 0x77, 0xa0,
  0x5a, 0x78, 0xa1, 0x5a, 0x78, 0xa1, 0x5a, 0x78, 0xa1, 0x5b, 0x79, 0xa2,
  0x5b, 0x79, 0xa2, 0x5b, 0x7a, 0xa1, 0x5b, 0x79, 0xa2, 0x5b, 0x79, 0xa2,
  0x5c, 0x7a, 0xa3, 0x5b, 0x79, 0xa2, 0x5c, 0x7a, 0xa3, 0x5c, 0x7a, 0xa3,
  0x5c, 0x7a, 0xa3, 0x5d, 0x7b, 0xa4, 0x5d, 0x7c, 0xa2, 0x5c, 0x7b, 0xa3,
  0x5d, 0x7a, 0xa3, 0x5d, 0x7a, 0xa3, 0x5d, 0x7b, 0xa4, 0x5d, 0x7a, 0xa3,
  0x5e, 0x7a, 0xa3, 0x5d, 0x7b, 0xa4, 0x5d, 0x7a, 0xa3, 0x5d, 0x7b, 0xa3,
  0x5f, 0x7c, 0xa3, 0x5f, 0x7a, 0xa3, 0x5e, 0x7a, 0xa3, 0x5d, 0x7b, 0xa4,
  0x5d, 0x7b, 0xa4, 0x5e, 0x7a, 0xa3, 0x5e, 0x7a, 0xa3, 0x5f, 0x7b, 0xa3,
  0x5f, 0x7b, 0xa3, 0x5f, 0x7b, 0xa4, 0x5e, 0x7b, 0xa4, 0x5f, 0x7a, 0xa3,
  0x61, 0x79, 0xa3, 0x60, 0x7b, 0xa4, 0x60, 0x7a, 0xa4, 0x60, 0x7b, 0xa3,
  0x5f, 0x7b, 0xa3, 0x5f, 0x7b, 0xa4, 0x60, 0x7a, 0xa4, 0x61, 0x79, 0xa3,
  0x61, 0x7a, 0xa4, 0x61, 0x7a, 0xa4, 0x61, 0x7a, 0xa5, 0x61, 0x7a, 0xa5,
  0xb8, 0xc4, 0xd5, 0xb7, 0xc4, 0xd5, 0xb7, 0xc4, 0xd4, 0xb8, 0xc4, 0xd5,
  0xb6, 0xc2, 0xd4, 0xbd, 0xca, 0xde, 0x3f, 0x5a, 0x7c, 0x09, 0x19, 0x33,
  0x09, 0x0c, 0x24, 0x05, 0x0a, 0x21, 0x08, 0x0e, 0x26, 0x0a, 0x13, 0x28,
  0x04, 0x06, 0x1c, 0x07, 0x0a, 0x1f, 0x12, 0x1c, 0x2f, 0x0f, 0x1e, 0x34,
  0x11, 0x22, 0x3b, 0x17, 0x24, 0x3c, 0x0d, 0x18, 0x2e, 0x16, 0x1c, 0x31,
  0x28, 0x2e, 0x41, 0x24, 0x2c, 0x40, 0x31, 0x37, 0x4b, 0x34, 0x3a, 0x4b,
  0x27, 0x2d, 0x43, 0x14, 0x1f, 0x34, 0x07, 0x18, 0x2c, 0x0d, 0x24, 0x3e,
  0x3d, 0x53, 0x81, 0x4e, 0x68, 0x9f, 0x59, 0x73, 0xb0, 0x5b, 0x74, 0xb5,
  0x4f, 0x6d, 0xb0, 0x4d, 0x6f, 0xb5, 0x4d, 0x6e, 0xb5, 0x40, 0x61, 0xa5,
  0x34, 0x52, 0x92, 0x1c, 0x34, 0x60, 0x0e, 0x1b, 0x2b, 0x10, 0x19, 0x2a,
  0x2d, 0x54, 0x82, 0x4a, 0x83, 0xc1, 0x4a, 0x81, 0xb9, 0x49, 0x81, 0xbc,
  0x46, 0x80, 0xbb, 0x5c, 0x8d, 0xc0, 0x96, 0xac, 0xca, 0x90, 0xa7, 0xc7,
  0x72, 0x93, 0xbe, 0x72, 0x93, 0xbe, 0x75, 0x94, 0xbf, 0x74, 0x94, 0xbf,
  0x72, 0x92, 0xbf, 0x70, 0x91, 0xbe, 0x6e, 0x90, 0xbe, 0x6a, 0x90, 0xbe,
  0x68, 0x8f, 0xbf, 0x67, 0x90, 0xc0, 0x68, 0x92, 0xc1, 0x6b, 0x95, 0xc4,
  0x6d, 0x97, 0xc7, 0x4d, 0x81, 0xb5, 0x21, 0x5c, 0x8e, 0x1b, 0x54, 0x86,
  0x23, 0x59, 0x8a, 0x3b, 0x66, 0x93, 0x50, 0x72, 0x9d, 0x56, 0x76, 0x9f,
  0x56, 0x76, 0x9f, 0x57, 0x76, 0x9f, 0x57, 0x76, 0x9f, 0x57, 0x76, 0x9f,
  0x58, 0x77, 0xa0, 0x59, 0x78, 0xa1, 0x58, 0x77, 0xa0, 0x57, 0x78, 0xa1,
  0x59, 0x78, 0xa1, 0x5a, 0x78, 0xa1, 0x5a, 0x78, 0xa1, 0x5a, 0x78, 0xa1,
  0x5a, 0x78, 0xa1, 0x5a, 0x78, 0xa1, 0x5b, 0x79, 0xa2, 0x5a, 0x78, 0xa1,
  0x5b, 0x79, 0xa2, 0x5b, 0x7a, 0xa2, 0x5b, 0x79, 0xa2, 0x5c, 0x7a, 0xa3,
  0x5c, 0x7a, 0xa3, 0x5c, 0x7a, 0xa3, 0x5c, 0x7a, 0xa3, 0x5c, 0x7b, 0xa3,
  0x5d, 0x7b, 0xa3, 0x5c, 0x7b, 0xa3, 0x5d, 0x7b, 0xa3, 0x5d, 0x7b, 0xa4,
  0x5d, 0x7b, 0xa4, 0x5d, 0x7b, 0xa4, 0x5d, 0x7b, 0xa4, 0x5e, 0x7b, 0xa3,
  0x5f, 0x7c, 0xa3, 0x5e, 0x7b, 0xa4, 0x5d, 0x7b, 0xa4, 0x5e, 0x7c, 0xa4,
  0x5e, 0x7b, 0xa3, 0x60, 0x7c, 0xa4, 0x60, 0x7c, 0xa4, 0x5d, 0x7b, 0xa4,
  0x5f, 0x7c, 0xa5, 0x5f, 0x7c, 0xa4, 0x5f, 0x7c, 0xa3, 0x60, 0x7d, 0xa4,
  0x5f, 0x7c, 0xa4, 0x5f, 0x7b, 0xa4, 0x5f, 0x7b, 0xa4, 0x5f, 0x7b, 0xa4,
  0x60, 0x79, 0xa3, 0x60, 0x7a, 0xa4, 0x60, 0x7c, 0xa5, 0x60, 0x7b, 0xa4,
  0x60, 0x7c, 0xa5, 0x5f, 0x7b, 0xa4, 0x60, 0x7b, 0xa5, 0x61, 0x7a, 0xa4,
  0x62, 0x7b, 0xa5, 0x61, 0x7a, 0xa4, 0x61, 0x7a, 0xa6, 0x62, 0x7b, 0xa6,
  0xb8, 0xc5, 0xd5, 0xb8, 0xc5, 0xd5, 0xb8, 0xc5, 0xd5, 0xb8, 0xc5, 0xd5,
  0xbb, 0xc6, 0xd7, 0xad, 0xbc, 0xd2, 0x1f, 0x3b, 0x5b, 0x07, 0x13, 0x2c,
  0x04, 0x0c, 0x22, 0x09, 0x12, 0x2b, 0x0c, 0x10, 0x28, 0x04, 0x06, 0x1b,
  0x0b, 0x0e, 0x22, 0x11, 0x1b, 0x32, 0x0e, 0x1a, 0x32, 0x0b, 0x11, 0x2b,
  0x0e, 0x13, 0x2e, 0x09, 0x18, 0x30, 0x14, 0x21, 0x35, 0x1f, 0x28, 0x3d,
  0x16, 0x22, 0x36, 0x1a, 0x23, 0x39, 0x30, 0x35, 0x4c, 0x32, 0x3a, 0x50,
  0x2f, 0x39, 0x51, 0x23, 0x2d, 0x44, 0x22, 0x30, 0x49, 0x17, 0x2f, 0x50,
  0x3c, 0x56, 0x8a, 0x62, 0x7d, 0xb8, 0x68, 0x83, 0xbf, 0x62, 0x7e, 0xc0,
  0x5b, 0x76, 0xba, 0x4e, 0x6e, 0xb4, 0x4e, 0x6e, 0xb6, 0x49, 0x6a, 0xae,
  0x42, 0x62, 0xa7, 0x33, 0x50, 0x94, 0x0e, 0x20, 0x3d, 0x0b, 0x15, 0x26,
  0x22, 0x47, 0x74, 0x48, 0x83, 0xc1, 0x54, 0x89, 0xc0, 0x4b, 0x82, 0xbd,
  0x49, 0x81, 0xbd, 0x55, 0x89, 0xbd, 0x8c, 0xa5, 0xc9, 0x92, 0xa7, 0xc8,
  0x72, 0x93, 0xbf, 0x72, 0x93, 0xbe, 0x75, 0x95, 0xbf, 0x74, 0x94, 0xbf,
  0x73, 0x94, 0xbf, 0x71, 0x92, 0xbf, 0x6e, 0x91, 0xbe, 0x6a, 0x91, 0xbe,
  0x68, 0x90, 0xbe, 0x67, 0x91, 0xc0, 0x69, 0x93, 0xc2, 0x6c, 0x96, 0xc5,
  0x6e, 0x98, 0xc9, 0x4e, 0x82, 0xb6, 0x21, 0x5d, 0x8f, 0x1c, 0x55, 0x87,
  0x22, 0x58, 0x89, 0x3c, 0x65, 0x94, 0x51, 0x72, 0x9d, 0x56, 0x76, 0x9f,
  0x57, 0x77, 0xa0, 0x57, 0x77, 0xa0, 0x57, 0x77, 0xa0, 0x57, 0x77, 0xa0,
  0x58, 0x77, 0xa0, 0x5a, 0x78, 0xa1, 0x58, 0x77, 0xa0, 0x58, 0x78, 0xa1,
  0x58, 0x78, 0xa1, 0x59, 0x78, 0xa1, 0x5a, 0x79, 0xa2, 0x5a, 0x79, 0xa2,
  0x5b, 0x79, 0xa2, 0x5b, 0x79, 0xa2, 0x5b, 0x79, 0xa2, 0x5b, 0x79, 0xa2,
  0x5b, 0x79, 0xa2, 0x5c, 0x7a, 0xa3, 0x5c, 0x7a, 0xa3, 0x5d, 0x7a, 0xa3,
  0x5c, 0x7a, 0xa3, 0x5d, 0x7b, 0xa4, 0x5d, 0x7b, 0xa4, 0x5b, 0x7c, 0xa3,
  0x5c, 0x7d, 0xa3, 0x5c, 0x7c, 0xa4, 0x5c, 0x7a, 0xa3, 0x5d, 0x7c, 0xa4,
  0x5e, 0x7c, 0xa4, 0x5d, 0x7c, 0xa4, 0x5d, 0x7b, 0xa4, 0x5e, 0x7c, 0xa4,
  0x5d, 0x7c, 0xa3, 0x5d, 0x7b, 0xa4, 0x5e, 0x7c, 0xa5, 0x5d, 0x7b, 0xa4,
  0x5e, 0x7c, 0xa5, 0x5f, 0x7c, 0xa4, 0x5f, 0x7c, 0xa4, 0x5d, 0x7b, 0xa4,
  0x5e, 0x7c, 0xa5, 0x60, 0x7c, 0xa4, 0x60, 0x7c, 0xa4, 0x5f, 0x7b, 0xa4,
  0x60, 0x7b, 0xa5, 0x5f, 0x7b, 0xa4, 0x60, 0x7d, 0xa5, 0x60, 0x7c, 0xa5,
  0x61, 0x7c, 0xa5, 0x61, 0x7a, 0xa4, 0x61, 0x7b, 0xa5, 0x60, 0x7c, 0xa5,
  0x5f, 0x7b, 0xa4, 0x60, 0x7c, 0xa5, 0x60, 0x7c, 0xa5, 0x62, 0x7b, 0xa5,
  0x62, 0x7b, 0xa5, 0x62, 0x7b, 0xa5, 0x62, 0x7b, 0xa6, 0x63, 0x7c, 0xa7,
  0xb8, 0xc5, 0xd6, 0xb8, 0xc4, 0xd6, 0xb8, 0xc5, 0xd5, 0xb7, 0xc4, 0xd5,
  0xbe, 0xc9, 0xd8, 0x97, 0xac, 0xc8, 0x13, 0x31, 0x53, 0x05, 0x0f, 0x28,
  0x0a, 0x18, 0x31, 0x0d, 0x15, 0x31, 0x03, 0x09, 0x21, 0x0c, 0x18, 0x2d,
  0x11, 0x1a, 0x32, 0x07, 0x0f, 0x27, 0x07, 0x0b, 0x24, 0x0a, 0x11, 0x2a,
  0x0c, 0x1b, 0x31, 0x0e, 0x1b, 0x33, 0x0f, 0x1a, 0x33, 0x0a, 0x1a, 0x2f,
  0x14, 0x20, 0x36, 0x25, 0x2e, 0x43, 0x35, 0x3c, 0x52, 0x35, 0x3f, 0x56,
  0x31, 0x3b, 0x50, 0x34, 0x3b, 0x52, 0x51, 0x5e, 0x83, 0x26, 0x3c, 0x69,
  0x32, 0x4d, 0x83, 0x71, 0x88, 0xbf, 0x75, 0x8d, 0xc4, 0x6a, 0x84, 0xc4,
  0x61, 0x7a, 0xc0, 0x56, 0x73, 0xba, 0x4f, 0x6d, 0xb7, 0x4f, 0x6e, 0xb3,
  0x47, 0x66, 0xab, 0x3f, 0x60, 0xa9, 0x1d, 0x38, 0x6d, 0x02, 0x12, 0x25,
  0x30, 0x57, 0x85, 0x4c, 0x87, 0xc5, 0x4d, 0x85, 0xbf, 0x4b, 0x83, 0xbe,
  0x4a, 0x82, 0xbc, 0x59, 0x8c, 0xbf, 0x90, 0xab, 0xca, 0x95, 0xaa, 0xc8,
  0x72, 0x93, 0xbf, 0x72, 0x93, 0xbe, 0x75, 0x95, 0xc0, 0x75, 0x95, 0xbf,
  0x73, 0x94, 0xbf, 0x71, 0x93, 0xbf, 0x6d, 0x91, 0xbe, 0x6a, 0x90, 0xbe,
  0x68, 0x90, 0xbf, 0x68, 0x91, 0xc1, 0x69, 0x93, 0xc2, 0x6b, 0x95, 0xc5,
  0x6f, 0x99, 0xc9, 0x51, 0x84, 0xb9, 0x22, 0x5e, 0x90, 0x1c, 0x55, 0x87,
  0x21, 0x59, 0x8a, 0x3b, 0x66, 0x93, 0x51, 0x72, 0x9d, 0x57, 0x77, 0xa0,
  0x57, 0x77, 0xa0, 0x57, 0x77, 0xa0, 0x57, 0x77, 0xa0, 0x57, 0x77, 0xa0,
  0x58, 0x78, 0xa1, 0x58, 0x78, 0xa1, 0x59, 0x78, 0xa1, 0x59, 0x79, 0xa2,
  0x58, 0x78, 0xa1, 0x59, 0x79, 0xa2, 0x59, 0x79, 0xa2, 0x58, 0x79, 0xa2,
  0x5b, 0x79, 0xa2, 0x5c, 0x7a, 0xa3, 0x5b, 0x7a, 0xa3, 0x5c, 0x7a, 0xa3,
  0x5c, 0x7a, 0xa3, 0x5c, 0x7b, 0xa4, 0x5b, 0x7a, 0xa4, 0x5c, 0x7b, 0xa5,
  0x5c, 0x7b, 0xa4, 0x5c, 0x7b, 0xa4, 0x5d, 0x7b, 0xa4, 0x5b, 0x7c, 0xa4,
  0x5c, 0x7d, 0xa4, 0x5d, 0x7d, 0xa4, 0x5e, 0x7c, 0xa4, 0x5e, 0x7c, 0xa4,
  0x5e, 0x7c, 0xa5, 0x5d, 0x7c, 0xa4, 0x5d, 0x7b, 0xa4, 0x5e, 0x7c, 0xa5,
  0x5e, 0x7c, 0xa5, 0x5e, 0x7c, 0xa5, 0x5e, 0x7c, 0xa5, 0x5f, 0x7c, 0xa5,
  0x60, 0x7c, 0xa5, 0x5e, 0x7c, 0xa5, 0x5e, 0x7d, 0xa5, 0x5e, 0x7c, 0xa5,
  0x5e, 0x7c, 0xa5, 0x60, 0x7c, 0xa5, 0x60, 0x7c, 0xa5, 0x60, 0x7c, 0xa6,
  0x5f, 0x7c, 0xa6, 0x60, 0x7c, 0xa5, 0x61, 0x7d, 0xa5, 0x61, 0x7d, 0xa6,
  0x62, 0x7d, 0xa6, 0x62, 0x7c, 0xa5, 0x61, 0x7c, 0xa5, 0x61, 0x7c, 0xa6,
  0x61, 0x7c, 0xa5, 0x61, 0x7c, 0xa6, 0x61, 0x7c, 0xa5, 0x62, 0x7b, 0xa5,
  0x62, 0x7b, 0xa5, 0x63, 0x7c, 0xa6, 0x63, 0x7c, 0xa6, 0x63, 0x7c, 0xa6,
  0xb9, 0xc5, 0xd7, 0xb9, 0xc5, 0xd7, 0xb9, 0xc5, 0xd7, 0xb8, 0xc4, 0xd7,
  0xbc, 0xc8, 0xd8, 0x9d, 0xb2, 0xcd, 0x14, 0x34, 0x56, 0x05, 0x15, 0x30,
  0x10, 0x1d, 0x39, 0x08, 0x15, 0x2d, 0x10, 0x1a, 0x2e, 0x0b, 0x14, 0x2b,
  0x05, 0x0a, 0x21, 0x0f, 0x1b, 0x2c, 0x0e, 0x1a, 0x31, 0x09, 0x19, 0x2f,
  0x07, 0x18, 0x2e, 0x06, 0x12, 0x2b, 0x09, 0x17, 0x2d, 0x12, 0x1e, 0x35,
  0x1d, 0x26, 0x3d, 0x22, 0x2c, 0x43, 0x32, 0x39, 0x50, 0x2a, 0x32, 0x49,
  0x0f, 0x1d, 0x33, 0x3f, 0x51, 0x72, 0x62, 0x73, 0x9c, 0x28, 0x3c, 0x69,
  0x34, 0x50, 0x87, 0x82, 0x95, 0xc8, 0x7c, 0x90, 0xc7, 0x71, 0x88, 0xc7,
  0x63, 0x7c, 0xc2, 0x5b, 0x76, 0xbd, 0x52, 0x6e, 0xb8, 0x52, 0x6f, 0xb5,
  0x4a, 0x68, 0xae, 0x46, 0x65, 0xad, 0x2f, 0x4e, 0x8d, 0x01, 0x12, 0x33,
  0x33, 0x64, 0x9b, 0x4b, 0x88, 0xc4, 0x4a, 0x85, 0xbf, 0x4b, 0x84, 0xbf,
  0x4b, 0x84, 0xbd, 0x68, 0x94, 0xc3, 0xa1, 0xb3, 0xcf, 0x97, 0xac, 0xcb,
  0x72, 0x93, 0xbf, 0x73, 0x94, 0xbf, 0x75, 0x95, 0xc0, 0x75, 0x95, 0xc0,
  0x74, 0x94, 0xc0, 0x71, 0x93, 0xbf, 0x6e, 0x92, 0xbf, 0x6a, 0x90, 0xbe,
  0x68, 0x90, 0xbf, 0x68, 0x91, 0xc1, 0x6a, 0x93, 0xc2, 0x6b, 0x96, 0xc5,
  0x71, 0x9b, 0xcb, 0x53, 0x86, 0xbb, 0x22, 0x60, 0x91, 0x1b, 0x56, 0x89,
  0x20, 0x5a, 0x8b, 0x3b, 0x66, 0x93, 0x51, 0x72, 0x9e, 0x58, 0x78, 0xa1,
  0x57, 0x77, 0xa0, 0x57, 0x77, 0xa0, 0x58, 0x78, 0xa1, 0x58, 0x78, 0xa1,
  0x58, 0x78, 0xa1, 0x58, 0x78, 0xa1, 0x58, 0x79, 0xa2, 0x58, 0x78, 0xa1,
  0x59, 0x79, 0xa2, 0x59, 0x79, 0xa2, 0x59, 0x79, 0xa2, 0x59, 0x7a, 0xa3,
  0x5a, 0x79, 0xa2, 0x5a, 0x7a, 0xa3, 0x5a, 0x7a, 0xa3, 0x5c, 0x7a, 0xa3,
  0x5c, 0x7a, 0xa3, 0x5d, 0x7b, 0xa4, 0x5b, 0x7b, 0xa3, 0x5b, 0x7c, 0xa4,
  0x5b, 0x7c, 0xa5, 0x5c, 0x7c, 0xa5, 0x5c, 0x7b, 0xa5, 0x5b, 0x7c, 0xa5,
  0x5c, 0x7c, 0xa5, 0x5d, 0x7d, 0xa5, 0x5f, 0x7e, 0xa5, 0x5e, 0x7d, 0xa5,
  0x5f, 0x7d, 0xa6, 0x5e, 0x7c, 0xa5, 0x5e, 0x7c, 0xa5, 0x5f, 0x7d, 0xa6,
  0x5f, 0x7d, 0xa6, 0x5e, 0x7c, 0xa5, 0x5f, 0x7d, 0xa6, 0x60, 0x7d, 0xa6,
  0x60, 0x7c, 0xa5, 0x5f, 0x7d, 0xa6, 0x5f, 0x7c, 0xa6, 0x5e, 0x7c, 0xa5,
  0x5e, 0x7c, 0xa5, 0x60, 0x7d, 0xa6, 0x5f, 0x7c, 0xa5, 0x60, 0x7d, 0xa6,
  0x61, 0x7d, 0xa6, 0x61, 0x7d, 0xa6, 0x61, 0x7d, 0xa6, 0x61, 0x7d, 0xa6,
  0x61, 0x7d, 0xa6, 0x60, 0x7c, 0xa5, 0x60, 0x7c, 0xa5, 0x62, 0x7b, 0xa5,
  0x62, 0x7c, 0xa5, 0x62, 0x7c, 0xa6, 0x61, 0x7d, 0xa6, 0x61, 0x7c, 0xa5,
  0x62, 0x7c, 0xa6, 0x62, 0x7d, 0xa6, 0x63, 0x7c, 0xa6, 0x63, 0x7c, 0xa6,
  0xb9, 0xc5, 0xd7, 0xba, 0xc6, 0xd8, 0xba, 0xc6, 0xd8, 0xb8, 0xc5, 0xd7,
  0xbb, 0xc7, 0xd8, 0xa8, 0xbb, 0xd5, 0x1c, 0x3f, 0x63, 0x09, 0x1f, 0x3c,
  0x10, 0x20, 0x3d, 0x11, 0x20, 0x37, 0x08, 0x0e, 0x21, 0x02, 0x03, 0x17,
  0x0d, 0x14, 0x28, 0x12, 0x20, 0x39, 0x0a, 0x17, 0x33, 0x07, 0x16, 0x2f,
  0x07, 0x15, 0x2b, 0x05, 0x0d, 0x25, 0x04, 0x0d, 0x23, 0x08, 0x14, 0x27,
  0x14, 0x22, 0x35, 0x2b, 0x36, 0x4a, 0x25, 0x30, 0x49, 0x15, 0x23, 0x3d,
  0x2d, 0x3e, 0x5e, 0x56, 0x68, 0x90, 0x35, 0x4e, 0x7b, 0x26, 0x43, 0x75,
  0x69, 0x7f, 0xb8, 0x80, 0x93, 0xc8, 0x77, 0x8c, 0xc6, 0x6a, 0x84, 0xc5,
  0x5f, 0x7b, 0xc1, 0x5a, 0x76, 0xbd, 0x56, 0x6f, 0xb8, 0x54, 0x6d, 0xb5,
  0x4c, 0x69, 0xb0, 0x46, 0x63, 0xac, 0x35, 0x53, 0x9b, 0x07, 0x1a, 0x4c,
  0x42, 0x78, 0xb0, 0x5b, 0x91, 0xc9, 0x4e, 0x86, 0xc2, 0x4c, 0x85, 0xbf,
  0x4d, 0x86, 0xbf, 0x78, 0x9d, 0xc7, 0xab, 0xba, 0xd2, 0x9a, 0xae, 0xcb,
  0x71, 0x94, 0xbe, 0x72, 0x94, 0xbf, 0x76, 0x96, 0xc1, 0x75, 0x95, 0xc0,
  0x74, 0x95, 0xc0, 0x72, 0x94, 0xc0, 0x6f, 0x92, 0xc0, 0x6a, 0x91, 0xbe,
  0x68, 0x90, 0xc0, 0x68, 0x92, 0xc1, 0x6a, 0x93, 0xc3, 0x6d, 0x96, 0xc7,
  0x73, 0x9d, 0xcc, 0x55, 0x88, 0xbd, 0x23, 0x61, 0x93, 0x1b, 0x57, 0x89,
  0x23, 0x5a, 0x8c, 0x3a, 0x67, 0x94, 0x51, 0x73, 0x9e, 0x57, 0x77, 0xa0,
  0x57, 0x78, 0xa1, 0x56, 0x79, 0xa1, 0x58, 0x79, 0xa2, 0x59, 0x78, 0xa2,
  0x59, 0x79, 0xa2, 0x58, 0x7a, 0xa2, 0x59, 0x79, 0xa2, 0x59, 0x78, 0xa1,
  0x5a, 0x7a, 0xa3, 0x59, 0x7a, 0xa3, 0x5a, 0x7a, 0xa3, 0x5a, 0x7a, 0xa3,
  0x5a, 0x7a, 0xa3, 0x5a, 0x7a, 0xa3, 0x5b, 0x7b, 0xa4, 0x5b, 0x7a, 0xa3,
  0x5d, 0x7b, 0xa4, 0x5d, 0x7b, 0xa4, 0x5b, 0x7b, 0xa4, 0x5c, 0x7c, 0xa5,
  0x5d, 0x7d, 0xa6, 0x5d, 0x7c, 0xa5, 0x5e, 0x7d, 0xa4, 0x5d, 0x7d, 0xa5,
  0x5c, 0x7c, 0xa5, 0x5e, 0x7d, 0xa5, 0x5f, 0x7e, 0xa5, 0x5f, 0x7d, 0xa5,
  0x5f, 0x7d, 0xa6, 0x5d, 0x7b, 0xa4, 0x5e, 0x7c, 0xa5, 0x5e, 0x7d, 0xa4,
  0x5f, 0x7d, 0xa6, 0x5f, 0x7d, 0xa6, 0x5f, 0x7d, 0xa6, 0x5f, 0x7d, 0xa6,
  0x5f, 0x7c, 0xa5, 0x5f, 0x7d, 0xa6, 0x5f, 0x7d, 0xa6, 0x5e, 0x7b, 0xa5,
  0x5c, 0x7a, 0xa3, 0x5c, 0x7a, 0xa5, 0x5b, 0x7a, 0xa5, 0x5c, 0x7b, 0xa5,
  0x60, 0x7d, 0xa6, 0x60, 0x7c, 0xa6, 0x61, 0x7c, 0xa5, 0x5f, 0x7c, 0xa5,
  0x5e, 0x7a, 0xa6, 0x5d, 0x79, 0xa4, 0x5b, 0x79, 0xa4, 0x5c, 0x79, 0xa5,
  0x5f, 0x7b, 0xa6, 0x61, 0x7d, 0xa6, 0x61, 0x7e, 0xa7, 0x62, 0x7e, 0xa7,
  0x62, 0x7e, 0xa7, 0x62, 0x7e, 0xa7, 0x62, 0x7d, 0xa8, 0x62, 0x7e, 0xa6,
  0xba, 0xc6, 0xd8, 0xba, 0xc6, 0xd8, 0xba, 0xc6, 0xd8, 0xba, 0xc7, 0xd9,
  0xba, 0xc6, 0xd7, 0xb5, 0xc6, 0xdb, 0x35, 0x53, 0x75, 0x08, 0x22, 0x41,
  0x14, 0x28, 0x41, 0x04, 0x07, 0x1a, 0x01, 0x00, 0x0d, 0x05, 0x08, 0x19,
  0x0e, 0x1d, 0x36, 0x08, 0x14, 0x2f, 0x0b, 0x13, 0x2d, 0x06, 0x0e, 0x26,
  0x03, 0x06, 0x1b, 0x05, 0x08, 0x1e, 0x08, 0x0d, 0x27, 0x10, 0x1d, 0x37,
  0x17, 0x27, 0x40, 0x1f, 0x2c, 0x47, 0x24, 0x30, 0x4d, 0x28, 0x3c, 0x5d,
  0x3c, 0x51, 0x7d, 0x2d, 0x46, 0x79, 0x20, 0x3e, 0x75, 0x68, 0x7e, 0xb3,
  0x7a, 0x90, 0xc8, 0x74, 0x88, 0xc3, 0x70, 0x86, 0xc5, 0x68, 0x82, 0xc3,
  0x63, 0x7c, 0xc2, 0x5b, 0x76, 0xbe, 0x54, 0x6f, 0xb7, 0x54, 0x6d, 0xb6,
  0x4e, 0x6b, 0xb2, 0x45, 0x63, 0xaa, 0x38, 0x59, 0xa1, 0x11, 0x38, 0x76,
  0x4b, 0x83, 0xbd, 0x53, 0x8d, 0xc6, 0x4d, 0x88, 0xc2, 0x4c, 0x88, 0xbf,
  0x53, 0x8b, 0xc1, 0x93, 0xad, 0xcc, 0xb6, 0xc2, 0xd4, 0x9d, 0xb1, 0xcd,
  0x71, 0x95, 0xbf, 0x72, 0x94, 0xbf, 0x76, 0x96, 0xc1, 0x75, 0x95, 0xc0,
  0x74, 0x95, 0xc0, 0x72, 0x95, 0xc0, 0x6f, 0x93, 0xc0, 0x6b, 0x91, 0xbf,
  0x68, 0x91, 0xc1, 0x69, 0x93, 0xc2, 0x6a, 0x93, 0xc4, 0x6e, 0x97, 0xc8,
  0x75, 0x9e, 0xcc, 0x57, 0x8c, 0xbe, 0x23, 0x62, 0x94, 0x1c, 0x56, 0x88,
  0x24, 0x5b, 0x8c, 0x3a, 0x67, 0x94, 0x51, 0x73, 0x9e, 0x57, 0x78, 0xa2,
  0x56, 0x79, 0xa2, 0x58, 0x79, 0xa2, 0x59, 0x79, 0xa2, 0x59, 0x79, 0xa2,
  0x58, 0x79, 0xa2, 0x58, 0x7a, 0xa2, 0x59, 0x79, 0xa2, 0x59, 0x79, 0xa2,
  0x59, 0x79, 0xa2, 0x5a, 0x79, 0xa3, 0x59, 0x7b, 0xa3, 0x5a, 0x7c, 0xa4,
  0x5a, 0x7a, 0xa3, 0x5b, 0x7b, 0xa4, 0x5b, 0x7b, 0xa4, 0x5b, 0x7b, 0xa4,
  0x5e, 0x7c, 0xa5, 0x5e, 0x7c, 0xa5, 0x5c, 0x7c, 0xa5, 0x5c, 0x7c, 0xa6,
  0x5d, 0x7d, 0xa6, 0x5d, 0x7d, 0xa6, 0x5e, 0x7e, 0xa5, 0x5f, 0x7d, 0xa5,
  0x5f, 0x7d, 0xa6, 0x5f, 0x7d, 0xa6, 0x5f, 0x7d, 0xa6, 0x5f, 0x7d, 0xa6,
  0x5e, 0x7c, 0xa5, 0x63, 0x81, 0xa9, 0x62, 0x81, 0xac, 0x62, 0x83, 0xac,
  0x5f, 0x7e, 0xa6, 0x60, 0x7e, 0xa8, 0x5e, 0x7c, 0xa6, 0x61, 0x80, 0xaa,
  0x65, 0x84, 0xae, 0x63, 0x82, 0xac, 0x5e, 0x7e, 0xa7, 0x5f, 0x7f, 0xaa,
  0x5b, 0x7d, 0xa9, 0x54, 0x76, 0xa2, 0x53, 0x74, 0xa1, 0x57, 0x77, 0xa3,
  0x5e, 0x7d, 0xa8, 0x5f, 0x7c, 0xa8, 0x5b, 0x7a, 0xa5, 0x57, 0x78, 0xa4,
  0x55, 0x75, 0xa3, 0x51, 0x73, 0xa1, 0x4f, 0x72, 0xa0, 0x50, 0x73, 0xa1,
  0x55, 0x76, 0xa3, 0x5c, 0x7a, 0xa6, 0x60, 0x7c, 0xa8, 0x61, 0x7d, 0xa9,
  0x62, 0x7e, 0xa7, 0x62, 0x7e, 0xa7, 0x62, 0x7d, 0xa9, 0x62, 0x7e, 0xa8,
  0xbb, 0xc7, 0xd9, 0xbb, 0xc7, 0xd9, 0xbb, 0xc7, 0xd9, 0xbb, 0xc7, 0xd9,
  0xb9, 0xc7, 0xd8, 0xb8, 0xc7, 0xdb, 0x3e, 0x5f, 0x86, 0x12, 0x2c, 0x4f,
  0x0b, 0x15, 0x29, 0x01, 0x00, 0x0a, 0x04, 0x04, 0x12, 0x0e, 0x17, 0x2d,
  0x0a, 0x10, 0x2b, 0x05, 0x06, 0x1e, 0x05, 0x09, 0x1f, 0x07, 0x0e, 0x27,
  0x0c, 0x18, 0x34, 0x16, 0x27, 0x46, 0x1c, 0x29, 0x45, 0x18, 0x25, 0x3f,
  0x0e, 0x1b, 0x38, 0x13, 0x26, 0x45, 0x2b, 0x3f, 0x66, 0x3e, 0x57, 0x87,
  0x2f, 0x4c, 0x84, 0x42, 0x5c, 0x97, 0x6d, 0x83, 0xba, 0x87, 0x98, 0xc7,
  0x84, 0x93, 0xc7, 0x79, 0x8c, 0xc7, 0x6f, 0x85, 0xc5, 0x67, 0x81, 0xc4,
  0x61, 0x7d, 0xc1, 0x5c, 0x78, 0xbe, 0x55, 0x72, 0xb9, 0x51, 0x6c, 0xb4,
  0x49, 0x68, 0xb0, 0x48, 0x66, 0xad, 0x3b, 0x5b, 0xa2, 0x26, 0x56, 0x9a,
  0x50, 0x8a, 0xc5, 0x4e, 0x89, 0xc4, 0x4f, 0x8a, 0xc2, 0x4b, 0x87, 0xc0,
  0x60, 0x93, 0xc6, 0xa9, 0xba, 0xd2, 0xb9, 0xc5, 0xd6, 0x9f, 0xb2, 0xcd,
  0x74, 0x95, 0xc1, 0x72, 0x94, 0xbf, 0x77, 0x97, 0xc2, 0x77, 0x97, 0xc2,
  0x75, 0x95, 0xc1, 0x72, 0x93, 0xc0, 0x70, 0x93, 0xc0, 0x6b, 0x92, 0xc1,
  0x69, 0x92, 0xc1, 0x69, 0x92, 0xc2, 0x6a, 0x94, 0xc5, 0x6d, 0x98, 0xc8,
  0x77, 0xa0, 0xcd, 0x5b, 0x8d, 0xc0, 0x26, 0x63, 0x96, 0x1d, 0x57, 0x89,
  0x22, 0x5a, 0x8d, 0x3b, 0x68, 0x95, 0x51, 0x74, 0x9f, 0x57, 0x79, 0xa4,
  0x58, 0x7a, 0xa4, 0x57, 0x7a, 0xa1, 0x58, 0x79, 0xa2, 0x59, 0x7a, 0xa2,
  0x58, 0x7a, 0xa3, 0x58, 0x7a, 0xa2, 0x59, 0x79, 0xa3, 0x5a, 0x7a, 0xa3,
  0x5b, 0x7b, 0xa4, 0x5b, 0x7b, 0xa4, 0x5a, 0x7a, 0xa3, 0x5b, 0x7c, 0xa5,
  0x5b, 0x7b, 0xa4, 0x5c, 0x7c, 0xa5, 0x5c, 0x7c, 0xa4, 0x5b, 0x7c, 0xa3,
  0x5e, 0x7c, 0xa5, 0x5e, 0x7c, 0xa5, 0x5d, 0x7d, 0xa6, 0x5c, 0x7c, 0xa5,
  0x5c, 0x7c, 0xa5, 0x5d, 0x7d, 0xa5, 0x5e, 0x7e, 0xa5, 0x5f, 0x7d, 0xa5,
  0x5f, 0x7d, 0xa6, 0x5f, 0x7d, 0xa6, 0x5d, 0x7c, 0xa6, 0x5e, 0x7d, 0xa6,
  0x65, 0x83, 0xab, 0x53, 0x72, 0x9c, 0x1a, 0x2a, 0x49, 0x39, 0x49, 0x65,
  0x66, 0x86, 0xaf, 0x5e, 0x7b, 0xa6, 0x62, 0x7e, 0xab, 0x52, 0x6e, 0x99,
  0x3d, 0x58, 0x7f, 0x26, 0x3a, 0x5b, 0x1d, 0x2c, 0x48, 0x20, 0x30, 0x4e,
  0x38, 0x50, 0x74, 0x47, 0x6d, 0x9a, 0x44, 0x6a, 0x99, 0x4c, 0x70, 0x9d,
  0x58, 0x77, 0xa4, 0x5a, 0x79, 0xa6, 0x52, 0x75, 0xa2, 0x4c, 0x70, 0xa0,
  0x46, 0x6d, 0x9e, 0x42, 0x6b, 0x9c, 0x41, 0x69, 0x9b, 0x43, 0x6a, 0x9c,
  0x49, 0x6d, 0x9e, 0x52, 0x74, 0xa2, 0x5a, 0x79, 0xa6, 0x5d, 0x7b, 0xa7,
  0x60, 0x7c, 0xa8, 0x62, 0x7d, 0xa9, 0x63, 0x7e, 0xaa, 0x62, 0x7d, 0xa9,
  0xbb, 0xc7, 0xd9, 0xbc, 0xc8, 0xda, 0xbc, 0xc8, 0xda, 0xbc, 0xc8, 0xda,
  0xb8, 0xc7, 0xd9, 0xbd, 0xc9, 0xdb, 0x7a, 0x98, 0xbc, 0x1d, 0x39, 0x5b,
  0x04, 0x05, 0x19, 0x02, 0x07, 0x17, 0x0a, 0x17, 0x31, 0x09, 0x0e, 0x2b,
  0x00, 0x00, 0x16, 0x08, 0x0c, 0x27, 0x0c, 0x19, 0x31, 0x0f, 0x24, 0x40,
  0x11, 0x23, 0x3e, 0x0c, 0x15, 0x2c, 0x05, 0x0a, 0x21, 0x02, 0x0f, 0x26,
  0x10, 0x21, 0x42, 0x25, 0x3d, 0x69, 0x3c, 0x5a, 0x93, 0x54, 0x6c, 0xac,
  0x52, 0x69, 0xaa, 0x62, 0x7b, 0xb9, 0x82, 0x92, 0xc7, 0x84, 0x93, 0xc6,
  0x8e, 0x9c, 0xca, 0x83, 0x94, 0xc8, 0x70, 0x86, 0xc5, 0x6d, 0x85, 0xc5,
  0x68, 0x83, 0xc4, 0x61, 0x7c, 0xbf, 0x5b, 0x76, 0xbb, 0x57, 0x70, 0xb7,
  0x4f, 0x6c, 0xb1, 0x4d, 0x6d, 0xb1, 0x3f, 0x60, 0xa5, 0x41, 0x6e, 0xaf,
  0x54, 0x8e, 0xc8, 0x52, 0x8a, 0xc5, 0x51, 0x8a, 0xc2, 0x49, 0x87, 0xc1,
  0x68, 0x97, 0xc8, 0xaf, 0xbe, 0xd4, 0xb9, 0xc5, 0xd7, 0xa0, 0xb3, 0xce,
  0x74, 0x95, 0xc1, 0x72, 0x94, 0xc0, 0x77, 0x97, 0xc2, 0x77, 0x97, 0xc2,
  0x75, 0x96, 0xc2, 0x71, 0x94, 0xc1, 0x70, 0x93, 0xc0, 0x6c, 0x91, 0xc1,
  0x68, 0x92, 0xc1, 0x69, 0x93, 0xc3, 0x6a, 0x94, 0xc5, 0x6c, 0x99, 0xc8,
  0x76, 0xa1, 0xce, 0x5d, 0x8e, 0xc2, 0x27, 0x64, 0x97, 0x1e, 0x58, 0x8a,
  0x23, 0x5b, 0x8e, 0x3a, 0x68, 0x96, 0x51, 0x75, 0xa0, 0x58, 0x7a, 0xa5,
  0x58, 0x7a, 0xa4, 0x58, 0x7b, 0xa2, 0x57, 0x7a, 0xa3, 0x58, 0x7b, 0xa3,
  0x58, 0x7c, 0xa5, 0x58, 0x7c, 0xa4, 0x59, 0x7b, 0xa4, 0x59, 0x7b, 0xa4,
  0x5a, 0x7b, 0xa4, 0x5b, 0x7b, 0xa4, 0x5b, 0x7b, 0xa4, 0x5b, 0x7b, 0xa4,
  0x5b, 0x7b, 0xa4, 0x5c, 0x7c, 0xa5, 0x5c, 0x7c, 0xa5, 0x5b, 0x7b, 0xa5,
  0x5c, 0x7c, 0xa5, 0x5d, 0x7d, 0xa6, 0x5b, 0x7d, 0xa5, 0x5c, 0x7e, 0xa6,
  0x5c, 0x7c, 0xa5, 0x5d, 0x7c, 0xa6, 0x5f, 0x7d, 0xa7, 0x5f, 0x7d, 0xa7,
  0x5f, 0x7d, 0xa6, 0x5f, 0x7d, 0xa6, 0x60, 0x7f, 0xa8, 0x59, 0x78, 0xa2,
  0x39, 0x57, 0x81, 0x17, 0x31, 0x54, 0x00, 0x03, 0x0c, 0x03, 0x01, 0x04,
  0x4b, 0x62, 0x83, 0x69, 0x8a, 0xb5, 0x35, 0x52, 0x7a, 0x07, 0x1d, 0x3b,
  0x0a, 0x13, 0x2d, 0x07, 0x0a, 0x1f, 0x03, 0x08, 0x17, 0x02, 0x05, 0x16,
  0x00, 0x01, 0x12, 0x1d, 0x2e, 0x4c, 0x35, 0x63, 0x95, 0x3d, 0x6b, 0x9c,
  0x53, 0x78, 0xa8, 0x53, 0x75, 0xa4, 0x44, 0x6c, 0x9d, 0x3b, 0x67, 0x9a,
  0x37, 0x64, 0x98, 0x33, 0x62, 0x95, 0x31, 0x5f, 0x93, 0x33, 0x60, 0x95,
  0x37, 0x64, 0x97, 0x43, 0x6b, 0x9c, 0x4e, 0x71, 0xa1, 0x52, 0x74, 0xa3,
  0x58, 0x77, 0xa4, 0x60, 0x7c, 0xa9, 0x63, 0x7d, 0xaa, 0x62, 0x7e, 0xaa,
  0xbc, 0xc8, 0xda, 0xbc, 0xc9, 0xdb, 0xbc, 0xc9, 0xdb, 0xbc, 0xc9, 0xdb,
  0xba, 0xc8, 0xda, 0xbd, 0xcb, 0xdc, 0xa3, 0xb4, 0xcd, 0x13, 0x27, 0x44,
  0x0a, 0x16, 0x2e, 0x28, 0x3d, 0x6f, 0x58, 0x69, 0xb1, 0x68, 0x7a, 0xb8,
  0x39, 0x4f, 0x7b, 0x07, 0x16, 0x30, 0x0f, 0x1a, 0x31, 0x06, 0x0f, 0x26,
  0x03, 0x07, 0x1e, 0x04, 0x06, 0x1b, 0x01, 0x06, 0x1e, 0x08, 0x19, 0x32,
  0x26, 0x3e, 0x6b, 0x31, 0x4e, 0x88, 0x4f, 0x69, 0xa8, 0x6e, 0x82, 0xbc,
  0x5b, 0x76, 0xb8, 0x6b, 0x81, 0xbd, 0x77, 0x8a, 0xc2, 0x81, 0x91, 0xc6,
  0x8d, 0x9b, 0xc9, 0x89, 0x97, 0xc9, 0x74, 0x87, 0xc3, 0x71, 0x86, 0xc4,
  0x70, 0x88, 0xc4, 0x64, 0x7e, 0xc1, 0x5e, 0x78, 0xbd, 0x5b, 0x73, 0xb9,
  0x55, 0x6f, 0xb5, 0x55, 0x71, 0xb2, 0x48, 0x67, 0xac, 0x3c, 0x6a, 0xaf,
  0x55, 0x8f, 0xc8, 0x4f, 0x89, 0xc4, 0x53, 0x8c, 0xc5, 0x4e, 0x89, 0xc3,
  0x62, 0x94, 0xc7, 0xab, 0xbc, 0xd2, 0xbc, 0xc7, 0xd7, 0xa1, 0xb4, 0xce,
  0x74, 0x96, 0xc1, 0x73, 0x94, 0xc0, 0x77, 0x96, 0xc2, 0x79, 0x97, 0xc3,
  0x76, 0x97, 0xc2, 0x73, 0x94, 0xc1, 0x70, 0x93, 0xc0, 0x6d, 0x92, 0xbf,
  0x6a, 0x93, 0xc1, 0x6a, 0x94, 0xc4, 0x6c, 0x95, 0xc5, 0x6f, 0x9a, 0xc9,
  0x78, 0xa2, 0xd0, 0x5d, 0x91, 0xc4, 0x27, 0x66, 0x98, 0x1e, 0x58, 0x8a,
  0x23, 0x5c, 0x8e, 0x3a, 0x68, 0x97, 0x51, 0x74, 0xa0, 0x58, 0x7a, 0xa5,
  0x58, 0x7a, 0xa4, 0x58, 0x7b, 0xa3, 0x58, 0x7b, 0xa3, 0x58, 0x7c, 0xa3,
  0x58, 0x7c, 0xa4, 0x58, 0x7c, 0xa4, 0x59, 0x7c, 0xa4, 0x59, 0x7c, 0xa4,
  0x5a, 0x7c, 0xa4, 0x5a, 0x7d, 0xa5, 0x5a, 0x7d, 0xa5, 0x5a, 0x7d, 0xa5,
  0x5a, 0x7c, 0xa5, 0x5d, 0x7c, 0xa5, 0x5c, 0x7c, 0xa5, 0x5b, 0x7e, 0xa5,
  0x5b, 0x7e, 0xa5, 0x5c, 0x7c, 0xa5, 0x5b, 0x7e, 0xa6, 0x5c, 0x7e, 0xa7,
  0x5d, 0x7d, 0xa6, 0x5e, 0x7e, 0xa7, 0x60, 0x7e, 0xa8, 0x5f, 0x7d, 0xa6,
  0x60, 0x7f, 0xa7, 0x60, 0x7d, 0xa6, 0x61, 0x81, 0xaa, 0x2d, 0x4f, 0x79,
  0x06, 0x1c, 0x39, 0x06, 0x14, 0x27, 0x04, 0x08, 0x1a, 0x00, 0x00, 0x08,
  0x2a, 0x33, 0x49, 0x56, 0x72, 0x98, 0x0a, 0x23, 0x41, 0x06, 0x15, 0x2c,
  0x25, 0x2d, 0x41, 0x14, 0x1d, 0x31, 0x04, 0x0b, 0x1e, 0x05, 0x0a, 0x1b,
  0x02, 0x02, 0x13, 0x06, 0x06, 0x16, 0x16, 0x24, 0x3b, 0x09, 0x15, 0x30,
  0x1e, 0x30, 0x4e, 0x42, 0x67, 0x96, 0x38, 0x67, 0x9a, 0x2d, 0x5f, 0x92,
  0x2c, 0x5e, 0x93, 0x29, 0x5d, 0x92, 0x26, 0x5b, 0x91, 0x28, 0x5b, 0x90,
  0x2b, 0x5d, 0x91, 0x34, 0x62, 0x96, 0x3f, 0x68, 0x9c, 0x44, 0x6a, 0x9e,
  0x4a, 0x6f, 0x9f, 0x59, 0x77, 0xa5, 0x63, 0x7c, 0xaa, 0x62, 0x7e, 0xaa,
  0xbd, 0xc9, 0xdb, 0xbd, 0xc9, 0xdb, 0xbc, 0xc9, 0xdb, 0xbc, 0xc8, 0xda,
  0xba, 0xc7, 0xd8, 0xc5, 0xd2, 0xe3, 0x70, 0x86, 0xa2, 0x06, 0x1d, 0x3b,
  0x22, 0x3d, 0x5f, 0x61, 0x73, 0xbc, 0x68, 0x78, 0xc8, 0x71, 0x85, 0xc8,
  0x86, 0x9a, 0xd5, 0x32, 0x3e, 0x6c, 0x00, 0x00, 0x12, 0x0a, 0x0c, 0x1f,
  0x0b, 0x10, 0x24, 0x06, 0x10, 0x25, 0x0d, 0x1b, 0x31, 0x1e, 0x32, 0x51,
  0x31, 0x4f, 0x86, 0x4d, 0x68, 0xa7, 0x65, 0x7d, 0xb8, 0x5f, 0x7a, 0xb7,
  0x62, 0x7d, 0xbb, 0x6d, 0x84, 0xbf, 0x78, 0x8c, 0xc3, 0x84, 0x94, 0xc6,
  0x8c, 0x9a, 0xc6, 0x7e, 0x89, 0xb8, 0x59, 0x68, 0x9a, 0x53, 0x67, 0x9a,
  0x5f, 0x74, 0xa8, 0x65, 0x7a, 0xb1, 0x5e, 0x75, 0xb5, 0x5e, 0x75, 0xb8,
  0x59, 0x72, 0xb6, 0x58, 0x71, 0xb5, 0x47, 0x5f, 0x9b, 0x17, 0x3e, 0x6e,
  0x4a, 0x81, 0xb8, 0x55, 0x8f, 0xca, 0x50, 0x8a, 0xc5, 0x50, 0x89, 0xc5,
  0x53, 0x8d, 0xc5, 0x95, 0xb0, 0xcf, 0xbc, 0xc7, 0xd7, 0xa3, 0xb6, 0xcf,
  0x76, 0x96, 0xc2, 0x75, 0x95, 0xc1, 0x78, 0x97, 0xc2, 0x79, 0x97, 0xc2,
  0x75, 0x96, 0xc2, 0x74, 0x95, 0xc2, 0x71, 0x94, 0xc1, 0x6e, 0x93, 0xc1,
  0x6b, 0x93, 0xc2, 0x6a, 0x94, 0xc3, 0x6c, 0x95, 0xc6, 0x70, 0x9a, 0xca,
  0x79, 0xa3, 0xd1, 0x5d, 0x92, 0xc5, 0x2a, 0x66, 0x99, 0x1f, 0x57, 0x8a,
  0x23, 0x5c, 0x8f, 0x3b, 0x68, 0x98, 0x51, 0x75, 0xa1, 0x58, 0x7a, 0xa5,
  0x58, 0x7b, 0xa5, 0x58, 0x7c, 0xa3, 0x59, 0x7c, 0xa4, 0x59, 0x7c, 0xa4,
  0x58, 0x7d, 0xa4, 0x59, 0x7b, 0xa4, 0x59, 0x7b, 0xa4, 0x58, 0x7b, 0xa3,
  0x5a, 0x7d, 0xa5, 0x5a, 0x7d, 0xa5, 0x5a, 0x7d, 0xa5, 0x5b, 0x7e, 0xa6,
  0x5a, 0x7d, 0xa5, 0x5b, 0x7d, 0xa5, 0x5c, 0x7d, 0xa6, 0x5b, 0x7f, 0xa5,
  0x5b, 0x7e, 0xa5, 0x5d, 0x7d, 0xa6, 0x5d, 0x7e, 0xa7, 0x5e, 0x7e, 0xa6,
  0x60, 0x7e, 0xa7, 0x61, 0x7f, 0xa8, 0x5f, 0x7e, 0xa6, 0x5f, 0x7d, 0xa6,
  0x61, 0x7f, 0xa8, 0x60, 0x7e, 0xa7, 0x5c, 0x7f, 0xaa, 0x1e, 0x43, 0x6b,
  0x00, 0x07, 0x1e, 0x0d, 0x1b, 0x31, 0x20, 0x2c, 0x47, 0x1c, 0x24, 0x3f,
  0x18, 0x25, 0x3e, 0x12, 0x21, 0x3b, 0x01, 0x10, 0x26, 0x02, 0x0b, 0x23,
  0x07, 0x11, 0x27, 0x08, 0x12, 0x26, 0x09, 0x16, 0x28, 0x06, 0x10, 0x23,
  0x01, 0x05, 0x17, 0x03, 0x07, 0x15, 0x0c, 0x0f, 0x1c, 0x05, 0x09, 0x1a,
  0x04, 0x02, 0x14, 0x15, 0x2a, 0x4c, 0x30, 0x64, 0x99, 0x26, 0x5c, 0x90,
  0x26, 0x5b, 0x91, 0x26, 0x5b, 0x93, 0x25, 0x5b, 0x90, 0x24, 0x5b, 0x90,
  0x24, 0x5b, 0x91, 0x2a, 0x5d, 0x92, 0x31, 0x60, 0x95, 0x34, 0x61, 0x96,
  0x3a, 0x66, 0x9a, 0x4c, 0x71, 0xa1, 0x60, 0x7b, 0xa8, 0x64, 0x7e, 0xaa,
  0xbd, 0xc9, 0xdb, 0xbc, 0xc8, 0xda, 0xbd, 0xc9, 0xdb, 0xbd, 0xc9, 0xdb,
  0xb9, 0xc7, 0xd9, 0xc6, 0xd4, 0xe5, 0x56, 0x71, 0x92, 0x0a, 0x22, 0x45,
  0x3a, 0x4f, 0x7e, 0x67, 0x73, 0xc2, 0x60, 0x73, 0xbe, 0x86, 0x98, 0xca,
  0x6e, 0x83, 0xc2, 0x66, 0x7a, 0xbc, 0x29, 0x3c, 0x68, 0x03, 0x0b, 0x22,
  0x04, 0x09, 0x20, 0x0c, 0x1a, 0x2e, 0x18, 0x28, 0x43, 0x31, 0x42, 0x68,
  0x3f, 0x5b, 0x92, 0x61, 0x79, 0xb5, 0x69, 0x80, 0xbb, 0x63, 0x7c, 0xba,
  0x7b, 0x8f, 0xc4, 0x75, 0x8b, 0xc1, 0x76, 0x89, 0xbd, 0x5e, 0x6e, 0xa4,
  0x45, 0x53, 0x84, 0x37, 0x46, 0x74, 0x2d, 0x40, 0x6d, 0x22, 0x3a, 0x65,
  0x1e, 0x36, 0x61, 0x1c, 0x34, 0x5f, 0x2e, 0x49, 0x80, 0x5f, 0x77, 0xb9,
  0x5c, 0x77, 0xbc, 0x42, 0x5e, 0x9c, 0x14, 0x29, 0x51, 0x01, 0x19, 0x40,
  0x3d, 0x73, 0xab, 0x58, 0x92, 0xce, 0x51, 0x8b, 0xc5, 0x4f, 0x8b, 0xc5,
  0x54, 0x8f, 0xc5, 0x91, 0xaf, 0xcf, 0xbb, 0xc7, 0xd8, 0xa3, 0xb5, 0xd0,
  0x77, 0x97, 0xc3, 0x75, 0x95, 0xc1, 0x78, 0x97, 0xc2, 0x77, 0x98, 0xc2,
  0x76, 0x96, 0xc2, 0x74, 0x96, 0xc2, 0x70, 0x94, 0xc1, 0x6f, 0x94, 0xc3,
  0x6c, 0x93, 0xc3, 0x6a, 0x94, 0xc3, 0x6c, 0x97, 0xc6, 0x71, 0x9c, 0xcb,
  0x7a, 0xa4, 0xd3, 0x5e, 0x94, 0xc8, 0x2b, 0x68, 0x9c, 0x1f, 0x58, 0x8c,
  0x22, 0x5c, 0x8e, 0x3b, 0x69, 0x98, 0x51, 0x75, 0xa0, 0x59, 0x7b, 0xa6,
  0x59, 0x7c, 0xa5, 0x58, 0x7b, 0xa5, 0x59, 0x7b, 0xa4, 0x59, 0x7c, 0xa4,
  0x5a, 0x7d, 0xa5, 0x59, 0x7c, 0xa4, 0x59, 0x7c, 0xa4, 0x59, 0x7c, 0xa4,
  0x5a, 0x7d, 0xa5, 0x5a, 0x7d, 0xa5, 0x5a, 0x7d, 0xa5, 0x5a, 0x7d, 0xa5,
  0x5b, 0x7d, 0xa5, 0x5b, 0x7d, 0xa5, 0x5b, 0x7e, 0xa6, 0x5c, 0x80, 0xa6,
  0x5d, 0x7e, 0xa6, 0x5e, 0x7e, 0xa7, 0x5e, 0x7e, 0xa7, 0x5e, 0x7e, 0xa6,
  0x60, 0x7e, 0xa7, 0x61, 0x7f, 0xa8, 0x5e, 0x7e, 0xa7, 0x60, 0x7f, 0xa8,
  0x61, 0x7f, 0xa7, 0x5f, 0x7d, 0xa6, 0x64, 0x85, 0xaf, 0x3b, 0x5d, 0x86,
  0x11, 0x22, 0x42, 0x2e, 0x3c, 0x5e, 0x24, 0x34, 0x52, 0x15, 0x27, 0x42,
  0x0e, 0x20, 0x37, 0x07, 0x1b, 0x30, 0x0a, 0x1b, 0x2e, 0x14, 0x1e, 0x31,
  0x1b, 0x22, 0x33, 0x1b, 0x22, 0x32, 0x1f, 0x24, 0x34, 0x1d, 0x23, 0x34,
  0x11, 0x18, 0x2b, 0x0c, 0x0f, 0x21, 0x0e, 0x19, 0x2a, 0x25, 0x3c, 0x59,
  0x13, 0x1b, 0x32, 0x03, 0x0d, 0x25, 0x20, 0x46, 0x73, 0x28, 0x60, 0x95,
  0x24, 0x5b, 0x92, 0x27, 0x5b, 0x93, 0x24, 0x5c, 0x92, 0x23, 0x5d, 0x91,
  0x24, 0x5c, 0x92, 0x25, 0x5a, 0x92, 0x2a, 0x5c, 0x93, 0x2b, 0x5d, 0x93,
  0x2d, 0x5f, 0x94, 0x3f, 0x68, 0x9c, 0x59, 0x77, 0xa6, 0x63, 0x7d, 0xaa,
  0xbd, 0xc9, 0xdb, 0xbd, 0xc9, 0xdb, 0xbd, 0xc9, 0xdb, 0xbc, 0xc9, 0xdb,
  0xba, 0xc8, 0xdb, 0xc1, 0xce, 0xdf, 0x9b, 0xb0, 0xca, 0x17, 0x3c, 0x62,
  0x33, 0x4d, 0x7e, 0x5f, 0x6b, 0xbe, 0x6b, 0x7e, 0xc1, 0x8a, 0x9b, 0xcd,
  0x7b, 0x8c, 0xc1, 0x66, 0x79, 0xb8, 0x59, 0x70, 0xb4, 0x2c, 0x45, 0x79,
  0x10, 0x21, 0x42, 0x0d, 0x1f, 0x3b, 0x23, 0x36, 0x58, 0x3d, 0x52, 0x7e,
  0x4c, 0x67, 0x9e, 0x60, 0x7c, 0xb9, 0x59, 0x76, 0xb7, 0x6e, 0x85, 0xbf,
  0x7d, 0x91, 0xc5, 0x73, 0x89, 0xbf, 0x5e, 0x73, 0xae, 0x52, 0x63, 0xa0,
  0x5e, 0x6e, 0xa8, 0x56, 0x67, 0xa3, 0x47, 0x57, 0x8c, 0x38, 0x47, 0x7a,
  0x3b, 0x50, 0x8b, 0x46, 0x5e, 0x9e, 0x54, 0x6f, 0xae, 0x66, 0x7f, 0xc0,
  0x4c, 0x6b, 0xb1, 0x24, 0x3b, 0x6c, 0x27, 0x3b, 0x6c, 0x41, 0x73, 0xb2,
  0x59, 0x93, 0xcb, 0x56, 0x8f, 0xc7, 0x54, 0x8f, 0xc7, 0x50, 0x8e, 0xc7,
  0x76, 0xa1, 0xcc, 0xb0, 0xbf, 0xd6, 0xbb, 0xc8, 0xd8, 0xa2, 0xb5, 0xcf,
  0x75, 0x97, 0xc2, 0x73, 0x95, 0xc1, 0x78, 0x98, 0xc3, 0x79, 0x98, 0xc3,
  0x76, 0x97, 0xc3, 0x74, 0x96, 0xc2, 0x71, 0x95, 0xc2, 0x6e, 0x93, 0xc3,
  0x6d, 0x94, 0xc4, 0x6b, 0x94, 0xc4, 0x6b, 0x97, 0xc6, 0x70, 0x9c, 0xcc,
  0x7b, 0xa5, 0xd3, 0x61, 0x96, 0xc9, 0x2a, 0x68, 0x9d, 0x1f, 0x59, 0x8d,
  0x24, 0x5d, 0x90, 0x3b, 0x69, 0x98, 0x51, 0x75, 0xa0, 0x5a, 0x7c, 0xa6,
  0x5a, 0x7c, 0xa7, 0x59, 0x7c, 0xa5, 0x59, 0x7c, 0xa5, 0x5a, 0x7d, 0xa5,
  0x59, 0x7c, 0xa4, 0x5a, 0x7d, 0xa5, 0x5a, 0x7d, 0xa5, 0x5a, 0x7d, 0xa5,
  0x59, 0x7c, 0xa4, 0x5a, 0x7d, 0xa5, 0x5a, 0x7d, 0xa5, 0x5a, 0x7e, 0xa6,
  0x5c, 0x7d, 0xa6, 0x5e, 0x7d, 0xa6, 0x5c, 0x7e, 0xa6, 0x5c, 0x7f, 0xa6,
  0x5d, 0x7e, 0xa6, 0x5d, 0x7d, 0xa6, 0x5e, 0x7e, 0xa7, 0x5e, 0x7f, 0xa8,
  0x5e, 0x7e, 0xa7, 0x60, 0x7f, 0xa8, 0x5e, 0x7e, 0xa7, 0x5f, 0x7e, 0xa7,
  0x65, 0x83, 0xab, 0x63, 0x83, 0xac, 0x59, 0x7b, 0xa5, 0x35, 0x4e, 0x75,
  0x23, 0x32, 0x52, 0x12, 0x24, 0x3b, 0x05, 0x17, 0x2c, 0x0e, 0x20, 0x35,
  0x1c, 0x2b, 0x42, 0x1c, 0x2a, 0x42, 0x17, 0x22, 0x36, 0x21, 0x27, 0x38,
  0x24, 0x28, 0x38, 0x1f, 0x24, 0x32, 0x1f, 0x23, 0x31, 0x25, 0x25, 0x34,
  0x1f, 0x22, 0x31, 0x17, 0x1b, 0x2c, 0x11, 0x19, 0x2b, 0x0d, 0x18, 0x2c,
  0x0d, 0x17, 0x2c, 0x05, 0x0f, 0x27, 0x0e, 0x2c, 0x4f, 0x29, 0x5e, 0x96,
  0x24, 0x5b, 0x93, 0x25, 0x5c, 0x92, 0x23, 0x5b, 0x92, 0x24, 0x5c, 0x93,
  0x23, 0x5b, 0x93, 0x24, 0x5b, 0x93, 0x27, 0x5b, 0x94, 0x27, 0x5c, 0x94,
  0x26, 0x5b, 0x94, 0x33, 0x62, 0x98, 0x51, 0x72, 0xa3, 0x62, 0x7c, 0xaa,
  0xbd, 0xca, 0xdc, 0xbc, 0xca, 0xdc, 0xbc, 0xca, 0xdc, 0xbc, 0xca, 0xdd,
  0xbb, 0xc9, 0xdd, 0xb9, 0xc8, 0xda, 0xbc, 0xcd, 0xe4, 0x42, 0x6d, 0x9c,
  0x26, 0x4e, 0x7f, 0x64, 0x73, 0xbf, 0x75, 0x85, 0xc4, 0x73, 0x86, 0xc1,
  0x81, 0x8c, 0xbe, 0x51, 0x68, 0xac, 0x5d, 0x7a, 0xb6, 0x5b, 0x73, 0xaf,
  0x42, 0x59, 0x93, 0x2e, 0x44, 0x75, 0x45, 0x57, 0x85, 0x3b, 0x53, 0x85,
  0x53, 0x71, 0xaa, 0x5b, 0x79, 0xb9, 0x58, 0x76, 0xb8, 0x70, 0x87, 0xc3,
  0x74, 0x8a, 0xc3, 0x6b, 0x84, 0xbd, 0x68, 0x80, 0xba, 0x4e, 0x69, 0xa7,
  0x46, 0x5a, 0x8e, 0x31, 0x37, 0x5a, 0x02, 0x07, 0x22, 0x1e, 0x2c, 0x58,
  0x31, 0x49, 0x86, 0x59, 0x72, 0xb5, 0x77, 0x8b, 0xc5, 0x6e, 0x87, 0xca,
  0x22, 0x39, 0x6e, 0x02, 0x08, 0x1e, 0x1b, 0x37, 0x65, 0x50, 0x8d, 0xc7,
  0x59, 0x93, 0xca, 0x56, 0x90, 0xc7, 0x54, 0x90, 0xc8, 0x5d, 0x95, 0xc9,
  0x9b, 0xb5, 0xd3, 0xbb, 0xc7, 0xd8, 0xbd, 0xc8, 0xda, 0xa5, 0xb8, 0xcf,
  0x76, 0x98, 0xc2, 0x73, 0x96, 0xc1, 0x77, 0x98, 0xc3, 0x79, 0x99, 0xc4,
  0x77, 0x97, 0xc3, 0x74, 0x96, 0xc3, 0x72, 0x95, 0xc2, 0x6f, 0x95, 0xc4,
  0x6c, 0x94, 0xc4, 0x6c, 0x94, 0xc5, 0x6d, 0x97, 0xc7, 0x70, 0x9e, 0xcd,
  0x7c, 0xa7, 0xd5, 0x62, 0x97, 0xca, 0x2c, 0x6a, 0x9e, 0x1e, 0x5a, 0x8f,
  0x23, 0x5d, 0x90, 0x3a, 0x69, 0x99, 0x52, 0x76, 0xa3, 0x59, 0x7c, 0xa6,
  0x5a, 0x7d, 0xa6, 0x5a, 0x7d, 0xa5, 0x5a, 0x7d, 0xa5, 0x5a, 0x7d, 0xa5,
  0x5a, 0x7d, 0xa5, 0x5a, 0x7d, 0xa5, 0x5a, 0x7d, 0xa5, 0x5a, 0x7d, 0xa5,
  0x5a, 0x7d, 0xa5, 0x5b, 0x7e, 0xa6, 0x5b, 0x7e, 0xa6, 0x5b, 0x7e, 0xa6,
  0x5a, 0x7d, 0xa5, 0x5e, 0x7e, 0xa7, 0x5e, 0x7d, 0xa6, 0x5e, 0x7e, 0xa7,
  0x5e, 0x7d, 0xa6, 0x5d, 0x7e, 0xa7, 0x5e, 0x7e, 0xa9, 0x5f, 0x80, 0xab,
  0x5f, 0x7f, 0xa9, 0x61, 0x80, 0xaa, 0x5f, 0x7f, 0xa9, 0x5b, 0x7c, 0xa6,
  0x49, 0x69, 0x93, 0x31, 0x4f, 0x76, 0x20, 0x37, 0x5a, 0x12, 0x21, 0x3c,
  0x05, 0x14, 0x27, 0x01, 0x12, 0x24, 0x05, 0x14, 0x2a, 0x09, 0x1a, 0x30,
  0x0f, 0x22, 0x37, 0x21, 0x31, 0x4a, 0x10, 0x21, 0x39, 0x0b, 0x14, 0x27,
  0x24, 0x27, 0x36, 0x27, 0x29, 0x37, 0x26, 0x27, 0x35, 0x20, 0x21, 0x2f,
  0x16, 0x17, 0x26, 0x0c, 0x11, 0x21, 0x0a, 0x11, 0x22, 0x09, 0x13, 0x24,
  0x0b, 0x17, 0x2a, 0x04, 0x0c, 0x21, 0x11, 0x2e, 0x4f, 0x27, 0x5b, 0x91,
  0x25, 0x5b, 0x91, 0x26, 0x5d, 0x94, 0x26, 0x5c, 0x93, 0x25, 0x5c, 0x93,
  0x24, 0x5c, 0x94, 0x24, 0x5b, 0x94, 0x25, 0x5c, 0x94, 0x25, 0x5b, 0x94,
  0x25, 0x5c, 0x94, 0x2d, 0x60, 0x96, 0x49, 0x6d, 0xa1, 0x5c, 0x7a, 0xa8,
  0xbc, 0xca, 0xdc, 0xbc, 0xca, 0xdc, 0xbc, 0xca, 0xdd, 0xbd, 0xca, 0xdd,
  0xbb, 0xc9, 0xdc, 0xb3, 0xc4, 0xdd, 0x5c, 0x8a, 0xc1, 0x30, 0x62, 0x9d,
  0x23, 0x46, 0x73, 0x61, 0x71, 0xb6, 0x6d, 0x7d, 0xc2, 0x7d, 0x8c, 0xc1,
  0x83, 0x8c, 0xbc, 0x60, 0x6f, 0xad, 0x77, 0x8e, 0xc0, 0x74, 0x88, 0xbd,
  0x58, 0x70, 0xac, 0x3c, 0x55, 0x8e, 0x3a, 0x52, 0x88, 0x34, 0x54, 0x8f,
  0x61, 0x7d, 0xba, 0x5a, 0x77, 0xb9, 0x5b, 0x77, 0xbb, 0x75, 0x8a, 0xc4,
  0x6f, 0x88, 0xc3, 0x6e, 0x87, 0xc2, 0x57, 0x77, 0xb7, 0x42, 0x62, 0xa2,
  0x52, 0x68, 0xa0, 0x4c, 0x58, 0x8a, 0x1e, 0x33, 0x5f, 0x29, 0x40, 0x75,
  0x50, 0x64, 0x9c, 0x6e, 0x7f, 0xb7, 0x80, 0x8c, 0xc3, 0x70, 0x81, 0xc4,
  0x2c, 0x46, 0x85, 0x1d, 0x30, 0x5c, 0x38, 0x60, 0x98, 0x58, 0x95, 0xce,
  0x57, 0x91, 0xc9, 0x57, 0x92, 0xc9, 0x53, 0x90, 0xc8, 0x6c, 0x9d, 0xcc,
  0xaf, 0xc0, 0xd7, 0xbb, 0xc9, 0xda, 0xbd, 0xc8, 0xda, 0xa7, 0xb9, 0xd1,
  0x77, 0x98, 0xc3, 0x74, 0x96, 0xc2, 0x78, 0x98, 0xc3, 0x79, 0x98, 0xc3,
  0x77, 0x97, 0xc3, 0x75, 0x96, 0xc3, 0x72, 0x95, 0xc2, 0x70, 0x95, 0xc4,
  0x6d, 0x95, 0xc5, 0x6c, 0x95, 0xc5, 0x6d, 0x98, 0xc8, 0x73, 0x9f, 0xce,
  0x7f, 0xa7, 0xd6, 0x64, 0x97, 0xcb, 0x2b, 0x6b, 0x9f, 0x1d, 0x59, 0x8e,
  0x23, 0x5d, 0x90, 0x3a, 0x6a, 0x9b, 0x51, 0x76, 0xa4, 0x59, 0x7c, 0xa6,
  0x59, 0x7d, 0xa6, 0x5a, 0x7d, 0xa5, 0x5a, 0x7e, 0xa5, 0x5b, 0x7e, 0xa6,
  0x5a, 0x7d, 0xa5, 0x5b, 0x7e, 0xa6, 0x5a, 0x7d, 0xa5, 0x5b, 0x7e, 0xa6,
  0x5b, 0x7e, 0xa6, 0x5b, 0x7e, 0xa6, 0x5b, 0x7e, 0xa6, 0x5c, 0x7f, 0xa7,
  0x5b, 0x7f, 0xa7, 0x5d, 0x7f, 0xa7, 0x5c, 0x7e, 0xa7, 0x5c, 0x7e, 0xa6,
  0x5d, 0x7e, 0xa7, 0x5f, 0x7f, 0xa9, 0x5f, 0x7f, 0xaa, 0x5e, 0x7f, 0xaa,
  0x5f, 0x7f, 0xab, 0x5e, 0x7f, 0xaa, 0x63, 0x82, 0xad, 0x4a, 0x6e, 0x99,
  0x08, 0x25, 0x47, 0x09, 0x1a, 0x34, 0x0f, 0x1e, 0x36, 0x0b, 0x1a, 0x2c,
  0x09, 0x15, 0x27, 0x09, 0x15, 0x29, 0x0d, 0x1e, 0x34, 0x0b, 0x1e, 0x33,
  0x0d, 0x1f, 0x33, 0x17, 0x25, 0x3f, 0x26, 0x37, 0x54, 0x18, 0x2b, 0x43,
  0x15, 0x23, 0x38, 0x20, 0x28, 0x3b, 0x26, 0x29, 0x39, 0x20, 0x21, 0x2e,
  0x18, 0x1a, 0x27, 0x0e, 0x12, 0x22, 0x07, 0x0e, 0x20, 0x07, 0x0e, 0x21,
  0x07, 0x10, 0x22, 0x05, 0x0c, 0x1f, 0x13, 0x2c, 0x4a, 0x25, 0x5d, 0x91,
  0x26, 0x5b, 0x93, 0x25, 0x5c, 0x93, 0x25, 0x5d, 0x94, 0x25, 0x5d, 0x95,
  0x24, 0x5c, 0x94, 0x23, 0x5b, 0x94, 0x24, 0x5c, 0x94, 0x23, 0x5b, 0x94,
  0x24, 0x5b, 0x93, 0x2a, 0x5d, 0x96, 0x3d, 0x68, 0x9d, 0x50, 0x75, 0xa5,
  0xbd, 0xcb, 0xdd, 0xbe, 0xcb, 0xdd, 0xbd, 0xca, 0xdd, 0xbc, 0xc9, 0xdd,
  0xbd, 0xcb, 0xde, 0x77, 0x9e, 0xcf, 0x22, 0x58, 0x99, 0x26, 0x4d, 0x7a,
  0x11, 0x2c, 0x4c, 0x48, 0x5c, 0x95, 0x76, 0x84, 0xcb, 0x6c, 0x7e, 0xbb,
  0x6b, 0x7c, 0xb8, 0x63, 0x71, 0xac, 0x6e, 0x82, 0xb8, 0x72, 0x88, 0xbe,
  0x5b, 0x74, 0xb0, 0x42, 0x5d, 0x99, 0x3d, 0x58, 0x97, 0x4e, 0x6a, 0xab,
  0x62, 0x7d, 0xbd, 0x58, 0x75, 0xba, 0x5f, 0x7a, 0xbe, 0x6a, 0x83, 0xc2,
  0x6e, 0x84, 0xc4, 0x72, 0x86, 0xc4, 0x72, 0x86, 0xc3, 0x79, 0x8a, 0xc5,
  0x68, 0x7e, 0xbf, 0x59, 0x71, 0xba, 0x49, 0x62, 0xad, 0x38, 0x52, 0x99,
  0x5c, 0x6f, 0xab, 0x74, 0x82, 0xbd, 0x6c, 0x79, 0xbd, 0x6d, 0x77, 0xc0,
  0x44, 0x5c, 0xac, 0x29, 0x4a, 0x91, 0x43, 0x6c, 0xae, 0x5a, 0x96, 0xce,
  0x57, 0x93, 0xcb, 0x56, 0x92, 0xca, 0x52, 0x91, 0xc9, 0x70, 0xa0, 0xce,
  0xb5, 0xc4, 0xd9, 0xba, 0xc9, 0xda, 0xbc, 0xca, 0xdb, 0xa8, 0xb9, 0xd2,
  0x77, 0x98, 0xc4, 0x73, 0x95, 0xc2, 0x79, 0x99, 0xc2, 0x7a, 0x99, 0xc2,
  0x76, 0x97, 0xc3, 0x75, 0x96, 0xc3, 0x73, 0x96, 0xc3, 0x6f, 0x94, 0xc4,
  0x6c, 0x95, 0xc5, 0x6c, 0x97, 0xc6, 0x6e, 0x99, 0xc8, 0x74, 0x9f, 0xcf,
  0x7f, 0xa9, 0xd6, 0x63, 0x98, 0xcc, 0x2b, 0x6b, 0xa1, 0x20, 0x5a, 0x8d,
  0x24, 0x5d, 0x90, 0x3a, 0x69, 0x99, 0x51, 0x76, 0xa2, 0x59, 0x7c, 0xa6,
  0x59, 0x7d, 0xa4, 0x59, 0x7d, 0xa6, 0x59, 0x7c, 0xa7, 0x5a, 0x7d, 0xa5,
  0x5a, 0x7d, 0xa5, 0x5a, 0x7d, 0xa5, 0x5b, 0x7e, 0xa6, 0x5b, 0x7e, 0xa6,
  0x5a, 0x7d, 0xa5, 0x5a, 0x7d, 0xa5, 0x5a, 0x7d, 0xa6, 0x5c, 0x7f, 0xa7,
  0x5c, 0x7f, 0xa7, 0x5d, 0x7e, 0xa7, 0x5c, 0x7e, 0xa6, 0x5c, 0x7e, 0xa6,
  0x5e, 0x7e, 0xa7, 0x5e, 0x7f, 0xaa, 0x5f, 0x7f, 0xab, 0x60, 0x80, 0xaa,
  0x60, 0x80, 0xab, 0x5e, 0x80, 0xaa, 0x63, 0x85, 0xaf, 0x30, 0x4e, 0x76,
  0x02, 0x19, 0x32, 0x0b, 0x1b, 0x35, 0x0c, 0x1c, 0x33, 0x08, 0x17, 0x2b,
  0x04, 0x11, 0x26, 0x08, 0x13, 0x2a, 0x08, 0x19, 0x2f, 0x0c, 0x1d, 0x34,
  0x0f, 0x1e, 0x32, 0x12, 0x1f, 0x35, 0x19, 0x2b, 0x49, 0x2a, 0x40, 0x62,
  0x2a, 0x41, 0x6a, 0x29, 0x41, 0x6a, 0x1e, 0x2e, 0x4c, 0x1c, 0x24, 0x37,
  0x1b, 0x20, 0x2f, 0x14, 0x1c, 0x29, 0x0a, 0x12, 0x22, 0x08, 0x0e, 0x22,
  0x06, 0x0c, 0x20, 0x04, 0x0a, 0x20, 0x04, 0x0e, 0x24, 0x11, 0x2b, 0x4e,
  0x20, 0x4c, 0x7c, 0x26, 0x5e, 0x96, 0x26, 0x5d, 0x96, 0x25, 0x5d, 0x96,
  0x25, 0x5c, 0x95, 0x24, 0x5b, 0x94, 0x25, 0x5c, 0x95, 0x25, 0x5c, 0x95,
  0x24, 0x5b, 0x94, 0x27, 0x5c, 0x96, 0x34, 0x63, 0x9a, 0x42, 0x6a, 0x9e,
  0xbe, 0xcc, 0xde, 0xbe, 0xcb, 0xde, 0xbb, 0xc9, 0xdd, 0xba, 0xc9, 0xdf,
  0x8c, 0xad, 0xd5, 0x16, 0x55, 0x9a, 0x23, 0x50, 0x87, 0x14, 0x33, 0x54,
  0x0c, 0x22, 0x39, 0x23, 0x38, 0x5c, 0x76, 0x84, 0xce, 0x70, 0x82, 0xc1,
  0x82, 0x93, 0xc8, 0x70, 0x85, 0xbe, 0x62, 0x7c, 0xb6, 0x68, 0x83, 0xbb,
  0x5f, 0x77, 0xb4, 0x5e, 0x75, 0xb0, 0x5e, 0x76, 0xb2, 0x5d, 0x79, 0xb6,
  0x5a, 0x76, 0xb9, 0x5f, 0x79, 0xbd, 0x67, 0x81, 0xc1, 0x6c, 0x83, 0xc3,
  0x74, 0x86, 0xc6, 0x75, 0x86, 0xc6, 0x75, 0x85, 0xc7, 0x71, 0x7f, 0xc4,
  0x5d, 0x70, 0xbb, 0x50, 0x67, 0xb2, 0x4f, 0x67, 0xb0, 0x55, 0x6c, 0xb6,
  0x63, 0x73, 0xbb, 0x6c, 0x79, 0xbd, 0x75, 0x80, 0xc0, 0x82, 0x89, 0xc6,
  0x59, 0x6a, 0xb8, 0x27, 0x47, 0x92, 0x43, 0x6b, 0xac, 0x5d, 0x98, 0xd0,
  0x59, 0x94, 0xcc, 0x58, 0x94, 0xcb, 0x52, 0x92, 0xca, 0x71, 0xa1, 0xcf,
  0xb6, 0xc5, 0xd9, 0xbb, 0xc8, 0xda, 0xbd, 0xca, 0xdb, 0xa8, 0xba, 0xd3,
  0x76, 0x98, 0xc3, 0x74, 0x96, 0xc3, 0x79, 0x99, 0xc3, 0x7b, 0x99, 0xc3,
  0x77, 0x98, 0xc4, 0x75, 0x97, 0xc4, 0x73, 0x96, 0xc3, 0x70, 0x95, 0xc5,
  0x6c, 0x95, 0xc5, 0x6d, 0x97, 0xc6, 0x70, 0x9a, 0xc9, 0x73, 0xa0, 0xd0,
  0x7f, 0xaa, 0xd7, 0x64, 0x9a, 0xce, 0x2a, 0x6a, 0x9f, 0x1c, 0x58, 0x8a,
  0x20, 0x5c, 0x8f, 0x38, 0x68, 0x97, 0x50, 0x75, 0xa1, 0x58, 0x7b, 0xa5,
  0x59, 0x7c, 0xa5, 0x59, 0x7d, 0xa5, 0x59, 0x7c, 0xa4, 0x59, 0x7c, 0xa4,
  0x58, 0x7b, 0xa4, 0x59, 0x7c, 0xa4, 0x5a, 0x7c, 0xa4, 0x5a, 0x7d, 0xa4,
  0x5a, 0x7d, 0xa5, 0x5a, 0x7d, 0xa5, 0x5a, 0x7d, 0xa5, 0x5a, 0x7d, 0xa4,
  0x5b, 0x7c, 0xa5, 0x5b, 0x7d, 0xa5, 0x5b, 0x7d, 0xa5, 0x5c, 0x7d, 0xa5,
  0x5c, 0x7e, 0xa6, 0x5f, 0x7f, 0xa8, 0x60, 0x80, 0xaa, 0x61, 0x80, 0xab,
  0x5f, 0x80, 0xab, 0x64, 0x84, 0xb0, 0x51, 0x75, 0xa1, 0x0d, 0x29, 0x47,
  0x09, 0x20, 0x39, 0x12, 0x26, 0x41, 0x12, 0x24, 0x3d, 0x08, 0x18, 0x2d,
  0x05, 0x13, 0x27, 0x09, 0x19, 0x2f, 0x0f, 0x22, 0x3b, 0x1a, 0x2d, 0x4a,
  0x28, 0x3a, 0x5c, 0x2f, 0x47, 0x70, 0x39, 0x54, 0x86, 0x3c, 0x5a, 0x92,
  0x3d, 0x5e, 0x9b, 0x3f, 0x61, 0xa0, 0x32, 0x53, 0x8c, 0x23, 0x3d, 0x68,
  0x21, 0x2f, 0x4e, 0x19, 0x24, 0x37, 0x12, 0x19, 0x2b, 0x09, 0x11, 0x24,
  0x07, 0x0f, 0x22, 0x06, 0x0e, 0x22, 0x04, 0x0a, 0x21, 0x04, 0x07, 0x1e,
  0x06, 0x0d, 0x27, 0x16, 0x3e, 0x64, 0x26, 0x5f, 0x98, 0x26, 0x5c, 0x94,
  0x25, 0x5c, 0x95, 0x25, 0x5c, 0x95, 0x24, 0x5c, 0x95, 0x26, 0x5d, 0x95,
  0x25, 0x5c, 0x95, 0x25, 0x5c, 0x95, 0x2c, 0x5f, 0x96, 0x34, 0x63, 0x99,
  0xbd, 0xcc, 0xdf, 0xbf, 0xcc, 0xdf, 0xba, 0xc9, 0xde, 0xb3, 0xc5, 0xde,
  0x4d, 0x88, 0xcb, 0x19, 0x5a, 0xa1, 0x2e, 0x64, 0xa5, 0x1d, 0x3c, 0x63,
  0x0d, 0x22, 0x39, 0x05, 0x17, 0x2c, 0x49, 0x56, 0x89, 0x77, 0x85, 0xce,
  0x81, 0x8e, 0xc9, 0x95, 0xa3, 0xd2, 0x90, 0xa1, 0xcf, 0x68, 0x80, 0xbc,
  0x5e, 0x76, 0xb4, 0x6b, 0x7e, 0xb8, 0x6a, 0x80, 0xb9, 0x61, 0x7d, 0xba,
  0x69, 0x82, 0xc0, 0x68, 0x82, 0xc0, 0x67, 0x80, 0xc1, 0x71, 0x86, 0xc5,
  0x77, 0x89, 0xc8, 0x77, 0x86, 0xc8, 0x78, 0x85, 0xc8, 0x74, 0x7f, 0xc7,
  0x6c, 0x79, 0xc6, 0x61, 0x74, 0xbf, 0x5d, 0x70, 0xbb, 0x57, 0x6b, 0xba,
  0x65, 0x76, 0xbf, 0x8d, 0x96, 0xc9, 0x8c, 0x96, 0xc8, 0x82, 0x8c, 0xc4,
  0x6d, 0x7a, 0xc0, 0x36, 0x51, 0x9f, 0x41, 0x6a, 0xac, 0x5e, 0x98, 0xd0,
  0x5a, 0x94, 0xcd, 0x5a, 0x95, 0xcc, 0x57, 0x93, 0xcc, 0x6d, 0x9f, 0xcf,
  0xb4, 0xc3, 0xd9, 0xbc, 0xc8, 0xdb, 0xbd, 0xc9, 0xdb, 0xa8, 0xbb, 0xd3,
  0x76, 0x98, 0xc2, 0x74, 0x96, 0xc1, 0x7a, 0x9a, 0xc3, 0x7b, 0x9a, 0xc4,
  0x77, 0x99, 0xc5, 0x75, 0x97, 0xc3, 0x73, 0x96, 0xc3, 0x71, 0x96, 0xc6,
  0x6d, 0x95, 0xc5, 0x6e, 0x97, 0xc7, 0x70, 0x9b, 0xca, 0x74, 0xa1, 0xd0,
  0x80, 0xab, 0xd8, 0x66, 0x9b, 0xcf, 0x2c, 0x6e, 0xa1, 0x1d, 0x5a, 0x8c,
  0x21, 0x5f, 0x91, 0x38, 0x6b, 0x9a, 0x50, 0x76, 0xa2, 0x58, 0x7d, 0xa8,
  0x59, 0x7d, 0xa8, 0x59, 0x7d, 0xa7, 0x5a, 0x7e, 0xa7, 0x5a, 0x7d, 0xa8,
  0x5a, 0x7d, 0xa8, 0x5a, 0x7d, 0xa7, 0x5a, 0x7e, 0xa8, 0x5a, 0x7e, 0xa8,
  0x5b, 0x7e, 0xa8, 0x5b, 0x7e, 0xa8, 0x5b, 0x7f, 0xa9, 0x5b, 0x7e, 0xa9,
  0x5b, 0x7f, 0xa9, 0x5c, 0x7f, 0xa9, 0x5c, 0x7f, 0xa9, 0x5c, 0x7f, 0xa9,
  0x5d, 0x80, 0xa9, 0x61, 0x80, 0xa9, 0x60, 0x80, 0xa9, 0x60, 0x80, 0xab,
  0x61, 0x80, 0xac, 0x62, 0x82, 0xad, 0x29, 0x49, 0x73, 0x06, 0x1a, 0x3a,
  0x1b, 0x31, 0x51, 0x13, 0x28, 0x45, 0x0d, 0x22, 0x3a, 0x09, 0x1a, 0x2f,
  0x06, 0x15, 0x2a, 0x11, 0x22, 0x3d, 0x23, 0x37, 0x5b, 0x35, 0x4d, 0x7b,
  0x42, 0x64, 0x9f, 0x48, 0x6d, 0xae, 0x49, 0x6e, 0xaf, 0x4a, 0x6f, 0xb1,
  0x49, 0x6c, 0xae, 0x48, 0x6c, 0xac, 0x49, 0x6e, 0xaf, 0x3e, 0x62, 0xa4,
  0x33, 0x53, 0x8d, 0x22, 0x3a, 0x63, 0x17, 0x24, 0x41, 0x09, 0x10, 0x27,
  0x05, 0x0d, 0x21, 0x07, 0x0f, 0x23, 0x07, 0x0f, 0x23, 0x03, 0x09, 0x21,
  0x03, 0x05, 0x1e, 0x01, 0x0b, 0x25, 0x20, 0x4e, 0x7e, 0x28, 0x5f, 0x99,
  0x25, 0x5c, 0x95, 0x26, 0x5d, 0x96, 0x24, 0x5d, 0x95, 0x25, 0x5c, 0x95,
  0x26, 0x5c, 0x95, 0x27, 0x5c, 0x95, 0x26, 0x5d, 0x95, 0x2a, 0x5f, 0x97,
  0xbe, 0xcb, 0xde, 0xbe, 0xcc, 0xe0, 0xbd, 0xcb, 0xe0, 0x8b, 0xb2, 0xe2,
  0x24, 0x6f, 0xbe, 0x29, 0x62, 0xa5, 0x30, 0x5e, 0xa0, 0x14, 0x35, 0x5f,
  0x0e, 0x21, 0x36, 0x05, 0x0a, 0x1e, 0x06, 0x0e, 0x25, 0x4a, 0x60, 0x98,
  0x75, 0x84, 0xc7, 0x85, 0x93, 0xce, 0x8b, 0x9c, 0xcd, 0x6d, 0x84, 0xbb,
  0x5a, 0x75, 0xb2, 0x67, 0x7e, 0xb9, 0x6c, 0x81, 0xbb, 0x6d, 0x85, 0xbe,
  0x6c, 0x84, 0xc0, 0x66, 0x80, 0xbf, 0x6a, 0x81, 0xc2, 0x71, 0x83, 0xc5,
  0x75, 0x85, 0xc7, 0x7a, 0x88, 0xca, 0x7c, 0x87, 0xca, 0x7a, 0x82, 0xc8,
  0x73, 0x7e, 0xc9, 0x6c, 0x79, 0xc7, 0x63, 0x73, 0xc2, 0x5c, 0x6e, 0xbe,
  0x6d, 0x7b, 0xc0, 0x77, 0x82, 0xc0, 0x72, 0x7e, 0xbe, 0x73, 0x7f, 0xc0,
  0x73, 0x80, 0xc3, 0x47, 0x63, 0xad, 0x38, 0x64, 0xac, 0x5d, 0x98, 0xcf,
  0x5c, 0x96, 0xce, 0x5a, 0x95, 0xcd, 0x58, 0x95, 0xcc, 0x69, 0x9e, 0xcf,
  0xb0, 0xc2, 0xd9, 0xbc, 0xc9, 0xdc, 0xbe, 0xca, 0xdc, 0xab, 0xbb, 0xd3,
  0x79, 0x9b, 0xc4, 0x76, 0x98, 0xc3, 0x7b, 0x9a, 0xc4, 0x7d, 0x9b, 0xc4,
  0x78, 0x9a, 0xc5, 0x75, 0x97, 0xc3, 0x73, 0x96, 0xc4, 0x71, 0x96, 0xc5,
  0x6e, 0x96, 0xc5, 0x6f, 0x98, 0xc7, 0x72, 0x9c, 0xcb, 0x77, 0xa2, 0xd1,
  0x81, 0xad, 0xd9, 0x67, 0x9d, 0xd1, 0x31, 0x73, 0xa7, 0x22, 0x62, 0x96,
  0x29, 0x65, 0x9a, 0x3b, 0x70, 0xa2, 0x52, 0x7b, 0xaa, 0x58, 0x80, 0xad,
  0x59, 0x81, 0xad, 0x5a, 0x81, 0xad, 0x5a, 0x81, 0xae, 0x59, 0x81, 0xae,
  0x5a, 0x81, 0xad, 0x5a, 0x81, 0xae, 0x5a, 0x82, 0xae, 0x5a, 0x82, 0xae,
  0x5b, 0x82, 0xad, 0x5d, 0x82, 0xaf, 0x5c, 0x82, 0xae, 0x5c, 0x82, 0xae,
  0x5d, 0x83, 0xaf, 0x5d, 0x83, 0xaf, 0x5d, 0x83, 0xaf, 0x5c, 0x82, 0xaf,
  0x60, 0x83, 0xaf, 0x62, 0x83, 0xab, 0x61, 0x80, 0xa9, 0x5e, 0x7f, 0xaa,
  0x62, 0x83, 0xaf, 0x3e, 0x67, 0x8f, 0x03, 0x20, 0x3e, 0x18, 0x2f, 0x51,
  0x18, 0x32, 0x52, 0x0f, 0x25, 0x40, 0x08, 0x1d, 0x36, 0x06, 0x18, 0x2d,
  0x0e, 0x1f, 0x36, 0x1e, 0x32, 0x56, 0x33, 0x4d, 0x7a, 0x45, 0x64, 0x9f,
  0x4c, 0x72, 0xb2, 0x4e, 0x72, 0xb3, 0x51, 0x73, 0xb5, 0x4e, 0x72, 0xb3,
  0x47, 0x6a, 0xad, 0x49, 0x6d, 0xae, 0x4b, 0x6f, 0xaf, 0x45, 0x6a, 0xaf,
  0x41, 0x68, 0xae, 0x3b, 0x62, 0xa5, 0x2f, 0x52, 0x8d, 0x1c, 0x35, 0x60,
  0x09, 0x19, 0x30, 0x02, 0x0d, 0x21, 0x05, 0x0a, 0x21, 0x03, 0x0a, 0x20,
  0x04, 0x0b, 0x22, 0x02, 0x01, 0x17, 0x16, 0x3a, 0x64, 0x28, 0x63, 0x9d,
  0x25, 0x5c, 0x95, 0x25, 0x5d, 0x96, 0x25, 0x5d, 0x96, 0x25, 0x5c, 0x95,
  0x27, 0x5c, 0x95, 0x26, 0x5d, 0x96, 0x26, 0x5d, 0x96, 0x26, 0x5d, 0x95,
  0xbf, 0xcd, 0xe0, 0xbb, 0xcc, 0xe3, 0xb3, 0xc9, 0xe6, 0x67, 0xa6, 0xed,
  0x37, 0x7b, 0xc6, 0x0a, 0x31, 0x5f, 0x0e, 0x2f, 0x5b, 0x12, 0x2d, 0x52,
  0x0d, 0x1c, 0x30, 0x06, 0x0d, 0x21, 0x08, 0x11, 0x2a, 0x31, 0x4a, 0x77,
  0x5a, 0x75, 0xae, 0x6a, 0x7e, 0xb9, 0x58, 0x6f, 0xac, 0x55, 0x6f, 0xab,
  0x5d, 0x79, 0xb4, 0x63, 0x7c, 0xb7, 0x65, 0x7f, 0xbb, 0x67, 0x81, 0xbd,
  0x6c, 0x83, 0xc0, 0x69, 0x81, 0xc1, 0x68, 0x80, 0xc1, 0x6a, 0x7b, 0xc3,
  0x6f, 0x7f, 0xc6, 0x79, 0x85, 0xca, 0x81, 0x8a, 0xcc, 0x7d, 0x85, 0xcc,
  0x72, 0x7d, 0xc9, 0x6e, 0x7d, 0xc8, 0x58, 0x6d, 0xc0, 0x4a, 0x5f, 0xb4,
  0x61, 0x6b, 0xb9, 0x6e, 0x77, 0xc0, 0x6e, 0x78, 0xc1, 0x7e, 0x88, 0xc6,
  0x84, 0x8e, 0xc8, 0x54, 0x6a, 0xb8, 0x3a, 0x69, 0xb3, 0x63, 0x9d, 0xd2,
  0x5d, 0x98, 0xcf, 0x5c, 0x97, 0xcf, 0x57, 0x96, 0xcd, 0x71, 0xa3, 0xd1,
  0xb6, 0xc5, 0xda, 0xbd, 0xca, 0xdc, 0xbe, 0xca, 0xdc, 0xac, 0xbc, 0xd3,
  0x79, 0x9b, 0xc5, 0x76, 0x98, 0xc3, 0x7a, 0x9a, 0xc4, 0x7e, 0x9b, 0xc4,
  0x79, 0x9b, 0xc6, 0x75, 0x97, 0xc4, 0x73, 0x96, 0xc4, 0x71, 0x96, 0xc4,
  0x6f, 0x97, 0xc5, 0x6f, 0x97, 0xc8, 0x73, 0x9d, 0xcc, 0x77, 0xa3, 0xd2,
  0x81, 0xad, 0xd8, 0x6a, 0x9f, 0xd3, 0x36, 0x78, 0xae, 0x28, 0x68, 0x9f,
  0x2c, 0x6b, 0xa1, 0x3d, 0x74, 0xa7, 0x53, 0x7f, 0xae, 0x59, 0x82, 0xaf,
  0x59, 0x83, 0xb0, 0x5a, 0x85, 0xaf, 0x5b, 0x85, 0xb0, 0x5a, 0x83, 0xb0,
  0x5a, 0x83, 0xb0, 0x5a, 0x83, 0xb0, 0x5a, 0x84, 0xb0, 0x5b, 0x85, 0xb0,
  0x5b, 0x85, 0xb0, 0x5c, 0x84, 0xb0, 0x5c, 0x83, 0xaf, 0x5c, 0x84, 0xb0,
  0x5c, 0x84, 0xb0, 0x5d, 0x84, 0xb0, 0x5d, 0x84, 0xb0, 0x5d, 0x84, 0xb1,
  0x61, 0x86, 0xb1, 0x63, 0x85, 0xad, 0x62, 0x81, 0xab, 0x5e, 0x80, 0xab,
  0x60, 0x82, 0xaf, 0x2a, 0x55, 0x85, 0x09, 0x29, 0x4c, 0x22, 0x40, 0x63,
  0x12, 0x2b, 0x49, 0x10, 0x21, 0x3c, 0x09, 0x18, 0x30, 0x06, 0x17, 0x2c,
  0x15, 0x2a, 0x48, 0x2b, 0x48, 0x76, 0x3b, 0x5c, 0x95, 0x48, 0x6b, 0xab,
  0x4e, 0x72, 0xb3, 0x50, 0x75, 0xb6, 0x52, 0x74, 0xb6, 0x53, 0x76, 0xb6,
  0x54, 0x75, 0xb6, 0x54, 0x74, 0xb4, 0x4f, 0x71, 0xb3, 0x4a, 0x6d, 0xb3,
  0x43, 0x6b, 0xb0, 0x3f, 0x69, 0xad, 0x3f, 0x69, 0xaf, 0x35, 0x60, 0xa3,
  0x23, 0x43, 0x75, 0x0c, 0x1f, 0x3b, 0x02, 0x09, 0x21, 0x03, 0x08, 0x21,
  0x06, 0x0c, 0x23, 0x00, 0x01, 0x18, 0x14, 0x3b, 0x66, 0x2b, 0x65, 0x9e,
  0x26, 0x5d, 0x95, 0x25, 0x5f, 0x96, 0x26, 0x5d, 0x95, 0x26, 0x5d, 0x96,
  0x26, 0x5d, 0x96, 0x26, 0x5d, 0x96, 0x26, 0x5d, 0x96, 0x26, 0x5c, 0x96,
  0xbe, 0xcd, 0xe1, 0xb9, 0xcc, 0xe4, 0x98, 0xbb, 0xe4, 0x26, 0x64, 0xa9,
  0x2e, 0x62, 0xa2, 0x00, 0x11, 0x2f, 0x08, 0x1a, 0x35, 0x11, 0x23, 0x3c,
  0x0d, 0x19, 0x2c, 0x05, 0x06, 0x1c, 0x0a, 0x17, 0x30, 0x30, 0x49, 0x7a,
  0x55, 0x71, 0xa8, 0x6a, 0x7f, 0xb5, 0x5b, 0x73, 0xac, 0x56, 0x71, 0xad,
  0x5b, 0x78, 0xb3, 0x5f, 0x7b, 0xb5, 0x60, 0x7c, 0xb9, 0x60, 0x7b, 0xbc,
  0x69, 0x81, 0xbf, 0x6e, 0x82, 0xc2, 0x6a, 0x7e, 0xc2, 0x63, 0x76, 0xc1,
  0x68, 0x7a, 0xc4, 0x70, 0x7e, 0xc6, 0x75, 0x83, 0xc8, 0x73, 0x81, 0xc9,
  0x6e, 0x7e, 0xc7, 0x58, 0x71, 0xbe, 0x4b, 0x67, 0xb6, 0x66, 0x74, 0xb9,
  0x61, 0x6b, 0xb9, 0x70, 0x7b, 0xc0, 0x70, 0x7c, 0xbf, 0x7a, 0x83, 0xc3,
  0x85, 0x8f, 0xca, 0x59, 0x70, 0xbe, 0x52, 0x87, 0xc7, 0x62, 0xa0, 0xd3,
  0x5d, 0x9a, 0xd0, 0x5e, 0x9a, 0xd0, 0x5b, 0x99, 0xcf, 0x88, 0xae, 0xd4,
  0xbd, 0xc8, 0xdd, 0xbd, 0xca, 0xdd, 0xbf, 0xcb, 0xdd, 0xac, 0xbd, 0xd4,
  0x7a, 0x9c, 0xc5, 0x75, 0x97, 0xc2, 0x7b, 0x9a, 0xc4, 0x7e, 0x9b, 0xc4,
  0x7a, 0x9b, 0xc6, 0x76, 0x98, 0xc5, 0x73, 0x97, 0xc4, 0x70, 0x97, 0xc4,
  0x70, 0x97, 0xc5, 0x70, 0x99, 0xc7, 0x73, 0x9d, 0xcc, 0x78, 0xa4, 0xd3,
  0x83, 0xae, 0xd9, 0x6c, 0xa0, 0xd3, 0x38, 0x7a, 0xaf, 0x28, 0x69, 0x9f,
  0x2c, 0x6b, 0xa1, 0x3e, 0x74, 0xa7, 0x53, 0x7f, 0xaf, 0x5a, 0x83, 0xb1,
  0x5b, 0x85, 0xb1, 0x5b, 0x85, 0xb0, 0x5a, 0x84, 0xb0, 0x5b, 0x84, 0xb1,
  0x5b, 0x84, 0xb1, 0x5a, 0x84, 0xb0, 0x5b, 0x84, 0xb0, 0x5b, 0x83, 0xaf,
  0x5c, 0x85, 0xb0, 0x5c, 0x85, 0xb0, 0x5d, 0x84, 0xb0, 0x5e, 0x84, 0xb0,
  0x5d, 0x84, 0xb0, 0x5d, 0x84, 0xb0, 0x5d, 0x84, 0xb0, 0x5e, 0x84, 0xb1,
  0x62, 0x86, 0xb1, 0x64, 0x85, 0xad, 0x62, 0x82, 0xab, 0x5f, 0x80, 0xab,
  0x60, 0x82, 0xad, 0x4b, 0x71, 0xa1, 0x21, 0x48, 0x73, 0x17, 0x37, 0x5b,
  0x11, 0x28, 0x44, 0x08, 0x12, 0x2a, 0x04, 0x0c, 0x23, 0x11, 0x24, 0x3b,
  0x23, 0x3d, 0x65, 0x38, 0x57, 0x90, 0x3f, 0x63, 0xa1, 0x48, 0x6b, 0xad,
  0x4f, 0x72, 0xb4, 0x52, 0x76, 0xb7, 0x57, 0x77, 0xba, 0x5d, 0x7c, 0xbc,
  0x63, 0x7f, 0xbd, 0x63, 0x7f, 0xbc, 0x5e, 0x7d, 0xbb, 0x55, 0x78, 0xbb,
  0x4d, 0x74, 0xb9, 0x46, 0x6f, 0xb3, 0x43, 0x6a, 0xb0, 0x3e, 0x67, 0xad,
  0x32, 0x5d, 0xa0, 0x1f, 0x3b, 0x6c, 0x08, 0x11, 0x2c, 0x02, 0x06, 0x1e,
  0x06, 0x0d, 0x22, 0x04, 0x09, 0x22, 0x21, 0x4e, 0x7d, 0x27, 0x61, 0x9a,
  0x25, 0x5d, 0x95, 0x26, 0x5f, 0x97, 0x25, 0x5d, 0x97, 0x27, 0x5e, 0x97,
  0x27, 0x5e, 0x97, 0x28, 0x5f, 0x98, 0x26, 0x5d, 0x96, 0x27, 0x5e, 0x97,
  0xbb, 0xcb, 0xde, 0xa3, 0xc0, 0xe6, 0x4b, 0x85, 0xc7, 0x07, 0x2e, 0x5e,
  0x1b, 0x37, 0x61, 0x0b, 0x14, 0x2e, 0x01, 0x04, 0x1b, 0x10, 0x19, 0x2c,
  0x0a, 0x13, 0x24, 0x02, 0x01, 0x14, 0x08, 0x17, 0x2e, 0x33, 0x4f, 0x83,
  0x53, 0x70, 0xa8, 0x63, 0x7c, 0xb4, 0x5e, 0x79, 0xb3, 0x57, 0x73, 0xb0,
  0x58, 0x74, 0xb1, 0x5d, 0x7b, 0xb3, 0x61, 0x7c, 0xb7, 0x60, 0x79, 0xbb,
  0x64, 0x7c, 0xbe, 0x68, 0x7b, 0xc0, 0x68, 0x7a, 0xc3, 0x61, 0x75, 0xc1,
  0x5c, 0x73, 0xbf, 0x5a, 0x71, 0xbd, 0x5d, 0x76, 0xc0, 0x68, 0x7e, 0xc4,
  0x53, 0x6e, 0xbb, 0x4b, 0x67, 0xb3, 0x67, 0x7a, 0xbb, 0x74, 0x80, 0xbe,
  0x6b, 0x77, 0xba, 0x5c, 0x6d, 0xb6, 0x51, 0x63, 0xb0, 0x50, 0x62, 0xad,
  0x52, 0x6a, 0xb7, 0x4d, 0x7b, 0xc4, 0x64, 0xa1, 0xd6, 0x61, 0x9d, 0xd3,
  0x61, 0x9c, 0xd3, 0x5e, 0x9b, 0xd2, 0x7a, 0xa8, 0xd3, 0xaf, 0xc2, 0xdb,
  0xbe, 0xcb, 0xdd, 0xbd, 0xca, 0xdc, 0xc0, 0xcb, 0xde, 0xac, 0xbe, 0xd4,
  0x7b, 0x9c, 0xc5, 0x75, 0x97, 0xc3, 0x7b, 0x9a, 0xc4, 0x7f, 0x9b, 0xc4,
  0x7b, 0x9b, 0xc6, 0x76, 0x99, 0xc5, 0x74, 0x98, 0xc5, 0x72, 0x98, 0xc5,
  0x70, 0x98, 0xc5, 0x71, 0x9a, 0xc7, 0x75, 0x9e, 0xcc, 0x79, 0xa5, 0xd4,
  0x85, 0xb0, 0xdb, 0x6d, 0xa1, 0xd4, 0x36, 0x77, 0xac, 0x26, 0x66, 0x9c,
  0x2a, 0x69, 0x9e, 0x3c, 0x71, 0xa4, 0x52, 0x7c, 0xab, 0x59, 0x81, 0xae,
  0x59, 0x82, 0xae, 0x59, 0x81, 0xae, 0x59, 0x81, 0xae, 0x5a, 0x81, 0xae,
  0x59, 0x81, 0xae, 0x59, 0x80, 0xad, 0x59, 0x80, 0xad, 0x59, 0x80, 0xac,
  0x59, 0x81, 0xad, 0x5b, 0x81, 0xad, 0x5c, 0x81, 0xad, 0x5b, 0x80, 0xac,
  0x58, 0x7e, 0xaa, 0x59, 0x80, 0xac, 0x5d, 0x83, 0xb0, 0x5d, 0x84, 0xb1,
  0x61, 0x87, 0xb2, 0x63, 0x86, 0xae, 0x62, 0x82, 0xab, 0x5f, 0x80, 0xab,
  0x5c, 0x7e, 0xa9, 0x56, 0x7a, 0xa7, 0x28, 0x4e, 0x7a, 0x0f, 0x2f, 0x50,
  0x0d, 0x23, 0x3c, 0x08, 0x16, 0x2a, 0x09, 0x1d, 0x33, 0x17, 0x2e, 0x4d,
  0x2d, 0x49, 0x7c, 0x3d, 0x60, 0xa0, 0x46, 0x6a, 0xa9, 0x4b, 0x6e, 0xb0,
  0x53, 0x74, 0xb6, 0x57, 0x79, 0xba, 0x5e, 0x7c, 0xbd, 0x67, 0x82, 0xc1,
  0x69, 0x84, 0xc0, 0x65, 0x81, 0xbf, 0x67, 0x83, 0xc0, 0x60, 0x81, 0xc0,
  0x55, 0x79, 0xbb, 0x4c, 0x74, 0xb8, 0x47, 0x70, 0xb5, 0x42, 0x6a, 0xb1,
  0x37, 0x5f, 0xa5, 0x2a, 0x4d, 0x87, 0x0e, 0x23, 0x47, 0x01, 0x06, 0x1f,
  0x04, 0x0a, 0x21, 0x04, 0x0d, 0x24, 0x20, 0x4d, 0x7c, 0x28, 0x63, 0x9b,
  0x27, 0x5f, 0x96, 0x26, 0x5f, 0x98, 0x25, 0x5e, 0x99, 0x27, 0x5f, 0x98,
  0x27, 0x5e, 0x97, 0x28, 0x5f, 0x98, 0x27, 0x5e, 0x97, 0x28, 0x5f, 0x98,
  0x9c, 0xbb, 0xe2, 0x42, 0x85, 0xd2, 0x21, 0x52, 0x91, 0x21, 0x38, 0x5c,
  0x25, 0x3c, 0x5e, 0x0a, 0x18, 0x2a, 0x05, 0x09, 0x19, 0x09, 0x10, 0x1f,
  0x05, 0x09, 0x18, 0x04, 0x03, 0x10, 0x0f, 0x21, 0x39, 0x37, 0x57, 0x8d,
  0x51, 0x6f, 0xa7, 0x62, 0x7d, 0xb5, 0x61, 0x7b, 0xb5, 0x55, 0x71, 0xb0,
  0x55, 0x72, 0xae, 0x57, 0x74, 0xaf, 0x5d, 0x79, 0xb5, 0x5c, 0x76, 0xb8,
  0x5d, 0x73, 0xba, 0x5e, 0x72, 0xbe, 0x62, 0x76, 0xc3, 0x64, 0x79, 0xc5,
  0x5b, 0x74, 0xc0, 0x5d, 0x78, 0xbe, 0x6e, 0x85, 0xc4, 0x4a, 0x66, 0xac,
  0x4c, 0x64, 0xa6, 0x73, 0x83, 0xbe, 0x7b, 0x87, 0xc2, 0x74, 0x80, 0xbe,
  0x64, 0x72, 0xb7, 0x57, 0x68, 0xb2, 0x54, 0x68, 0xb3, 0x3d, 0x58, 0xa5,
  0x36, 0x5e, 0xab, 0x5e, 0x99, 0xd1, 0x66, 0xa0, 0xd6, 0x63, 0x9d, 0xd4,
  0x60, 0x9d, 0xd4, 0x6c, 0xa2, 0xd4, 0xa9, 0xbf, 0xdc, 0xbe, 0xcc, 0xdd,
  0xbc, 0xcb, 0xdd, 0xbd, 0xcb, 0xdd, 0xc0, 0xcc, 0xde, 0xae, 0xbf, 0xd5,
  0x7a, 0x9c, 0xc5, 0x75, 0x97, 0xc3, 0x7b, 0x9b, 0xc5, 0x7e, 0x9c, 0xc4,
  0x7a, 0x9b, 0xc5, 0x77, 0x99, 0xc5, 0x75, 0x98, 0xc5, 0x73, 0x97, 0xc5,
  0x70, 0x99, 0xc7, 0x70, 0x9a, 0xc8, 0x75, 0x9f, 0xcd, 0x79, 0xa6, 0xd4,
  0x86, 0xb0, 0xdb, 0x6e, 0xa0, 0xd3, 0x30, 0x71, 0xa5, 0x1f, 0x5c, 0x8f,
  0x23, 0x5e, 0x90, 0x35, 0x67, 0x98, 0x4b, 0x73, 0xa1, 0x52, 0x78, 0xa5,
  0x53, 0x79, 0xa5, 0x53, 0x79, 0xa5, 0x53, 0x79, 0xa4, 0x54, 0x7a, 0xa5,
  0x53, 0x7a, 0xa5, 0x52, 0x79, 0xa3, 0x53, 0x7a, 0xa5, 0x52, 0x79, 0xa5,
  0x53, 0x78, 0xa4, 0x54, 0x78, 0xa3, 0x53, 0x77, 0xa3, 0x50, 0x76, 0xa0,
  0x4c, 0x73, 0x9d, 0x51, 0x78, 0xa3, 0x58, 0x80, 0xac, 0x5e, 0x85, 0xb1,
  0x61, 0x87, 0xb2, 0x63, 0x87, 0xaf, 0x63, 0x83, 0xac, 0x61, 0x82, 0xad,
  0x61, 0x81, 0xac, 0x4a, 0x70, 0xa0, 0x1c, 0x40, 0x6b, 0x10, 0x2a, 0x47,
  0x09, 0x1e, 0x35, 0x08, 0x19, 0x2f, 0x15, 0x28, 0x46, 0x24, 0x3c, 0x66,
  0x34, 0x53, 0x8e, 0x3f, 0x64, 0xa4, 0x48, 0x6c, 0xac, 0x52, 0x74, 0xb5,
  0x56, 0x78, 0xba, 0x5c, 0x7b, 0xbd, 0x63, 0x7f, 0xbf, 0x6b, 0x86, 0xc3,
  0x70, 0x89, 0xc3, 0x6b, 0x86, 0xc1, 0x66, 0x82, 0xc1, 0x62, 0x81, 0xc2,
  0x58, 0x7b, 0xbd, 0x52, 0x78, 0xbb, 0x4c, 0x73, 0xba, 0x46, 0x6c, 0xb5,
  0x39, 0x61, 0xa7, 0x30, 0x55, 0x96, 0x18, 0x3a, 0x6b, 0x04, 0x12, 0x2c,
  0x07, 0x0b, 0x24, 0x03, 0x07, 0x20, 0x16, 0x3c, 0x67, 0x29, 0x65, 0x9d,
  0x26, 0x5f, 0x96, 0x27, 0x60, 0x98, 0x27, 0x5f, 0x99, 0x26, 0x5e, 0x99,
  0x27, 0x5e, 0x98, 0x28, 0x5f, 0x99, 0x28, 0x5f, 0x98, 0x28, 0x5f, 0x98,
  0x69, 0x9e, 0xdb, 0x1c, 0x5d, 0xa8, 0x14, 0x30, 0x58, 0x22, 0x32, 0x53,
  0x1d, 0x31, 0x4e, 0x03, 0x0c, 0x20, 0x17, 0x1b, 0x27, 0x15, 0x1b, 0x28,
  0x04, 0x05, 0x16, 0x10, 0x0f, 0x18, 0x21, 0x34, 0x52, 0x41, 0x62, 0x9a,
  0x58, 0x74, 0xab, 0x66, 0x80, 0xb8, 0x67, 0x81, 0xb8, 0x59, 0x77, 0xb2,
  0x55, 0x73, 0xaf, 0x55, 0x72, 0xaf, 0x58, 0x75, 0xb1, 0x5a, 0x76, 0xb6,
  0x5a, 0x72, 0xb8, 0x58, 0x6e, 0xba, 0x5a, 0x6f, 0xbd, 0x61, 0x77, 0xc3,
  0x63, 0x7d, 0xc3, 0x6b, 0x83, 0xc5, 0x5c, 0x79, 0xc0, 0x45, 0x62, 0xa4,
  0x50, 0x5f, 0x92, 0x5d, 0x6e, 0xa3, 0x68, 0x7c, 0xb1, 0x6e, 0x7e, 0xb6,
  0x70, 0x81, 0xba, 0x5b, 0x71, 0xb3, 0x3b, 0x55, 0xa1, 0x38, 0x57, 0xa3,
  0x56, 0x85, 0xc5, 0x6a, 0xa5, 0xd8, 0x65, 0x9f, 0xd3, 0x64, 0x9f, 0xd3,
  0x60, 0x9f, 0xd3, 0x8d, 0xb3, 0xd9, 0xbe, 0xcb, 0xdf, 0xbf, 0xcd, 0xde,
  0xbe, 0xcc, 0xde, 0xbd, 0xcc, 0xde, 0xc0, 0xcc, 0xde, 0xae, 0xbf, 0xd6,
  0x7b, 0x9d, 0xc6, 0x77, 0x98, 0xc4, 0x7c, 0x9b, 0xc5, 0x7d, 0x9b, 0xc4,
  0x7b, 0x9b, 0xc5, 0x77, 0x9a, 0xc6, 0x74, 0x98, 0xc5, 0x74, 0x98, 0xc6,
  0x71, 0x99, 0xc7, 0x70, 0x9a, 0xc8, 0x76, 0x9f, 0xcd, 0x79, 0xa7, 0xd4,
  0x85, 0xb1, 0xdc, 0x6d, 0xa0, 0xd4, 0x29, 0x6a, 0x9d, 0x13, 0x50, 0x82,
  0x19, 0x54, 0x85, 0x2e, 0x5d, 0x8c, 0x44, 0x6a, 0x97, 0x4d, 0x70, 0x9c,
  0x4f, 0x72, 0x9c, 0x4e, 0x71, 0x9c, 0x4f, 0x73, 0x9b, 0x4e, 0x73, 0x9c,
  0x4f, 0x73, 0x9c, 0x50, 0x73, 0x9c, 0x4f, 0x72, 0x9c, 0x4f, 0x72, 0x9c,
  0x4f, 0x71, 0x9c, 0x50, 0x72, 0x9c, 0x4f, 0x70, 0x9b, 0x4c, 0x70, 0x97,
  0x48, 0x6c, 0x95, 0x4e, 0x73, 0x9d, 0x58, 0x7f, 0xab, 0x5c, 0x84, 0xb1,
  0x61, 0x86, 0xb2, 0x64, 0x86, 0xaf, 0x63, 0x83, 0xac, 0x62, 0x82, 0xad,
  0x65, 0x84, 0xb0, 0x4a, 0x71, 0xa2, 0x13, 0x39, 0x60, 0x08, 0x22, 0x3b,
  0x08, 0x1c, 0x33, 0x0e, 0x22, 0x3e, 0x20, 0x34, 0x5a, 0x30, 0x4f, 0x86,
  0x3d, 0x62, 0xa1, 0x47, 0x6c, 0xac, 0x55, 0x78, 0xb8, 0x61, 0x80, 0xbf,
  0x63, 0x81, 0xc0, 0x64, 0x81, 0xc0, 0x66, 0x82, 0xc0, 0x6c, 0x86, 0xc2,
  0x74, 0x8d, 0xc4, 0x76, 0x8f, 0xc5, 0x6c, 0x88, 0xc4, 0x67, 0x83, 0xc3,
  0x61, 0x80, 0xc1, 0x5c, 0x7d, 0xc0, 0x54, 0x78, 0xbe, 0x48, 0x6f, 0xb8,
  0x3c, 0x64, 0xab, 0x33, 0x58, 0x9a, 0x27, 0x49, 0x85, 0x0b, 0x1c, 0x3e,
  0x05, 0x09, 0x23, 0x03, 0x0b, 0x20, 0x13, 0x35, 0x5c, 0x2b, 0x65, 0x9f,
  0x27, 0x5f, 0x98, 0x28, 0x61, 0x99, 0x28, 0x60, 0x9a, 0x27, 0x5e, 0x9a,
  0x27, 0x5f, 0x98, 0x28, 0x60, 0x98, 0x29, 0x5f, 0x9a, 0x29, 0x60, 0x9b,
  0x41, 0x7b, 0xb9, 0x0c, 0x43, 0x7f, 0x11, 0x29, 0x47, 0x08, 0x1e, 0x3a,
  0x07, 0x1a, 0x31, 0x02, 0x04, 0x16, 0x11, 0x12, 0x1f, 0x17, 0x1a, 0x26,
  0x09, 0x0b, 0x1c, 0x01, 0x01, 0x0f, 0x27, 0x3a, 0x5e, 0x4b, 0x6e, 0xa7,
  0x58, 0x76, 0xae, 0x63, 0x7f, 0xb8, 0x67, 0x81, 0xba, 0x63, 0x7f, 0xb7,
  0x59, 0x76, 0xb1, 0x55, 0x72, 0xaf, 0x56, 0x73, 0xb0, 0x58, 0x75, 0xb1,
  0x59, 0x75, 0xb6, 0x5a, 0x74, 0xb8, 0x58, 0x6e, 0xba, 0x5d, 0x73, 0xbf,
  0x65, 0x7e, 0xc4, 0x68, 0x82, 0xc5, 0x5a, 0x78, 0xbf, 0x5a, 0x78, 0xbe,
  0x6d, 0x7e, 0xc0, 0x5f, 0x67, 0xae, 0x52, 0x5a, 0xa6, 0x54, 0x5d, 0xa1,
  0x6d, 0x79, 0xb0, 0x65, 0x73, 0xb1, 0x24, 0x3e, 0x8e, 0x3f, 0x67, 0xae,
  0x66, 0xa1, 0xd5, 0x68, 0xa3, 0xd6, 0x67, 0xa1, 0xd5, 0x62, 0xa0, 0xd4,
  0x70, 0xa6, 0xd6, 0xaf, 0xc3, 0xdd, 0xc0, 0xce, 0xde, 0xbf, 0xcd, 0xdf,
  0xbf, 0xcd, 0xdf, 0xbd, 0xcc, 0xde, 0xc1, 0xcd, 0xdf, 0xaf, 0xc0, 0xd7,
  0x7c, 0x9e, 0xc7, 0x77, 0x99, 0xc4, 0x7b, 0x9b, 0xc4, 0x7e, 0x9c, 0xc5,
  0x7b, 0x9c, 0xc6, 0x78, 0x9a, 0xc6, 0x75, 0x99, 0xc5, 0x74, 0x99, 0xc7,
  0x71, 0x99, 0xc7, 0x71, 0x9b, 0xc8, 0x76, 0xa1, 0xce, 0x7a, 0xa8, 0xd5,
  0x86, 0xb1, 0xdc, 0x6c, 0xa1, 0xd5, 0x2b, 0x6a, 0x9c, 0x17, 0x4c, 0x7d,
  0x1a, 0x50, 0x7f, 0x2b, 0x59, 0x87, 0x42, 0x65, 0x92, 0x4c, 0x6c, 0x96,
  0x4d, 0x6d, 0x96, 0x4d, 0x6d, 0x98, 0x4f, 0x6d, 0x97, 0x4e, 0x6d, 0x96,
  0x4c, 0x6d, 0x95, 0x4c, 0x6c, 0x95, 0x4d, 0x6b, 0x95, 0x4d, 0x6b, 0x94,
  0x4d, 0x69, 0x93, 0x4d, 0x69, 0x93, 0x4c, 0x66, 0x91, 0x49, 0x66, 0x8f,
  0x42, 0x64, 0x8e, 0x4a, 0x6e, 0x98, 0x59, 0x7e, 0xab, 0x5d, 0x84, 0xb1,
  0x61, 0x87, 0xb2, 0x64, 0x86, 0xaf, 0x62, 0x82, 0xab, 0x5f, 0x80, 0xac,
  0x64, 0x85, 0xb0, 0x43, 0x6a, 0x9a, 0x0e, 0x30, 0x55, 0x06, 0x20, 0x36,
  0x06, 0x19, 0x2f, 0x1a, 0x32, 0x55, 0x35, 0x55, 0x8d, 0x44, 0x69, 0xaa,
  0x4a, 0x6e, 0xaf, 0x59, 0x79, 0xb8, 0x57, 0x71, 0xab, 0x55, 0x6e, 0xa6,
  0x5d, 0x75, 0xab, 0x6c, 0x83, 0xb8, 0x7c, 0x92, 0xc7, 0x80, 0x95, 0xc9,
  0x7d, 0x94, 0xc8, 0x77, 0x90, 0xc7, 0x6d, 0x88, 0xc5, 0x68, 0x83, 0xc2,
  0x66, 0x82, 0xc3, 0x65, 0x83, 0xc3, 0x5b, 0x7d, 0xbf, 0x51, 0x78, 0xbb,
  0x41, 0x6a, 0xb0, 0x34, 0x5a, 0x9d, 0x2a, 0x4a, 0x8a, 0x0f, 0x24, 0x48,
  0x02, 0x07, 0x1f, 0x02, 0x05, 0x1c, 0x14, 0x35, 0x5c, 0x2b, 0x65, 0xa0,
  0x27, 0x5e, 0x99, 0x28, 0x61, 0x9b, 0x28, 0x60, 0x9b, 0x28, 0x60, 0x9b,
  0x28, 0x5f, 0x99, 0x29, 0x60, 0x9a, 0x2a, 0x60, 0x9b, 0x2a, 0x60, 0x9c,
  0x6d, 0x98, 0xca, 0x32, 0x5f, 0x9a, 0x0b, 0x20, 0x3b, 0x09, 0x1d, 0x37,
  0x06, 0x12, 0x28, 0x04, 0x09, 0x18, 0x15, 0x17, 0x22, 0x0a, 0x0e, 0x1f,
  0x0e, 0x13, 0x23, 0x00, 0x00, 0x09, 0x31, 0x43, 0x67, 0x51, 0x73, 0xad,
  0x58, 0x76, 0xae, 0x5f, 0x7d, 0xb6, 0x62, 0x7e, 0xb9, 0x67, 0x82, 0xba,
  0x5c, 0x77, 0xb4, 0x55, 0x71, 0xaf, 0x56, 0x73, 0xb0, 0x57, 0x75, 0xb1,
  0x58, 0x74, 0xb4, 0x59, 0x73, 0xb6, 0x58, 0x70, 0xb9, 0x5d, 0x76, 0xbe,
  0x63, 0x7e, 0xc2, 0x65, 0x81, 0xc3, 0x61, 0x81, 0xc2, 0x61, 0x80, 0xc2,
  0x6b, 0x85, 0xc5, 0x78, 0x8b, 0xc9, 0x6c, 0x77, 0xc2, 0x56, 0x5e, 0xb7,
  0x47, 0x51, 0xb0, 0x46, 0x52, 0xad, 0x3a, 0x52, 0xa8, 0x4c, 0x82, 0xc2,
  0x6e, 0xa8, 0xdb, 0x68, 0xa2, 0xd6, 0x68, 0xa2, 0xd6, 0x65, 0xa0, 0xd6,
  0x8f, 0xb5, 0xdb, 0xbf, 0xcc, 0xdf, 0xbf, 0xcd, 0xdf, 0xbf, 0xcd, 0xdf,
  0xc0, 0xce, 0xe0, 0xbe, 0xcd, 0xdf, 0xc2, 0xce, 0xdf, 0xaf, 0xc1, 0xd8,
  0x7d, 0x9e, 0xc8, 0x77, 0x99, 0xc4, 0x7b, 0x9b, 0xc4, 0x7f, 0x9c, 0xc5,
  0x7c, 0x9c, 0xc6, 0x79, 0x9b, 0xc7, 0x76, 0x99, 0xc6, 0x74, 0x99, 0xc7,
  0x71, 0x9a, 0xc7, 0x72, 0x9c, 0xc9, 0x76, 0xa2, 0xce, 0x7b, 0xa9, 0xd5,
  0x87, 0xb3, 0xdd, 0x6d, 0xa1, 0xd5, 0x27, 0x60, 0x8f, 0x0e, 0x3f, 0x69,
  0x13, 0x44, 0x6c, 0x20, 0x48, 0x72, 0x30, 0x50, 0x79, 0x37, 0x54, 0x7b,
  0x3a, 0x56, 0x7b, 0x3a, 0x56, 0x7a, 0x3a, 0x55, 0x79, 0x38, 0x53, 0x75,
  0x36, 0x52, 0x72, 0x34, 0x50, 0x71, 0x34, 0x50, 0x71, 0x34, 0x4e, 0x6f,
  0x32, 0x4c, 0x6c, 0x30, 0x4b, 0x6a, 0x2e, 0x4a, 0x68, 0x2c, 0x48, 0x66,
  0x28, 0x46, 0x62, 0x3a, 0x5d, 0x80, 0x56, 0x7a, 0xa8, 0x5e, 0x85, 0xb2,
  0x62, 0x86, 0xb2, 0x65, 0x86, 0xaf, 0x64, 0x84, 0xad, 0x60, 0x82, 0xad,
  0x61, 0x83, 0xae, 0x45, 0x6b, 0x9c, 0x11, 0x33, 0x5b, 0x06, 0x1b, 0x30,
  0x06, 0x1c, 0x32, 0x2b, 0x4b, 0x7c, 0x49, 0x70, 0xb3, 0x4c, 0x72, 0xb4,
  0x4d, 0x6f, 0xaf, 0x32, 0x4f, 0x89, 0x2f, 0x43, 0x75, 0x3a, 0x48, 0x78,
  0x34, 0x41, 0x6c, 0x37, 0x3f, 0x68, 0x53, 0x5f, 0x8c, 0x78, 0x88, 0xb7,
  0x89, 0x98, 0xc7, 0x87, 0x98, 0xc8, 0x78, 0x8d, 0xc5, 0x75, 0x8c, 0xc4,
  0x73, 0x8b, 0xc5, 0x71, 0x8c, 0xc7, 0x64, 0x81, 0xc0, 0x55, 0x76, 0xb2,
  0x4a, 0x6d, 0xab, 0x3f, 0x62, 0xa2, 0x2c, 0x50, 0x91, 0x11, 0x2d, 0x55,
  0x03, 0x0a, 0x22, 0x02, 0x02, 0x1c, 0x15, 0x37, 0x60, 0x2b, 0x65, 0xa0,
  0x28, 0x5f, 0x9b, 0x28, 0x60, 0x9c, 0x28, 0x61, 0x9a, 0x29, 0x61, 0x9b,
  0x29, 0x60, 0x9b, 0x28, 0x5e, 0x99, 0x29, 0x60, 0x9b, 0x29, 0x5f, 0x9b,
  0x9b, 0xb8, 0xe0, 0x30, 0x58, 0x8d, 0x09, 0x20, 0x40, 0x0d, 0x21, 0x39,
  0x09, 0x13, 0x26, 0x0c, 0x10, 0x1e, 0x12, 0x14, 0x1f, 0x15, 0x19, 0x26,
  0x12, 0x15, 0x23, 0x00, 0x00, 0x09, 0x27, 0x36, 0x51, 0x55, 0x77, 0xaf,
  0x55, 0x75, 0xad, 0x61, 0x7d, 0xb5, 0x61, 0x7f, 0xb8, 0x63, 0x80, 0xb9,
  0x61, 0x7d, 0xb9, 0x58, 0x75, 0xb1, 0x53, 0x6f, 0xad, 0x55, 0x72, 0xaf,
  0x57, 0x74, 0xb3, 0x57, 0x72, 0xb5, 0x56, 0x70, 0xb6, 0x5c, 0x78, 0xbb,
  0x61, 0x7f, 0xc0, 0x64, 0x82, 0xc3, 0x65, 0x86, 0xc5, 0x6a, 0x88, 0xc7,
  0x68, 0x85, 0xc4, 0x6c, 0x85, 0xc4, 0x6f, 0x83, 0xc4, 0x5f, 0x72, 0xbd,
  0x52, 0x67, 0xb7, 0x4d, 0x66, 0xb4, 0x38, 0x60, 0xad, 0x61, 0x9b, 0xd3,
  0x6e, 0xa7, 0xda, 0x69, 0xa3, 0xd8, 0x68, 0xa3, 0xd7, 0x6c, 0xa6, 0xd7,
  0xaa, 0xc3, 0xde, 0xc2, 0xce, 0xe0, 0xbf, 0xcd, 0xe0, 0xc0, 0xcd, 0xdf,
  0xc0, 0xce, 0xe0, 0xbf, 0xcd, 0xdf, 0xc2, 0xce, 0xe0, 0xb1, 0xc2, 0xd8,
  0x7d, 0x9f, 0xc8, 0x77, 0x99, 0xc4, 0x7c, 0x9b, 0xc6, 0x7d, 0x9c, 0xc6,
  0x7c, 0x9d, 0xc6, 0x79, 0x9b, 0xc6, 0x77, 0x9a, 0xc6, 0x74, 0x9a, 0xc7,
  0x72, 0x9a, 0xc7, 0x73, 0x9d, 0xca, 0x77, 0xa2, 0xd0, 0x7b, 0xa9, 0xd5,
  0x88, 0xb3, 0xde, 0x6b, 0x9f, 0xd3, 0x1d, 0x53, 0x75, 0x02, 0x28, 0x3d,
  0x08, 0x2c, 0x43, 0x0d, 0x2d, 0x44, 0x13, 0x31, 0x49, 0x12, 0x31, 0x48,
  0x13, 0x31, 0x46, 0x13, 0x2f, 0x44, 0x12, 0x2c, 0x40, 0x11, 0x26, 0x39,
  0x0f, 0x23, 0x31, 0x0e, 0x22, 0x2d, 0x0e, 0x20, 0x2c, 0x0d, 0x1f, 0x2a,
  0x0c, 0x1d, 0x28, 0x0a, 0x1b, 0x25, 0x0a, 0x1a, 0x26, 0x09, 0x18, 0x24,
  0x06, 0x18, 0x22, 0x28, 0x47, 0x5d, 0x50, 0x75, 0xa2, 0x5d, 0x85, 0xb2,
  0x61, 0x88, 0xb2, 0x66, 0x87, 0xaf, 0x64, 0x84, 0xad, 0x61, 0x83, 0xae,
  0x5e, 0x80, 0xab, 0x51, 0x79, 0xa8, 0x18, 0x3d, 0x68, 0x02, 0x16, 0x2e,
  0x10, 0x23, 0x3f, 0x37, 0x5d, 0x97, 0x51, 0x77, 0xbb, 0x4c, 0x6f, 0xb4,
  0x34, 0x57, 0x99, 0x41, 0x5c, 0x99, 0x63, 0x7a, 0xb9, 0x7b, 0x8d, 0xc5,
  0x77, 0x8d, 0xc2, 0x57, 0x6e, 0xa7, 0x41, 0x56, 0x90, 0x4e, 0x67, 0xa2,
  0x62, 0x78, 0xb8, 0x74, 0x88, 0xc3, 0x7a, 0x8d, 0xc5, 0x72, 0x87, 0xc1,
  0x78, 0x8e, 0xc3, 0x56, 0x6f, 0xa6, 0x31, 0x43, 0x74, 0x1d, 0x30, 0x5b,
  0x12, 0x28, 0x52, 0x1e, 0x39, 0x67, 0x36, 0x56, 0x94, 0x1a, 0x39, 0x6b,
  0x04, 0x0c, 0x26, 0x00, 0x00, 0x1b, 0x17, 0x3e, 0x67, 0x2b, 0x66, 0xa2,
  0x28, 0x60, 0x9b, 0x28, 0x61, 0x9c, 0x28, 0x61, 0x9a, 0x28, 0x61, 0x99,
  0x28, 0x61, 0x99, 0x28, 0x60, 0x99, 0x2a, 0x60, 0x9c, 0x29, 0x60, 0x9b,
  0x6c, 0x96, 0xca, 0x11, 0x3d, 0x6d, 0x1c, 0x30, 0x50, 0x0f, 0x21, 0x37,
  0x1a, 0x22, 0x33, 0x05, 0x09, 0x16, 0x04, 0x04, 0x15, 0x06, 0x07, 0x16,
  0x04, 0x05, 0x12, 0x06, 0x07, 0x11, 0x0a, 0x0c, 0x17, 0x37, 0x4c, 0x6c,
  0x56, 0x78, 0xb2, 0x5d, 0x7a, 0xb4, 0x5f, 0x7c, 0xb4, 0x62, 0x7f, 0xb8,
  0x65, 0x81, 0xbc, 0x60, 0x7d, 0xba, 0x51, 0x71, 0xb1, 0x4d, 0x6b, 0xab,
  0x51, 0x6e, 0xad, 0x55, 0x71, 0xb1, 0x56, 0x70, 0xb4, 0x56, 0x73, 0xb6,
  0x5a, 0x79, 0xba, 0x63, 0x81, 0xc1, 0x68, 0x87, 0xc6, 0x6e, 0x8b, 0xc7,
  0x6c, 0x88, 0xc6, 0x62, 0x7d, 0xc1, 0x5f, 0x76, 0xbf, 0x50, 0x6b, 0xb6,
  0x49, 0x68, 0xb1, 0x42, 0x62, 0xac, 0x3f, 0x6d, 0xb1, 0x6d, 0xa7, 0xda,
  0x6c, 0xa5, 0xd9, 0x6d, 0xa6, 0xd9, 0x69, 0xa4, 0xd8, 0x76, 0xab, 0xd9,
  0xb5, 0xc9, 0xe0, 0xc2, 0xcf, 0xe1, 0xc1, 0xcf, 0xe1, 0xc0, 0xce, 0xe0,
  0xc0, 0xce, 0xe0, 0xbf, 0xce, 0xe0, 0xc3, 0xcf, 0xe0, 0xb1, 0xc3, 0xd9,
  0x7e, 0x9f, 0xc9, 0x78, 0x9a, 0xc6, 0x7d, 0x9c, 0xc7, 0x7d, 0x9d, 0xc9,
  0x7d, 0x9d, 0xc8, 0x79, 0x9c, 0xc7, 0x77, 0x9a, 0xc6, 0x76, 0x9a, 0xc7,
  0x75, 0x9b, 0xc8, 0x75, 0x9e, 0xcb, 0x78, 0xa3, 0xd1, 0x7c, 0xaa, 0xd6,
  0x8a, 0xb4, 0xdf, 0x6b, 0xa0, 0xd4, 0x18, 0x4a, 0x68, 0x00, 0x15, 0x23,
  0x03, 0x1b, 0x2d, 0x02, 0x1c, 0x2d, 0x03, 0x1f, 0x30, 0x01, 0x1c, 0x2e,
  0x01, 0x1b, 0x2b, 0x01, 0x1a, 0x2a, 0x02, 0x14, 0x24, 0x01, 0x0b, 0x1a,
  0x00, 0x05, 0x11, 0x00, 0x03, 0x0e, 0x01, 0x01, 0x0e, 0x00, 0x01, 0x0e,
  0x01, 0x02, 0x0f, 0x01, 0x02, 0x10, 0x01, 0x01, 0x0f, 0x01, 0x00, 0x0f,
  0x00, 0x02, 0x0e, 0x21, 0x3d, 0x52, 0x50, 0x72, 0xa0, 0x5e, 0x84, 0xb1,
  0x61, 0x87, 0xb2, 0x66, 0x87, 0xaf, 0x64, 0x84, 0xae, 0x61, 0x83, 0xae,
  0x5f, 0x80, 0xab, 0x5f, 0x84, 0xb7, 0x2b, 0x53, 0x8c, 0x00, 0x17, 0x33,
  0x0a, 0x23, 0x40, 0x36, 0x5e, 0x9d, 0x4f, 0x76, 0xbc, 0x4d, 0x70, 0xb4,
  0x51, 0x70, 0xb3, 0x63, 0x7d, 0xc2, 0x5c, 0x78, 0xbf, 0x56, 0x6d, 0xb0,
  0x53, 0x6c, 0xa9, 0x60, 0x7b, 0xbd, 0x62, 0x80, 0xc3, 0x59, 0x77, 0xb7,
  0x60, 0x7b, 0xbb, 0x69, 0x81, 0xc0, 0x68, 0x81, 0xc1, 0x5d, 0x79, 0xbb,
  0x58, 0x74, 0xb4, 0x3d, 0x5c, 0x9a, 0x44, 0x5d, 0x97, 0x50, 0x68, 0xa3,
  0x49, 0x63, 0x9d, 0x26, 0x3e, 0x73, 0x1e, 0x3c, 0x71, 0x2b, 0x4a, 0x82,
  0x06, 0x13, 0x31, 0x03, 0x06, 0x20, 0x1f, 0x50, 0x81, 0x2a, 0x64, 0xa1,
  0x27, 0x61, 0x9b, 0x29, 0x61, 0x9c, 0x28, 0x61, 0x9c, 0x29, 0x61, 0x9c,
  0x27, 0x61, 0x9c, 0x28, 0x61, 0x9c, 0x29, 0x61, 0x9c, 0x29, 0x62, 0x9d,
  0x49, 0x81, 0xbb, 0x33, 0x60, 0x92, 0x0a, 0x22, 0x43, 0x0b, 0x10, 0x21,
  0x17, 0x1e, 0x2c, 0x0d, 0x0f, 0x1e, 0x0b, 0x0d, 0x1b, 0x00, 0x00, 0x0a,
  0x05, 0x06, 0x10, 0x06, 0x07, 0x12, 0x03, 0x03, 0x0f, 0x05, 0x07, 0x0f,
  0x32, 0x43, 0x5d, 0x5a, 0x75, 0xad, 0x61, 0x80, 0xbb, 0x61, 0x7e, 0xb8,
  0x64, 0x80, 0xbb, 0x69, 0x85, 0xbf, 0x5c, 0x7c, 0xba, 0x4a, 0x6b, 0xab,
  0x48, 0x66, 0xa8, 0x4f, 0x6b, 0xac, 0x54, 0x70, 0xb2, 0x56, 0x72, 0xb3,
  0x57, 0x75, 0xb6, 0x5b, 0x7a, 0xbb, 0x67, 0x85, 0xc3, 0x73, 0x8e, 0xc8,
  0x77, 0x8e, 0xc8, 0x6c, 0x85, 0xc5, 0x61, 0x7a, 0xbf, 0x5b, 0x74, 0xba,
  0x5d, 0x7a, 0xbf, 0x4a, 0x6b, 0xb4, 0x43, 0x72, 0xb8, 0x70, 0xaa, 0xdd,
  0x6d, 0xa6, 0xda, 0x6e, 0xa6, 0xd9, 0x67, 0xa3, 0xd9, 0x7d, 0xaf, 0xda,
  0xba, 0xcb, 0xe0, 0xc2, 0xd0, 0xe2, 0xc1, 0xcf, 0xe1, 0xc1, 0xcf, 0xe1,
  0xc0, 0xce, 0xe0, 0xbf, 0xce, 0xe0, 0xc3, 0xcf, 0xe1, 0xb2, 0xc3, 0xda,
  0x7f, 0xa0, 0xc9, 0x7a, 0x9a, 0xc6, 0x7e, 0x9d, 0xc5, 0x7d, 0x9d, 0xc7,
  0x7d, 0x9d, 0xc8, 0x7b, 0x9c, 0xc7, 0x78, 0x9b, 0xc7, 0x77, 0x9b, 0xc7,
  0x75, 0x9c, 0xc8, 0x76, 0x9f, 0xcb, 0x79, 0xa4, 0xd1, 0x7d, 0xaa, 0xd7,
  0x8b, 0xb4, 0xe0, 0x6c, 0xa0, 0xd5, 0x1c, 0x4d, 0x6c, 0x00, 0x15, 0x25,
  0x03, 0x1c, 0x2e, 0x05, 0x1e, 0x30, 0x05, 0x1f, 0x31, 0x03, 0x1e, 0x30,
  0x04, 0x1d, 0x2f, 0x04, 0x1b, 0x2d, 0x03, 0x15, 0x25, 0x01, 0x0e, 0x1c,
  0x02, 0x07, 0x12, 0x03, 0x05, 0x10, 0x02, 0x04, 0x0f, 0x02, 0x04, 0x10,
  0x02, 0x02, 0x12, 0x02, 0x03, 0x11, 0x02, 0x04, 0x11, 0x03, 0x03, 0x13,
  0x01, 0x05, 0x10, 0x22, 0x3e, 0x54, 0x50, 0x73, 0xa1, 0x5e, 0x85, 0xb1,
  0x63, 0x87, 0xb3, 0x65, 0x87, 0xb0, 0x63, 0x85, 0xad, 0x61, 0x83, 0xae,
  0x61, 0x83, 0xac, 0x61, 0x83, 0xba, 0x3a, 0x5e, 0xa8, 0x09, 0x2b, 0x55,
  0x0e, 0x30, 0x58, 0x42, 0x69, 0xae, 0x4f, 0x76, 0xbc, 0x4e, 0x74, 0xb9,
  0x4c, 0x6f, 0xb5, 0x3c, 0x5b, 0xa0, 0x2f, 0x41, 0x77, 0x65, 0x6e, 0x8f,
  0x80, 0x82, 0x97, 0x27, 0x2d, 0x4d, 0x44, 0x59, 0x97, 0x5a, 0x7a, 0xbb,
  0x60, 0x7d, 0xbc, 0x6f, 0x87, 0xc4, 0x64, 0x7f, 0xc1, 0x4f, 0x71, 0xb6,
  0x4c, 0x6d, 0xb0, 0x50, 0x6f, 0xb3, 0x4d, 0x68, 0xac, 0x52, 0x6f, 0xb3,
  0x56, 0x75, 0xbf, 0x4d, 0x6a, 0xb0, 0x20, 0x44, 0x80, 0x2d, 0x4c, 0x87,
  0x0a, 0x1c, 0x3b, 0x0a, 0x1f, 0x3f, 0x28, 0x62, 0x9b, 0x29, 0x60, 0x9c,
  0x29, 0x61, 0x9d, 0x29, 0x62, 0x9d, 0x29, 0x61, 0x9d, 0x29, 0x61, 0x9c,
  0x28, 0x61, 0x9c, 0x28, 0x61, 0x9c, 0x28, 0x61, 0x9c, 0x2a, 0x62, 0x9d,
  0xaa, 0xc2, 0xde, 0x74, 0x9b, 0xca, 0x2f, 0x53, 0x7b, 0x06, 0x0b, 0x19,
  0x01, 0x03, 0x12, 0x0e, 0x10, 0x1e, 0x09, 0x0b, 0x17, 0x03, 0x04, 0x0e,
  0x05, 0x06, 0x10, 0x04, 0x04, 0x0f, 0x05, 0x05, 0x12, 0x06, 0x06, 0x12,
  0x06, 0x07, 0x0d, 0x22, 0x2c, 0x3b, 0x49, 0x60, 0x89, 0x65, 0x80, 0xbc,
  0x6a, 0x84, 0xc0, 0x67, 0x83, 0xbc, 0x67, 0x84, 0xbf, 0x5b, 0x7a, 0xb9,
  0x49, 0x6a, 0xab, 0x3d, 0x5f, 0x9f, 0x43, 0x62, 0xa3, 0x50, 0x6c, 0xad,
  0x55, 0x73, 0xb3, 0x52, 0x71, 0xb4, 0x57, 0x74, 0xb7, 0x66, 0x82, 0xbf,
  0x70, 0x88, 0xc4, 0x75, 0x8a, 0xc6, 0x69, 0x82, 0xc2, 0x57, 0x73, 0xbe,
  0x5c, 0x7a, 0xc0, 0x55, 0x73, 0xbc, 0x50, 0x84, 0xc7, 0x74, 0xae, 0xdf,
  0x6e, 0xa7, 0xdb, 0x6d, 0xa6, 0xda, 0x6b, 0xa6, 0xda, 0x8f, 0xb7, 0xdd,
  0xc1, 0xcd, 0xe2, 0xc2, 0xd1, 0xe2, 0xc2, 0xd0, 0xe2, 0xc1, 0xcf, 0xe1,
  0xc1, 0xcf, 0xe1, 0xc1, 0xcf, 0xe1, 0xc4, 0xd0, 0xe1, 0xb3, 0xc4, 0xdb,
  0x80, 0xa1, 0xc9, 0x7a, 0x9b, 0xc6, 0x7f, 0x9d, 0xc6, 0x7e, 0x9d, 0xc7,
  0x7e, 0x9e, 0xc9, 0x7c, 0x9d, 0xc8, 0x79, 0x9c, 0xc8, 0x77, 0x9c, 0xc8,
  0x75, 0x9d, 0xc8, 0x76, 0x9f, 0xcb, 0x79, 0xa3, 0xd2, 0x7d, 0xaa, 0xd8,
  0x8b, 0xb6, 0xdf, 0x6d, 0xa2, 0xd6, 0x1a, 0x4e, 0x6d, 0x00, 0x15, 0x25,
  0x03, 0x1c, 0x2e, 0x05, 0x1e, 0x32, 0x06, 0x1f, 0x33, 0x04, 0x1f, 0x30,
  0x04, 0x1c, 0x2e, 0x03, 0x1c, 0x2d, 0x03, 0x15, 0x25, 0x02, 0x0d, 0x1b,
  0x02, 0x05, 0x11, 0x02, 0x04, 0x10, 0x01, 0x04, 0x0f, 0x01, 0x03, 0x0f,
  0x01, 0x01, 0x11, 0x02, 0x03, 0x11, 0x03, 0x05, 0x12, 0x04, 0x04, 0x13,
  0x01, 0x05, 0x0f, 0x21, 0x3e, 0x53, 0x4f, 0x72, 0xa0, 0x5f, 0x85, 0xb2,
  0x63, 0x87, 0xb3, 0x66, 0x88, 0xb1, 0x63, 0x86, 0xae, 0x62, 0x84, 0xaf,
  0x61, 0x83, 0xae, 0x65, 0x86, 0xb8, 0x47, 0x69, 0xb4, 0x14, 0x3e, 0x7a,
  0x1c, 0x44, 0x7d, 0x49, 0x70, 0xb8, 0x4c, 0x72, 0xbb, 0x4e, 0x75, 0xbb,
  0x4a, 0x6f, 0xb5, 0x34, 0x55, 0x97, 0x3d, 0x4e, 0x7c, 0x89, 0x8c, 0xa5,
  0x8d, 0x8c, 0x98, 0x11, 0x0a, 0x21, 0x2a, 0x39, 0x64, 0x58, 0x7b, 0xb8,
  0x5e, 0x7c, 0xba, 0x73, 0x8c, 0xc5, 0x62, 0x81, 0xc0, 0x49, 0x6b, 0xaf,
  0x4b, 0x68, 0xaa, 0x53, 0x64, 0x99, 0x6d, 0x75, 0x95, 0x3a, 0x46, 0x68,
  0x23, 0x37, 0x6d, 0x41, 0x61, 0xa8, 0x3a, 0x5d, 0x9e, 0x28, 0x4b, 0x88,
  0x05, 0x16, 0x3a, 0x18, 0x40, 0x6c, 0x28, 0x65, 0xa0, 0x26, 0x5f, 0x9b,
  0x28, 0x61, 0x9d, 0x27, 0x62, 0x9d, 0x28, 0x62, 0x9d, 0x28, 0x62, 0x9d,
  0x29, 0x62, 0x9d, 0x29, 0x62, 0x9d, 0x29, 0x62, 0x9d, 0x2a, 0x62, 0x9d,
  0xa4, 0xbe, 0xdb, 0x8f, 0xa9, 0xcc, 0x3e, 0x61, 0x89, 0x11, 0x1f, 0x32,
  0x00, 0x00, 0x0b, 0x01, 0x01, 0x0f, 0x06, 0x08, 0x13, 0x08, 0x09, 0x13,
  0x05, 0x05, 0x11, 0x04, 0x04, 0x10, 0x04, 0x05, 0x0f, 0x07, 0x06, 0x11,
  0x0b, 0x0a, 0x14, 0x0a, 0x08, 0x0e, 0x0d, 0x0f, 0x14, 0x2e, 0x3a, 0x4f,
  0x5e, 0x71, 0xa3, 0x72, 0x8b, 0xc9, 0x6e, 0x87, 0xc5, 0x67, 0x82, 0xbf,
  0x61, 0x7f, 0xbe, 0x55, 0x74, 0xb3, 0x3e, 0x5f, 0xa0, 0x37, 0x58, 0x98,
  0x40, 0x5d, 0x9f, 0x47, 0x65, 0xa7, 0x49, 0x66, 0xab, 0x4b, 0x69, 0xad,
  0x55, 0x73, 0xb5, 0x5f, 0x79, 0xbd, 0x60, 0x7c, 0xc7, 0x52, 0x74, 0xc2,
  0x4d, 0x72, 0xbd, 0x56, 0x85, 0xc7, 0x6f, 0xa8, 0xdd, 0x72, 0xac, 0xdd,
  0x73, 0xab, 0xdc, 0x82, 0xb1, 0xdc, 0x92, 0xb9, 0xde, 0xb3, 0xc8, 0xe1,
  0xc3, 0xd0, 0xe2, 0xc3, 0xd1, 0xe3, 0xc2, 0xd0, 0xe2, 0xc2, 0xd0, 0xe2,
  0xc1, 0xcf, 0xe1, 0xc1, 0xcf, 0xe1, 0xc3, 0xd0, 0xe2, 0xb4, 0xc5, 0xdc,
  0x81, 0xa3, 0xc9, 0x7a, 0x9b, 0xc6, 0x7f, 0x9d, 0xc6, 0x7d, 0x9d, 0xc7,
  0x7e, 0x9e, 0xc9, 0x7c, 0x9d, 0xc8, 0x7a, 0x9b, 0xc8, 0x79, 0x9c, 0xc8,
  0x76, 0x9e, 0xc9, 0x76, 0xa0, 0xcc, 0x7a, 0xa4, 0xd1, 0x7f, 0xab, 0xd8,
  0x8c, 0xb6, 0xe0, 0x70, 0xa2, 0xd6, 0x1b, 0x4f, 0x6f, 0x00, 0x15, 0x25,
  0x03, 0x1b, 0x2e, 0x03, 0x1d, 0x31, 0x04, 0x1f, 0x33, 0x03, 0x1f, 0x30,
  0x03, 0x1d, 0x2e, 0x03, 0x1c, 0x2c, 0x03, 0x16, 0x25, 0x03, 0x0c, 0x1a,
  0x02, 0x05, 0x12, 0x02, 0x03, 0x0f, 0x01, 0x03, 0x0f, 0x01, 0x03, 0x0e,
  0x01, 0x03, 0x11, 0x01, 0x04, 0x12, 0x02, 0x05, 0x13, 0x02, 0x05, 0x12,
  0x00, 0x04, 0x0e, 0x22, 0x3c, 0x51, 0x4f, 0x72, 0xa0, 0x60, 0x84, 0xb1,
  0x63, 0x87, 0xb3, 0x66, 0x87, 0xb0, 0x65, 0x85, 0xae, 0x62, 0x84, 0xb0,
  0x63, 0x85, 0xaf, 0x60, 0x82, 0xb3, 0x5b, 0x7c, 0xc2, 0x3a, 0x5c, 0x9f,
  0x27, 0x51, 0x90, 0x48, 0x70, 0xb9, 0x48, 0x6d, 0xb9, 0x4f, 0x72, 0xbd,
  0x5f, 0x7f, 0xc1, 0x64, 0x82, 0xc3, 0x5c, 0x7b, 0xbe, 0x5a, 0x70, 0xb1,
  0x55, 0x69, 0xa2, 0x45, 0x5a, 0x98, 0x5a, 0x71, 0xa8, 0x64, 0x7f, 0xb9,
  0x5a, 0x77, 0xb8, 0x6d, 0x89, 0xc3, 0x58, 0x79, 0xbc, 0x4c, 0x6f, 0xb2,
  0x3c, 0x57, 0x98, 0x8f, 0x90, 0xaa, 0xbe, 0xbc, 0xc2, 0x1d, 0x1c, 0x30,
  0x04, 0x08, 0x1e, 0x28, 0x43, 0x81, 0x3c, 0x61, 0xa7, 0x27, 0x4a, 0x86,
  0x08, 0x19, 0x46, 0x23, 0x51, 0x86, 0x27, 0x62, 0x9c, 0x27, 0x60, 0x9b,
  0x28, 0x62, 0x9d, 0x27, 0x62, 0x9d, 0x28, 0x62, 0x9d, 0x29, 0x62, 0x9d,
  0x2b, 0x63, 0x9e, 0x2b, 0x63, 0x9e, 0x29, 0x62, 0x9d, 0x2b, 0x63, 0x9c,
  0x80, 0xa7, 0xd3, 0x3d, 0x63, 0x8b, 0x13, 0x31, 0x53, 0x0f, 0x1d, 0x33,
  0x00, 0x00, 0x07, 0x08, 0x09, 0x13, 0x0d, 0x0d, 0x17, 0x0b, 0x0d, 0x16,
  0x05, 0x05, 0x10, 0x05, 0x06, 0x10, 0x04, 0x05, 0x0f, 0x06, 0x06, 0x10,
  0x0b, 0x0a, 0x13, 0x11, 0x10, 0x18, 0x13, 0x11, 0x17, 0x0d, 0x0b, 0x0e,
  0x17, 0x19, 0x1f, 0x3c, 0x4b, 0x66, 0x69, 0x7d, 0xb2, 0x77, 0x8d, 0xcb,
  0x6d, 0x86, 0xc3, 0x6d, 0x84, 0xc1, 0x6b, 0x82, 0xc1, 0x55, 0x70, 0xb1,
  0x42, 0x60, 0xa2, 0x39, 0x57, 0x9c, 0x36, 0x57, 0x9d, 0x38, 0x59, 0x9f,
  0x30, 0x4d, 0x89, 0x2e, 0x48, 0x81, 0x23, 0x3d, 0x6f, 0x27, 0x50, 0x80,
  0x70, 0xa4, 0xda, 0x76, 0xb0, 0xe0, 0x75, 0xae, 0xde, 0x70, 0xab, 0xdd,
  0x84, 0xb3, 0xde, 0xae, 0xc6, 0xe1, 0xbd, 0xce, 0xe4, 0xc2, 0xd1, 0xe3,
  0xc3, 0xd1, 0xe3, 0xc3, 0xd1, 0xe3, 0xc3, 0xd1, 0xe3, 0xc3, 0xd1, 0xe3,
  0xc2, 0xd0, 0xe2, 0xc2, 0xd0, 0xe2, 0xc3, 0xd1, 0xe2, 0xb5, 0xc6, 0xdc,
  0x82, 0xa3, 0xc9, 0x7b, 0x9b, 0xc6, 0x7f, 0x9e, 0xc6, 0x7e, 0x9e, 0xc8,
  0x7e, 0x9e, 0xc9, 0x7c, 0x9d, 0xc8, 0x7b, 0x9c, 0xc9, 0x7b, 0x9d, 0xc9,
  0x78, 0x9e, 0xc9, 0x79, 0xa0, 0xcd, 0x7d, 0xa5, 0xd2, 0x7f, 0xac, 0xd9,
  0x8c, 0xb7, 0xe0, 0x70, 0xa4, 0xd8, 0x1f, 0x50, 0x71, 0x00, 0x15, 0x25,
  0x04, 0x1c, 0x2e, 0x04, 0x1e, 0x31, 0x03, 0x20, 0x33, 0x03, 0x1f, 0x30,
  0x04, 0x1d, 0x2e, 0x03, 0x1b, 0x2d, 0x03, 0x15, 0x25, 0x03, 0x0c, 0x1a,
  0x02, 0x04, 0x12, 0x01, 0x02, 0x10, 0x01, 0x03, 0x0f, 0x02, 0x03, 0x0f,
  0x01, 0x04, 0x11, 0x02, 0x05, 0x14, 0x02, 0x05, 0x15, 0x02, 0x05, 0x15,
  0x01, 0x06, 0x11, 0x24, 0x3d, 0x52, 0x4f, 0x72, 0x9f, 0x60, 0x85, 0xb2,
  0x64, 0x88, 0xb3, 0x66, 0x87, 0xb0, 0x65, 0x85, 0xae, 0x62, 0x84, 0xb0,
  0x62, 0x85, 0xb0, 0x5e, 0x81, 0xb0, 0x62, 0x81, 0xbc, 0x40, 0x5f, 0xa0,
  0x2b, 0x53, 0x93, 0x47, 0x6e, 0xb7, 0x46, 0x6b, 0xb7, 0x4b, 0x6e, 0xbb,
  0x62, 0x7e, 0xc3, 0x6a, 0x83, 0xc6, 0x61, 0x7c, 0xbf, 0x5e, 0x7b, 0xbd,
  0x5d, 0x79, 0xbb, 0x63, 0x7c, 0xbc, 0x64, 0x7d, 0xbe, 0x55, 0x70, 0xb5,
  0x53, 0x70, 0xb5, 0x62, 0x7d, 0xbf, 0x4e, 0x70, 0xb9, 0x47, 0x6a, 0xb2,
  0x59, 0x76, 0xb4, 0x58, 0x6b, 0xa4, 0x56, 0x66, 0x98, 0x24, 0x39, 0x66,
  0x24, 0x3e, 0x6c, 0x2c, 0x52, 0x91, 0x3e, 0x64, 0xa9, 0x27, 0x4a, 0x88,
  0x0c, 0x2b, 0x61, 0x26, 0x57, 0x90, 0x28, 0x61, 0x9b, 0x28, 0x62, 0x9d,
  0x29, 0x62, 0x9d, 0x2a, 0x62, 0x9d, 0x2a, 0x63, 0x9e, 0x29, 0x63, 0x9e,
  0x2a, 0x63, 0x9e, 0x2b, 0x63, 0x9e, 0x2b, 0x63, 0x9e, 0x2d, 0x64, 0x9e,
  0x75, 0x9d, 0xcb, 0x3a, 0x5e, 0x88, 0x17, 0x33, 0x51, 0x11, 0x28, 0x3d,
  0x0d, 0x12, 0x1d, 0x0f, 0x10, 0x1a, 0x0d, 0x0f, 0x18, 0x0f, 0x11, 0x18,
  0x0b, 0x08, 0x11, 0x03, 0x04, 0x0e, 0x05, 0x05, 0x0f, 0x09, 0x07, 0x11,
  0x0d, 0x0c, 0x13, 0x11, 0x11, 0x17, 0x13, 0x12, 0x18, 0x16, 0x13, 0x19,
  0x14, 0x12, 0x17, 0x0e, 0x0e, 0x10, 0x1a, 0x1f, 0x27, 0x48, 0x52, 0x72,
  0x70, 0x83, 0xb9, 0x74, 0x8a, 0xc7, 0x6c, 0x82, 0xbf, 0x69, 0x80, 0xc0,
  0x69, 0x7f, 0xc1, 0x55, 0x71, 0xb4, 0x45, 0x63, 0xa5, 0x2b, 0x3b, 0x64,
  0x04, 0x07, 0x14, 0x05, 0x08, 0x14, 0x00, 0x00, 0x08, 0x0c, 0x22, 0x34,
  0x5c, 0x94, 0xc3, 0x7d, 0xb3, 0xe3, 0x75, 0xae, 0xdf, 0x71, 0xac, 0xdd,
  0x7f, 0xb3, 0xde, 0xb3, 0xc9, 0xe3, 0xc5, 0xd3, 0xe4, 0xc3, 0xd2, 0xe4,
  0xc4, 0xd3, 0xe3, 0xc4, 0xd2, 0xe4, 0xc3, 0xd1, 0xe3, 0xc3, 0xd1, 0xe3,
  0xc3, 0xd1, 0xe3, 0xc3, 0xd0, 0xe3, 0xc4, 0xd1, 0xe3, 0xb5, 0xc6, 0xdb,
  0x83, 0xa3, 0xc9, 0x7c, 0x9b, 0xc5, 0x7f, 0x9e, 0xc7, 0x7f, 0x9e, 0xc7,
  0x7f, 0x9e, 0xc8, 0x7c, 0x9d, 0xc9, 0x7a, 0x9d, 0xc8, 0x7a, 0x9d, 0xc9,
  0x79, 0x9e, 0xca, 0x79, 0xa2, 0xcd, 0x7c, 0xa6, 0xd3, 0x7e, 0xac, 0xd9,
  0x8d, 0xb7, 0xe1, 0x70, 0xa5, 0xd9, 0x1e, 0x51, 0x72, 0x00, 0x16, 0x25,
  0x04, 0x1d, 0x2f, 0x04, 0x20, 0x30, 0x04, 0x20, 0x33, 0x03, 0x1f, 0x31,
  0x04, 0x1d, 0x2e, 0x03, 0x1c, 0x2d, 0x04, 0x15, 0x25, 0x03, 0x0c, 0x1a,
  0x01, 0x04, 0x11, 0x01, 0x03, 0x0e, 0x02, 0x04, 0x0f, 0x02, 0x04, 0x0f,
  0x02, 0x04, 0x11, 0x02, 0x05, 0x14, 0x02, 0x06, 0x16, 0x03, 0x07, 0x17,
  0x01, 0x06, 0x12, 0x22, 0x3d, 0x51, 0x4f, 0x72, 0x9d, 0x60, 0x85, 0xb2,
  0x63, 0x88, 0xb4, 0x66, 0x88, 0xb1, 0x65, 0x85, 0xae, 0x62, 0x84, 0xaf,
  0x63, 0x85, 0xb0, 0x60, 0x83, 0xaf, 0x47, 0x6f, 0xad, 0x2c, 0x53, 0x9a,
  0x25, 0x4f, 0x8f, 0x47, 0x6d, 0xb5, 0x4b, 0x6e, 0xbb, 0x4f, 0x6e, 0xbd,
  0x5f, 0x7a, 0xc3, 0x68, 0x80, 0xc7, 0x68, 0x81, 0xc5, 0x69, 0x83, 0xc4,
  0x6f, 0x85, 0xc4, 0x6b, 0x83, 0xc4, 0x66, 0x7f, 0xc0, 0x57, 0x73, 0xb6,
  0x4f, 0x6c, 0xb3, 0x57, 0x73, 0xba, 0x46, 0x69, 0xb4, 0x45, 0x68, 0xb2,
  0x56, 0x76, 0xba, 0x51, 0x72, 0xb6, 0x43, 0x64, 0xab, 0x45, 0x69, 0xb1,
  0x49, 0x6d, 0xb6, 0x4d, 0x71, 0xb6, 0x44, 0x68, 0xb0, 0x26, 0x4c, 0x8e,
  0x10, 0x3a, 0x73, 0x27, 0x58, 0x91, 0x26, 0x60, 0x98, 0x2b, 0x63, 0x9d,
  0x2a, 0x62, 0x9d, 0x2a, 0x62, 0x9d, 0x2b, 0x63, 0x9e, 0x2b, 0x63, 0x9e,
  0x2a, 0x63, 0x9e, 0x29, 0x62, 0x9e, 0x2a, 0x63, 0x9e, 0x2f, 0x66, 0x9f,
  0x85, 0xab, 0xd0, 0x4f, 0x7a, 0xa1, 0x13, 0x2e, 0x47, 0x0a, 0x18, 0x24,
  0x12, 0x14, 0x1e, 0x0f, 0x10, 0x1a, 0x0e, 0x10, 0x19, 0x10, 0x10, 0x18,
  0x0d, 0x0c, 0x11, 0x03, 0x05, 0x0d, 0x05, 0x05, 0x0f, 0x0c, 0x0a, 0x12,
  0x12, 0x0f, 0x14, 0x13, 0x12, 0x17, 0x16, 0x12, 0x18, 0x15, 0x12, 0x17,
  0x16, 0x15, 0x19, 0x17, 0x17, 0x1d, 0x15, 0x12, 0x18, 0x0e, 0x0d, 0x0e,
  0x22, 0x25, 0x34, 0x58, 0x64, 0x8a, 0x72, 0x83, 0xbb, 0x67, 0x7c, 0xba,
  0x56, 0x6d, 0xad, 0x48, 0x60, 0x9b, 0x36, 0x46, 0x63, 0x07, 0x08, 0x10,
  0x05, 0x05, 0x11, 0x07, 0x09, 0x18, 0x04, 0x03, 0x12, 0x10, 0x21, 0x35,
  0x35, 0x64, 0x90, 0x58, 0x92, 0xc0, 0x75, 0xac, 0xdd, 0x79, 0xb0, 0xe2,
  0x79, 0xb1, 0xe1, 0x91, 0xb9, 0xe0, 0xb0, 0xc6, 0xe1, 0xbb, 0xcc, 0xe3,
  0xc2, 0xd0, 0xe4, 0xc4, 0xd3, 0xe4, 0xc4, 0xd2, 0xe4, 0xc4, 0xd2, 0xe4,
  0xc3, 0xd1, 0xe3, 0xc2, 0xd0, 0xe3, 0xc4, 0xd1, 0xe3, 0xb6, 0xc7, 0xdc,
  0x84, 0xa4, 0xca, 0x7c, 0x9b, 0xc5, 0x7f, 0x9e, 0xc6, 0x7f, 0x9e, 0xc7,
  0x7f, 0x9e, 0xc8, 0x7c, 0x9e, 0xc8, 0x7b, 0x9d, 0xc8, 0x7b, 0x9e, 0xca,
  0x7a, 0x9e, 0xcb, 0x7b, 0xa2, 0xce, 0x7d, 0xa7, 0xd4, 0x7f, 0xad, 0xda,
  0x8d, 0xb8, 0xe2, 0x72, 0xa6, 0xda, 0x20, 0x54, 0x75, 0x00, 0x16, 0x25,
  0x04, 0x1d, 0x2f, 0x04, 0x1f, 0x30, 0x04, 0x1f, 0x31, 0x03, 0x1f, 0x30,
  0x03, 0x1c, 0x2f, 0x02, 0x1b, 0x2c, 0x03, 0x14, 0x24, 0x03, 0x0c, 0x1a,
  0x01, 0x04, 0x11, 0x01, 0x03, 0x0e, 0x02, 0x04, 0x0f, 0x02, 0x04, 0x0f,
  0x03, 0x05, 0x12, 0x01, 0x05, 0x14, 0x02, 0x07, 0x16, 0x03, 0x09, 0x16,
  0x01, 0x07, 0x11, 0x22, 0x3d, 0x51, 0x4f, 0x73, 0x9e, 0x5f, 0x84, 0xb1,
  0x63, 0x88, 0xb4, 0x66, 0x88, 0xb1, 0x65, 0x85, 0xae, 0x63, 0x85, 0xaf,
  0x64, 0x85, 0xb1, 0x63, 0x84, 0xb0, 0x54, 0x7a, 0xb1, 0x50, 0x73, 0xb3,
  0x2e, 0x55, 0x96, 0x45, 0x6d, 0xb4, 0x52, 0x73, 0xbe, 0x53, 0x71, 0xbe,
  0x5f, 0x78, 0xc4, 0x6e, 0x83, 0xca, 0x7e, 0x90, 0xcd, 0x8a, 0x98, 0xce,
  0x7a, 0x8b, 0xcb, 0x69, 0x7f, 0xc3, 0x50, 0x6c, 0xb3, 0x3a, 0x5a, 0xa6,
  0x46, 0x66, 0xae, 0x54, 0x71, 0xbb, 0x44, 0x65, 0xb3, 0x37, 0x5d, 0xaa,
  0x59, 0x77, 0xbc, 0x5f, 0x7d, 0xc2, 0x53, 0x73, 0xbd, 0x46, 0x6a, 0xb7,
  0x4e, 0x6e, 0xba, 0x4d, 0x6f, 0xb9, 0x3e, 0x62, 0xae, 0x1e, 0x47, 0x8a,
  0x10, 0x43, 0x7c, 0x28, 0x5e, 0x96, 0x27, 0x61, 0x99, 0x2a, 0x62, 0x9d,
  0x2a, 0x62, 0x9d, 0x2a, 0x62, 0x9d, 0x2c, 0x63, 0x9e, 0x2a, 0x63, 0x9e,
  0x2a, 0x63, 0x9e, 0x2a, 0x63, 0x9e, 0x2b, 0x64, 0x9e, 0x34, 0x69, 0x9f,
  0xd0, 0xdd, 0xef, 0x96, 0xab, 0xc1, 0x25, 0x32, 0x42, 0x0f, 0x12, 0x1c,
  0x13, 0x14, 0x1d, 0x0f, 0x11, 0x19, 0x0f, 0x0f, 0x18, 0x0f, 0x0e, 0x17,
  0x0f, 0x0f, 0x15, 0x07, 0x06, 0x0e, 0x08, 0x06, 0x0e, 0x10, 0x0d, 0x14,
  0x16, 0x12, 0x17, 0x15, 0x13, 0x18, 0x15, 0x12, 0x19, 0x14, 0x13, 0x18,
  0x16, 0x14, 0x19, 0x16, 0x14, 0x1b, 0x16, 0x15, 0x1b, 0x18, 0x16, 0x1c,
  0x13, 0x0f, 0x14, 0x12, 0x12, 0x18, 0x31, 0x36, 0x49, 0x46, 0x50, 0x74,
  0x4a, 0x56, 0x7d, 0x3b, 0x46, 0x5f, 0x0a, 0x0d, 0x16, 0x05, 0x07, 0x12,
  0x06, 0x08, 0x14, 0x05, 0x07, 0x15, 0x02, 0x05, 0x13, 0x0c, 0x16, 0x26,
  0x2d, 0x51, 0x74, 0x33, 0x64, 0x8e, 0x43, 0x78, 0xa6, 0x56, 0x8c, 0xbd,
  0x64, 0x9c, 0xcb, 0x79, 0xad, 0xdb, 0x87, 0xb6, 0xe1, 0x91, 0xba, 0xe0,
  0x9f, 0xbf, 0xdf, 0xb1, 0xc7, 0xe1, 0xbd, 0xcd, 0xe3, 0xc3, 0xd1, 0xe4,
  0xc4, 0xd3, 0xe4, 0xc3, 0xd1, 0xe4, 0xc4, 0xd2, 0xe4, 0xb9, 0xc8, 0xde,
  0x86, 0xa5, 0xcb, 0x7c, 0x9b, 0xc5, 0x80, 0x9e, 0xc7, 0x81, 0x9f, 0xc8,
  0x80, 0x9f, 0xc7, 0x7d, 0x9e, 0xc8, 0x7a, 0x9d, 0xc8, 0x7c, 0x9f, 0xca,
  0x7c, 0xa0, 0xcc, 0x7e, 0xa3, 0xcf, 0x7d, 0xa7, 0xd4, 0x7f, 0xad, 0xda,
  0x8d, 0xb8, 0xe2, 0x73, 0xa6, 0xda, 0x1f, 0x54, 0x74, 0x00, 0x17, 0x26,
  0x03, 0x1c, 0x2e, 0x05, 0x1e, 0x32, 0x05, 0x20, 0x32, 0x02, 0x1e, 0x2f,
  0x02, 0x1e, 0x30, 0x03, 0x1b, 0x2e, 0x03, 0x15, 0x23, 0x02, 0x0b, 0x19,
  0x01, 0x03, 0x11, 0x02, 0x03, 0x11, 0x02, 0x04, 0x11, 0x02, 0x05, 0x10,
  0x01, 0x05, 0x13, 0x01, 0x06, 0x15, 0x01, 0x07, 0x15, 0x03, 0x09, 0x16,
  0x01, 0x08, 0x12, 0x21, 0x3c, 0x4f, 0x4e, 0x73, 0x9f, 0x60, 0x85, 0xb1,
  0x63, 0x87, 0xb3, 0x66, 0x88, 0xb1, 0x65, 0x86, 0xaf, 0x63, 0x86, 0xae,
  0x63, 0x86, 0xb1, 0x65, 0x87, 0xb1, 0x5c, 0x81, 0xb0, 0x7d, 0x95, 0xc1,
  0x5d, 0x78, 0xae, 0x3c, 0x64, 0xb0, 0x51, 0x72, 0xbc, 0x56, 0x74, 0xbf,
  0x63, 0x7c, 0xc6, 0x6e, 0x84, 0xcb, 0x88, 0x99, 0xd1, 0x83, 0x93, 0xce,
  0x58, 0x74, 0xc0, 0x42, 0x62, 0xb3, 0x46, 0x64, 0xb1, 0x49, 0x67, 0xb2,
  0x5e, 0x78, 0xbe, 0x7d, 0x91, 0xcb, 0x5d, 0x7a, 0xc3, 0x36, 0x5c, 0xaa,
  0x43, 0x64, 0xaf, 0x70, 0x88, 0xc7, 0x69, 0x80, 0xc8, 0x59, 0x76, 0xc4,
  0x52, 0x73, 0xbf, 0x4b, 0x6d, 0xb9, 0x3f, 0x62, 0xae, 0x19, 0x4a, 0x8b,
  0x1d, 0x53, 0x8d, 0x2a, 0x62, 0x9c, 0x27, 0x61, 0x9c, 0x29, 0x63, 0x9e,
  0x29, 0x63, 0x9e, 0x2b, 0x63, 0x9e, 0x2b, 0x63, 0x9e, 0x29, 0x63, 0x9e,
  0x2b, 0x63, 0x9f, 0x2b, 0x63, 0x9e, 0x2c, 0x65, 0x9e, 0x3b, 0x6c, 0xa2,
  0x42, 0x5e, 0x75, 0x09, 0x18, 0x26, 0x13, 0x1a, 0x28, 0x16, 0x1c, 0x26,
  0x0f, 0x12, 0x1b, 0x10, 0x10, 0x18, 0x0f, 0x10, 0x18, 0x0f, 0x10, 0x1a,
  0x11, 0x11, 0x18, 0x0e, 0x0c, 0x12, 0x07, 0x03, 0x0b, 0x10, 0x0f, 0x13,
  0x14, 0x13, 0x16, 0x14, 0x12, 0x18, 0x12, 0x10, 0x17, 0x14, 0x12, 0x17,
  0x17, 0x15, 0x1b, 0x18, 0x16, 0x1c, 0x17, 0x15, 0x1b, 0x16, 0x15, 0x1a,
  0x16, 0x14, 0x1d, 0x11, 0x0e, 0x16, 0x0e, 0x11, 0x19, 0x1c, 0x29, 0x41,
  0x0b, 0x16, 0x28, 0x0d, 0x10, 0x18, 0x0d, 0x0f, 0x18, 0x05, 0x06, 0x11,
  0x05, 0x06, 0x12, 0x03, 0x05, 0x14, 0x04, 0x07, 0x16, 0x05, 0x0c, 0x18,
  0x1a, 0x33, 0x4b, 0x36, 0x5c, 0x84, 0x34, 0x65, 0x8f, 0x3c, 0x6e, 0x9a,
  0x3e, 0x74, 0xa1, 0x42, 0x7b, 0xaa, 0x58, 0x90, 0xbf, 0x6d, 0xa5, 0xd5,
  0x7b, 0xb0, 0xdf, 0x88, 0xb7, 0xe1, 0x96, 0xbd, 0xe0, 0xa7, 0xc3, 0xe0,
  0xb8, 0xca, 0xe2, 0xc1, 0xcf, 0xe3, 0xc5, 0xd2, 0xe4, 0xb9, 0xc9, 0xde,
  0x87, 0xa5, 0xcb, 0x7d, 0x9c, 0xc6, 0x81, 0x9f, 0xc7, 0x80, 0x9e, 0xc8,
  0x80, 0x9f, 0xc8, 0x7f, 0x9f, 0xc9, 0x7c, 0x9e, 0xc8, 0x7a, 0x9c, 0xc8,
  0x73, 0x99, 0xc7, 0x76, 0x9e, 0xcb, 0x7f, 0xa8, 0xd4, 0x80, 0xae, 0xdb,
  0x8e, 0xb8, 0xe1, 0x74, 0xa7, 0xd9, 0x21, 0x56, 0x76, 0x00, 0x17, 0x27,
  0x04, 0x1d, 0x2f, 0x04, 0x1f, 0x32, 0x03, 0x20, 0x32, 0x02, 0x1e, 0x2f,
  0x02, 0x1d, 0x2f, 0x03, 0x1c, 0x2e, 0x03, 0x15, 0x24, 0x03, 0x0c, 0x19,
  0x01, 0x04, 0x12, 0x01, 0x03, 0x11, 0x02, 0x06, 0x14, 0x01, 0x07, 0x14,
  0x02, 0x07, 0x14, 0x02, 0x08, 0x15, 0x02, 0x09, 0x16, 0x02, 0x08, 0x16,
  0x00, 0x05, 0x10, 0x20, 0x3b, 0x4e, 0x4e, 0x72, 0x9f, 0x5f, 0x85, 0xb2,
  0x63, 0x88, 0xb3, 0x66, 0x88, 0xb1, 0x66, 0x86, 0xaf, 0x64, 0x86, 0xaf,
  0x64, 0x86, 0xb1, 0x64, 0x86, 0xb1, 0x63, 0x86, 0xb1, 0x5f, 0x7e, 0xb0,
  0x2d, 0x54, 0x95, 0x43, 0x69, 0xb1, 0x4c, 0x6e, 0xb8, 0x54, 0x72, 0xbe,
  0x5f, 0x79, 0xc6, 0x6a, 0x83, 0xcb, 0x75, 0x8a, 0xcd, 0x59, 0x75, 0xc2,
  0x59, 0x77, 0xbe, 0x56, 0x74, 0xbb, 0x54, 0x6f, 0xba, 0x55, 0x70, 0xb8,
  0x5a, 0x74, 0xbc, 0x6f, 0x85, 0xc8, 0x53, 0x72, 0xbc, 0x4c, 0x6b, 0xb4,
  0x44, 0x65, 0xb3, 0x62, 0x7c, 0xc1, 0x73, 0x8a, 0xca, 0x66, 0x7e, 0xc8,
  0x5d, 0x78, 0xc5, 0x51, 0x70, 0xbb, 0x3f, 0x62, 0xad, 0x21, 0x56, 0x95,
  0x2a, 0x60, 0x9a, 0x29, 0x62, 0x9c, 0x25, 0x61, 0x9c, 0x2a, 0x64, 0x9f,
  0x29, 0x64, 0x9f, 0x2b, 0x64, 0x9f, 0x29, 0x63, 0x9e, 0x2a, 0x63, 0x9e,
  0x2b, 0x64, 0x9f, 0x2a, 0x64, 0x9f, 0x2f, 0x65, 0xa0, 0x40, 0x6f, 0xa4,
  0x1c, 0x3a, 0x57, 0x19, 0x29, 0x3c, 0x21, 0x2a, 0x3b, 0x12, 0x17, 0x20,
  0x0e, 0x10, 0x1a, 0x0f, 0x10, 0x19, 0x10, 0x0f, 0x18, 0x10, 0x0f, 0x18,
  0x11, 0x0f, 0x18, 0x11, 0x0e, 0x17, 0x07, 0x05, 0x0c, 0x0b, 0x09, 0x0e,
  0x0f, 0x0d, 0x13, 0x10, 0x0d, 0x15, 0x11, 0x0f, 0x15, 0x14, 0x12, 0x17,
  0x15, 0x13, 0x19, 0x16, 0x14, 0x1a, 0x17, 0x14, 0x1a, 0x18, 0x15, 0x1b,
  0x19, 0x16, 0x1f, 0x11, 0x0d, 0x13, 0x54, 0x67, 0x7e, 0x6f, 0x92, 0xc1,
  0x3f, 0x67, 0x97, 0x38, 0x5b, 0x86, 0x2c, 0x41, 0x5a, 0x08, 0x0a, 0x15,
  0x05, 0x05, 0x14, 0x04, 0x05, 0x14, 0x05, 0x08, 0x17, 0x01, 0x0a, 0x17,
  0x09, 0x20, 0x31, 0x21, 0x46, 0x64, 0x3d, 0x6b, 0x94, 0x32, 0x65, 0x90,
  0x45, 0x75, 0xa3, 0x43, 0x76, 0xa4, 0x38, 0x6e, 0x9d, 0x3f, 0x76, 0xa3,
  0x4c, 0x83, 0xb2, 0x55, 0x8f, 0xc3, 0x65, 0xa1, 0xd4, 0x7d, 0xb0, 0xde,
  0x8d, 0xb7, 0xdf, 0x9c, 0xbd, 0xdd, 0xb1, 0xc7, 0xe1, 0xb3, 0xc4, 0xdd,
  0x86, 0xa5, 0xcc, 0x7e, 0x9c, 0xc6, 0x81, 0x9f, 0xc8, 0x82, 0x9f, 0xc8,
  0x80, 0x9d, 0xc7, 0x74, 0x99, 0xc5, 0x76, 0x9d, 0xc9, 0x7f, 0xa7, 0xce,
  0x99, 0xbf, 0xdb, 0x98, 0xbc, 0xe0, 0x7b, 0xa8, 0xd5, 0x81, 0xaf, 0xdb,
  0x8e, 0xb8, 0xe1, 0x73, 0xa7, 0xdb, 0x20, 0x56, 0x78, 0x00, 0x18, 0x27,
  0x03, 0x1c, 0x2f, 0x02, 0x1e, 0x32, 0x04, 0x1f, 0x33, 0x03, 0x1f, 0x30,
  0x04, 0x1e, 0x2f, 0x04, 0x1c, 0x2d, 0x03, 0x16, 0x26, 0x03, 0x0c, 0x1a,
  0x01, 0x06, 0x13, 0x01, 0x04, 0x12, 0x01, 0x04, 0x12, 0x02, 0x05, 0x13,
  0x02, 0x07, 0x14, 0x03, 0x09, 0x16, 0x03, 0x08, 0x17, 0x03, 0x08, 0x18,
  0x00, 0x06, 0x12, 0x1f, 0x3b, 0x4e, 0x4e, 0x72, 0x9e, 0x5e, 0x85, 0xb2,
  0x63, 0x89, 0xb4, 0x66, 0x89, 0xb2, 0x66, 0x86, 0xaf, 0x65, 0x87, 0xb0,
  0x65, 0x87, 0xb2, 0x64, 0x86, 0xb1, 0x67, 0x89, 0xb3, 0x54, 0x78, 0xa7,
  0x1a, 0x4c, 0x83, 0x43, 0x6a, 0xb1, 0x49, 0x6c, 0xb7, 0x4f, 0x6e, 0xba,
  0x58, 0x77, 0xc3, 0x62, 0x7e, 0xc8, 0x57, 0x74, 0xc0, 0x57, 0x73, 0xbd,
  0x6b, 0x84, 0xc4, 0x66, 0x80, 0xc0, 0x54, 0x70, 0xb6, 0x56, 0x71, 0xb6,
  0x4f, 0x6c, 0xb3, 0x49, 0x69, 0xb4, 0x42, 0x61, 0xad, 0x46, 0x64, 0xb0,
  0x4d, 0x6b, 0xb7, 0x53, 0x71, 0xbc, 0x6a, 0x82, 0xc6, 0x6a, 0x81, 0xc9,
  0x5d, 0x78, 0xc5, 0x52, 0x6f, 0xbc, 0x39, 0x5e, 0xa9, 0x24, 0x58, 0x95,
  0x29, 0x61, 0x9a, 0x28, 0x62, 0x9d, 0x28, 0x62, 0x9e, 0x2b, 0x64, 0xa0,
  0x29, 0x63, 0x9e, 0x27, 0x63, 0x9e, 0x29, 0x63, 0x9e, 0x29, 0x63, 0x9e,
  0x29, 0x64, 0x9f, 0x2b, 0x65, 0xa0, 0x31, 0x68, 0xa1, 0x48, 0x73, 0xa8,
  0x2b, 0x4c, 0x6c, 0x23, 0x37, 0x4d, 0x1a, 0x20, 0x2d, 0x11, 0x12, 0x1b,
  0x0f, 0x10, 0x1a, 0x11, 0x10, 0x19, 0x10, 0x0f, 0x18, 0x10, 0x0f, 0x18,
  0x0f, 0x0e, 0x17, 0x0f, 0x0c, 0x15, 0x0d, 0x0b, 0x11, 0x03, 0x01, 0x06,
  0x08, 0x06, 0x0d, 0x0f, 0x0e, 0x16, 0x12, 0x10, 0x16, 0x12, 0x11, 0x16,
  0x12, 0x11, 0x17, 0x15, 0x13, 0x19, 0x16, 0x11, 0x18, 0x18, 0x13, 0x19,
  0x19, 0x13, 0x1c, 0x12, 0x12, 0x19, 0x5e, 0x7a, 0x97, 0x7c, 0x9c, 0xc4,
  0x83, 0xa0, 0xc2, 0x7f, 0x9e, 0xc5, 0x45, 0x68, 0x91, 0x0a, 0x10, 0x1f,
  0x07, 0x07, 0x13, 0x05, 0x07, 0x16, 0x04, 0x06, 0x14, 0x0d, 0x18, 0x27,
  0x34, 0x54, 0x79, 0x1c, 0x41, 0x61, 0x35, 0x5f, 0x86, 0x3c, 0x6c, 0x98,
  0x3c, 0x6e, 0x9b, 0x47, 0x78, 0xa6, 0x4e, 0x80, 0xae, 0x3b, 0x71, 0xa1,
  0x42, 0x7c, 0xa6, 0x5a, 0x9a, 0xbd, 0x58, 0x9d, 0xca, 0x46, 0x94, 0xca,
  0x5d, 0x9c, 0xd1, 0x77, 0xae, 0xde, 0x86, 0xb5, 0xe1, 0x87, 0xaf, 0xda,
  0x69, 0x97, 0xc7, 0x6d, 0x94, 0xc3, 0x77, 0x9a, 0xc7, 0x7b, 0x9c, 0xc7,
  0x7d, 0xa3, 0xcd, 0xa4, 0xc7, 0xe5, 0xb9, 0xd8, 0xf4, 0xaf, 0xd1, 0xf9,
  0xb5, 0xd7, 0xfd, 0xa0, 0xc7, 0xfb, 0x78, 0xa8, 0xdf, 0x7d, 0xad, 0xda,
  0x89, 0xb6, 0xe1, 0x6b, 0xa5, 0xda, 0x1e, 0x55, 0x78, 0x00, 0x18, 0x26,
  0x03, 0x1d, 0x2f, 0x02, 0x20, 0x32, 0x02, 0x20, 0x32, 0x02, 0x1e, 0x30,
  0x04, 0x1e, 0x30, 0x04, 0x1c, 0x2e, 0x02, 0x16, 0x26, 0x03, 0x0e, 0x1b,
  0x01, 0x06, 0x12, 0x02, 0x06, 0x11, 0x02, 0x06, 0x11, 0x02, 0x04, 0x13,
  0x02, 0x05, 0x13, 0x01, 0x07, 0x14, 0x02, 0x09, 0x15, 0x02, 0x07, 0x17,
  0x00, 0x04, 0x11, 0x20, 0x38, 0x4c, 0x4d, 0x72, 0x9d, 0x5e, 0x85, 0xb1,
  0x63, 0x88, 0xb4, 0x67, 0x89, 0xb3, 0x65, 0x88, 0xaf, 0x63, 0x87, 0xb0,
  0x65, 0x87, 0xb2, 0x64, 0x86, 0xb1, 0x65, 0x87, 0xb2, 0x5d, 0x7f, 0xac,
  0x33, 0x61, 0x97, 0x40, 0x68, 0xaf, 0x4c, 0x6d, 0xb8, 0x4b, 0x6f, 0xba,
  0x59, 0x7a, 0xc3, 0x52, 0x73, 0xbd, 0x57, 0x75, 0xbb, 0x66, 0x83, 0xc3,
  0x61, 0x7b, 0xbf, 0x5d, 0x77, 0xbb, 0x5d, 0x76, 0xb9, 0x6f, 0x85, 0xc0,
  0x74, 0x8a, 0xc3, 0x63, 0x7e, 0xbe, 0x54, 0x75, 0xbb, 0x4f, 0x70, 0xb8,
  0x52, 0x71, 0xb8, 0x54, 0x73, 0xba, 0x5b, 0x77, 0xc2, 0x60, 0x7a, 0xc5,
  0x55, 0x72, 0xbf, 0x4c, 0x68, 0xb6, 0x2f, 0x56, 0x9e, 0x24, 0x5b, 0x94,
  0x2a, 0x62, 0x9b, 0x29, 0x64, 0x9e, 0x29, 0x64, 0x9f, 0x2a, 0x63, 0xa0,
  0x29, 0x63, 0x9f, 0x29, 0x64, 0x9f, 0x2a, 0x63, 0x9f, 0x2a, 0x63, 0xa0,
  0x2a, 0x64, 0x9f, 0x2b, 0x65, 0x9f, 0x38, 0x6b, 0xa3, 0x50, 0x78, 0xab,
  0x2b, 0x4a, 0x6a, 0x1d, 0x2e, 0x3f, 0x13, 0x16, 0x1e, 0x11, 0x13, 0x1b,
  0x0f, 0x11, 0x19, 0x12, 0x11, 0x19, 0x10, 0x0f, 0x18, 0x11, 0x11, 0x18,
  0x0d, 0x0d, 0x15, 0x0d, 0x0b, 0x13, 0x0e, 0x0d, 0x14, 0x05, 0x05, 0x09,
  0x05, 0x05, 0x0a, 0x0e, 0x0e, 0x15, 0x12, 0x10, 0x16, 0x10, 0x0f, 0x14,
  0x0d, 0x0e, 0x15, 0x12, 0x0f, 0x18, 0x14, 0x0f, 0x17, 0x14, 0x11, 0x17,
  0x16, 0x13, 0x19, 0x07, 0x03, 0x0b, 0x38, 0x50, 0x6c, 0x83, 0xa1, 0xc9,
  0x8f, 0xa6, 0xc3, 0xa2, 0xb5, 0xce, 0x6a, 0x8d, 0xb6, 0x06, 0x11, 0x20,
  0x02, 0x00, 0x03, 0x09, 0x09, 0x17, 0x05, 0x07, 0x15, 0x07, 0x0e, 0x1d,
  0x3f, 0x65, 0x8c, 0x36, 0x60, 0x86, 0x1e, 0x46, 0x67, 0x40, 0x70, 0x9a,
  0x3c, 0x6e, 0x96, 0x3c, 0x70, 0x9c, 0x3d, 0x74, 0xa4, 0x45, 0x82, 0xad,
  0x8f, 0xcb, 0xe0, 0xf2, 0xff, 0xff, 0xdc, 0xef, 0xfc, 0xca, 0xe7, 0xf8,
  0x4b, 0x95, 0xc0, 0x42, 0x7e, 0xaf, 0x65, 0x9c, 0xcb, 0x6b, 0xa2, 0xd4,
  0x4e, 0x8b, 0xc4, 0x4d, 0x86, 0xbe, 0x57, 0x8a, 0xc0, 0x61, 0x91, 0xc7,
  0xb2, 0xcd, 0xf8, 0xad, 0xce, 0xff, 0x9b, 0xc1, 0xfd, 0xa1, 0xc5, 0xfc,
  0xa9, 0xcf, 0xfb, 0xb1, 0xd5, 0xfc, 0x84, 0xb1, 0xeb, 0x71, 0xa8, 0xda,
  0x80, 0xb3, 0xe1, 0x62, 0xa2, 0xda, 0x1a, 0x55, 0x78, 0x00, 0x17, 0x27,
  0x03, 0x1c, 0x30, 0x03, 0x1e, 0x31, 0x03, 0x1f, 0x31, 0x03, 0x1e, 0x32,
  0x04, 0x1e, 0x32, 0x03, 0x1d, 0x2f, 0x03, 0x16, 0x26, 0x03, 0x0d, 0x1b,
  0x01, 0x06, 0x12, 0x00, 0x04, 0x0f, 0x03, 0x06, 0x10, 0x03, 0x05, 0x10,
  0x02, 0x04, 0x11, 0x02, 0x06, 0x14, 0x02, 0x08, 0x14, 0x02, 0x07, 0x16,
  0x00, 0x04, 0x10, 0x1f, 0x39, 0x4d, 0x4c, 0x73, 0x9d, 0x5f, 0x85, 0xb1,
  0x62, 0x88, 0xb4, 0x68, 0x89, 0xb3, 0x66, 0x87, 0xb0, 0x64, 0x86, 0xb0,
  0x65, 0x87, 0xb2, 0x65, 0x87, 0xb2, 0x64, 0x86, 0xb2, 0x66, 0x87, 0xb1,
  0x55, 0x7b, 0xad, 0x40, 0x69, 0xb1, 0x4c, 0x6d, 0xb8, 0x4d, 0x71, 0xba,
  0x61, 0x80, 0xc5, 0x55, 0x76, 0xb9, 0x4e, 0x69, 0xab, 0x48, 0x5c, 0xa1,
  0x40, 0x56, 0xa5, 0x49, 0x5b, 0xaf, 0x47, 0x55, 0xae, 0x4d, 0x5a, 0xb2,
  0x5a, 0x6b, 0xb9, 0x51, 0x64, 0xb6, 0x4a, 0x61, 0xb1, 0x4b, 0x68, 0xb3,
  0x4e, 0x6f, 0xb6, 0x4c, 0x6c, 0xb3, 0x49, 0x6a, 0xb3, 0x52, 0x6f, 0xbb,
  0x49, 0x68, 0xb4, 0x39, 0x5a, 0xa5, 0x29, 0x56, 0x97, 0x2a, 0x63, 0x9a,
  0x28, 0x63, 0x9c, 0x28, 0x63, 0x9f, 0x2a, 0x64, 0xa0, 0x29, 0x63, 0xa0,
  0x29, 0x63, 0xa0, 0x2b, 0x63, 0xa0, 0x2b, 0x63, 0xa0, 0x29, 0x63, 0xa0,
  0x2c, 0x64, 0xa0, 0x2c, 0x65, 0x9f, 0x40, 0x70, 0xa5, 0x58, 0x7e, 0xaf,
  0x26, 0x43, 0x5f, 0x18, 0x20, 0x2c, 0x11, 0x12, 0x1a, 0x0f, 0x12, 0x1a,
  0x0f, 0x12, 0x17, 0x10, 0x10, 0x16, 0x11, 0x11, 0x17, 0x0d, 0x0e, 0x14,
  0x0a, 0x0c, 0x15, 0x0c, 0x0c, 0x14, 0x0b, 0x0a, 0x13, 0x0b, 0x0c, 0x13,
  0x0d, 0x0d, 0x12, 0x0b, 0x09, 0x10, 0x0f, 0x0e, 0x14, 0x0e, 0x0d, 0x13,
  0x0b, 0x0a, 0x13, 0x0c, 0x0b, 0x14, 0x0f, 0x0c, 0x16, 0x11, 0x0f, 0x16,
  0x12, 0x11, 0x18, 0x01, 0x00, 0x05, 0x16, 0x23, 0x35, 0x54, 0x77, 0xa7,
  0x5d, 0x83, 0xb0, 0x8e, 0xa8, 0xc6, 0x87, 0xa6, 0xcd, 0x17, 0x2d, 0x4a,
  0x00, 0x00, 0x00, 0x06, 0x06, 0x0d, 0x08, 0x0b, 0x18, 0x01, 0x05, 0x10,
  0x1a, 0x36, 0x4e, 0x45, 0x70, 0x9a, 0x17, 0x3d, 0x5e, 0x35, 0x64, 0x8b,
  0x33, 0x62, 0x8a, 0x33, 0x72, 0x9a, 0x4c, 0x9c, 0xc0, 0xad, 0xe3, 0xee,
  0xb5, 0xe9, 0xf5, 0xdf, 0xf5, 0xfa, 0xe2, 0xf6, 0xfa, 0xf5, 0xff, 0xff,
  0xc6, 0xe8, 0xf2, 0x2b, 0x6e, 0x9b, 0x37, 0x68, 0x96, 0x48, 0x7d, 0xab,
  0x4a, 0x80, 0xb5, 0x49, 0x83, 0xbe, 0x3e, 0x7e, 0xbc, 0x77, 0xa8, 0xe4,
  0x91, 0xb5, 0xfc, 0xbc, 0xdc, 0xfa, 0xbf, 0xd8, 0xfb, 0xa3, 0xbf, 0xf5,
  0x98, 0xb5, 0xee, 0x8e, 0xab, 0xe6, 0x75, 0x9f, 0xe3, 0x6a, 0xa6, 0xe0,
  0x78, 0xb0, 0xe2, 0x61, 0xa2, 0xdb, 0x1a, 0x56, 0x7a, 0x00, 0x18, 0x28,
  0x04, 0x1c, 0x31, 0x04, 0x1f, 0x33, 0x03, 0x20, 0x34, 0x03, 0x1e, 0x32,
  0x05, 0x1e, 0x32, 0x03, 0x1c, 0x2e, 0x03, 0x17, 0x27, 0x04, 0x0e, 0x1c,
  0x01, 0x05, 0x12, 0x00, 0x04, 0x0f, 0x02, 0x05, 0x10, 0x02, 0x02, 0x10,
  0x01, 0x01, 0x11, 0x01, 0x03, 0x12, 0x02, 0x05, 0x13, 0x03, 0x05, 0x14,
  0x00, 0x05, 0x10, 0x1f, 0x39, 0x4c, 0x4d, 0x72, 0x9d, 0x5e, 0x84, 0xb1,
  0x61, 0x88, 0xb4, 0x68, 0x89, 0xb3, 0x67, 0x87, 0xaf, 0x64, 0x86, 0xb1,
  0x65, 0x87, 0xb2, 0x65, 0x87, 0xb2, 0x65, 0x87, 0xb2, 0x65, 0x87, 0xb2,
  0x60, 0x84, 0xb0, 0x44, 0x6b, 0xb0, 0x47, 0x69, 0xb5, 0x4e, 0x6f, 0xba,
  0x6a, 0x87, 0xc8, 0x69, 0x88, 0xc6, 0x4f, 0x67, 0xa9, 0x39, 0x3f, 0x7e,
  0x6b, 0x7c, 0xae, 0x92, 0xa4, 0xd2, 0x8c, 0x9c, 0xcf, 0x8a, 0x98, 0xcc,
  0x7d, 0x8a, 0xc7, 0x5b, 0x6a, 0xba, 0x47, 0x54, 0xae, 0x3a, 0x4b, 0xa0,
  0x33, 0x4a, 0x96, 0x42, 0x5b, 0xa3, 0x3b, 0x5d, 0xa4, 0x4a, 0x6b, 0xb4,
  0x44, 0x64, 0xaf, 0x32, 0x56, 0x9d, 0x26, 0x5c, 0x98, 0x2b, 0x64, 0x9d,
  0x2b, 0x64, 0x9e, 0x29, 0x64, 0x9f, 0x29, 0x64, 0x9f, 0x2a, 0x64, 0xa0,
  0x2a, 0x64, 0xa0, 0x2c, 0x63, 0x9f, 0x29, 0x63, 0x9f, 0x2b, 0x63, 0xa0,
  0x2c, 0x65, 0xa1, 0x31, 0x69, 0xa1, 0x4a, 0x76, 0xaa, 0x60, 0x82, 0xb2,
  0x1f, 0x37, 0x4e, 0x14, 0x16, 0x20, 0x10, 0x12, 0x1a, 0x10, 0x13, 0x19,
  0x0f, 0x12, 0x17, 0x11, 0x11, 0x17, 0x10, 0x10, 0x15, 0x0d, 0x0d, 0x14,
  0x0c, 0x0d, 0x15, 0x0b, 0x0b, 0x14, 0x0c, 0x0a, 0x13, 0x0f, 0x0e, 0x18,
  0x07, 0x05, 0x0e, 0x03, 0x00, 0x07, 0x07, 0x06, 0x0d, 0x0c, 0x0c, 0x12,
  0x0c, 0x0b, 0x13, 0x0d, 0x0c, 0x15, 0x0d, 0x0a, 0x15, 0x10, 0x0f, 0x18,
  0x0f, 0x10, 0x14, 0x0e, 0x0d, 0x10, 0x08, 0x08, 0x0c, 0x28, 0x42, 0x62,
  0x41, 0x6a, 0x9e, 0x71, 0x92, 0xb9, 0x9b, 0xb4, 0xd4, 0x39, 0x56, 0x78,
  0x00, 0x00, 0x00, 0x04, 0x03, 0x07, 0x09, 0x08, 0x10, 0x08, 0x0a, 0x15,
  0x08, 0x18, 0x27, 0x42, 0x68, 0x90, 0x21, 0x44, 0x63, 0x27, 0x4d, 0x6d,
  0x38, 0x6c, 0x92, 0x0e, 0x83, 0x94, 0x5f, 0xc5, 0xcd, 0xf8, 0xff, 0xff,
  0xbc, 0xe5, 0xf4, 0xbc, 0xde, 0xf4, 0xe4, 0xf2, 0xfb, 0xd7, 0xed, 0xfa,
  0xed, 0xff, 0xff, 0x7c, 0xb7, 0xcd, 0x4b, 0x7b, 0xa6, 0x37, 0x63, 0x8f,
  0x3c, 0x69, 0x94, 0x32, 0x6a, 0x9b, 0x61, 0x9d, 0xd3, 0xb5, 0xcd, 0xff,
  0xc6, 0xe1, 0xfb, 0xbf, 0xd7, 0xfc, 0x61, 0x81, 0xde, 0x47, 0x67, 0xca,
  0x49, 0x69, 0xc3, 0x5f, 0x7a, 0xcb, 0x67, 0x87, 0xcc, 0x7d, 0xaf, 0xde,
  0x7a, 0xb2, 0xe5, 0x62, 0xa1, 0xdb, 0x1a, 0x56, 0x7b, 0x00, 0x19, 0x28,
  0x03, 0x1d, 0x32, 0x03, 0x21, 0x34, 0x03, 0x21, 0x34, 0x03, 0x1f, 0x31,
  0x04, 0x1e, 0x30, 0x04, 0x1e, 0x2e, 0x03, 0x16, 0x26, 0x02, 0x0b, 0x1b,
  0x02, 0x04, 0x11, 0x02, 0x04, 0x0e, 0x01, 0x03, 0x0e, 0x01, 0x02, 0x11,
  0x02, 0x02, 0x12, 0x02, 0x04, 0x13, 0x02, 0x05, 0x13, 0x02, 0x05, 0x13,
  0x00, 0x04, 0x0f, 0x1e, 0x38, 0x4c, 0x4d, 0x71, 0x9e, 0x5e, 0x85, 0xb2,
  0x61, 0x89, 0xb4, 0x67, 0x89, 0xb2, 0x66, 0x88, 0xb0, 0x63, 0x87, 0xb1,
  0x65, 0x87, 0xb2, 0x66, 0x87, 0xb2, 0x65, 0x87, 0xb2, 0x64, 0x86, 0xb2,
  0x64, 0x87, 0xb2, 0x4b, 0x71, 0xaf, 0x3e, 0x62, 0xaf, 0x4b, 0x6c, 0xb8,
  0x64, 0x83, 0xc5, 0x6d, 0x8b, 0xc8, 0x6d, 0x89, 0xc4, 0x4e, 0x57, 0xa1,
  0x3b, 0x47, 0x81, 0x62, 0x73, 0x9b, 0x7c, 0x85, 0xae, 0xa4, 0xad, 0xc7,
  0xb0, 0xbe, 0xd7, 0xa9, 0xbb, 0xd7, 0x90, 0xa8, 0xd0, 0x7b, 0x94, 0xc2,
  0x38, 0x3a, 0x80, 0x41, 0x4f, 0x93, 0x54, 0x75, 0xb4, 0x60, 0x7e, 0xbf,
  0x44, 0x63, 0xad, 0x30, 0x56, 0x9a, 0x27, 0x5f, 0x9a, 0x2b, 0x64, 0xa0,
  0x2a, 0x64, 0x9f, 0x2a, 0x64, 0x9f, 0x2a, 0x65, 0xa0, 0x2b, 0x65, 0x9f,
  0x2b, 0x64, 0x9f, 0x2b, 0x64, 0xa0, 0x2a, 0x63, 0xa0, 0x2b, 0x64, 0xa1,
  0x2d, 0x65, 0xa2, 0x3a, 0x6d, 0xa3, 0x54, 0x7b, 0xad, 0x64, 0x85, 0xb3,
  0x16, 0x20, 0x2e, 0x10, 0x12, 0x17, 0x12, 0x15, 0x1a, 0x12, 0x15, 0x1a,
  0x11, 0x13, 0x19, 0x12, 0x12, 0x17, 0x0e, 0x0e, 0x14, 0x0e, 0x0e, 0x15,
  0x0d, 0x0b, 0x15, 0x0c, 0x0b, 0x13, 0x0c, 0x0b, 0x14, 0x0e, 0x0d, 0x16,
  0x0c, 0x0b, 0x11, 0x08, 0x07, 0x0c, 0x08, 0x07, 0x0d, 0x09, 0x0a, 0x0f,
  0x0c, 0x0e, 0x13, 0x0c, 0x0d, 0x14, 0x12, 0x0f, 0x16, 0x11, 0x0f, 0x15,
  0x08, 0x05, 0x0d, 0x10, 0x10, 0x14, 0x10, 0x0e, 0x0f, 0x0c, 0x11, 0x17,
  0x1c, 0x3d, 0x63, 0x51, 0x79, 0xaa, 0x9a, 0xb3, 0xd0, 0x57, 0x7b, 0xa6,
  0x00, 0x06, 0x12, 0x08, 0x05, 0x0c, 0x08, 0x05, 0x0f, 0x09, 0x08, 0x13,
  0x08, 0x0d, 0x19, 0x2d, 0x4e, 0x6e, 0x2f, 0x4f, 0x6f, 0x12, 0x2e, 0x4b,
  0x4b, 0x88, 0xa8, 0x0e, 0x92, 0x9a, 0x53, 0xb6, 0xb8, 0xff, 0xff, 0xff,
  0xbb, 0xdc, 0xee, 0xa4, 0xcc, 0xe9, 0xd1, 0xe5, 0xf7, 0xbd, 0xda, 0xf2,
  0xd5, 0xe9, 0xf7, 0xe5, 0xf9, 0xff, 0x54, 0x88, 0xaa, 0x2f, 0x57, 0x7f,
  0x2a, 0x56, 0x7c, 0x63, 0x93, 0xbd, 0xac, 0xce, 0xfc, 0x72, 0x9e, 0xec,
  0x9d, 0xbb, 0xf1, 0x5e, 0x87, 0xdb, 0x32, 0x54, 0xb5, 0x5d, 0x70, 0xb8,
  0x3e, 0x5c, 0xae, 0x53, 0x6f, 0xb3, 0x86, 0x9d, 0xce, 0x55, 0x83, 0xc2,
  0x7b, 0xaf, 0xe1, 0x65, 0xa3, 0xdd, 0x1c, 0x57, 0x7d, 0x00, 0x1a, 0x29,
  0x04, 0x1e, 0x32, 0x01, 0x20, 0x33, 0x03, 0x21, 0x34, 0x04, 0x20, 0x32,
  0x03, 0x1e, 0x2f, 0x03, 0x1d, 0x2e, 0x04, 0x15, 0x26, 0x02, 0x0a, 0x1a,
  0x02, 0x03, 0x10, 0x01, 0x03, 0x0e, 0x02, 0x03, 0x10, 0x02, 0x03, 0x11,
  0x02, 0x03, 0x11, 0x01, 0x02, 0x11, 0x02, 0x05, 0x13, 0x02, 0x05, 0x14,
  0x00, 0x04, 0x0f, 0x1e, 0x37, 0x4b, 0x4c, 0x70, 0x9d, 0x5f, 0x85, 0xb1,
  0x61, 0x89, 0xb4, 0x66, 0x88, 0xb3, 0x66, 0x88, 0xb0, 0x64, 0x87, 0xb1,
  0x65, 0x87, 0xb2, 0x66, 0x88, 0xb3, 0x65, 0x87, 0xb2, 0x64, 0x86, 0xb1,
  0x67, 0x89, 0xb3, 0x51, 0x75, 0xb0, 0x34, 0x5d, 0xaa, 0x45, 0x67, 0xb3,
  0x57, 0x76, 0xc0, 0x60, 0x81, 0xc5, 0x66, 0x84, 0xc2, 0x5d, 0x72, 0xb8,
  0x43, 0x45, 0x9d, 0x42, 0x4a, 0x8d, 0x47, 0x4f, 0x8a, 0x4d, 0x54, 0x8f,
  0x5a, 0x63, 0x9a, 0x55, 0x66, 0x9e, 0x4f, 0x65, 0x96, 0x3d, 0x4b, 0x85,
  0x41, 0x48, 0x96, 0x5a, 0x77, 0xb7, 0x70, 0x8a, 0xc4, 0x59, 0x78, 0xbb,
  0x38, 0x59, 0xa1, 0x27, 0x55, 0x93, 0x28, 0x60, 0x9b, 0x2c, 0x64, 0x9f,
  0x2b, 0x65, 0xa0, 0x2b, 0x65, 0xa0, 0x2b, 0x64, 0xa0, 0x2a, 0x64, 0xa0,
  0x29, 0x64, 0xa1, 0x29, 0x64, 0xa0, 0x2a, 0x64, 0xa0, 0x2b, 0x64, 0xa0,
  0x32, 0x69, 0xa2, 0x44, 0x72, 0xa8, 0x5c, 0x7f, 0xb0, 0x66, 0x86, 0xb3,
  0x0c, 0x11, 0x1b, 0x05, 0x07, 0x0f, 0x08, 0x0a, 0x12, 0x0c, 0x0b, 0x12,
  0x0f, 0x10, 0x15, 0x0f, 0x0e, 0x16, 0x0d, 0x0d, 0x16, 0x0d, 0x0e, 0x16,
  0x0c, 0x0b, 0x15, 0x0c, 0x0c, 0x13, 0x0b, 0x0b, 0x13, 0x0b, 0x0a, 0x13,
  0x0d, 0x0d, 0x14, 0x0b, 0x0a, 0x11, 0x0f, 0x0d, 0x12, 0x0a, 0x0b, 0x10,
  0x0a, 0x0c, 0x12, 0x10, 0x11, 0x16, 0x14, 0x13, 0x17, 0x0b, 0x0a, 0x11,
  0x0f, 0x0d, 0x14, 0x0a, 0x0a, 0x12, 0x08, 0x0a, 0x11, 0x04, 0x01, 0x04,
  0x0c, 0x1c, 0x30, 0x48, 0x73, 0xa4, 0x80, 0x9b, 0xbe, 0x56, 0x7e, 0xb3,
  0x0b, 0x21, 0x3d, 0x06, 0x03, 0x08, 0x0d, 0x0b, 0x14, 0x06, 0x05, 0x0f,
  0x07, 0x06, 0x10, 0x1a, 0x32, 0x48, 0x2e, 0x4b, 0x6e, 0x10, 0x25, 0x3c,
  0x29, 0x5b, 0x71, 0x00, 0x86, 0x8f, 0xb5, 0xe3, 0xe6, 0xe1, 0xf1, 0xfc,
  0xa1, 0xc8, 0xe1, 0xbf, 0xd9, 0xed, 0xbf, 0xdd, 0xf3, 0xb1, 0xce, 0xe9,
  0xd2, 0xe5, 0xf7, 0x89, 0xaf, 0xcb, 0x21, 0x4e, 0x73, 0x33, 0x55, 0x77,
  0x23, 0x4a, 0x6c, 0x69, 0x93, 0xd0, 0x9b, 0xbd, 0xfa, 0x5f, 0x7f, 0xd3,
  0x42, 0x68, 0xc2, 0x4c, 0x6a, 0xbc, 0x46, 0x62, 0xb4, 0x51, 0x6c, 0xb6,
  0x54, 0x6d, 0xb5, 0x2b, 0x53, 0x9c, 0x68, 0x8b, 0xc7, 0x66, 0x86, 0xc6,
  0x65, 0x96, 0xd4, 0x67, 0xa6, 0xdf, 0x1c, 0x58, 0x7d, 0x01, 0x1a, 0x29,
  0x03, 0x1e, 0x31, 0x03, 0x21, 0x35, 0x02, 0x22, 0x35, 0x03, 0x1f, 0x33,
  0x04, 0x1e, 0x31, 0x04, 0x1c, 0x2f, 0x04, 0x15, 0x26, 0x03, 0x0b, 0x1b,
  0x01, 0x03, 0x11, 0x01, 0x03, 0x0e, 0x01, 0x03, 0x0f, 0x01, 0x02, 0x10,
  0x01, 0x02, 0x10, 0x02, 0x04, 0x11, 0x01, 0x06, 0x13, 0x02, 0x07, 0x15,
  0x00, 0x04, 0x0e, 0x1d, 0x36, 0x4a, 0x4c, 0x6f, 0x9c, 0x5d, 0x85, 0xb1,
  0x61, 0x89, 0xb4, 0x66, 0x89, 0xb4, 0x65, 0x88, 0xb0, 0x64, 0x87, 0xb0,
  0x64, 0x87, 0xb2, 0x65, 0x88, 0xb3, 0x65, 0x87, 0xb2, 0x65, 0x87, 0xb2,
  0x67, 0x8a, 0xb3, 0x54, 0x79, 0xb0, 0x2f, 0x5d, 0xa4, 0x3d, 0x61, 0xac,
  0x4a, 0x6a, 0xb6, 0x57, 0x79, 0xbd, 0x5e, 0x7c, 0xbd, 0x62, 0x7e, 0xbc,
  0x4e, 0x5d, 0xaf, 0x54, 0x53, 0xb1, 0x6f, 0x70, 0xba, 0x71, 0x77, 0xbb,
  0x70, 0x7b, 0xb8, 0x5d, 0x6b, 0xad, 0x4b, 0x5b, 0x9f, 0x39, 0x43, 0x95,
  0x4c, 0x64, 0xae, 0x5d, 0x7e, 0xbb, 0x63, 0x80, 0xbf, 0x43, 0x62, 0xaa,
  0x29, 0x52, 0x93, 0x27, 0x5b, 0x95, 0x2a, 0x63, 0x9d, 0x2b, 0x65, 0xa0,
  0x2a, 0x65, 0xa0, 0x2a, 0x65, 0xa0, 0x2a, 0x64, 0xa1, 0x29, 0x65, 0xa1,
  0x28, 0x66, 0xa1, 0x2a, 0x64, 0xa1, 0x2b, 0x64, 0xa0, 0x2d, 0x66, 0xa1,
  0x3b, 0x6c, 0xa4, 0x4f, 0x78, 0xab, 0x5f, 0x82, 0xb2, 0x67, 0x87, 0xb4,
  0x0a, 0x0e, 0x16, 0x09, 0x0a, 0x12, 0x08, 0x07, 0x11, 0x07, 0x04, 0x0f,
  0x07, 0x06, 0x0f, 0x0d, 0x0e, 0x13, 0x0e, 0x0e, 0x14, 0x0d, 0x0d, 0x15,
  0x0c, 0x0b, 0x13, 0x0d, 0x0c, 0x13, 0x0e, 0x0c, 0x14, 0x0d, 0x0b, 0x14,
  0x0e, 0x0d, 0x15, 0x0a, 0x0a, 0x12, 0x06, 0x05, 0x0f, 0x0c, 0x0c, 0x11,
  0x0b, 0x09, 0x10, 0x12, 0x10, 0x16, 0x10, 0x0e, 0x15, 0x07, 0x08, 0x11,
  0x0c, 0x0d, 0x16, 0x11, 0x12, 0x19, 0x0d, 0x0e, 0x15, 0x02, 0x01, 0x08,
  0x4f, 0x62, 0x7b, 0x75, 0x94, 0xbc, 0x41, 0x6e, 0x9e, 0x43, 0x70, 0xa9,
  0x20, 0x45, 0x74, 0x05, 0x06, 0x0f, 0x0d, 0x0d, 0x14, 0x0b, 0x0a, 0x13,
  0x04, 0x01, 0x0c, 0x0f, 0x1b, 0x2c, 0x29, 0x43, 0x5f, 0x10, 0x22, 0x37,
  0x1b, 0x3b, 0x4b, 0x03, 0x70, 0x7b, 0x5e, 0xba, 0xcd, 0xb4, 0xd7, 0xee,
  0xaf, 0xcd, 0xe0, 0xd2, 0xe5, 0xf5, 0xc9, 0xe2, 0xf6, 0xaf, 0xcd, 0xe5,
  0xc1, 0xde, 0xf5, 0x47, 0x75, 0x96, 0x23, 0x45, 0x68, 0x2f, 0x4f, 0x6f,
  0x1d, 0x3c, 0x5c, 0x63, 0x8e, 0xc2, 0xb4, 0xcb, 0xff, 0x74, 0x87, 0xd0,
  0x3c, 0x5c, 0xaa, 0x48, 0x64, 0xae, 0x4c, 0x6a, 0xb4, 0x58, 0x78, 0xba,
  0x65, 0x80, 0xbe, 0x50, 0x73, 0xbf, 0x73, 0x91, 0xcf, 0x7d, 0x98, 0xcf,
  0x63, 0x89, 0xcd, 0x6a, 0xa0, 0xe0, 0x1e, 0x5b, 0x80, 0x00, 0x19, 0x29,
  0x04, 0x1d, 0x31, 0x03, 0x22, 0x35, 0x02, 0x21, 0x34, 0x02, 0x1f, 0x32,
  0x03, 0x1e, 0x31, 0x03, 0x1c, 0x2e, 0x03, 0x14, 0x26, 0x02, 0x0b, 0x1a,
  0x01, 0x04, 0x11, 0x01, 0x02, 0x0d, 0x01, 0x03, 0x0e, 0x00, 0x01, 0x0e,
  0x01, 0x03, 0x11, 0x01, 0x05, 0x13, 0x03, 0x06, 0x14, 0x03, 0x05, 0x14,
  0x00, 0x03, 0x0d, 0x1d, 0x36, 0x49, 0x4c, 0x70, 0x9c, 0x5c, 0x85, 0xb2,
  0x62, 0x89, 0xb5, 0x66, 0x89, 0xb4, 0x65, 0x88, 0xb1, 0x64, 0x88, 0xb0,
  0x64, 0x87, 0xb2, 0x65, 0x88, 0xb3, 0x66, 0x88, 0xb3, 0x65, 0x88, 0xb3,
  0x67, 0x8a, 0xb3, 0x5c, 0x7f, 0xb2, 0x36, 0x5e, 0xa4, 0x3a, 0x5e, 0xa8,
  0x3e, 0x63, 0xae, 0x51, 0x72, 0xb8, 0x58, 0x78, 0xbb, 0x5f, 0x7a, 0xbc,
  0x5c, 0x76, 0xba, 0x4b, 0x5a, 0xb1, 0x61, 0x62, 0xba, 0x62, 0x62, 0xba,
  0x58, 0x58, 0xb6, 0x4f, 0x51, 0xb3, 0x3e, 0x46, 0xa4, 0x3f, 0x54, 0xa2,
  0x51, 0x72, 0xb3, 0x5b, 0x7a, 0xb8, 0x4a, 0x68, 0xae, 0x30, 0x51, 0x96,
  0x22, 0x56, 0x8f, 0x28, 0x62, 0x9b, 0x29, 0x63, 0x9e, 0x2c, 0x65, 0xa0,
  0x2a, 0x66, 0xa1, 0x2a, 0x66, 0xa1, 0x29, 0x65, 0xa1, 0x27, 0x64, 0xa0,
  0x29, 0x65, 0xa1, 0x2b, 0x64, 0xa1, 0x2d, 0x64, 0xa1, 0x30, 0x66, 0xa2,
  0x40, 0x70, 0xa8, 0x55, 0x7c, 0xae, 0x63, 0x84, 0xb3, 0x68, 0x87, 0xb4,
  0x0b, 0x0e, 0x16, 0x0b, 0x0d, 0x15, 0x09, 0x0a, 0x12, 0x0a, 0x0b, 0x13,
  0x0e, 0x0d, 0x15, 0x0e, 0x0d, 0x14, 0x0e, 0x0e, 0x14, 0x0f, 0x0f, 0x15,
  0x0d, 0x0e, 0x13, 0x0f, 0x0e, 0x12, 0x0e, 0x0b, 0x13, 0x0d, 0x0a, 0x14,
  0x0c, 0x0c, 0x15, 0x0d, 0x0d, 0x16, 0x08, 0x07, 0x11, 0x0a, 0x08, 0x0f,
  0x0a, 0x07, 0x10, 0x0c, 0x08, 0x13, 0x0c, 0x09, 0x12, 0x0e, 0x0d, 0x15,
  0x0e, 0x0e, 0x15, 0x12, 0x12, 0x1a, 0x0e, 0x0a, 0x0f, 0x26, 0x2e, 0x39,
  0x89, 0xa5, 0xc8, 0x54, 0x78, 0xa2, 0x72, 0x93, 0xb9, 0x5c, 0x83, 0xb4,
  0x3f, 0x6d, 0xa9, 0x19, 0x30, 0x4f, 0x08, 0x05, 0x0d, 0x0e, 0x0d, 0x17,
  0x09, 0x09, 0x13, 0x08, 0x0e, 0x1c, 0x24, 0x3b, 0x53, 0x12, 0x21, 0x38,
  0x17, 0x29, 0x39, 0x10, 0x54, 0x5e, 0x11, 0x8d, 0x99, 0x89, 0xd1, 0xe5,
  0xc4, 0xd7, 0xe7, 0xd5, 0xe7, 0xf7, 0xc2, 0xdd, 0xf1, 0xb1, 0xce, 0xe7,
  0xa3, 0xca, 0xe4, 0x2a, 0x56, 0x78, 0x29, 0x48, 0x6a, 0x2b, 0x48, 0x67,
  0x1e, 0x3b, 0x56, 0x4a, 0x6b, 0x95, 0x5f, 0x77, 0xbd, 0x17, 0x39, 0x6f,
  0x3d, 0x5e, 0x9b, 0x4c, 0x70, 0xaf, 0x4f, 0x76, 0xb2, 0x4f, 0x77, 0xb5,
  0x5c, 0x78, 0xb3, 0x4b, 0x6d, 0xb8, 0x6e, 0x8e, 0xcf, 0x83, 0x9f, 0xd1,
  0x6d, 0x8e, 0xcb, 0x55, 0x83, 0xcc, 0x20, 0x55, 0x7c, 0x00, 0x1b, 0x29,
  0x04, 0x1c, 0x30, 0x04, 0x20, 0x34, 0x03, 0x20, 0x33, 0x01, 0x1f, 0x32,
  0x02, 0x1d, 0x31, 0x02, 0x1c, 0x2c, 0x03, 0x14, 0x24, 0x02, 0x0a, 0x19,
  0x01, 0x03, 0x11, 0x01, 0x02, 0x0d, 0x01, 0x03, 0x0e, 0x01, 0x02, 0x0f,
  0x03, 0x03, 0x12, 0x02, 0x05, 0x13, 0x02, 0x06, 0x13, 0x02, 0x05, 0x14,
  0x00, 0x03, 0x0d, 0x1b, 0x36, 0x47, 0x4c, 0x70, 0x9c, 0x5d, 0x85, 0xb2,
  0x62, 0x89, 0xb4, 0x66, 0x8a, 0xb4, 0x66, 0x88, 0xb0, 0x65, 0x88, 0xb0,
  0x65, 0x87, 0xb2, 0x66, 0x88, 0xb3, 0x66, 0x88, 0xb3, 0x65, 0x87, 0xb2,
  0x65, 0x88, 0xb3, 0x61, 0x84, 0xb2, 0x3c, 0x60, 0xa5, 0x34, 0x5c, 0xa1,
  0x38, 0x5f, 0xa7, 0x46, 0x67, 0xb1, 0x59, 0x76, 0xbb, 0x5b, 0x79, 0xbb,
  0x58, 0x73, 0xba, 0x5e, 0x77, 0xbd, 0x4d, 0x64, 0xb6, 0x48, 0x5b, 0xb0,
  0x46, 0x54, 0xad, 0x3d, 0x4e, 0xa7, 0x3f, 0x58, 0xa6, 0x4a, 0x6a, 0xad,
  0x54, 0x74, 0xb5, 0x4b, 0x6b, 0xad, 0x35, 0x54, 0x95, 0x18, 0x3f, 0x78,
  0x25, 0x58, 0x8e, 0x2c, 0x66, 0x9e, 0x2d, 0x65, 0x9f, 0x2a, 0x65, 0xa0,
  0x2b, 0x66, 0xa1, 0x2a, 0x66, 0xa1, 0x2a, 0x66, 0xa1, 0x2a, 0x65, 0xa1,
  0x29, 0x65, 0xa1, 0x2b, 0x65, 0xa1, 0x2b, 0x64, 0xa1, 0x2e, 0x66, 0xa2,
  0x41, 0x70, 0xa8, 0x58, 0x7d, 0xaf, 0x64, 0x85, 0xb3, 0x68, 0x88, 0xb5,
  0x0b, 0x0d, 0x15, 0x0a, 0x0c, 0x15, 0x0a, 0x0c, 0x14, 0x0d, 0x0f, 0x17,
  0x0e, 0x0f, 0x17, 0x0d, 0x0c, 0x16, 0x0e, 0x0d, 0x16, 0x0f, 0x0f, 0x16,
  0x0f, 0x0f, 0x14, 0x0e, 0x0e, 0x13, 0x0e, 0x0d, 0x15, 0x0d, 0x0c, 0x15,
  0x0a, 0x0b, 0x15, 0x0e, 0x0f, 0x18, 0x0d, 0x0c, 0x14, 0x0a, 0x09, 0x0f,
  0x0c, 0x0a, 0x10, 0x0d, 0x0b, 0x13, 0x0f, 0x0b, 0x16, 0x12, 0x0f, 0x18,
  0x0d, 0x0b, 0x15, 0x0c, 0x0b, 0x15, 0x03, 0x00, 0x05, 0x45, 0x56, 0x6a,
  0x5c, 0x82, 0xb3, 0x51, 0x76, 0xa0, 0x85, 0xa1, 0xc2, 0x5c, 0x86, 0xb8,
  0x47, 0x75, 0xac, 0x48, 0x71, 0xa2, 0x10, 0x18, 0x26, 0x0c, 0x0b, 0x14,
  0x0b, 0x0c, 0x15, 0x0b, 0x15, 0x21, 0x21, 0x35, 0x4f, 0x16, 0x25, 0x3f,
  0x14, 0x1e, 0x34, 0x17, 0x31, 0x3b, 0x00, 0x4d, 0x48, 0x1a, 0x93, 0x98,
  0x9e, 0xc5, 0xe5, 0xc0, 0xd7, 0xfb, 0xc3, 0xe1, 0xf6, 0x88, 0xc3, 0xe0,
  0x34, 0x80, 0xa2, 0x28, 0x49, 0x6b, 0x2f, 0x4c, 0x6e, 0x25, 0x43, 0x5e,
  0x24, 0x40, 0x5c, 0x1b, 0x35, 0x50, 0x1b, 0x33, 0x4b, 0x1a, 0x32, 0x48,
  0x35, 0x55, 0x8d, 0x4e, 0x76, 0xb0, 0x6b, 0x8d, 0xc1, 0x60, 0x83, 0xbe,
  0x45, 0x6a, 0xab, 0x47, 0x6a, 0xb1, 0x6c, 0x8c, 0xcb, 0x84, 0xa0, 0xd2,
  0x79, 0x98, 0xce, 0x45, 0x6e, 0xb7, 0x15, 0x47, 0x72, 0x01, 0x1d, 0x2a,
  0x02, 0x1b, 0x2e, 0x03, 0x1f, 0x33, 0x03, 0x20, 0x34, 0x02, 0x1e, 0x32,
  0x02, 0x1c, 0x30, 0x02, 0x1c, 0x2c, 0x04, 0x14, 0x24, 0x02, 0x09, 0x19,
  0x02, 0x04, 0x10, 0x01, 0x03, 0x0e, 0x01, 0x03, 0x0f, 0x01, 0x02, 0x10,
  0x02, 0x03, 0x11, 0x02, 0x06, 0x13, 0x01, 0x07, 0x14, 0x02, 0x06, 0x15,
  0x00, 0x04, 0x10, 0x1a, 0x34, 0x47, 0x4b, 0x70, 0x9c, 0x5d, 0x86, 0xb2,
  0x62, 0x89, 0xb4, 0x67, 0x89, 0xb4, 0x66, 0x88, 0xb1, 0x65, 0x88, 0xb2,
  0x65, 0x88, 0xb3, 0x65, 0x88, 0xb3, 0x66, 0x88, 0xb3, 0x66, 0x88, 0xb3,
  0x66, 0x89, 0xb4, 0x63, 0x86, 0xb4, 0x3f, 0x64, 0xa6, 0x31, 0x59, 0x9c,
  0x36, 0x59, 0xa0, 0x3b, 0x5d, 0xa7, 0x4b, 0x6a, 0xb2, 0x5e, 0x7b, 0xbe,
  0x5d, 0x78, 0xbe, 0x69, 0x7f, 0xc1, 0x6a, 0x81, 0xc1, 0x57, 0x72, 0xb9,
  0x51, 0x6b, 0xb6, 0x4c, 0x68, 0xb3, 0x4b, 0x6b, 0xb3, 0x52, 0x72, 0xb4,
  0x45, 0x65, 0xa7, 0x35, 0x53, 0x95, 0x26, 0x4b, 0x83, 0x33, 0x53, 0x88,
  0x27, 0x4e, 0x8a, 0x2b, 0x62, 0x9a, 0x2b, 0x65, 0x9f, 0x29, 0x66, 0xa1,
  0x2a, 0x66, 0xa1, 0x2b, 0x66, 0xa2, 0x29, 0x65, 0xa1, 0x2a, 0x66, 0xa2,
  0x2a, 0x66, 0xa2, 0x2b, 0x65, 0xa1, 0x2b, 0x65, 0xa2, 0x2e, 0x67, 0xa3,
  0x3a, 0x6f, 0xa6, 0x51, 0x79, 0xae, 0x60, 0x81, 0xb2, 0x66, 0x86, 0xb4,
  0x0a, 0x0c, 0x15, 0x0b, 0x0d, 0x15, 0x0f, 0x0f, 0x16, 0x0e, 0x0f, 0x16,
  0x0c, 0x0e, 0x17, 0x0e, 0x0d, 0x17, 0x0f, 0x0d, 0x16, 0x0e, 0x0d, 0x16,
  0x0e, 0x0e, 0x15, 0x0e, 0x0f, 0x14, 0x0d, 0x0c, 0x15, 0x0d, 0x0c, 0x15,
  0x0c, 0x0d, 0x15, 0x0b, 0x0e, 0x16, 0x0e, 0x0e, 0x15, 0x0b, 0x0a, 0x11,
  0x0a, 0x0a, 0x11, 0x0e, 0x0b, 0x13, 0x10, 0x0e, 0x15, 0x11, 0x0f, 0x18,
  0x11, 0x10, 0x19, 0x0f, 0x0d, 0x17, 0x04, 0x05, 0x0b, 0x52, 0x6a, 0x85,
  0x4c, 0x74, 0xa9, 0x5e, 0x82, 0xaa, 0x81, 0x9d, 0xbf, 0x60, 0x8a, 0xba,
  0x4e, 0x7a, 0xaf, 0x55, 0x81, 0xb6, 0x3a, 0x54, 0x72, 0x06, 0x06, 0x0d,
  0x0f, 0x0e, 0x16, 0x0c, 0x14, 0x20, 0x1f, 0x31, 0x48, 0x19, 0x28, 0x40,
  0x0d, 0x18, 0x2a, 0x1f, 0x36, 0x52, 0x4d, 0x77, 0x98, 0x42, 0x88, 0xab,
  0x63, 0x9b, 0xe4, 0x88, 0xb0, 0xec, 0xac, 0xd1, 0xeb, 0xb1, 0xd7, 0xf7,
  0x4d, 0x8b, 0xba, 0x20, 0x4f, 0x73, 0x23, 0x42, 0x62, 0x29, 0x45, 0x62,
  0x23, 0x3e, 0x59, 0x20, 0x37, 0x51, 0x1b, 0x32, 0x48, 0x17, 0x2f, 0x45,
  0x3d, 0x5f, 0x97, 0x48, 0x70, 0xb0, 0x6f, 0x90, 0xc3, 0x70, 0x8f, 0xc6,
  0x5e, 0x80, 0xbd, 0x71, 0x8c, 0xc3, 0x7d, 0x98, 0xcb, 0x87, 0xa3, 0xd0,
  0x6e, 0x90, 0xc7, 0x48, 0x71, 0xba, 0x1e, 0x51, 0x7a, 0x00, 0x1b, 0x28,
  0x03, 0x1c, 0x2e, 0x02, 0x20, 0x33, 0x02, 0x20, 0x33, 0x03, 0x1d, 0x31,
  0x03, 0x1c, 0x30, 0x03, 0x1c, 0x2d, 0x03, 0x12, 0x24, 0x01, 0x08, 0x19,
  0x01, 0x04, 0x0f, 0x01, 0x03, 0x0e, 0x02, 0x03, 0x10, 0x01, 0x02, 0x10,
  0x01, 0x03, 0x11, 0x02, 0x06, 0x13, 0x03, 0x06, 0x14, 0x02, 0x08, 0x15,
  0x00, 0x05, 0x10, 0x1a, 0x34, 0x47, 0x4b, 0x70, 0x9b, 0x5d, 0x85, 0xb2,
  0x63, 0x89, 0xb5, 0x67, 0x89, 0xb4, 0x66, 0x87, 0xb0, 0x65, 0x88, 0xb3,
  0x65, 0x88, 0xb3, 0x65, 0x88, 0xb3, 0x65, 0x88, 0xb3, 0x65, 0x88, 0xb3,
  0x66, 0x89, 0xb4, 0x66, 0x88, 0xb5, 0x43, 0x6a, 0xa8, 0x36, 0x5b, 0x9e,
  0x31, 0x56, 0x9b, 0x36, 0x5a, 0xa0, 0x3a, 0x5c, 0xa5, 0x4f, 0x6c, 0xb3,
  0x67, 0x81, 0xc3, 0x7c, 0x8f, 0xca, 0x86, 0x95, 0xcb, 0x6e, 0x83, 0xc5,
  0x5c, 0x75, 0xbe, 0x4f, 0x6c, 0xb8, 0x58, 0x74, 0xba, 0x42, 0x62, 0xa5,
  0x32, 0x52, 0x92, 0x35, 0x55, 0x8e, 0x38, 0x59, 0x90, 0x2d, 0x52, 0x8d,
  0x28, 0x4d, 0x8c, 0x26, 0x53, 0x90, 0x2c, 0x63, 0x9e, 0x2c, 0x67, 0xa2,
  0x2b, 0x67, 0xa2, 0x2b, 0x66, 0xa2, 0x2a, 0x67, 0xa3, 0x2a, 0x66, 0xa2,
  0x2a, 0x66, 0xa2, 0x2b, 0x65, 0xa1, 0x2a, 0x65, 0xa1, 0x2d, 0x67, 0xa2,
  0x34, 0x6b, 0xa4, 0x45, 0x73, 0xa9, 0x57, 0x7d, 0xb0, 0x63, 0x84, 0xb2,
  0x08, 0x0a, 0x13, 0x0a, 0x0b, 0x13, 0x0e, 0x0e, 0x14, 0x0e, 0x0d, 0x15,
  0x0d, 0x0f, 0x17, 0x0e, 0x0e, 0x17, 0x0f, 0x0e, 0x17, 0x0d, 0x0f, 0x16,
  0x0f, 0x0f, 0x16, 0x0f, 0x0e, 0x14, 0x0f, 0x0e, 0x16, 0x0d, 0x0c, 0x15,
  0x0c, 0x0e, 0x14, 0x0a, 0x0d, 0x15, 0x0e, 0x0e, 0x16, 0x0d, 0x0c, 0x14,
  0x09, 0x08, 0x12, 0x0d, 0x0a, 0x14, 0x0f, 0x0c, 0x14, 0x10, 0x0e, 0x17,
  0x10, 0x0e, 0x17, 0x0e, 0x0d, 0x16, 0x10, 0x10, 0x17, 0x62, 0x7d, 0xa0,
  0x49, 0x75, 0xac, 0x61, 0x85, 0xad, 0x7f, 0x9c, 0xbe, 0x6f, 0x94, 0xbf,
  0x58, 0x84, 0xb8, 0x44, 0x74, 0xab, 0x59, 0x7d, 0xa7, 0x12, 0x16, 0x22,
  0x12, 0x0d, 0x14, 0x09, 0x0d, 0x18, 0x1a, 0x28, 0x3d, 0x1c, 0x2a, 0x41,
  0x0b, 0x13, 0x26, 0x45, 0x5f, 0x93, 0x66, 0x8e, 0xd8, 0x8d, 0xb1, 0xef,
  0x9a, 0xbe, 0xf5, 0x78, 0xa9, 0xe6, 0x69, 0x9e, 0xe0, 0x9e, 0xc1, 0xf7,
  0xc2, 0xda, 0xff, 0xa2, 0xca, 0xf4, 0x39, 0x6d, 0x9b, 0x1d, 0x3c, 0x58,
  0x25, 0x3d, 0x5a, 0x20, 0x37, 0x50, 0x1d, 0x30, 0x46, 0x17, 0x2f, 0x46,
  0x57, 0x7c, 0xb6, 0x4c, 0x73, 0xb5, 0x66, 0x89, 0xbe, 0x80, 0x9b, 0xca,
  0x66, 0x88, 0xc1, 0x6c, 0x8b, 0xc0, 0x72, 0x90, 0xc4, 0x70, 0x92, 0xc6,
  0x60, 0x83, 0xbf, 0x48, 0x78, 0xbf, 0x26, 0x5c, 0x83, 0x00, 0x1a, 0x29,
  0x03, 0x1c, 0x30, 0x04, 0x20, 0x34, 0x02, 0x20, 0x33, 0x04, 0x1e, 0x32,
  0x04, 0x1d, 0x31, 0x03, 0x1c, 0x2d, 0x04, 0x13, 0x25, 0x02, 0x09, 0x18,
  0x01, 0x03, 0x0e, 0x01, 0x03, 0x0d, 0x02, 0x04, 0x10, 0x01, 0x02, 0x0f,
  0x01, 0x03, 0x0f, 0x02, 0x04, 0x12, 0x03, 0x08, 0x14, 0x02, 0x09, 0x17,
  0x00, 0x05, 0x11, 0x1c, 0x35, 0x46, 0x4a, 0x6f, 0x9a, 0x5d, 0x85, 0xb2,
  0x63, 0x89, 0xb5, 0x67, 0x8a, 0xb5, 0x66, 0x88, 0xb1, 0x64, 0x87, 0xb2,
  0x65, 0x88, 0xb3, 0x65, 0x88, 0xb3, 0x66, 0x89, 0xb4, 0x66, 0x89, 0xb4,
  0x65, 0x87, 0xb3, 0x68, 0x88, 0xb4, 0x4b, 0x71, 0xaa, 0x3a, 0x5f, 0xa0,
  0x34, 0x58, 0x9b, 0x35, 0x58, 0x9c, 0x37, 0x58, 0x9e, 0x38, 0x5a, 0xa1,
  0x4d, 0x69, 0xb3, 0x6a, 0x80, 0xc5, 0x71, 0x86, 0xc8, 0x6e, 0x82, 0xc7,
  0x61, 0x78, 0xc3, 0x57, 0x73, 0xba, 0x3d, 0x5e, 0xa3, 0x35, 0x57, 0x95,
  0x3f, 0x5e, 0x96, 0x3d, 0x5e, 0x94, 0x33, 0x58, 0x91, 0x2f, 0x54, 0x90,
  0x33, 0x58, 0x97, 0x2d, 0x55, 0x95, 0x29, 0x59, 0x98, 0x2c, 0x67, 0xa2,
  0x2c, 0x66, 0xa2, 0x2a, 0x66, 0xa2, 0x29, 0x66, 0xa2, 0x2a, 0x66, 0xa2,
  0x2a, 0x66, 0xa2, 0x2b, 0x65, 0xa2, 0x2c, 0x65, 0xa2, 0x2c, 0x65, 0xa2,
  0x2e, 0x68, 0xa2, 0x38, 0x6d, 0xa4, 0x49, 0x76, 0xaa, 0x5b, 0x7f, 0xb1,
  0x0b, 0x0d, 0x13, 0x08, 0x0a, 0x11, 0x0a, 0x0a, 0x11, 0x0e, 0x0e, 0x15,
  0x0c, 0x0e, 0x15, 0x0d, 0x0f, 0x17, 0x0c, 0x0f, 0x16, 0x0d, 0x10, 0x15,
  0x0d, 0x0e, 0x14, 0x0e, 0x0e, 0x14, 0x0f, 0x0f, 0x16, 0x0e, 0x0d, 0x16,
  0x0b, 0x0c, 0x12, 0x0b, 0x0c, 0x15, 0x0e, 0x0c, 0x15, 0x10, 0x0f, 0x16,
  0x0a, 0x0a, 0x12, 0x0b, 0x0a, 0x13, 0x0d, 0x0b, 0x15, 0x0f, 0x0e, 0x17,
  0x0f, 0x10, 0x19, 0x0b, 0x0a, 0x12, 0x1c, 0x20, 0x29, 0x6b, 0x8d, 0xb4,
  0x42, 0x73, 0xaa, 0x66, 0x8b, 0xb5, 0x8b, 0xa5, 0xc4, 0x7a, 0x9c, 0xc2,
  0x60, 0x89, 0xbc, 0x49, 0x76, 0xad, 0x4a, 0x78, 0xaf, 0x27, 0x37, 0x4f,
  0x0d, 0x08, 0x0e, 0x0b, 0x0c, 0x15, 0x14, 0x22, 0x30, 0x1e, 0x2b, 0x40,
  0x05, 0x0b, 0x17, 0x31, 0x4d, 0x7c, 0x57, 0x7a, 0xbb, 0x60, 0x86, 0xc4,
  0x83, 0xaa, 0xe1, 0xad, 0xcc, 0xf8, 0xa3, 0xc7, 0xf7, 0xb5, 0xd3, 0xfb,
  0xa7, 0xc7, 0xf3, 0x8f, 0xb2, 0xe5, 0x81, 0xab, 0xeb, 0x2b, 0x58, 0x86,
  0x1c, 0x33, 0x4c, 0x20, 0x36, 0x4e, 0x1c, 0x2b, 0x40, 0x13, 0x2d, 0x44,
  0x70, 0x96, 0xcb, 0x5f, 0x80, 0xbd, 0x55, 0x7c, 0xb6, 0x82, 0x9c, 0xcc,
  0x7b, 0x96, 0xca, 0x62, 0x85, 0xc2, 0x64, 0x88, 0xc1, 0x69, 0x8c, 0xc3,
  0x53, 0x7c, 0xbc, 0x51, 0x88, 0xc8, 0x25, 0x60, 0x86, 0x00, 0x19, 0x29,
  0x03, 0x1c, 0x30, 0x03, 0x1f, 0x33, 0x02, 0x1f, 0x32, 0x03, 0x1d, 0x31,
  0x04, 0x1d, 0x31, 0x02, 0x1a, 0x2c, 0x03, 0x12, 0x23, 0x02, 0x08, 0x17,
  0x02, 0x03, 0x10, 0x01, 0x03, 0x10, 0x01, 0x02, 0x0f, 0x00, 0x02, 0x0e,
  0x01, 0x03, 0x0e, 0x02, 0x04, 0x11, 0x01, 0x06, 0x14, 0x02, 0x09, 0x17,
  0x00, 0x06, 0x10, 0x1b, 0x34, 0x45, 0x4b, 0x6f, 0x9a, 0x5c, 0x84, 0xb2,
  0x63, 0x89, 0xb4, 0x67, 0x89, 0xb4, 0x65, 0x88, 0xb1, 0x65, 0x88, 0xb3,
  0x67, 0x89, 0xb4, 0x65, 0x87, 0xb2, 0x63, 0x85, 0xb0, 0x5e, 0x83, 0xaf,
  0x65, 0x8a, 0xb5, 0x70, 0x92, 0xbe, 0x4d, 0x76, 0xae, 0x3c, 0x60, 0xa3,
  0x3a, 0x5c, 0x9f, 0x39, 0x5b, 0x9e, 0x34, 0x55, 0x98, 0x31, 0x52, 0x95,
  0x31, 0x50, 0x94, 0x35, 0x52, 0x9d, 0x3b, 0x56, 0xa3, 0x41, 0x5b, 0xa5,
  0x40, 0x5a, 0xa2, 0x2f, 0x52, 0x95, 0x3d, 0x61, 0x9b, 0x49, 0x6b, 0x9f,
  0x39, 0x5d, 0x92, 0x3a, 0x5e, 0x95, 0x36, 0x58, 0x91, 0x35, 0x59, 0x95,
  0x3a, 0x5e, 0x9e, 0x3b, 0x61, 0xa2, 0x32, 0x5b, 0x9d, 0x29, 0x5c, 0x9c,
  0x2d, 0x67, 0xa3, 0x2a, 0x67, 0xa3, 0x2a, 0x67, 0xa3, 0x2b, 0x67, 0xa3,
  0x2a, 0x66, 0xa2, 0x2b, 0x66, 0xa2, 0x2c, 0x65, 0xa2, 0x2d, 0x66, 0xa3,
  0x2d, 0x67, 0xa2, 0x31, 0x69, 0xa3, 0x39, 0x6f, 0xa6, 0x4a, 0x77, 0xac,
  0x0d, 0x0d, 0x12, 0x0c, 0x0c, 0x13, 0x09, 0x08, 0x11, 0x0d, 0x0b, 0x13,
  0x0f, 0x0e, 0x15, 0x0d, 0x0f, 0x15, 0x0c, 0x10, 0x15, 0x0d, 0x10, 0x16,
  0x0d, 0x0e, 0x16, 0x10, 0x0e, 0x17, 0x0f, 0x0e, 0x17, 0x0f, 0x0e, 0x15,
  0x0e, 0x0f, 0x16, 0x0b, 0x0d, 0x16, 0x0d, 0x0e, 0x14, 0x0f, 0x0f, 0x16,
  0x0d, 0x0d, 0x14, 0x09, 0x09, 0x12, 0x0e, 0x0d, 0x15, 0x10, 0x10, 0x17,
  0x11, 0x11, 0x1b, 0x0a, 0x0a, 0x10, 0x2c, 0x34, 0x3e, 0x6b, 0x91, 0xbd,
  0x48, 0x78, 0xac, 0x72, 0x95, 0xbc, 0x94, 0xad, 0xc9, 0x82, 0xa0, 0xc4,
  0x64, 0x8d, 0xbd, 0x59, 0x82, 0xb5, 0x38, 0x6a, 0xa7, 0x21, 0x44, 0x6d,
  0x0e, 0x0b, 0x0e, 0x0f, 0x0d, 0x17, 0x10, 0x19, 0x26, 0x18, 0x26, 0x39,
  0x1e, 0x32, 0x51, 0x3a, 0x5e, 0x97, 0x41, 0x70, 0xaf, 0x57, 0x7f, 0xba,
  0x5d, 0x80, 0xbf, 0x6b, 0x97, 0xd5, 0x95, 0xbb, 0xee, 0x97, 0xbe, 0xef,
  0x8d, 0xb3, 0xe9, 0x76, 0x9b, 0xd4, 0x72, 0x96, 0xd3, 0x51, 0x82, 0xc2,
  0x12, 0x35, 0x4f, 0x1f, 0x2f, 0x45, 0x0e, 0x1b, 0x2a, 0x0f, 0x25, 0x38,
  0x6d, 0x93, 0xc8, 0x5f, 0x81, 0xbb, 0x4e, 0x77, 0xb1, 0x77, 0x96, 0xc8,
  0x7f, 0x9b, 0xcb, 0x68, 0x8a, 0xc7, 0x62, 0x86, 0xc4, 0x63, 0x86, 0xc2,
  0x4a, 0x79, 0xbb, 0x5c, 0x98, 0xd2, 0x22, 0x60, 0x86, 0x00, 0x19, 0x29,
  0x03, 0x1b, 0x2e, 0x03, 0x1f, 0x33, 0x05, 0x1f, 0x33, 0x04, 0x1d, 0x31,
  0x03, 0x1c, 0x30, 0x02, 0x1b, 0x2d, 0x03, 0x12, 0x24, 0x02, 0x09, 0x17,
  0x01, 0x03, 0x11, 0x01, 0x02, 0x10, 0x01, 0x02, 0x10, 0x01, 0x02, 0x10,
  0x01, 0x03, 0x11, 0x01, 0x03, 0x11, 0x02, 0x05, 0x13, 0x02, 0x08, 0x16,
  0x01, 0x06, 0x10, 0x1b, 0x33, 0x46, 0x4a, 0x6f, 0x9a, 0x5e, 0x85, 0xb2,
  0x63, 0x89, 0xb5, 0x66, 0x8a, 0xb4, 0x67, 0x89, 0xb2, 0x65, 0x87, 0xb3,
  0x60, 0x85, 0xaf, 0x65, 0x8c, 0xbb, 0x70, 0x9a, 0xcf, 0x88, 0xb0, 0xe6,
  0x88, 0xb0, 0xea, 0x4f, 0x83, 0xc1, 0x5f, 0x8f, 0xd2, 0x3c, 0x62, 0xa8,
  0x3e, 0x61, 0xa2, 0x43, 0x65, 0xa6, 0x3e, 0x61, 0xa1, 0x35, 0x57, 0x98,
  0x31, 0x4f, 0x8f, 0x2b, 0x4a, 0x88, 0x2f, 0x4e, 0x8a, 0x34, 0x53, 0x8e,
  0x3c, 0x5b, 0x90, 0x4f, 0x6f, 0xa5, 0x57, 0x72, 0xaa, 0x3d, 0x5e, 0x93,
  0x46, 0x67, 0x9d, 0x42, 0x62, 0x9a, 0x3c, 0x5c, 0x96, 0x3f, 0x60, 0x9c,
  0x42, 0x65, 0xa4, 0x41, 0x67, 0xa7, 0x3b, 0x64, 0xa7, 0x30, 0x5b, 0x9f,
  0x2a, 0x5d, 0x9c, 0x2c, 0x68, 0xa4, 0x2a, 0x67, 0xa4, 0x2d, 0x68, 0xa4,
  0x2c, 0x68, 0xa4, 0x2b, 0x67, 0xa3, 0x2c, 0x66, 0xa3, 0x2d, 0x66, 0xa3,
  0x2d, 0x66, 0xa2, 0x2f, 0x68, 0xa3, 0x31, 0x6b, 0xa3, 0x3c, 0x6f, 0xa7,
  0x0c, 0x0c, 0x13, 0x0d, 0x0c, 0x15, 0x0b, 0x0d, 0x15, 0x09, 0x08, 0x12,
  0x0c, 0x0d, 0x14, 0x0f, 0x10, 0x14, 0x0e, 0x0f, 0x15, 0x0e, 0x10, 0x16,
  0x0d, 0x0f, 0x18, 0x0f, 0x0f, 0x17, 0x10, 0x0f, 0x16, 0x0f, 0x0f, 0x15,
  0x0d, 0x0f, 0x16, 0x0d, 0x0e, 0x17, 0x0c, 0x0e, 0x15, 0x0b, 0x0e, 0x13,
  0x0e, 0x12, 0x16, 0x0b, 0x0d, 0x13, 0x0d, 0x0e, 0x12, 0x11, 0x10, 0x15,
  0x14, 0x12, 0x1a, 0x09, 0x06, 0x0d, 0x39, 0x45, 0x55, 0x67, 0x90, 0xc1,
  0x5b, 0x84, 0xb3, 0x85, 0xa3, 0xc4, 0x94, 0xac, 0xc9, 0x84, 0xa1, 0xc6,
  0x65, 0x8e, 0xbd, 0x5f, 0x88, 0xb9, 0x3c, 0x6c, 0xa4, 0x1f, 0x4f, 0x87,
  0x0e, 0x14, 0x1f, 0x12, 0x0d, 0x16, 0x0d, 0x11, 0x1b, 0x1a, 0x2f, 0x44,
  0x56, 0x74, 0xab, 0x66, 0x89, 0xc6, 0x5a, 0x81, 0xbd, 0x5b, 0x86, 0xc1,
  0x55, 0x81, 0xbd, 0x54, 0x7e, 0xbf, 0x73, 0x95, 0xcd, 0x7c, 0x9e, 0xd4,
  0x6c, 0x94, 0xd2, 0x77, 0x9b, 0xd2, 0x71, 0x95, 0xcb, 0x6b, 0x96, 0xd8,
  0x28, 0x57, 0x84, 0x18, 0x28, 0x3a, 0x0c, 0x14, 0x22, 0x0f, 0x25, 0x35,
  0x77, 0x9e, 0xd2, 0x5b, 0x7d, 0xb7, 0x62, 0x85, 0xb8, 0x6e, 0x93, 0xc6,
  0x72, 0x92, 0xc9, 0x69, 0x8c, 0xc7, 0x61, 0x87, 0xc5, 0x57, 0x7e, 0xbe,
  0x48, 0x7c, 0xbe, 0x6a, 0xa4, 0xdb, 0x21, 0x60, 0x86, 0x00, 0x1b, 0x29,
  0x02, 0x1b, 0x2e, 0x03, 0x1f, 0x33, 0x05, 0x1f, 0x33, 0x04, 0x1e, 0x32,
  0x02, 0x1d, 0x30, 0x03, 0x1b, 0x2d, 0x03, 0x13, 0x24, 0x02, 0x0a, 0x18,
  0x01, 0x03, 0x10, 0x01, 0x02, 0x10, 0x01, 0x03, 0x10, 0x02, 0x03, 0x10,
  0x01, 0x03, 0x11, 0x01, 0x04, 0x12, 0x02, 0x05, 0x13, 0x02, 0x08, 0x15,
  0x00, 0x04, 0x10, 0x1a, 0x33, 0x44, 0x4b, 0x6f, 0x9b, 0x5e, 0x85, 0xb2,
  0x63, 0x8a, 0xb6, 0x67, 0x8b, 0xb6, 0x65, 0x86, 0xb0, 0x62, 0x88, 0xb7,
  0x7a, 0xa4, 0xdc, 0x94, 0xbc, 0xf4, 0xa6, 0xca, 0xfd, 0x9b, 0xc1, 0xf6,
  0x31, 0x64, 0xa0, 0x62, 0x95, 0xd3, 0x72, 0xa5, 0xec, 0x3a, 0x65, 0xac,
  0x3a, 0x5d, 0x9e, 0x3e, 0x62, 0xa2, 0x47, 0x69, 0xa9, 0x48, 0x6b, 0xaa,
  0x43, 0x66, 0xa5, 0x49, 0x67, 0xa4, 0x48, 0x67, 0x9f, 0x46, 0x66, 0x9d,
  0x4e, 0x70, 0xa6, 0x59, 0x76, 0xaa, 0x48, 0x65, 0x98, 0x48, 0x67, 0x9d,
  0x4b, 0x6c, 0xa2, 0x45, 0x63, 0x9c, 0x46, 0x63, 0x9e, 0x47, 0x66, 0xa2,
  0x43, 0x65, 0xa4, 0x40, 0x65, 0xa5, 0x3a, 0x63, 0xa5, 0x38, 0x61, 0xa3,
  0x31, 0x5a, 0x9e, 0x2c, 0x60, 0x9e, 0x2c, 0x69, 0xa4, 0x2c, 0x67, 0xa4,
  0x2c, 0x67, 0xa3, 0x2c, 0x68, 0xa4, 0x2d, 0x67, 0xa4, 0x2d, 0x66, 0xa3,
  0x2c, 0x67, 0xa3, 0x2d, 0x68, 0xa3, 0x2e, 0x68, 0xa3, 0x33, 0x6b, 0xa4,
  0x0d, 0x0d, 0x13, 0x0c, 0x0e, 0x14, 0x0c, 0x0d, 0x15, 0x0c, 0x0c, 0x15,
  0x07, 0x0a, 0x13, 0x0d, 0x0c, 0x14, 0x0e, 0x0d, 0x15, 0x0f, 0x0e, 0x17,
  0x0f, 0x0f, 0x17, 0x10, 0x0f, 0x17, 0x10, 0x0f, 0x16, 0x0f, 0x10, 0x15,
  0x0d, 0x10, 0x18, 0x0f, 0x10, 0x17, 0x0f, 0x0e, 0x15, 0x0d, 0x0f, 0x15,
  0x0e, 0x12, 0x16, 0x0d, 0x10, 0x15, 0x0d, 0x0c, 0x11, 0x12, 0x10, 0x15,
  0x15, 0x12, 0x1b, 0x0a, 0x06, 0x0c, 0x46, 0x54, 0x67, 0x6a, 0x92, 0xc3,
  0x5d, 0x87, 0xb5, 0x88, 0xa5, 0xc5, 0x93, 0xac, 0xc9, 0x87, 0xa5, 0xc8,
  0x67, 0x8f, 0xbd, 0x61, 0x8a, 0xbc, 0x49, 0x74, 0xab, 0x2a, 0x5b, 0x9b,
  0x14, 0x27, 0x44, 0x13, 0x0c, 0x11, 0x0f, 0x0e, 0x15, 0x0d, 0x22, 0x33,
  0x2f, 0x56, 0x89, 0x5d, 0x7f, 0xb6, 0x6c, 0x8e, 0xc4, 0x6a, 0x90, 0xc7,
  0x79, 0xa1, 0xd4, 0x6f, 0x97, 0xce, 0x76, 0x94, 0xcb, 0x8e, 0xa5, 0xd3,
  0x7e, 0x9c, 0xd1, 0x6b, 0x92, 0xcb, 0x70, 0x95, 0xca, 0x73, 0x9a, 0xd3,
  0x5d, 0x8f, 0xcc, 0x10, 0x31, 0x4a, 0x0e, 0x13, 0x1f, 0x12, 0x25, 0x38,
  0x76, 0x9a, 0xd1, 0x54, 0x75, 0xb0, 0x6e, 0x8b, 0xb9, 0x7a, 0x99, 0xc8,
  0x6e, 0x92, 0xc7, 0x6d, 0x8f, 0xc9, 0x61, 0x88, 0xc6, 0x4f, 0x7a, 0xbd,
  0x4e, 0x83, 0xc5, 0x70, 0xaa, 0xe0, 0x20, 0x5e, 0x87, 0x00, 0x1b, 0x2a,
  0x03, 0x1c, 0x2e, 0x04, 0x20, 0x33, 0x04, 0x1f, 0x33, 0x02, 0x1e, 0x31,
  0x04, 0x1e, 0x2f, 0x01, 0x1a, 0x2b, 0x04, 0x13, 0x24, 0x03, 0x0a, 0x1a,
  0x01, 0x03, 0x11, 0x01, 0x03, 0x11, 0x01, 0x03, 0x11, 0x03, 0x04, 0x11,
  0x02, 0x05, 0x13, 0x02, 0x05, 0x14, 0x02, 0x05, 0x13, 0x03, 0x06, 0x15,
  0x00, 0x02, 0x0e, 0x17, 0x31, 0x41, 0x4b, 0x6f, 0x9b, 0x5e, 0x86, 0xb2,
  0x64, 0x8a, 0xb6, 0x66, 0x88, 0xb2, 0x65, 0x8e, 0xbd, 0x8d, 0xb7, 0xf0,
  0xa2, 0xc6, 0xfd, 0xa3, 0xc6, 0xf9, 0x9d, 0xc3, 0xf9, 0x2a, 0x5b, 0x92,
  0x63, 0x90, 0xc9, 0x8e, 0xba, 0xf8, 0x67, 0x9e, 0xe4, 0x44, 0x6e, 0xb3,
  0x40, 0x62, 0xa3, 0x37, 0x5c, 0x9d, 0x3b, 0x5d, 0x9f, 0x40, 0x62, 0xa2,
  0x3e, 0x60, 0x9f, 0x36, 0x5d, 0x9a, 0x3d, 0x62, 0x9c, 0x41, 0x67, 0xa1,
  0x52, 0x6f, 0xa5, 0x50, 0x6b, 0x9e, 0x4a, 0x69, 0x9d, 0x4e, 0x6e, 0xa3,
  0x4b, 0x6c, 0xa1, 0x4b, 0x6a, 0xa1, 0x4a, 0x67, 0xa0, 0x48, 0x67, 0xa3,
  0x40, 0x65, 0xa3, 0x40, 0x67, 0xa8, 0x3f, 0x69, 0xab, 0x3c, 0x68, 0xac,
  0x39, 0x63, 0xaa, 0x2f, 0x5a, 0x9e, 0x2b, 0x62, 0x9f, 0x2d, 0x6a, 0xa4,
  0x2c, 0x68, 0xa4, 0x2d, 0x69, 0xa5, 0x2c, 0x68, 0xa4, 0x2d, 0x68, 0xa5,
  0x2b, 0x69, 0xa3, 0x2e, 0x69, 0xa4, 0x2e, 0x69, 0xa4, 0x2f, 0x69, 0xa4,
  0x0d, 0x0e, 0x13, 0x0c, 0x0f, 0x14, 0x0b, 0x0e, 0x15, 0x0c, 0x0c, 0x15,
  0x0c, 0x0c, 0x12, 0x0a, 0x09, 0x11, 0x0d, 0x0c, 0x15, 0x0f, 0x0f, 0x16,
  0x10, 0x10, 0x16, 0x0f, 0x10, 0x15, 0x10, 0x10, 0x15, 0x10, 0x10, 0x15,
  0x0e, 0x11, 0x18, 0x0e, 0x0f, 0x16, 0x0e, 0x0e, 0x14, 0x0f, 0x0f, 0x15,
  0x0e, 0x0f, 0x15, 0x10, 0x11, 0x17, 0x0d, 0x0d, 0x14, 0x10, 0x0e, 0x15,
  0x14, 0x11, 0x1a, 0x09, 0x07, 0x0b, 0x4c, 0x5f, 0x75, 0x68, 0x93, 0xc4,
  0x60, 0x8a, 0xb7, 0x7f, 0xa0, 0xc4, 0x94, 0xae, 0xca, 0x8a, 0xa7, 0xc8,
  0x6d, 0x93, 0xbf, 0x62, 0x8c, 0xbb, 0x4e, 0x7a, 0xb0, 0x2e, 0x5d, 0x9b,
  0x19, 0x3b, 0x67, 0x0e, 0x09, 0x10, 0x0f, 0x0d, 0x16, 0x3d, 0x55, 0x7e,
  0x4c, 0x72, 0xac, 0x2d, 0x59, 0x96, 0x4f, 0x75, 0xae, 0x67, 0x8a, 0xc2,
  0x6c, 0x90, 0xcb, 0x87, 0xa7, 0xd8, 0x76, 0x98, 0xcd, 0x87, 0xa0, 0xd0,
  0x92, 0xa8, 0xd5, 0x77, 0x9a, 0xce, 0x6b, 0x92, 0xc8, 0x6e, 0x94, 0xcb,
  0x78, 0xa5, 0xe4, 0x34, 0x65, 0x95, 0x03, 0x0c, 0x18, 0x0f, 0x1f, 0x30,
  0x68, 0x8b, 0xbf, 0x57, 0x77, 0xad, 0x66, 0x84, 0xb1, 0x77, 0x95, 0xc5,
  0x71, 0x94, 0xc8, 0x6d, 0x91, 0xc8, 0x64, 0x89, 0xc8, 0x47, 0x74, 0xbc,
  0x53, 0x8c, 0xca, 0x73, 0xad, 0xe1, 0x22, 0x60, 0x88, 0x00, 0x1b, 0x2b,
  0x03, 0x1c, 0x2e, 0x02, 0x1f, 0x32, 0x04, 0x1f, 0x33, 0x02, 0x1d, 0x30,
  0x03, 0x1d, 0x2e, 0x03, 0x1a, 0x2b, 0x04, 0x12, 0x23, 0x02, 0x09, 0x1a,
  0x01, 0x05, 0x13, 0x01, 0x03, 0x11, 0x02, 0x03, 0x12, 0x01, 0x04, 0x13,
  0x02, 0x05, 0x13, 0x02, 0x05, 0x14, 0x01, 0x04, 0x12, 0x02, 0x05, 0x14,
  0x00, 0x01, 0x0f, 0x17, 0x2e, 0x40, 0x49, 0x6f, 0x99, 0x5f, 0x86, 0xb4,
  0x63, 0x88, 0xb4, 0x62, 0x8b, 0xb9, 0x8a, 0xb6, 0xf0, 0x9c, 0xc1, 0xfb,
  0x96, 0xbc, 0xf3, 0xa2, 0xc9, 0xff, 0x36, 0x69, 0x9c, 0x52, 0x81, 0xba,
  0x98, 0xc3, 0xfe, 0x73, 0xa7, 0xea, 0x63, 0x99, 0xe0, 0x3f, 0x6d, 0xb2,
  0x4c, 0x6f, 0xae, 0x45, 0x67, 0xa8, 0x39, 0x5b, 0x9d, 0x34, 0x59, 0x9a,
  0x32, 0x5a, 0x98, 0x3e, 0x62, 0x9c, 0x3d, 0x62, 0x9d, 0x49, 0x6a, 0xa1,
  0x53, 0x6e, 0xa1, 0x4f, 0x6f, 0xa3, 0x53, 0x73, 0xa6, 0x4f, 0x6e, 0xa3,
  0x51, 0x6f, 0xa4, 0x51, 0x6f, 0xa5, 0x4e, 0x6c, 0xa4, 0x43, 0x61, 0x9a,
  0x34, 0x54, 0x8e, 0x31, 0x4d, 0x88, 0x2e, 0x4a, 0x84, 0x2c, 0x4b, 0x86,
  0x2f, 0x54, 0x91, 0x35, 0x5d, 0xa1, 0x31, 0x5f, 0xa3, 0x2c, 0x66, 0xa0,
  0x2d, 0x6a, 0xa5, 0x2d, 0x68, 0xa5, 0x2c, 0x68, 0xa4, 0x2c, 0x68, 0xa4,
  0x2e, 0x69, 0xa5, 0x2d, 0x6a, 0xa4, 0x2d, 0x6a, 0xa4, 0x2d, 0x69, 0xa4,
  0x0d, 0x0f, 0x14, 0x0e, 0x10, 0x15, 0x0c, 0x10, 0x16, 0x0c, 0x0d, 0x16,
  0x0c, 0x0c, 0x14, 0x0b, 0x0c, 0x11, 0x0b, 0x0a, 0x11, 0x0e, 0x0e, 0x15,
  0x10, 0x10, 0x16, 0x0f, 0x0f, 0x15, 0x0f, 0x0f, 0x15, 0x0f, 0x10, 0x16,
  0x0e, 0x11, 0x16, 0x0e, 0x0e, 0x16, 0x0e, 0x0e, 0x15, 0x0f, 0x0e, 0x14,
  0x0e, 0x10, 0x16, 0x0f, 0x12, 0x17, 0x10, 0x0f, 0x18, 0x11, 0x0f, 0x17,
  0x15, 0x12, 0x1b, 0x0a, 0x08, 0x0e, 0x51, 0x65, 0x7c, 0x67, 0x93, 0xc3,
  0x63, 0x8c, 0xba, 0x7b, 0x9e, 0xc3, 0x91, 0xac, 0xca, 0x8d, 0xaa, 0xca,
  0x6f, 0x95, 0xc0, 0x61, 0x8b, 0xbb, 0x51, 0x7f, 0xb2, 0x32, 0x61, 0x9c,
  0x20, 0x49, 0x7e, 0x0b, 0x0e, 0x19, 0x17, 0x18, 0x24, 0x69, 0x86, 0xc5,
  0x77, 0x94, 0xcd, 0x6f, 0x90, 0xc6, 0x42, 0x6e, 0xa9, 0x48, 0x73, 0xb0,
  0x66, 0x88, 0xc4, 0x83, 0x9e, 0xcf, 0x81, 0xa0, 0xd1, 0x80, 0x9e, 0xd0,
  0x8b, 0xa3, 0xd3, 0x87, 0xa2, 0xd1, 0x75, 0x97, 0xcc, 0x71, 0x94, 0xcb,
  0x71, 0x99, 0xd3, 0x6d, 0xa1, 0xe1, 0x0b, 0x27, 0x3f, 0x05, 0x0e, 0x1a,
  0x61, 0x82, 0xb0, 0x59, 0x77, 0xa9, 0x5a, 0x78, 0xa5, 0x6a, 0x8e, 0xbd,
  0x6a, 0x8e, 0xc5, 0x70, 0x93, 0xc9, 0x65, 0x8a, 0xc8, 0x42, 0x6f, 0xba,
  0x59, 0x91, 0xd0, 0x72, 0xad, 0xe2, 0x22, 0x5f, 0x87, 0x00, 0x1c, 0x2b,
  0x03, 0x1c, 0x2e, 0x03, 0x1e, 0x31, 0x03, 0x1f, 0x33, 0x03, 0x1d, 0x32,
  0x03, 0x1c, 0x2f, 0x04, 0x1a, 0x2c, 0x03, 0x11, 0x23, 0x02, 0x0a, 0x19,
  0x01, 0x04, 0x11, 0x02, 0x03, 0x11, 0x02, 0x03, 0x12, 0x02, 0x03, 0x13,
  0x01, 0x04, 0x13, 0x01, 0x04, 0x13, 0x01, 0x05, 0x12, 0x01, 0x05, 0x13,
  0x00, 0x01, 0x0e, 0x17, 0x2e, 0x3f, 0x48, 0x6f, 0x9a, 0x5f, 0x86, 0xb6,
  0x5e, 0x86, 0xb3, 0x7c, 0xa8, 0xe0, 0x98, 0xbf, 0xfa, 0x8a, 0xb6, 0xef,
  0x9a, 0xc4, 0xfd, 0x50, 0x7c, 0xb4, 0x3c, 0x6a, 0x9d, 0x95, 0xc0, 0xfd,
  0x7d, 0xac, 0xec, 0x6b, 0xa1, 0xe9, 0x56, 0x8e, 0xd5, 0x3b, 0x6b, 0xb3,
  0x54, 0x78, 0xb4, 0x56, 0x79, 0xb5, 0x46, 0x6a, 0xa9, 0x3c, 0x62, 0xa0,
  0x3c, 0x62, 0x9e, 0x3c, 0x60, 0x9c, 0x45, 0x66, 0x9f, 0x4f, 0x6b, 0xa1,
  0x50, 0x70, 0xa5, 0x58, 0x77, 0xac, 0x52, 0x71, 0xa5, 0x4d, 0x6a, 0xa0,
  0x4b, 0x6a, 0xa0, 0x41, 0x61, 0x99, 0x2e, 0x4c, 0x86, 0x22, 0x3d, 0x78,
  0x1f, 0x3a, 0x75, 0x22, 0x40, 0x7f, 0x27, 0x47, 0x88, 0x26, 0x47, 0x86,
  0x1f, 0x3f, 0x7b, 0x1c, 0x3a, 0x72, 0x25, 0x45, 0x80, 0x2d, 0x5d, 0x9c,
  0x2e, 0x6b, 0xa7, 0x2b, 0x68, 0xa3, 0x2e, 0x6a, 0xa5, 0x2d, 0x69, 0xa5,
  0x2e, 0x6a, 0xa5, 0x2d, 0x6a, 0xa4, 0x2f, 0x69, 0xa4, 0x2e, 0x69, 0xa3,
  0x11, 0x11, 0x15, 0x10, 0x10, 0x14, 0x0e, 0x0e, 0x15, 0x0c, 0x0e, 0x16,
  0x0b, 0x0e, 0x14, 0x0b, 0x0d, 0x13, 0x0d, 0x0d, 0x14, 0x0b, 0x0b, 0x12,
  0x0f, 0x0f, 0x15, 0x10, 0x10, 0x16, 0x0f, 0x0f, 0x16, 0x11, 0x11, 0x17,
  0x11, 0x10, 0x16, 0x0f, 0x0e, 0x16, 0x0f, 0x0e, 0x16, 0x10, 0x10, 0x16,
  0x10, 0x12, 0x17, 0x0f, 0x12, 0x16, 0x11, 0x11, 0x18, 0x12, 0x10, 0x18,
  0x13, 0x11, 0x19, 0x0b, 0x09, 0x0e, 0x54, 0x6b, 0x85, 0x67, 0x92, 0xc3,
  0x6b, 0x91, 0xbc, 0x86, 0xa3, 0xc6, 0x94, 0xae, 0xcb, 0x8e, 0xa9, 0xc8,
  0x75, 0x98, 0xc1, 0x62, 0x8b, 0xbb, 0x57, 0x81, 0xb6, 0x3d, 0x67, 0xa1,
  0x27, 0x50, 0x89, 0x0d, 0x18, 0x2d, 0x08, 0x08, 0x0c, 0x35, 0x4c, 0x76,
  0x6b, 0x8c, 0xcd, 0x7a, 0x98, 0xcc, 0x76, 0x95, 0xca, 0x5f, 0x82, 0xbe,
  0x5f, 0x84, 0xbf, 0x7d, 0x9b, 0xcd, 0x89, 0xa4, 0xd2, 0x83, 0xa0, 0xd1,
  0x80, 0x9d, 0xd0, 0x84, 0xa0, 0xd0, 0x7d, 0x9d, 0xce, 0x73, 0x96, 0xcd,
  0x68, 0x91, 0xca, 0x77, 0xa6, 0xe5, 0x49, 0x77, 0xaf, 0x00, 0x01, 0x0e,
  0x4e, 0x61, 0x89, 0x56, 0x71, 0x9f, 0x43, 0x63, 0x91, 0x64, 0x87, 0xb8,
  0x66, 0x8c, 0xc3, 0x6c, 0x90, 0xc8, 0x62, 0x89, 0xc8, 0x43, 0x72, 0xbc,
  0x56, 0x8e, 0xce, 0x73, 0xad, 0xe1, 0x21, 0x5f, 0x8a, 0x00, 0x1c, 0x2c,
  0x03, 0x1c, 0x2e, 0x03, 0x1e, 0x31, 0x03, 0x1e, 0x32, 0x02, 0x1d, 0x31,
  0x03, 0x1d, 0x30, 0x03, 0x1a, 0x2b, 0x03, 0x11, 0x23, 0x02, 0x09, 0x19,
  0x02, 0x04, 0x12, 0x02, 0x02, 0x10, 0x01, 0x02, 0x11, 0x01, 0x04, 0x13,
  0x01, 0x05, 0x14, 0x02, 0x04, 0x14, 0x01, 0x04, 0x13, 0x01, 0x04, 0x14,
  0x00, 0x01, 0x0f, 0x15, 0x2f, 0x3d, 0x49, 0x70, 0x9b, 0x5c, 0x83, 0xb1,
  0x67, 0x95, 0xc9, 0x8f, 0xb9, 0xf6, 0x88, 0xb4, 0xf0, 0x8d, 0xb8, 0xf5,
  0x73, 0x9f, 0xda, 0x26, 0x54, 0x88, 0x8c, 0xb6, 0xf2, 0x7d, 0xad, 0xed,
  0x6f, 0xa3, 0xea, 0x64, 0x99, 0xe3, 0x57, 0x8b, 0xd2, 0x41, 0x70, 0xb9,
  0x66, 0x84, 0xbb, 0x64, 0x84, 0xbc, 0x4f, 0x72, 0xaf, 0x3b, 0x61, 0xa0,
  0x3d, 0x62, 0x9e, 0x48, 0x68, 0x9e, 0x4b, 0x68, 0x9f, 0x50, 0x6c, 0xa3,
  0x53, 0x6f, 0xa7, 0x4c, 0x6a, 0xa2, 0x41, 0x5e, 0x98, 0x40, 0x5e, 0x98,
  0x39, 0x5b, 0x97, 0x30, 0x53, 0x91, 0x2d, 0x50, 0x90, 0x30, 0x54, 0x94,
  0x35, 0x5b, 0x9e, 0x3a, 0x61, 0xa6, 0x3b, 0x65, 0xaa, 0x3b, 0x66, 0xac,
  0x39, 0x65, 0xac, 0x35, 0x5e, 0xa4, 0x26, 0x4a, 0x88, 0x1c, 0x39, 0x70,
  0x29, 0x58, 0x94, 0x2f, 0x6e, 0xa9, 0x2b, 0x69, 0xa3, 0x2c, 0x6a, 0xa6,
  0x2e, 0x6a, 0xa5, 0x2e, 0x6a, 0xa5, 0x2f, 0x6a, 0xa5, 0x30, 0x6a, 0xa5,
  0x12, 0x11, 0x15, 0x11, 0x10, 0x14, 0x10, 0x0e, 0x16, 0x0e, 0x0e, 0x16,
  0x0d, 0x0e, 0x15, 0x0d, 0x0e, 0x15, 0x0f, 0x0f, 0x15, 0x0d, 0x0d, 0x12,
  0x0e, 0x0c, 0x11, 0x11, 0x11, 0x16, 0x10, 0x10, 0x17, 0x11, 0x11, 0x16,
  0x11, 0x10, 0x17, 0x0f, 0x0e, 0x17, 0x11, 0x10, 0x17, 0x11, 0x12, 0x16,
  0x11, 0x12, 0x16, 0x11, 0x12, 0x16, 0x11, 0x12, 0x17, 0x11, 0x10, 0x18,
  0x10, 0x10, 0x18, 0x0b, 0x09, 0x0b, 0x52, 0x68, 0x83, 0x65, 0x90, 0xc2,
  0x6e, 0x92, 0xbe, 0x87, 0xa6, 0xc7, 0x9a, 0xb1, 0xcc, 0x91, 0xab, 0xca,
  0x7d, 0x9e, 0xc4, 0x67, 0x8f, 0xbc, 0x58, 0x83, 0xb7, 0x46, 0x71, 0xa7,
  0x32, 0x59, 0x95, 0x11, 0x24, 0x42, 0x06, 0x05, 0x0a, 0x0c, 0x0a, 0x10,
  0x2a, 0x3b, 0x58, 0x68, 0x88, 0xc3, 0x71, 0x90, 0xc9, 0x65, 0x86, 0xc2,
  0x69, 0x8c, 0xc7, 0x7a, 0x9b, 0xce, 0x86, 0xa4, 0xd1, 0x8a, 0xa4, 0xd2,
  0x86, 0xa4, 0xd1, 0x7f, 0x9f, 0xcf, 0x7c, 0x9d, 0xcf, 0x72, 0x97, 0xcc,
  0x67, 0x91, 0xca, 0x67, 0x93, 0xd0, 0x79, 0xab, 0xf0, 0x1a, 0x3b, 0x5f,
  0x2c, 0x38, 0x54, 0x64, 0x7e, 0xaa, 0x3a, 0x5c, 0x89, 0x5a, 0x7f, 0xb0,
  0x6e, 0x90, 0xc5, 0x6a, 0x8d, 0xc7, 0x60, 0x88, 0xc7, 0x48, 0x79, 0xbf,
  0x47, 0x81, 0xc5, 0x73, 0xab, 0xe0, 0x23, 0x61, 0x8b, 0x00, 0x1c, 0x2d,
  0x03, 0x1c, 0x2f, 0x04, 0x1f, 0x33, 0x03, 0x1f, 0x33, 0x03, 0x1d, 0x31,
  0x03, 0x1c, 0x30, 0x03, 0x1a, 0x2b, 0x04, 0x11, 0x23, 0x02, 0x09, 0x1a,
  0x03, 0x05, 0x12, 0x02, 0x02, 0x11, 0x01, 0x03, 0x12, 0x02, 0x05, 0x14,
  0x02, 0x05, 0x14, 0x02, 0x05, 0x15, 0x02, 0x05, 0x15, 0x03, 0x06, 0x15,
  0x00, 0x02, 0x0e, 0x17, 0x2f, 0x3e, 0x49, 0x6f, 0x99, 0x5a, 0x84, 0xb4,
  0x7f, 0xad, 0xe8, 0x89, 0xb5, 0xf4, 0x80, 0xae, 0xeb, 0x8a, 0xb7, 0xf6,
  0x2f, 0x5c, 0x93, 0x61, 0x8f, 0xca, 0x8b, 0xb8, 0xf8, 0x6e, 0xa1, 0xe7,
  0x65, 0x9b, 0xe4, 0x64, 0x98, 0xe0, 0x5d, 0x8f, 0xd6, 0x46, 0x77, 0xc0,
  0x6d, 0x8b, 0xbf, 0x6b, 0x8a, 0xbe, 0x48, 0x6b, 0xa9, 0x3c, 0x5f, 0x9c,
  0x4a, 0x68, 0x9f, 0x49, 0x65, 0x9d, 0x47, 0x63, 0x9d, 0x48, 0x65, 0xa1,
  0x44, 0x62, 0x9f, 0x40, 0x5e, 0x9a, 0x3b, 0x5a, 0x97, 0x39, 0x5a, 0x98,
  0x36, 0x5a, 0x9a, 0x37, 0x5d, 0x9c, 0x3e, 0x65, 0xa6, 0x45, 0x6e, 0xae,
  0x49, 0x73, 0xb3, 0x4d, 0x77, 0xb8, 0x4f, 0x76, 0xb8, 0x4b, 0x74, 0xb8,
  0x46, 0x6f, 0xb4, 0x40, 0x6b, 0xb2, 0x3f, 0x6a, 0xb3, 0x36, 0x5f, 0xa2,
  0x1d, 0x39, 0x72, 0x29, 0x5e, 0x97, 0x2f, 0x6d, 0xa9, 0x2d, 0x69, 0xa5,
  0x30, 0x6a, 0xa5, 0x2f, 0x69, 0xa4, 0x2f, 0x68, 0xa5, 0x30, 0x69, 0xa6,
  0x11, 0x10, 0x16, 0x11, 0x10, 0x15, 0x10, 0x0f, 0x14, 0x0f, 0x0f, 0x16,
  0x0f, 0x0e, 0x16, 0x10, 0x0e, 0x15, 0x11, 0x0f, 0x15, 0x11, 0x0f, 0x15,
  0x0f, 0x0d, 0x13, 0x0f, 0x0d, 0x13, 0x12, 0x11, 0x14, 0x12, 0x13, 0x17,
  0x0e, 0x12, 0x16, 0x10, 0x11, 0x17, 0x11, 0x12, 0x17, 0x12, 0x13, 0x17,
  0x12, 0x13, 0x17, 0x12, 0x12, 0x16, 0x10, 0x10, 0x15, 0x12, 0x11, 0x19,
  0x11, 0x11, 0x19, 0x0a, 0x08, 0x0b, 0x4c, 0x60, 0x78, 0x63, 0x8e, 0xc1,
  0x6c, 0x90, 0xbd, 0x89, 0xa7, 0xc8, 0x9a, 0xb0, 0xcb, 0x92, 0xab, 0xca,
  0x81, 0xa0, 0xc5, 0x70, 0x94, 0xc0, 0x5e, 0x88, 0xba, 0x4b, 0x76, 0xac,
  0x3a, 0x64, 0x9e, 0x19, 0x33, 0x5d, 0x09, 0x05, 0x0e, 0x11, 0x0d, 0x16,
  0x09, 0x05, 0x05, 0x17, 0x25, 0x3a, 0x5f, 0x82, 0xbf, 0x71, 0x91, 0xcb,
  0x7e, 0x9b, 0xce, 0x84, 0xa2, 0xd1, 0x87, 0xa4, 0xd2, 0x88, 0xa5, 0xd2,
  0x8b, 0xa6, 0xd3, 0x88, 0xa3, 0xd1, 0x7c, 0x9d, 0xcd, 0x77, 0x9b, 0xce,
  0x6b, 0x93, 0xcb, 0x64, 0x91, 0xce, 0x77, 0xa3, 0xe4, 0x5e, 0x8e, 0xcf,
  0x08, 0x1a, 0x36, 0x4a, 0x62, 0x8e, 0x43, 0x61, 0x90, 0x57, 0x79, 0xab,
  0x6b, 0x8c, 0xc1, 0x68, 0x8c, 0xc6, 0x62, 0x89, 0xc8, 0x57, 0x83, 0xc5,
  0x30, 0x66, 0xaf, 0x45, 0x7e, 0xb8, 0x2e, 0x6a, 0x91, 0x00, 0x1b, 0x2b,
  0x04, 0x1c, 0x2e, 0x06, 0x20, 0x33, 0x02, 0x1f, 0x33, 0x02, 0x1d, 0x31,
  0x04, 0x1c, 0x30, 0x04, 0x1b, 0x2c, 0x03, 0x11, 0x23, 0x03, 0x0a, 0x1b,
  0x01, 0x03, 0x11, 0x01, 0x03, 0x11, 0x01, 0x04, 0x13, 0x01, 0x04, 0x13,
  0x01, 0x05, 0x13, 0x02, 0x04, 0x14, 0x01, 0x03, 0x14, 0x02, 0x07, 0x14,
  0x00, 0x04, 0x0e, 0x17, 0x30, 0x40, 0x46, 0x6c, 0x95, 0x64, 0x94, 0xca,
  0x8b, 0xb8, 0xf7, 0x7f, 0xae, 0xed, 0x84, 0xb4, 0xf3, 0x60, 0x8d, 0xc9,
  0x2d, 0x59, 0x91, 0x88, 0xb8, 0xf7, 0x73, 0xa5, 0xe9, 0x65, 0x9a, 0xe4,
  0x5d, 0x93, 0xdc, 0x5f, 0x94, 0xd9, 0x60, 0x91, 0xd7, 0x46, 0x79, 0xc1,
  0x74, 0x92, 0xc4, 0x63, 0x83, 0xba, 0x40, 0x62, 0xa0, 0x46, 0x65, 0x9d,
  0x41, 0x5f, 0x9a, 0x47, 0x64, 0xa0, 0x4d, 0x69, 0xa6, 0x4e, 0x6a, 0xa5,
  0x48, 0x65, 0xa3, 0x3b, 0x5b, 0x9d, 0x36, 0x59, 0x99, 0x37, 0x5b, 0x9b,
  0x3c, 0x63, 0xa4, 0x46, 0x6e, 0xae, 0x4c, 0x76, 0xb5, 0x51, 0x7b, 0xba,
  0x56, 0x7d, 0xbc, 0x5a, 0x80, 0xbf, 0x5d, 0x81, 0xc0, 0x5c, 0x81, 0xc2,
  0x57, 0x7d, 0xbf, 0x4f, 0x78, 0xbb, 0x48, 0x72, 0xb7, 0x3e, 0x6a, 0xb2,
  0x36, 0x5d, 0xa1, 0x1c, 0x3c, 0x70, 0x2f, 0x6a, 0xa4, 0x2e, 0x6a, 0xa6,
  0x2e, 0x6a, 0xa5, 0x2e, 0x6a, 0xa5, 0x30, 0x6a, 0xa6, 0x30, 0x69, 0xa6,
  0x10, 0x11, 0x15, 0x12, 0x11, 0x14, 0x10, 0x10, 0x14, 0x10, 0x11, 0x16,
  0x10, 0x10, 0x16, 0x11, 0x0f, 0x15, 0x11, 0x10, 0x16, 0x10, 0x0f, 0x15,
  0x10, 0x0f, 0x15, 0x10, 0x0e, 0x14, 0x10, 0x0f, 0x13, 0x10, 0x11, 0x15,
  0x0f, 0x12, 0x17, 0x11, 0x12, 0x18, 0x13, 0x13, 0x19, 0x12, 0x12, 0x19,
  0x12, 0x12, 0x18, 0x11, 0x12, 0x17, 0x10, 0x12, 0x16, 0x11, 0x11, 0x17,
  0x11, 0x12, 0x18, 0x09, 0x08, 0x09, 0x46, 0x59, 0x70, 0x62, 0x8d, 0xc1,
  0x66, 0x8d, 0xba, 0x82, 0xa1, 0xc5, 0x94, 0xad, 0xca, 0x91, 0xab, 0xcb,
  0x85, 0xa2, 0xc6, 0x75, 0x98, 0xc1, 0x62, 0x8b, 0xbb, 0x4d, 0x79, 0xae,
  0x43, 0x6c, 0xa4, 0x26, 0x45, 0x72, 0x0e, 0x0a, 0x14, 0x11, 0x0d, 0x11,
  0x13, 0x11, 0x17, 0x06, 0x00, 0x03, 0x1d, 0x2e, 0x48, 0x61, 0x8a, 0xc9,
  0x7b, 0x9b, 0xcd, 0x8a, 0xa4, 0xd2, 0x8f, 0xa8, 0xd4, 0x90, 0xa9, 0xd4,
  0x8a, 0xa5, 0xd2, 0x88, 0xa4, 0xd2, 0x7f, 0xa1, 0xcf, 0x79, 0x9d, 0xcf,
  0x6f, 0x96, 0xcd, 0x67, 0x92, 0xce, 0x71, 0x9c, 0xd9, 0x81, 0xb1, 0xf5,
  0x28, 0x4c, 0x78, 0x12, 0x1c, 0x32, 0x42, 0x5d, 0x8b, 0x4d, 0x6e, 0x9e,
  0x65, 0x87, 0xbb, 0x68, 0x8d, 0xc3, 0x69, 0x8f, 0xcb, 0x5f, 0x89, 0xcc,
  0x29, 0x53, 0x92, 0x3d, 0x70, 0xab, 0x30, 0x6b, 0x92, 0x00, 0x1b, 0x2c,
  0x03, 0x1b, 0x2c, 0x05, 0x1f, 0x30, 0x04, 0x20, 0x34, 0x01, 0x1e, 0x31,
  0x04, 0x1c, 0x30, 0x03, 0x1b, 0x2d, 0x03, 0x11, 0x23, 0x03, 0x09, 0x1b,
  0x01, 0x04, 0x12, 0x00, 0x02, 0x11, 0x01, 0x04, 0x13, 0x01, 0x04, 0x13,
  0x01, 0x04, 0x13, 0x01, 0x04, 0x13, 0x02, 0x05, 0x13, 0x02, 0x09, 0x16,
  0x00, 0x04, 0x11, 0x18, 0x2f, 0x3e, 0x43, 0x6c, 0x99, 0x78, 0xa9, 0xe9,
  0x89, 0xb5, 0xf3, 0x7d, 0xac, 0xea, 0x85, 0xb3, 0xf4, 0x2d, 0x58, 0x90,
  0x63, 0x90, 0xcd, 0x7f, 0xb0, 0xf2, 0x67, 0x9e, 0xe6, 0x60, 0x96, 0xdf,
  0x57, 0x8d, 0xd7, 0x5b, 0x8e, 0xd6, 0x58, 0x8b, 0xd2, 0x48, 0x7a, 0xc0,
  0x6d, 0x8d, 0xc1, 0x4a, 0x6d, 0xaa, 0x40, 0x5f, 0x9c, 0x3d, 0x60, 0x9d,
  0x47, 0x67, 0xa6, 0x51, 0x6e, 0xac, 0x4c, 0x6b, 0xa8, 0x42, 0x62, 0xa1,
  0x3a, 0x5b, 0x9d, 0x39, 0x5c, 0x9c, 0x3f, 0x62, 0xa2, 0x46, 0x6c, 0xac,
  0x4c, 0x73, 0xb2, 0x50, 0x78, 0xb7, 0x53, 0x7d, 0xbb, 0x5a, 0x80, 0xbe,
  0x60, 0x84, 0xc2, 0x63, 0x87, 0xc4, 0x65, 0x89, 0xc5, 0x62, 0x88, 0xc6,
  0x5e, 0x84, 0xc3, 0x59, 0x7f, 0xc0, 0x52, 0x7b, 0xbe, 0x44, 0x6f, 0xb4,
  0x3c, 0x69, 0xaf, 0x27, 0x4b, 0x87, 0x21, 0x4c, 0x7f, 0x33, 0x6f, 0xac,
  0x2e, 0x69, 0xa5, 0x2e, 0x6b, 0xa7, 0x30, 0x6a, 0xa7, 0x30, 0x69, 0xa6,
  0x10, 0x10, 0x14, 0x12, 0x11, 0x15, 0x11, 0x10, 0x15, 0x10, 0x11, 0x16,
  0x0e, 0x12, 0x16, 0x0f, 0x0f, 0x15, 0x0f, 0x0f, 0x15, 0x10, 0x10, 0x16,
  0x11, 0x10, 0x16, 0x12, 0x11, 0x16, 0x11, 0x11, 0x14, 0x10, 0x0f, 0x13,
  0x12, 0x12, 0x18, 0x13, 0x13, 0x19, 0x13, 0x13, 0x19, 0x12, 0x12, 0x18,
  0x12, 0x12, 0x18, 0x11, 0x13, 0x19, 0x10, 0x12, 0x18, 0x11, 0x11, 0x17,
  0x13, 0x13, 0x1a, 0x08, 0x05, 0x09, 0x47, 0x57, 0x6a, 0x63, 0x8e, 0xc1,
  0x62, 0x8a, 0xb9, 0x7b, 0x9c, 0xc4, 0x8b, 0xa8, 0xc8, 0x8c, 0xa9, 0xc9,
  0x84, 0xa3, 0xc6, 0x78, 0x9a, 0xc3, 0x68, 0x8f, 0xbd, 0x53, 0x7e, 0xb1,
  0x48, 0x70, 0xa6, 0x30, 0x53, 0x87, 0x0d, 0x0d, 0x1b, 0x11, 0x0b, 0x11,
  0x14, 0x0e, 0x14, 0x11, 0x0c, 0x15, 0x01, 0x00, 0x03, 0x28, 0x40, 0x61,
  0x65, 0x8d, 0xca, 0x7b, 0x9a, 0xcb, 0x87, 0xa4, 0xd1, 0x91, 0xaa, 0xd4,
  0x8e, 0xaa, 0xd3, 0x8a, 0xa8, 0xd3, 0x86, 0xa5, 0xd1, 0x7a, 0x9e, 0xce,
  0x77, 0x9b, 0xcf, 0x6d, 0x96, 0xcd, 0x6f, 0x9b, 0xd8, 0x81, 0xac, 0xe7,
  0x6e, 0xa1, 0xe2, 0x04, 0x12, 0x24, 0x29, 0x36, 0x4c, 0x49, 0x69, 0x9a,
  0x5b, 0x80, 0xb4, 0x6d, 0x91, 0xc5, 0x62, 0x86, 0xc0, 0x3a, 0x65, 0x9d,
  0x2b, 0x59, 0x90, 0x58, 0x87, 0xd0, 0x2c, 0x69, 0x98, 0x00, 0x1a, 0x28,
  0x05, 0x1d, 0x30, 0x05, 0x20, 0x32, 0x03, 0x20, 0x33, 0x01, 0x1d, 0x31,
  0x03, 0x1c, 0x30, 0x02, 0x1a, 0x2c, 0x03, 0x11, 0x23, 0x02, 0x08, 0x1a,
  0x01, 0x04, 0x14, 0x02, 0x04, 0x13, 0x01, 0x04, 0x13, 0x01, 0x04, 0x13,
  0x00, 0x03, 0x12, 0x01, 0x04, 0x13, 0x02, 0x06, 0x14, 0x03, 0x09, 0x17,
  0x01, 0x04, 0x12, 0x15, 0x2b, 0x39, 0x4c, 0x7b, 0xae, 0x89, 0xb7, 0xf8,
  0x7b, 0xab, 0xe9, 0x7e, 0xb0, 0xef, 0x62, 0x91, 0xcf, 0x2e, 0x5b, 0x95,
  0x80, 0xb1, 0xf3, 0x6e, 0xa1, 0xe7, 0x65, 0x99, 0xe4, 0x62, 0x96, 0xde,
  0x59, 0x8d, 0xd6, 0x51, 0x87, 0xd1, 0x5b, 0x8c, 0xce, 0x50, 0x80, 0xc7,
  0x5c, 0x83, 0xc1, 0x49, 0x74, 0xb7, 0x48, 0x75, 0xb9, 0x57, 0x80, 0xc1,
  0x53, 0x77, 0xb7, 0x43, 0x67, 0xa6, 0x40, 0x62, 0xa3, 0x3e, 0x62, 0xa1,
  0x3f, 0x62, 0xa2, 0x45, 0x6a, 0xa8, 0x48, 0x70, 0xae, 0x4e, 0x74, 0xb4,
  0x55, 0x7a, 0xb8, 0x5b, 0x81, 0xbd, 0x61, 0x86, 0xc3, 0x65, 0x89, 0xc5,
  0x68, 0x8c, 0xc6, 0x6e, 0x90, 0xc8, 0x70, 0x90, 0xc8, 0x6b, 0x8c, 0xc8,
  0x66, 0x8a, 0xc8, 0x62, 0x87, 0xc6, 0x58, 0x81, 0xc1, 0x4c, 0x77, 0xb8,
  0x40, 0x68, 0xad, 0x37, 0x5f, 0xa4, 0x1f, 0x3b, 0x71, 0x2e, 0x68, 0xa2,
  0x2f, 0x6c, 0xa7, 0x30, 0x6a, 0xa7, 0x30, 0x6a, 0xa7, 0x30, 0x6a, 0xa7,
  0x11, 0x10, 0x14, 0x12, 0x11, 0x15, 0x11, 0x11, 0x15, 0x10, 0x10, 0x16,
  0x0d, 0x0f, 0x14, 0x11, 0x0f, 0x16, 0x11, 0x0f, 0x17, 0x10, 0x10, 0x16,
  0x10, 0x10, 0x16, 0x12, 0x11, 0x17, 0x13, 0x11, 0x15, 0x13, 0x11, 0x15,
  0x10, 0x10, 0x16, 0x13, 0x14, 0x19, 0x12, 0x13, 0x18, 0x12, 0x12, 0x18,
  0x11, 0x12, 0x17, 0x12, 0x11, 0x18, 0x11, 0x10, 0x19, 0x12, 0x11, 0x17,
  0x15, 0x14, 0x1b, 0x07, 0x05, 0x0b, 0x40, 0x4d, 0x5e, 0x66, 0x90, 0xc0,
  0x5c, 0x86, 0xb6, 0x73, 0x97, 0xc0, 0x83, 0xa3, 0xc6, 0x87, 0xa5, 0xc7,
  0x84, 0xa2, 0xc6, 0x76, 0x9a, 0xc2, 0x6b, 0x91, 0xbe, 0x5a, 0x84, 0xb6,
  0x48, 0x72, 0xa8, 0x35, 0x5c, 0x92, 0x0f, 0x17, 0x25, 0x0f, 0x0a, 0x0f,
  0x13, 0x0e, 0x14, 0x10, 0x0b, 0x11, 0x09, 0x07, 0x11, 0x00, 0x00, 0x02,
  0x2c, 0x47, 0x67, 0x6c, 0x94, 0xcb, 0x7c, 0x9a, 0xcc, 0x8a, 0xa7, 0xd3,
  0x93, 0xae, 0xd5, 0x8f, 0xab, 0xd3, 0x84, 0xa4, 0xd0, 0x7a, 0x9e, 0xce,
  0x79, 0x9c, 0xce, 0x72, 0x99, 0xcd, 0x6e, 0x9c, 0xd6, 0x76, 0xa6, 0xe2,
  0x8e, 0xbc, 0xf9, 0x4f, 0x7e, 0xb5, 0x00, 0x0a, 0x1a, 0x37, 0x46, 0x68,
  0x4e, 0x65, 0x8c, 0x46, 0x62, 0x88, 0x40, 0x64, 0x94, 0x4c, 0x76, 0xaf,
  0x5d, 0x86, 0xc6, 0x59, 0x87, 0xd0, 0x51, 0x8a, 0xd1, 0x02, 0x23, 0x3a,
  0x04, 0x1a, 0x2e, 0x01, 0x20, 0x33, 0x01, 0x1f, 0x32, 0x02, 0x1c, 0x30,
  0x02, 0x1b, 0x2f, 0x02, 0x1a, 0x2c, 0x03, 0x11, 0x23, 0x02, 0x09, 0x1b,
  0x01, 0x04, 0x16, 0x01, 0x03, 0x14, 0x01, 0x04, 0x13, 0x01, 0x05, 0x14,
  0x01, 0x04, 0x12, 0x01, 0x04, 0x12, 0x02, 0x07, 0x14, 0x02, 0x08, 0x16,
  0x03, 0x04, 0x11, 0x10, 0x29, 0x3a, 0x61, 0x95, 0xd0, 0x86, 0xb6, 0xf5,
  0x6e, 0xa3, 0xe5, 0x7d, 0xb0, 0xf1, 0x3a, 0x67, 0xa6, 0x55, 0x86, 0xc6,
  0x79, 0xad, 0xf1, 0x68, 0x9c, 0xe4, 0x64, 0x96, 0xe1, 0x64, 0x96, 0xde,
  0x5a, 0x8e, 0xd6, 0x52, 0x87, 0xd1, 0x5f, 0x8f, 0xd2, 0x63, 0x8e, 0xd0,
  0x61, 0x8e, 0xd2, 0x52, 0x85, 0xcf, 0x57, 0x89, 0xcf, 0x61, 0x8f, 0xd0,
  0x4e, 0x76, 0xb6, 0x3f, 0x62, 0xa2, 0x43, 0x66, 0xa6, 0x41, 0x65, 0xa5,
  0x44, 0x68, 0xa8, 0x4a, 0x71, 0xae, 0x4d, 0x76, 0xb4, 0x57, 0x7d, 0xbb,
  0x5f, 0x84, 0xbf, 0x64, 0x89, 0xc3, 0x69, 0x8d, 0xc6, 0x6d, 0x91, 0xc9,
  0x71, 0x94, 0xc9, 0x75, 0x95, 0xcb, 0x74, 0x94, 0xca, 0x6f, 0x90, 0xc8,
  0x6a, 0x8d, 0xc9, 0x62, 0x88, 0xc7, 0x5a, 0x82, 0xc1, 0x50, 0x7b, 0xbc,
  0x45, 0x6d, 0xb1, 0x3b, 0x64, 0xaa, 0x23, 0x42, 0x7c, 0x25, 0x53, 0x89,
  0x31, 0x70, 0xac, 0x30, 0x6a, 0xa6, 0x31, 0x6a, 0xa7, 0x2e, 0x6a, 0xa6,
  0x11, 0x10, 0x15, 0x12, 0x11, 0x15, 0x12, 0x11, 0x15, 0x11, 0x0f, 0x15,
  0x0f, 0x0f, 0x15, 0x10, 0x0f, 0x15, 0x11, 0x10, 0x16, 0x10, 0x10, 0x18,
  0x11, 0x11, 0x17, 0x11, 0x10, 0x17, 0x13, 0x11, 0x17, 0x12, 0x12, 0x17,
  0x11, 0x12, 0x16, 0x11, 0x11, 0x15, 0x12, 0x13, 0x17, 0x12, 0x14, 0x17,
  0x12, 0x13, 0x17, 0x12, 0x11, 0x19, 0x14, 0x10, 0x19, 0x14, 0x11, 0x17,
  0x16, 0x14, 0x1a, 0x09, 0x08, 0x0d, 0x38, 0x43, 0x53, 0x69, 0x90, 0xbd,
  0x59, 0x84, 0xb5, 0x6e, 0x92, 0xbf, 0x7d, 0x9e, 0xc4, 0x85, 0xa2, 0xc6,
  0x86, 0xa3, 0xc6, 0x7a, 0x9d, 0xc3, 0x6f, 0x94, 0xc0, 0x5d, 0x86, 0xb8,
  0x4a, 0x77, 0xaa, 0x3b, 0x65, 0x9b, 0x16, 0x1f, 0x31, 0x12, 0x0d, 0x10,
  0x14, 0x12, 0x16, 0x12, 0x0e, 0x13, 0x0d, 0x0d, 0x13, 0x08, 0x04, 0x0f,
  0x01, 0x02, 0x06, 0x36, 0x52, 0x78, 0x72, 0x98, 0xce, 0x7b, 0x9d, 0xca,
  0x86, 0xa5, 0xd2, 0x8e, 0xa8, 0xd5, 0x88, 0xa8, 0xd4, 0x80, 0xa3, 0xd0,
  0x73, 0x97, 0xcb, 0x69, 0x94, 0xcc, 0x77, 0xa5, 0xde, 0x84, 0xb1, 0xe9,
  0x8e, 0xb5, 0xed, 0x99, 0xc4, 0xff, 0x48, 0x78, 0xad, 0x06, 0x1f, 0x3e,
  0x29, 0x3a, 0x57, 0x35, 0x51, 0x76, 0x4a, 0x6c, 0x9a, 0x70, 0x95, 0xcc,
  0x67, 0x8c, 0xc8, 0x51, 0x7f, 0xc1, 0x58, 0x89, 0xd9, 0x25, 0x55, 0x8d,
  0x00, 0x15, 0x23, 0x03, 0x21, 0x34, 0x03, 0x1f, 0x33, 0x03, 0x1d, 0x31,
  0x03, 0x1c, 0x30, 0x03, 0x1b, 0x2d, 0x04, 0x13, 0x24, 0x02, 0x0a, 0x1b,
  0x02, 0x04, 0x13, 0x01, 0x04, 0x13, 0x02, 0x04, 0x13, 0x02, 0x03, 0x13,
  0x01, 0x03, 0x12, 0x02, 0x05, 0x13, 0x02, 0x05, 0x13, 0x03, 0x07, 0x16,
  0x01, 0x01, 0x0e, 0x11, 0x32, 0x49, 0x7a, 0xac, 0xed, 0x73, 0xa6, 0xe9,
  0x6b, 0xa0, 0xe5, 0x6e, 0x9f, 0xe1, 0x2e, 0x61, 0x9f, 0x74, 0xa6, 0xea,
  0x6c, 0xa1, 0xe7, 0x65, 0x9a, 0xe2, 0x63, 0x97, 0xdf, 0x63, 0x96, 0xde,
  0x5d, 0x91, 0xd8, 0x5c, 0x8e, 0xd6, 0x5e, 0x8a, 0xc9, 0x52, 0x82, 0xca,
  0x54, 0x86, 0xd0, 0x4e, 0x82, 0xcc, 0x5d, 0x8a, 0xd1, 0x58, 0x84, 0xc8,
  0x42, 0x70, 0xb3, 0x45, 0x6d, 0xae, 0x40, 0x68, 0xa8, 0x42, 0x6b, 0xaa,
  0x49, 0x71, 0xb0, 0x52, 0x79, 0xb5, 0x5a, 0x81, 0xbc, 0x62, 0x87, 0xc2,
  0x67, 0x8c, 0xc6, 0x6d, 0x90, 0xc7, 0x73, 0x94, 0xc9, 0x76, 0x96, 0xcc,
  0x77, 0x96, 0xcc, 0x76, 0x95, 0xcb, 0x73, 0x93, 0xca, 0x6e, 0x8f, 0xc9,
  0x69, 0x8b, 0xc8, 0x63, 0x88, 0xc7, 0x5c, 0x83, 0xc2, 0x53, 0x7b, 0xbd,
  0x48, 0x6f, 0xb4, 0x3b, 0x64, 0xa8, 0x28, 0x4d, 0x8c, 0x1e, 0x41, 0x73,
  0x34, 0x71, 0xaa, 0x2f, 0x6a, 0xa5, 0x2f, 0x6b, 0xa7, 0x2e, 0x6b, 0xa7,
  0x11, 0x10, 0x15, 0x12, 0x11, 0x15, 0x12, 0x0f, 0x16, 0x11, 0x0e, 0x16,
  0x0f, 0x0f, 0x15, 0x10, 0x0f, 0x15, 0x10, 0x10, 0x16, 0x10, 0x11, 0x18,
  0x13, 0x10, 0x19, 0x12, 0x10, 0x16, 0x12, 0x10, 0x17, 0x0f, 0x11, 0x17,
  0x11, 0x12, 0x17, 0x11, 0x11, 0x15, 0x10, 0x10, 0x15, 0x11, 0x12, 0x16,
  0x13, 0x13, 0x18, 0x12, 0x12, 0x19, 0x13, 0x11, 0x19, 0x12, 0x11, 0x17,
  0x15, 0x13, 0x19, 0x0d, 0x09, 0x0f, 0x2f, 0x3a, 0x47, 0x6d, 0x92, 0xbc,
  0x5b, 0x83, 0xb4, 0x6a, 0x90, 0xbd, 0x77, 0x9a, 0xc2, 0x81, 0xa1, 0xc5,
  0x87, 0xa4, 0xc7, 0x7f, 0x9f, 0xc4, 0x72, 0x96, 0xc1, 0x62, 0x89, 0xb9,
  0x50, 0x7a, 0xac, 0x40, 0x6b, 0xa2, 0x19, 0x27, 0x3d, 0x13, 0x0d, 0x0e,
  0x16, 0x12, 0x18, 0x14, 0x10, 0x15, 0x12, 0x0f, 0x15, 0x0c, 0x0c, 0x14,
  0x0b, 0x0a, 0x13, 0x08, 0x0b, 0x13, 0x3b, 0x59, 0x81, 0x71, 0x99, 0xd0,
  0x78, 0x9b, 0xcb, 0x81, 0xa2, 0xd0, 0x8a, 0xa9, 0xd5, 0x86, 0xa4, 0xd3,
  0x6d, 0x95, 0xc8, 0x7a, 0xa6, 0xdb, 0x90, 0xb8, 0xec, 0x8b, 0xb6, 0xec,
  0x8f, 0xba, 0xf0, 0x99, 0xbe, 0xf2, 0xa9, 0xce, 0xff, 0x5f, 0x94, 0xcf,
  0x0f, 0x3b, 0x6c, 0x53, 0x6f, 0xa0, 0x65, 0x87, 0xbb, 0x6a, 0x8f, 0xc4,
  0x6b, 0x90, 0xc7, 0x61, 0x87, 0xc6, 0x49, 0x78, 0xc0, 0x47, 0x7a, 0xca,
  0x07, 0x2e, 0x4a, 0x02, 0x1a, 0x2c, 0x03, 0x1f, 0x34, 0x02, 0x1c, 0x30,
  0x03, 0x1c, 0x30, 0x02, 0x1a, 0x2c, 0x03, 0x12, 0x24, 0x03, 0x09, 0x1b,
  0x02, 0x03, 0x13, 0x01, 0x05, 0x11, 0x01, 0x03, 0x12, 0x03, 0x02, 0x13,
  0x01, 0x03, 0x13, 0x02, 0x05, 0x14, 0x02, 0x05, 0x13, 0x03, 0x07, 0x15,
  0x00, 0x00, 0x05, 0x2c, 0x52, 0x75, 0x7f, 0xb2, 0xf7, 0x59, 0x91, 0xda,
  0x70, 0xa2, 0xe7, 0x57, 0x85, 0xc6, 0x44, 0x76, 0xb8, 0x7c, 0xad, 0xf2,
  0x68, 0x9c, 0xe4, 0x64, 0x96, 0xe0, 0x64, 0x97, 0xdf, 0x66, 0x97, 0xdf,
  0x62, 0x95, 0xdd, 0x5d, 0x8e, 0xd4, 0x70, 0x83, 0xb6, 0x55, 0x85, 0xcc,
  0x4c, 0x81, 0xcd, 0x55, 0x87, 0xce, 0x60, 0x8c, 0xcf, 0x48, 0x77, 0xbc,
  0x43, 0x73, 0xb9, 0x4c, 0x79, 0xbd, 0x4a, 0x76, 0xb9, 0x4b, 0x75, 0xb5,
  0x55, 0x7c, 0xba, 0x5e, 0x83, 0xbf, 0x64, 0x8a, 0xc4, 0x69, 0x8e, 0xc7,
  0x71, 0x93, 0xca, 0x74, 0x94, 0xca, 0x77, 0x96, 0xcc, 0x77, 0x96, 0xcd,
  0x74, 0x95, 0xcb, 0x73, 0x93, 0xca, 0x70, 0x8f, 0xc8, 0x6c, 0x8c, 0xc8,
  0x67, 0x8a, 0xc8, 0x64, 0x87, 0xc7, 0x5d, 0x82, 0xc2, 0x53, 0x7a, 0xbd,
  0x45, 0x6f, 0xb2, 0x39, 0x64, 0xa7, 0x2b, 0x55, 0x96, 0x19, 0x34, 0x68,
  0x32, 0x6b, 0xa3, 0x31, 0x6c, 0xa8, 0x2f, 0x6b, 0xa6, 0x30, 0x6c, 0xa7,
  0x12, 0x11, 0x15, 0x12, 0x11, 0x15, 0x11, 0x0e, 0x16, 0x10, 0x0f, 0x17,
  0x10, 0x10, 0x16, 0x0f, 0x0f, 0x16, 0x10, 0x10, 0x18, 0x11, 0x11, 0x19,
  0x13, 0x11, 0x17, 0x13, 0x12, 0x16, 0x13, 0x11, 0x16, 0x11, 0x11, 0x17,
  0x10, 0x11, 0x16, 0x11, 0x12, 0x17, 0x11, 0x10, 0x16, 0x10, 0x0f, 0x13,
  0x13, 0x13, 0x18, 0x13, 0x13, 0x18, 0x12, 0x13, 0x18, 0x11, 0x11, 0x17,
  0x12, 0x11, 0x19, 0x12, 0x11, 0x16, 0x15, 0x19, 0x20, 0x5b, 0x7c, 0xa2,
  0x62, 0x89, 0xb9, 0x65, 0x8c, 0xb9, 0x72, 0x95, 0xbf, 0x7b, 0x9c, 0xc3,
  0x83, 0xa1, 0xc6, 0x7e, 0xa0, 0xc5, 0x74, 0x97, 0xc1, 0x65, 0x8b, 0xba,
  0x52, 0x7d, 0xae, 0x43, 0x70, 0xa7, 0x1e, 0x2f, 0x4a, 0x13, 0x0d, 0x0d,
  0x15, 0x12, 0x18, 0x13, 0x10, 0x15, 0x12, 0x10, 0x16, 0x0f, 0x0f, 0x15,
  0x10, 0x10, 0x18, 0x0c, 0x0c, 0x16, 0x08, 0x0b, 0x14, 0x34, 0x4f, 0x74,
  0x66, 0x92, 0xc8, 0x76, 0x9c, 0xcd, 0x81, 0xa2, 0xce, 0x78, 0x9d, 0xce,
  0x6f, 0x94, 0xcc, 0x8c, 0xb2, 0xe5, 0x8d, 0xb6, 0xea, 0x88, 0xb6, 0xec,
  0x90, 0xba, 0xf0, 0x99, 0xc0, 0xf4, 0x9c, 0xc0, 0xf3, 0xa1, 0xc9, 0xff,
  0x69, 0x9e, 0xe2, 0x12, 0x47, 0x85, 0x57, 0x76, 0xad, 0x73, 0x94, 0xc8,
  0x6a, 0x90, 0xc5, 0x68, 0x8d, 0xc9, 0x53, 0x7d, 0xc1, 0x4b, 0x7c, 0xcd,
  0x35, 0x68, 0xab, 0x00, 0x1a, 0x2d, 0x05, 0x1f, 0x33, 0x02, 0x1c, 0x30,
  0x03, 0x1b, 0x2f, 0x03, 0x1a, 0x2d, 0x03, 0x12, 0x24, 0x03, 0x0a, 0x1b,
  0x02, 0x04, 0x13, 0x00, 0x04, 0x11, 0x02, 0x03, 0x12, 0x02, 0x02, 0x12,
  0x03, 0x04, 0x13, 0x02, 0x04, 0x13, 0x01, 0x03, 0x12, 0x03, 0x04, 0x13,
  0x00, 0x02, 0x0d, 0x5a, 0x89, 0xbf, 0x64, 0x98, 0xe2, 0x42, 0x7a, 0xc4,
  0x6e, 0xa1, 0xe6, 0x43, 0x74, 0xb6, 0x5a, 0x90, 0xd5, 0x74, 0xa6, 0xec,
  0x65, 0x9a, 0xe1, 0x63, 0x95, 0xdf, 0x64, 0x96, 0xde, 0x67, 0x98, 0xde,
  0x63, 0x94, 0xdd, 0x60, 0x93, 0xd8, 0x4d, 0x80, 0xcc, 0x4b, 0x80, 0xcd,
  0x4f, 0x83, 0xcd, 0x5e, 0x8c, 0xd0, 0x56, 0x81, 0xc5, 0x42, 0x73, 0xbb,
  0x47, 0x77, 0xbd, 0x4c, 0x7b, 0xbd, 0x52, 0x80, 0xbf, 0x57, 0x83, 0xc1,
  0x5d, 0x84, 0xc1, 0x66, 0x8b, 0xc5, 0x6c, 0x90, 0xc7, 0x72, 0x94, 0xca,
  0x77, 0x96, 0xcc, 0x76, 0x96, 0xcc, 0x78, 0x97, 0xcc, 0x75, 0x96, 0xcb,
  0x6f, 0x91, 0xc8, 0x6e, 0x8f, 0xc8, 0x6c, 0x8d, 0xc8, 0x69, 0x8b, 0xc8,
  0x68, 0x8a, 0xc7, 0x62, 0x86, 0xc5, 0x5b, 0x81, 0xc1, 0x4d, 0x75, 0xb9,
  0x42, 0x6a, 0xb0, 0x38, 0x61, 0xa4, 0x2f, 0x59, 0x9d, 0x16, 0x2f, 0x61,
  0x2c, 0x61, 0x98, 0x31, 0x6f, 0xac, 0x30, 0x6c, 0xa8, 0x31, 0x6d, 0xa9,
  0x12, 0x10, 0x16, 0x13, 0x11, 0x17, 0x11, 0x10, 0x16, 0x10, 0x10, 0x16,
  0x11, 0x11, 0x17, 0x12, 0x10, 0x17, 0x11, 0x10, 0x18, 0x12, 0x11, 0x18,
  0x13, 0x12, 0x17, 0x14, 0x13, 0x17, 0x13, 0x12, 0x16, 0x13, 0x12, 0x17,
  0x11, 0x12, 0x17, 0x12, 0x12, 0x18, 0x13, 0x13, 0x17, 0x12, 0x11, 0x15,
  0x10, 0x11, 0x15, 0x13, 0x14, 0x17, 0x14, 0x13, 0x19, 0x13, 0x12, 0x17,
  0x11, 0x10, 0x17, 0x15, 0x14, 0x1a, 0x0b, 0x09, 0x0c, 0x32, 0x48, 0x5f,
  0x69, 0x92, 0xc0, 0x65, 0x8a, 0xb5, 0x6d, 0x91, 0xbd, 0x75, 0x98, 0xc0,
  0x80, 0x9f, 0xc4, 0x80, 0xa0, 0xc5, 0x78, 0x9a, 0xc2, 0x6b, 0x8f, 0xbd,
  0x55, 0x80, 0xb1, 0x44, 0x74, 0xaa, 0x22, 0x36, 0x56, 0x13, 0x0d, 0x0e,
  0x16, 0x12, 0x18, 0x13, 0x10, 0x15, 0x12, 0x11, 0x17, 0x0f, 0x10, 0x16,
  0x0e, 0x0f, 0x17, 0x0e, 0x0e, 0x19, 0x0e, 0x0c, 0x16, 0x08, 0x04, 0x0c,
  0x22, 0x37, 0x53, 0x57, 0x7e, 0xb9, 0x72, 0x97, 0xce, 0x6c, 0x91, 0xc5,
  0x6b, 0x8f, 0xc7, 0x78, 0x9e, 0xd6, 0x82, 0xae, 0xe4, 0x88, 0xb5, 0xea,
  0x8c, 0xb7, 0xee, 0x8e, 0xb8, 0xf0, 0x97, 0xbd, 0xf4, 0x97, 0xbe, 0xf2,
  0x9a, 0xc1, 0xfa, 0x66, 0x9f, 0xe5, 0x0f, 0x4c, 0x92, 0x54, 0x76, 0xb1,
  0x77, 0x98, 0xcc, 0x68, 0x8e, 0xc6, 0x5f, 0x85, 0xc7, 0x47, 0x75, 0xbf,
  0x52, 0x88, 0xde, 0x15, 0x43, 0x6d, 0x00, 0x17, 0x26, 0x04, 0x1d, 0x32,
  0x04, 0x1b, 0x2f, 0x03, 0x18, 0x2b, 0x02, 0x11, 0x23, 0x02, 0x08, 0x1a,
  0x02, 0x03, 0x13, 0x01, 0x02, 0x11, 0x03, 0x03, 0x13, 0x03, 0x03, 0x13,
  0x02, 0x02, 0x12, 0x04, 0x04, 0x14, 0x02, 0x04, 0x14, 0x00, 0x00, 0x08,
  0x14, 0x2b, 0x42, 0x78, 0xad, 0xf2, 0x4a, 0x75, 0xba, 0x39, 0x66, 0xab,
  0x66, 0x96, 0xd9, 0x3b, 0x6f, 0xb3, 0x6a, 0x9f, 0xe5, 0x6a, 0x9e, 0xe5,
  0x62, 0x97, 0xdf, 0x60, 0x93, 0xdd, 0x61, 0x94, 0xdc, 0x61, 0x93, 0xdb,
  0x5f, 0x92, 0xd9, 0x5e, 0x91, 0xd7, 0x51, 0x86, 0xd1, 0x4b, 0x7f, 0xcc,
  0x58, 0x88, 0xcc, 0x58, 0x86, 0xc9, 0x42, 0x75, 0xbe, 0x49, 0x78, 0xbd,
  0x4d, 0x7c, 0xbf, 0x54, 0x80, 0xc0, 0x5b, 0x85, 0xc3, 0x60, 0x88, 0xc3,
  0x67, 0x8c, 0xc5, 0x6d, 0x91, 0xc8, 0x72, 0x94, 0xc9, 0x76, 0x95, 0xcc,
  0x77, 0x96, 0xcd, 0x76, 0x97, 0xcd, 0x75, 0x95, 0xcc, 0x71, 0x92, 0xca,
  0x6a, 0x8d, 0xc7, 0x6b, 0x8d, 0xc8, 0x69, 0x8c, 0xc8, 0x64, 0x88, 0xc6,
  0x64, 0x87, 0xc6, 0x5f, 0x82, 0xc2, 0x56, 0x7c, 0xbd, 0x48, 0x71, 0xb5,
  0x41, 0x68, 0xae, 0x39, 0x5f, 0xa3, 0x2f, 0x5a, 0xa0, 0x14, 0x2f, 0x63,
  0x27, 0x53, 0x86, 0x35, 0x73, 0xb1, 0x30, 0x6c, 0xa8, 0x31, 0x6d, 0xa9,
  0x12, 0x10, 0x16, 0x12, 0x10, 0x16, 0x11, 0x10, 0x16, 0x12, 0x10, 0x17,
  0x12, 0x10, 0x16, 0x13, 0x10, 0x17, 0x13, 0x11, 0x17, 0x11, 0x11, 0x16,
  0x13, 0x12, 0x17, 0x13, 0x11, 0x16, 0x14, 0x13, 0x17, 0x13, 0x13, 0x17,
  0x12, 0x13, 0x16, 0x12, 0x13, 0x18, 0x13, 0x12, 0x18, 0x13, 0x12, 0x17,
  0x11, 0x11, 0x15, 0x11, 0x10, 0x14, 0x14, 0x13, 0x17, 0x14, 0x13, 0x18,
  0x12, 0x12, 0x17, 0x13, 0x11, 0x19, 0x12, 0x0e, 0x16, 0x14, 0x19, 0x23,
  0x61, 0x85, 0xaa, 0x6b, 0x8f, 0xba, 0x6a, 0x8e, 0xbb, 0x72, 0x95, 0xc0,
  0x7a, 0x9b, 0xc2, 0x7f, 0x9e, 0xc4, 0x7a, 0x9a, 0xc2, 0x6e, 0x92, 0xbe,
  0x58, 0x82, 0xb2, 0x4a, 0x78, 0xae, 0x27, 0x40, 0x64, 0x12, 0x0e, 0x10,
  0x14, 0x11, 0x16, 0x13, 0x10, 0x15, 0x11, 0x11, 0x17, 0x0e, 0x11, 0x17,
  0x0e, 0x10, 0x19, 0x0d, 0x0d, 0x17, 0x0e, 0x0c, 0x15, 0x10, 0x0e, 0x18,
  0x0b, 0x08, 0x0f, 0x13, 0x1e, 0x30, 0x3e, 0x5d, 0x90, 0x5f, 0x81, 0xc4,
  0x64, 0x89, 0xc2, 0x6a, 0x8e, 0xc9, 0x7a, 0xa3, 0xdb, 0x7c, 0xaa, 0xe3,
  0x7e, 0xac, 0xe7, 0x80, 0xae, 0xeb, 0x8a, 0xb5, 0xee, 0x93, 0xbb, 0xf2,
  0x96, 0xbc, 0xf1, 0x97, 0xbe, 0xf7, 0x66, 0x9d, 0xe4, 0x14, 0x51, 0x9b,
  0x4f, 0x73, 0xb0, 0x78, 0x96, 0xcb, 0x66, 0x89, 0xc7, 0x4f, 0x7a, 0xc0,
  0x4a, 0x7d, 0xcf, 0x43, 0x7b, 0xc8, 0x00, 0x21, 0x38, 0x04, 0x1b, 0x2e,
  0x03, 0x1a, 0x2e, 0x02, 0x18, 0x2a, 0x03, 0x11, 0x23, 0x02, 0x09, 0x19,
  0x01, 0x03, 0x12, 0x02, 0x02, 0x12, 0x02, 0x02, 0x12, 0x02, 0x02, 0x12,
  0x03, 0x03, 0x12, 0x02, 0x02, 0x11, 0x04, 0x05, 0x16, 0x00, 0x00, 0x04,
  0x4b, 0x75, 0xa1, 0x7a, 0xab, 0xf3, 0x44, 0x6b, 0xaa, 0x37, 0x63, 0xa2,
  0x4d, 0x7c, 0xc1, 0x40, 0x72, 0xb7, 0x73, 0xa6, 0xea, 0x65, 0x9a, 0xe0,
  0x61, 0x95, 0xdc, 0x61, 0x93, 0xdc, 0x61, 0x94, 0xdc, 0x60, 0x91, 0xd8,
  0x5d, 0x8f, 0xd5, 0x56, 0x8a, 0xd3, 0x4a, 0x80, 0xce, 0x4f, 0x82, 0xca,
  0x54, 0x83, 0xc8, 0x42, 0x77, 0xbf, 0x47, 0x79, 0xbf, 0x50, 0x7e, 0xc1,
  0x55, 0x81, 0xc1, 0x5b, 0x85, 0xc4, 0x60, 0x87, 0xc6, 0x65, 0x8b, 0xc6,
  0x6c, 0x8f, 0xc8, 0x70, 0x92, 0xca, 0x72, 0x92, 0xcb, 0x77, 0x96, 0xcd,
  0x76, 0x95, 0xcc, 0x72, 0x94, 0xcb, 0x6f, 0x91, 0xca, 0x6a, 0x8c, 0xc9,
  0x67, 0x8a, 0xc8, 0x65, 0x89, 0xc6, 0x64, 0x88, 0xc6, 0x60, 0x84, 0xc4,
  0x5e, 0x82, 0xc2, 0x59, 0x7d, 0xbf, 0x50, 0x77, 0xbb, 0x45, 0x6e, 0xb3,
  0x3e, 0x67, 0xac, 0x36, 0x5f, 0xa2, 0x2e, 0x59, 0xa0, 0x18, 0x30, 0x64,
  0x1f, 0x45, 0x73, 0x35, 0x74, 0xb3, 0x30, 0x6c, 0xa7, 0x31, 0x6d, 0xa9,
  0x11, 0x0f, 0x15, 0x12, 0x10, 0x16, 0x12, 0x10, 0x16, 0x12, 0x10, 0x16,
  0x12, 0x10, 0x16, 0x12, 0x11, 0x17, 0x12, 0x11, 0x16, 0x12, 0x11, 0x16,
  0x13, 0x12, 0x18, 0x13, 0x12, 0x18, 0x14, 0x13, 0x17, 0x14, 0x13, 0x17,
  0x14, 0x13, 0x17, 0x13, 0x13, 0x17, 0x11, 0x12, 0x17, 0x11, 0x13, 0x17,
  0x14, 0x14, 0x17, 0x12, 0x11, 0x15, 0x10, 0x0f, 0x13, 0x14, 0x12, 0x18,
  0x11, 0x11, 0x17, 0x11, 0x11, 0x18, 0x15, 0x13, 0x1c, 0x0a, 0x07, 0x0d,
  0x3b, 0x53, 0x6b, 0x75, 0x99, 0xc3, 0x68, 0x8c, 0xb7, 0x6e, 0x92, 0xbe,
  0x75, 0x98, 0xc1, 0x7b, 0x9c, 0xc2, 0x77, 0x9a, 0xc1, 0x70, 0x93, 0xbf,
  0x5a, 0x82, 0xb3, 0x4d, 0x7a, 0xb0, 0x32, 0x4e, 0x76, 0x11, 0x0f, 0x13,
  0x14, 0x10, 0x15, 0x13, 0x0f, 0x14, 0x11, 0x10, 0x17, 0x0e, 0x10, 0x18,
  0x0e, 0x0f, 0x19, 0x0e, 0x0d, 0x17, 0x0e, 0x0e, 0x15, 0x0d, 0x0f, 0x16,
  0x0f, 0x0f, 0x1a, 0x0d, 0x0a, 0x12, 0x09, 0x0b, 0x15, 0x2f, 0x43, 0x6c,
  0x59, 0x7e, 0xbe, 0x5d, 0x82, 0xbf, 0x65, 0x8c, 0xc9, 0x6a, 0x97, 0xd5,
  0x71, 0x9e, 0xdc, 0x77, 0xa4, 0xe3, 0x7c, 0xa9, 0xe7, 0x84, 0xb0, 0xec,
  0x91, 0xb9, 0xf0, 0x92, 0xba, 0xf0, 0x8e, 0xb8, 0xf4, 0x6b, 0xa2, 0xea,
  0x1a, 0x59, 0xa8, 0x3e, 0x68, 0xaa, 0x72, 0x92, 0xca, 0x5e, 0x86, 0xc6,
  0x43, 0x74, 0xbe, 0x56, 0x8c, 0xe4, 0x21, 0x53, 0x8a, 0x00, 0x16, 0x23,
  0x04, 0x1d, 0x30, 0x02, 0x18, 0x2a, 0x03, 0x10, 0x22, 0x01, 0x08, 0x18,
  0x01, 0x03, 0x12, 0x02, 0x02, 0x12, 0x02, 0x02, 0x12, 0x02, 0x02, 0x12,
  0x03, 0x03, 0x12, 0x02, 0x04, 0x13, 0x00, 0x00, 0x0b, 0x0d, 0x20, 0x35,
  0x80, 0xb3, 0xf2, 0x6b, 0x9b, 0xe0, 0x4d, 0x73, 0xb1, 0x48, 0x6c, 0xa8,
  0x33, 0x55, 0x8e, 0x46, 0x75, 0xb5, 0x6e, 0xa4, 0xea, 0x61, 0x96, 0xde,
  0x62, 0x95, 0xdc, 0x61, 0x92, 0xda, 0x5e, 0x90, 0xd7, 0x5c, 0x8b, 0xd4,
  0x59, 0x88, 0xd0, 0x4e, 0x83, 0xcf, 0x4c, 0x82, 0xcc, 0x4f, 0x7e, 0xc7,
  0x45, 0x78, 0xc1, 0x4b, 0x7c, 0xc2, 0x52, 0x80, 0xc2, 0x55, 0x81, 0xc1,
  0x57, 0x83, 0xc2, 0x5c, 0x86, 0xc5, 0x64, 0x89, 0xc6, 0x68, 0x8d, 0xc8,
  0x6e, 0x91, 0xca, 0x72, 0x94, 0xcb, 0x76, 0x95, 0xcc, 0x76, 0x94, 0xcc,
  0x74, 0x94, 0xcb, 0x6f, 0x92, 0xca, 0x66, 0x8b, 0xc9, 0x64, 0x88, 0xc7,
  0x63, 0x87, 0xc6, 0x63, 0x85, 0xc5, 0x5e, 0x82, 0xc2, 0x5a, 0x7f, 0xc0,
  0x58, 0x7d, 0xbf, 0x51, 0x77, 0xbb, 0x4a, 0x73, 0xb7, 0x42, 0x6b, 0xb1,
  0x3d, 0x66, 0xab, 0x35, 0x5f, 0xa2, 0x30, 0x5b, 0xa0, 0x18, 0x33, 0x6a,
  0x19, 0x39, 0x62, 0x34, 0x74, 0xb2, 0x30, 0x6b, 0xa7, 0x31, 0x6d, 0xa9,
  0x12, 0x10, 0x15, 0x13, 0x11, 0x17, 0x13, 0x11, 0x19, 0x12, 0x0f, 0x17,
  0x12, 0x10, 0x16, 0x12, 0x11, 0x17, 0x12, 0x11, 0x16, 0x13, 0x11, 0x18,
  0x12, 0x12, 0x18, 0x13, 0x13, 0x17, 0x14, 0x13, 0x17, 0x13, 0x13, 0x17,
  0x13, 0x13, 0x17, 0x15, 0x14, 0x18, 0x14, 0x14, 0x18, 0x11, 0x11, 0x17,
  0x12, 0x12, 0x18, 0x12, 0x12, 0x17, 0x11, 0x10, 0x14, 0x10, 0x0f, 0x13,
  0x12, 0x10, 0x17, 0x12, 0x12, 0x17, 0x14, 0x13, 0x19, 0x12, 0x0f, 0x15,
  0x14, 0x1c, 0x26, 0x6b, 0x8a, 0xaf, 0x6d, 0x92, 0xbb, 0x69, 0x8f, 0xba,
  0x70, 0x95, 0xbe, 0x78, 0x9c, 0xc2, 0x78, 0x9a, 0xc2, 0x71, 0x93, 0xbf,
  0x5d, 0x84, 0xb4, 0x4f, 0x7b, 0xaf, 0x38, 0x58, 0x86, 0x14, 0x12, 0x18,
  0x15, 0x0f, 0x14, 0x13, 0x0f, 0x15, 0x11, 0x11, 0x19, 0x0f, 0x10, 0x1a,
  0x0f, 0x0f, 0x19, 0x0f, 0x0d, 0x17, 0x0f, 0x0f, 0x16, 0x0d, 0x0f, 0x16,
  0x0f, 0x0e, 0x17, 0x0e, 0x0e, 0x18, 0x0d, 0x0e, 0x18, 0x06, 0x0a, 0x0f,
  0x22, 0x36, 0x56, 0x50, 0x74, 0xb3, 0x59, 0x80, 0xbe, 0x5a, 0x84, 0xc2,
  0x61, 0x8f, 0xcf, 0x6a, 0x99, 0xd9, 0x6f, 0x9f, 0xde, 0x74, 0xa3, 0xe3,
  0x80, 0xac, 0xea, 0x8c, 0xb7, 0xee, 0x8f, 0xb7, 0xee, 0x8b, 0xb7, 0xf3,
  0x75, 0xaa, 0xef, 0x23, 0x64, 0xb4, 0x28, 0x5c, 0xa3, 0x61, 0x85, 0xc4,
  0x52, 0x7d, 0xc2, 0x47, 0x7b, 0xcb, 0x4e, 0x86, 0xdd, 0x07, 0x2b, 0x4b,
  0x03, 0x19, 0x28, 0x04, 0x19, 0x2b, 0x04, 0x11, 0x23, 0x03, 0x08, 0x19,
  0x02, 0x03, 0x13, 0x01, 0x02, 0x11, 0x02, 0x03, 0x13, 0x02, 0x02, 0x11,
  0x02, 0x02, 0x10, 0x04, 0x04, 0x15, 0x00, 0x00, 0x03, 0x4a, 0x72, 0x9b,
  0x8e, 0xbb, 0xff, 0x61, 0x91, 0xd5, 0x5b, 0x7e, 0xbc, 0x47, 0x69, 0x9f,
  0x16, 0x38, 0x62, 0x49, 0x7a, 0xb6, 0x6b, 0xa2, 0xe9, 0x61, 0x96, 0xdc,
  0x60, 0x93, 0xda, 0x5e, 0x8e, 0xd7, 0x5b, 0x8a, 0xd0, 0x56, 0x84, 0xc9,
  0x50, 0x7f, 0xc9, 0x4d, 0x7f, 0xca, 0x4b, 0x7e, 0xc7, 0x40, 0x77, 0xc1,
  0x4b, 0x7d, 0xc3, 0x52, 0x80, 0xc2, 0x56, 0x81, 0xc3, 0x58, 0x83, 0xc2,
  0x5e, 0x86, 0xc5, 0x62, 0x89, 0xc7, 0x68, 0x8d, 0xc7, 0x6b, 0x90, 0xca,
  0x71, 0x93, 0xca, 0x75, 0x95, 0xcc, 0x73, 0x94, 0xcc, 0x72, 0x92, 0xcb,
  0x6e, 0x90, 0xca, 0x68, 0x8c, 0xca, 0x62, 0x87, 0xc7, 0x60, 0x84, 0xc4,
  0x5e, 0x83, 0xc3, 0x5b, 0x80, 0xc2, 0x58, 0x7c, 0xc0, 0x55, 0x79, 0xbe,
  0x52, 0x77, 0xbc, 0x4e, 0x76, 0xbb, 0x48, 0x71, 0xb5, 0x41, 0x6a, 0xaf,
  0x3c, 0x64, 0xaa, 0x36, 0x5f, 0xa3, 0x2f, 0x59, 0x9f, 0x1a, 0x38, 0x71,
  0x15, 0x30, 0x57, 0x35, 0x75, 0xb1, 0x31, 0x6c, 0xa8, 0x30, 0x6e, 0xaa,
  0x10, 0x0f, 0x13, 0x12, 0x10, 0x17, 0x13, 0x10, 0x19, 0x12, 0x10, 0x19,
  0x11, 0x10, 0x16, 0x12, 0x10, 0x16, 0x11, 0x10, 0x16, 0x11, 0x11, 0x18,
  0x11, 0x11, 0x18, 0x13, 0x13, 0x17, 0x15, 0x14, 0x18, 0x13, 0x14, 0x18,
  0x13, 0x13, 0x17, 0x15, 0x14, 0x17, 0x15, 0x13, 0x18, 0x12, 0x12, 0x18,
  0x12, 0x13, 0x18, 0x11, 0x11, 0x18, 0x12, 0x12, 0x16, 0x10, 0x0f, 0x12,
  0x10, 0x0f, 0x14, 0x12, 0x13, 0x17, 0x13, 0x13, 0x19, 0x16, 0x14, 0x1b,
  0x08, 0x08, 0x0e, 0x42, 0x56, 0x6c, 0x77, 0x9b, 0xc4, 0x67, 0x8c, 0xb6,
  0x6b, 0x91, 0xbd, 0x73, 0x97, 0xc0, 0x75, 0x98, 0xc0, 0x6c, 0x90, 0xbc,
  0x5c, 0x84, 0xb3, 0x50, 0x7a, 0xad, 0x3c, 0x5e, 0x8f, 0x16, 0x17, 0x1f,
  0x13, 0x0f, 0x13, 0x11, 0x10, 0x16, 0x12, 0x11, 0x19, 0x0f, 0x10, 0x19,
  0x0e, 0x11, 0x19, 0x0f, 0x0e, 0x16, 0x10, 0x0e, 0x15, 0x0d, 0x0d, 0x16,
  0x0f, 0x0e, 0x17, 0x0d, 0x0c, 0x17, 0x0b, 0x0c, 0x16, 0x0d, 0x0e, 0x1a,
  0x07, 0x09, 0x0f, 0x1f, 0x31, 0x50, 0x4e, 0x74, 0xb5, 0x55, 0x7d, 0xb9,
  0x58, 0x81, 0xbf, 0x60, 0x8c, 0xcb, 0x64, 0x94, 0xd4, 0x68, 0x98, 0xda,
  0x6d, 0x9e, 0xe0, 0x7a, 0xa9, 0xe6, 0x88, 0xb3, 0xec, 0x8c, 0xb6, 0xef,
  0x88, 0xb3, 0xf0, 0x7d, 0xae, 0xf2, 0x33, 0x73, 0xc4, 0x15, 0x52, 0xa1,
  0x46, 0x71, 0xb8, 0x4d, 0x78, 0xc2, 0x56, 0x8a, 0xe3, 0x34, 0x6b, 0xb2,
  0x00, 0x16, 0x27, 0x05, 0x1a, 0x2d, 0x03, 0x0f, 0x22, 0x02, 0x07, 0x18,
  0x01, 0x02, 0x12, 0x01, 0x03, 0x12, 0x00, 0x03, 0x13, 0x02, 0x03, 0x11,
  0x02, 0x03, 0x11, 0x00, 0x00, 0x0b, 0x0a, 0x1b, 0x2e, 0x82, 0xb1, 0xf0,
  0x79, 0xa6, 0xec, 0x62, 0x8d, 0xcf, 0x5b, 0x7d, 0xb9, 0x3b, 0x5a, 0x8b,
  0x1d, 0x3d, 0x64, 0x50, 0x82, 0xbc, 0x6f, 0xa2, 0xe6, 0x5b, 0x91, 0xd8,
  0x5b, 0x8e, 0xd5, 0x5a, 0x89, 0xcf, 0x58, 0x84, 0xc8, 0x53, 0x7e, 0xc2,
  0x47, 0x77, 0xc0, 0x48, 0x79, 0xc5, 0x43, 0x77, 0xc2, 0x4d, 0x7d, 0xc4,
  0x53, 0x81, 0xc5, 0x56, 0x82, 0xc4, 0x58, 0x82, 0xc3, 0x5b, 0x84, 0xc3,
  0x63, 0x88, 0xc6, 0x67, 0x8b, 0xc7, 0x6c, 0x90, 0xc8, 0x70, 0x92, 0xcb,
  0x72, 0x93, 0xcb, 0x6e, 0x91, 0xca, 0x6d, 0x90, 0xca, 0x69, 0x8e, 0xca,
  0x64, 0x8a, 0xc8, 0x5e, 0x85, 0xc5, 0x5c, 0x82, 0xc3, 0x5a, 0x80, 0xc2,
  0x59, 0x80, 0xc1, 0x57, 0x7d, 0xbf, 0x55, 0x7a, 0xbf, 0x53, 0x78, 0xbe,
  0x51, 0x76, 0xbc, 0x4d, 0x75, 0xba, 0x46, 0x6f, 0xb3, 0x41, 0x6a, 0xae,
  0x3b, 0x64, 0xaa, 0x34, 0x5d, 0xa2, 0x2f, 0x59, 0x9e, 0x1d, 0x3d, 0x77,
  0x13, 0x28, 0x4f, 0x35, 0x74, 0xaf, 0x31, 0x6d, 0xa9, 0x33, 0x6e, 0xaa,
  0x0f, 0x0d, 0x13, 0x12, 0x10, 0x15, 0x13, 0x10, 0x18, 0x13, 0x10, 0x19,
  0x12, 0x10, 0x16, 0x11, 0x10, 0x16, 0x12, 0x12, 0x18, 0x11, 0x11, 0x17,
  0x11, 0x10, 0x16, 0x13, 0x12, 0x17, 0x14, 0x12, 0x17, 0x13, 0x13, 0x17,
  0x12, 0x12, 0x17, 0x13, 0x12, 0x17, 0x14, 0x12, 0x17, 0x13, 0x13, 0x17,
  0x11, 0x12, 0x16, 0x11, 0x12, 0x17, 0x13, 0x13, 0x17, 0x12, 0x11, 0x14,
  0x10, 0x0f, 0x13, 0x10, 0x0f, 0x13, 0x14, 0x13, 0x18, 0x15, 0x14, 0x1a,
  0x11, 0x0e, 0x14, 0x15, 0x1d, 0x26, 0x6c, 0x8d, 0xb0, 0x6f, 0x91, 0xba,
  0x6a, 0x8f, 0xbb, 0x6e, 0x93, 0xbe, 0x71, 0x94, 0xbe, 0x6a, 0x8f, 0xbb,
  0x5c, 0x83, 0xb4, 0x50, 0x79, 0xad, 0x3e, 0x63, 0x96, 0x17, 0x1d, 0x27,
  0x11, 0x0c, 0x0f, 0x10, 0x10, 0x16, 0x11, 0x11, 0x18, 0x0e, 0x10, 0x18,
  0x0d, 0x10, 0x18, 0x0e, 0x0d, 0x14, 0x12, 0x10, 0x15, 0x10, 0x10, 0x17,
  0x0f, 0x10, 0x18, 0x0d, 0x0e, 0x17, 0x0b, 0x0c, 0x16, 0x0d, 0x0e, 0x18,
  0x0d, 0x0f, 0x1a, 0x07, 0x09, 0x0f, 0x24, 0x39, 0x5c, 0x4e, 0x77, 0xb7,
  0x53, 0x79, 0xb7, 0x56, 0x80, 0xbf, 0x5b, 0x87, 0xc8, 0x60, 0x8f, 0xd1,
  0x62, 0x94, 0xd6, 0x6d, 0x9c, 0xdd, 0x78, 0xa5, 0xe4, 0x84, 0xb0, 0xeb,
  0x89, 0xb3, 0xed, 0x84, 0xb0, 0xec, 0x7d, 0xae, 0xf2, 0x4c, 0x89, 0xd8,
  0x13, 0x55, 0xa9, 0x28, 0x5c, 0xad, 0x49, 0x79, 0xca, 0x63, 0x99, 0xf2,
  0x17, 0x46, 0x78, 0x00, 0x10, 0x1d, 0x06, 0x12, 0x26, 0x02, 0x07, 0x18,
  0x01, 0x02, 0x11, 0x01, 0x01, 0x11, 0x02, 0x03, 0x13, 0x02, 0x02, 0x12,
  0x04, 0x05, 0x14, 0x00, 0x00, 0x02, 0x3f, 0x66, 0x91, 0x8d, 0xbd, 0xff,
  0x67, 0x97, 0xda, 0x64, 0x8b, 0xcc, 0x46, 0x68, 0x9d, 0x29, 0x4a, 0x6f,
  0x30, 0x4f, 0x78, 0x5b, 0x8c, 0xc6, 0x65, 0x9a, 0xe0, 0x58, 0x8a, 0xd3,
  0x58, 0x87, 0xce, 0x59, 0x85, 0xc8, 0x56, 0x7f, 0xbf, 0x4d, 0x76, 0xb7,
  0x3e, 0x70, 0xbb, 0x41, 0x76, 0xc3, 0x4d, 0x7e, 0xc6, 0x55, 0x82, 0xc6,
  0x57, 0x83, 0xc5, 0x5b, 0x85, 0xc5, 0x5b, 0x85, 0xc3, 0x60, 0x87, 0xc5,
  0x66, 0x8b, 0xc7, 0x68, 0x8d, 0xc8, 0x6e, 0x91, 0xc9, 0x6e, 0x92, 0xc8,
  0x6d, 0x90, 0xc9, 0x6a, 0x8e, 0xc9, 0x66, 0x8b, 0xc8, 0x64, 0x88, 0xc8,
  0x61, 0x86, 0xc6, 0x5b, 0x82, 0xc3, 0x5a, 0x80, 0xc1, 0x55, 0x7d, 0xc0,
  0x55, 0x7c, 0xc0, 0x55, 0x7a, 0xbf, 0x52, 0x78, 0xbd, 0x51, 0x78, 0xbc,
  0x4e, 0x76, 0xba, 0x49, 0x72, 0xb7, 0x44, 0x6d, 0xb2, 0x41, 0x68, 0xae,
  0x3a, 0x62, 0xa8, 0x32, 0x5b, 0xa0, 0x2f, 0x59, 0x9d, 0x20, 0x3f, 0x7b,
  0x12, 0x25, 0x49, 0x34, 0x72, 0xad, 0x31, 0x6d, 0xa9, 0x32, 0x6d, 0xa9,
  0x0e, 0x0c, 0x13, 0x11, 0x10, 0x14, 0x12, 0x10, 0x16, 0x12, 0x0f, 0x17,
  0x13, 0x11, 0x17, 0x12, 0x10, 0x16, 0x13, 0x11, 0x17, 0x12, 0x11, 0x17,
  0x12, 0x11, 0x17, 0x13, 0x10, 0x16, 0x13, 0x12, 0x17, 0x13, 0x13, 0x17,
  0x12, 0x12, 0x18, 0x14, 0x13, 0x18, 0x14, 0x13, 0x18, 0x13, 0x13, 0x17,
  0x14, 0x14, 0x18, 0x12, 0x13, 0x18, 0x13, 0x12, 0x17, 0x13, 0x11, 0x16,
  0x12, 0x10, 0x15, 0x10, 0x0f, 0x13, 0x10, 0x0f, 0x13, 0x14, 0x12, 0x18,
  0x16, 0x14, 0x1a, 0x07, 0x08, 0x0a, 0x43, 0x5b, 0x70, 0x7a, 0x9d, 0xc4,
  0x6b, 0x8f, 0xb8, 0x6d, 0x91, 0xbd, 0x6e, 0x91, 0xbd, 0x68, 0x8d, 0xbb,
  0x59, 0x81, 0xb2, 0x52, 0x7a, 0xab, 0x40, 0x69, 0x9c, 0x18, 0x22, 0x2f,
  0x10, 0x0a, 0x0d, 0x10, 0x10, 0x16, 0x12, 0x10, 0x18, 0x10, 0x0f, 0x18,
  0x0f, 0x0e, 0x18, 0x0f, 0x0e, 0x15, 0x11, 0x10, 0x15, 0x10, 0x11, 0x17,
  0x0f, 0x11, 0x19, 0x0c, 0x0e, 0x16, 0x0c, 0x0d, 0x17, 0x0d, 0x0f, 0x19,
  0x0c, 0x0e, 0x19, 0x0e, 0x11, 0x1b, 0x09, 0x0b, 0x14, 0x2a, 0x43, 0x70,
  0x4c, 0x75, 0xb9, 0x52, 0x7a, 0xb7, 0x53, 0x7d, 0xbc, 0x59, 0x85, 0xc5,
  0x5b, 0x8b, 0xce, 0x61, 0x92, 0xd5, 0x66, 0x97, 0xda, 0x71, 0xa0, 0xe1,
  0x7b, 0xa8, 0xe7, 0x7e, 0xad, 0xeb, 0x7e, 0xab, 0xea, 0x7a, 0xac, 0xee,
  0x61, 0x9a, 0xe7, 0x26, 0x66, 0xbd, 0x11, 0x54, 0xb1, 0x4b, 0x85, 0xdf,
  0x5f, 0x98, 0xe9, 0x04, 0x2a, 0x47, 0x04, 0x0a, 0x1a, 0x03, 0x09, 0x1c,
  0x01, 0x02, 0x11, 0x01, 0x00, 0x10, 0x02, 0x02, 0x11, 0x02, 0x02, 0x12,
  0x02, 0x00, 0x0e, 0x03, 0x11, 0x20, 0x75, 0xa7, 0xe5, 0x7d, 0xa9, 0xed,
  0x63, 0x8f, 0xd1, 0x5f, 0x84, 0xbf, 0x17, 0x2d, 0x4c, 0x17, 0x2b, 0x44,
  0x33, 0x4c, 0x6d, 0x48, 0x72, 0xa4, 0x6a, 0x9c, 0xde, 0x55, 0x89, 0xce,
  0x59, 0x86, 0xc8, 0x58, 0x7f, 0xc0, 0x4f, 0x78, 0xb8, 0x45, 0x74, 0xbb,
  0x49, 0x7b, 0xc5, 0x4e, 0x81, 0xc8, 0x55, 0x83, 0xc7, 0x5a, 0x84, 0xc7,
  0x5b, 0x84, 0xc5, 0x5f, 0x85, 0xc4, 0x63, 0x87, 0xc6, 0x65, 0x8a, 0xc7,
  0x69, 0x8d, 0xc7, 0x6d, 0x8f, 0xc9, 0x6c, 0x8f, 0xc9, 0x6a, 0x8f, 0xca,
  0x69, 0x8d, 0xca, 0x67, 0x8b, 0xc8, 0x64, 0x89, 0xc8, 0x5f, 0x85, 0xc5,
  0x5a, 0x81, 0xc3, 0x5a, 0x81, 0xc2, 0x58, 0x7f, 0xc0, 0x55, 0x7c, 0xbf,
  0x53, 0x7a, 0xbf, 0x55, 0x79, 0xbf, 0x52, 0x78, 0xbd, 0x4f, 0x76, 0xba,
  0x4c, 0x74, 0xb8, 0x48, 0x70, 0xb5, 0x44, 0x6c, 0xb2, 0x3f, 0x66, 0xac,
  0x38, 0x61, 0xa6, 0x33, 0x5c, 0xa1, 0x30, 0x5a, 0x9f, 0x21, 0x40, 0x7d,
  0x0e, 0x20, 0x42, 0x33, 0x71, 0xaa, 0x32, 0x6d, 0xaa, 0x32, 0x6e, 0xaa,
  0x0d, 0x0d, 0x12, 0x11, 0x11, 0x15, 0x12, 0x11, 0x15, 0x13, 0x11, 0x16,
  0x13, 0x11, 0x17, 0x13, 0x11, 0x17, 0x13, 0x11, 0x17, 0x12, 0x11, 0x17,
  0x13, 0x11, 0x17, 0x15, 0x11, 0x17, 0x14, 0x12, 0x16, 0x13, 0x12, 0x18,
  0x13, 0x12, 0x18, 0x14, 0x13, 0x17, 0x14, 0x11, 0x18, 0x14, 0x12, 0x18,
  0x14, 0x12, 0x18, 0x14, 0x12, 0x18, 0x13, 0x12, 0x18, 0x13, 0x11, 0x17,
  0x12, 0x11, 0x15, 0x11, 0x10, 0x14, 0x10, 0x0f, 0x13, 0x10, 0x0e, 0x14,
  0x14, 0x13, 0x19, 0x0f, 0x10, 0x13, 0x17, 0x21, 0x29, 0x73, 0x90, 0xb5,
  0x72, 0x93, 0xbb, 0x6c, 0x90, 0xbb, 0x6c, 0x90, 0xbd, 0x67, 0x8c, 0xba,
  0x56, 0x7e, 0xb1, 0x4f, 0x77, 0xa8, 0x47, 0x70, 0xa3, 0x1b, 0x28, 0x38,
  0x10, 0x0a, 0x0c, 0x13, 0x11, 0x18, 0x13, 0x12, 0x18, 0x0f, 0x10, 0x18,
  0x0c, 0x0c, 0x15, 0x0f, 0x0e, 0x15, 0x11, 0x10, 0x15, 0x10, 0x10, 0x16,
  0x10, 0x10, 0x18, 0x0d, 0x0e, 0x18, 0x0b, 0x0d, 0x17, 0x0d, 0x0f, 0x19,
  0x0e, 0x10, 0x1a, 0x0e, 0x11, 0x1b, 0x0b, 0x0d, 0x19, 0x07, 0x08, 0x17,
  0x2f, 0x4d, 0x7f, 0x4a, 0x74, 0xb7, 0x52, 0x79, 0xb7, 0x55, 0x7d, 0xbd,
  0x54, 0x81, 0xc3, 0x57, 0x86, 0xca, 0x5a, 0x8b, 0xd0, 0x5f, 0x91, 0xd7,
  0x66, 0x98, 0xdd, 0x70, 0xa2, 0xe3, 0x78, 0xaa, 0xe8, 0x7b, 0xaa, 0xe9,
  0x77, 0xa8, 0xea, 0x6d, 0xa4, 0xea, 0x42, 0x83, 0xd8, 0x1e, 0x6f, 0xd2,
  0x5c, 0x97, 0xf4, 0x4d, 0x87, 0xd4, 0x00, 0x16, 0x2b, 0x04, 0x04, 0x16,
  0x02, 0x04, 0x15, 0x01, 0x01, 0x11, 0x01, 0x02, 0x13, 0x02, 0x06, 0x16,
  0x00, 0x00, 0x02, 0x31, 0x58, 0x7c, 0x8b, 0xbb, 0xff, 0x66, 0x95, 0xd9,
  0x67, 0x8e, 0xce, 0x41, 0x62, 0x95, 0x3c, 0x46, 0x5a, 0x31, 0x3b, 0x4c,
  0x17, 0x26, 0x3b, 0x33, 0x4f, 0x75, 0x5d, 0x8e, 0xcf, 0x63, 0x93, 0xd3,
  0x5b, 0x86, 0xc5, 0x50, 0x7c, 0xbe, 0x46, 0x77, 0xc0, 0x49, 0x7e, 0xc8,
  0x50, 0x83, 0xca, 0x54, 0x85, 0xc9, 0x58, 0x85, 0xc8, 0x5c, 0x86, 0xc7,
  0x60, 0x86, 0xc6, 0x63, 0x87, 0xc6, 0x67, 0x8a, 0xc8, 0x68, 0x8b, 0xc8,
  0x6c, 0x8e, 0xc9, 0x6c, 0x8e, 0xca, 0x6b, 0x8d, 0xc9, 0x67, 0x8b, 0xc8,
  0x66, 0x89, 0xc9, 0x64, 0x88, 0xc8, 0x61, 0x86, 0xc6, 0x5e, 0x83, 0xc4,
  0x5b, 0x80, 0xc3, 0x5a, 0x81, 0xc3, 0x5a, 0x80, 0xc2, 0x58, 0x7e, 0xc1,
  0x57, 0x7c, 0xbf, 0x55, 0x7b, 0xbe, 0x51, 0x78, 0xbc, 0x4f, 0x76, 0xba,
  0x4b, 0x73, 0xb6, 0x47, 0x6d, 0xb1, 0x42, 0x67, 0xac, 0x40, 0x64, 0xab,
  0x3b, 0x62, 0xa8, 0x36, 0x60, 0xa3, 0x31, 0x5b, 0xa0, 0x21, 0x41, 0x7e,
  0x0e, 0x1d, 0x40, 0x33, 0x71, 0xa9, 0x32, 0x6d, 0xaa, 0x32, 0x6e, 0xaa,
  0x0c, 0x0c, 0x13, 0x11, 0x10, 0x15, 0x13, 0x12, 0x15, 0x14, 0x12, 0x17,
  0x13, 0x11, 0x17, 0x13, 0x10, 0x16, 0x13, 0x11, 0x17, 0x12, 0x11, 0x17,
  0x12, 0x11, 0x17, 0x15, 0x11, 0x16, 0x14, 0x11, 0x16, 0x14, 0x12, 0x19,
  0x14, 0x12, 0x19, 0x14, 0x13, 0x16, 0x14, 0x12, 0x17, 0x14, 0x12, 0x18,
  0x15, 0x13, 0x19, 0x14, 0x12, 0x18, 0x13, 0x11, 0x17, 0x12, 0x12, 0x18,
  0x11, 0x12, 0x16, 0x11, 0x10, 0x14, 0x11, 0x10, 0x14, 0x13, 0x0f, 0x15,
  0x12, 0x0e, 0x14, 0x15, 0x13, 0x19, 0x08, 0x07, 0x0b, 0x47, 0x5d, 0x76,
  0x7a, 0x9d, 0xc4, 0x6c, 0x90, 0xb8, 0x6a, 0x8f, 0xbb, 0x68, 0x8d, 0xba,
  0x56, 0x7f, 0xb2, 0x4a, 0x72, 0xa4, 0x49, 0x72, 0xa5, 0x1f, 0x2e, 0x45,
  0x0f, 0x09, 0x0c, 0x14, 0x12, 0x19, 0x12, 0x11, 0x17, 0x0e, 0x0f, 0x17,
  0x0b, 0x0e, 0x14, 0x0f, 0x0f, 0x14, 0x11, 0x0f, 0x15, 0x11, 0x10, 0x16,
  0x10, 0x11, 0x17, 0x0d, 0x0f, 0x17, 0x0d, 0x0e, 0x18, 0x0f, 0x10, 0x1a,
  0x0e, 0x10, 0x1a, 0x0c, 0x10, 0x19, 0x0b, 0x0d, 0x1a, 0x05, 0x05, 0x11,
  0x10, 0x12, 0x1e, 0x30, 0x51, 0x89, 0x4d, 0x73, 0xb5, 0x54, 0x78, 0xb7,
  0x50, 0x7a, 0xba, 0x53, 0x7e, 0xc0, 0x58, 0x84, 0xc8, 0x59, 0x88, 0xce,
  0x5b, 0x8d, 0xd4, 0x62, 0x96, 0xda, 0x69, 0x9c, 0xdf, 0x71, 0xa2, 0xe4,
  0x76, 0xa6, 0xe6, 0x73, 0xa3, 0xe6, 0x6d, 0xa1, 0xe7, 0x59, 0x96, 0xe3,
  0x3e, 0x85, 0xde, 0x6c, 0xa4, 0xfc, 0x44, 0x7c, 0xc1, 0x00, 0x09, 0x17,
  0x04, 0x01, 0x11, 0x03, 0x04, 0x17, 0x02, 0x03, 0x14, 0x01, 0x01, 0x10,
  0x01, 0x10, 0x1f, 0x76, 0xa7, 0xe3, 0x7b, 0xa9, 0xf1, 0x61, 0x8e, 0xcf,
  0x5f, 0x83, 0xbf, 0x32, 0x44, 0x66, 0x3e, 0x4b, 0x65, 0x3a, 0x4a, 0x66,
  0x16, 0x23, 0x3a, 0x12, 0x1d, 0x2d, 0x31, 0x50, 0x77, 0x49, 0x7c, 0xc0,
  0x3c, 0x74, 0xbd, 0x4a, 0x7b, 0xc8, 0x4d, 0x7f, 0xc9, 0x50, 0x82, 0xca,
  0x53, 0x83, 0xc8, 0x59, 0x84, 0xc7, 0x5c, 0x86, 0xc6, 0x5c, 0x85, 0xc6,
  0x62, 0x86, 0xc7, 0x65, 0x89, 0xc7, 0x68, 0x8d, 0xc8, 0x6c, 0x8e, 0xc9,
  0x6a, 0x8d, 0xc9, 0x67, 0x8b, 0xc9, 0x68, 0x8b, 0xc9, 0x64, 0x89, 0xc8,
  0x64, 0x88, 0xc8, 0x63, 0x87, 0xc8, 0x5e, 0x84, 0xc4, 0x5c, 0x83, 0xc3,
  0x5c, 0x83, 0xc4, 0x5b, 0x81, 0xc2, 0x5a, 0x81, 0xc2, 0x5a, 0x80, 0xc1,
  0x57, 0x7d, 0xbe, 0x53, 0x79, 0xbc, 0x50, 0x77, 0xba, 0x4b, 0x71, 0xb5,
  0x42, 0x69, 0xae, 0x3f, 0x63, 0xa9, 0x3f, 0x65, 0xaa, 0x41, 0x67, 0xac,
  0x40, 0x67, 0xab, 0x3a, 0x64, 0xa7, 0x32, 0x5d, 0xa1, 0x20, 0x40, 0x7c,
  0x0d, 0x1e, 0x3f, 0x32, 0x71, 0xaa, 0x32, 0x6d, 0xaa, 0x32, 0x6e, 0xaa,
  0x0c, 0x0c, 0x12, 0x11, 0x10, 0x15, 0x11, 0x11, 0x15, 0x10, 0x11, 0x15,
  0x10, 0x11, 0x15, 0x11, 0x11, 0x16, 0x12, 0x10, 0x15, 0x14, 0x11, 0x17,
  0x12, 0x11, 0x16, 0x13, 0x12, 0x15, 0x13, 0x12, 0x16, 0x14, 0x12, 0x18,
  0x14, 0x12, 0x18, 0x14, 0x12, 0x17, 0x15, 0x13, 0x17, 0x13, 0x12, 0x17,
  0x12, 0x13, 0x18, 0x15, 0x13, 0x19, 0x12, 0x12, 0x18, 0x11, 0x11, 0x17,
  0x11, 0x12, 0x16, 0x11, 0x12, 0x15, 0x11, 0x10, 0x14, 0x11, 0x0f, 0x14,
  0x11, 0x0d, 0x13, 0x13, 0x0e, 0x15, 0x0f, 0x0b, 0x10, 0x18, 0x22, 0x2d,
  0x72, 0x92, 0xb7, 0x71, 0x95, 0xbc, 0x6a, 0x8f, 0xba, 0x65, 0x8c, 0xba,
  0x5a, 0x82, 0xb3, 0x4a, 0x72, 0xa2, 0x47, 0x71, 0xa4, 0x25, 0x38, 0x50,
  0x0f, 0x0b, 0x0c, 0x13, 0x12, 0x18, 0x11, 0x10, 0x16, 0x0c, 0x0d, 0x15,
  0x0d, 0x0e, 0x14, 0x10, 0x10, 0x16, 0x11, 0x11, 0x16, 0x0f, 0x0f, 0x16,
  0x0f, 0x11, 0x16, 0x0c, 0x0e, 0x16, 0x0d, 0x0e, 0x18, 0x0e, 0x0f, 0x19,
  0x0d, 0x0f, 0x19, 0x0e, 0x10, 0x1a, 0x0b, 0x0c, 0x19, 0x08, 0x07, 0x14,
  0x0f, 0x0c, 0x12, 0x0f, 0x15, 0x25, 0x31, 0x53, 0x8d, 0x4c, 0x72, 0xb4,
  0x4e, 0x77, 0xb5, 0x4d, 0x77, 0xb8, 0x50, 0x7a, 0xbd, 0x54, 0x80, 0xc4,
  0x55, 0x85, 0xc9, 0x5a, 0x8d, 0xd1, 0x5e, 0x91, 0xd7, 0x60, 0x95, 0xdb,
  0x66, 0x9b, 0xdf, 0x70, 0xa1, 0xe3, 0x71, 0xa4, 0xe4, 0x70, 0xa1, 0xe5,
  0x63, 0x99, 0xe2, 0x4d, 0x8d, 0xdb, 0x63, 0x9e, 0xf2, 0x34, 0x6b, 0xa9,
  0x00, 0x07, 0x13, 0x02, 0x00, 0x0b, 0x06, 0x08, 0x1c, 0x00, 0x00, 0x05,
  0x39, 0x60, 0x85, 0x91, 0xc1, 0xff, 0x64, 0x95, 0xdb, 0x62, 0x8a, 0xc8,
  0x4d, 0x6a, 0x9d, 0x26, 0x32, 0x43, 0x29, 0x39, 0x56, 0x1f, 0x32, 0x53,
  0x18, 0x24, 0x37, 0x10, 0x1a, 0x29, 0x24, 0x44, 0x70, 0x3c, 0x73, 0xbf,
  0x4c, 0x80, 0xca, 0x4f, 0x82, 0xc9, 0x51, 0x82, 0xc9, 0x52, 0x82, 0xc9,
  0x57, 0x82, 0xc7, 0x5a, 0x84, 0xc5, 0x5d, 0x84, 0xc5, 0x5e, 0x84, 0xc4,
  0x61, 0x85, 0xc6, 0x66, 0x89, 0xc8, 0x68, 0x8c, 0xc8, 0x69, 0x8d, 0xc8,
  0x67, 0x8b, 0xc7, 0x66, 0x89, 0xc8, 0x67, 0x89, 0xc9, 0x64, 0x88, 0xc8,
  0x64, 0x88, 0xc9, 0x61, 0x87, 0xc7, 0x5d, 0x85, 0xc5, 0x5d, 0x84, 0xc5,
  0x5b, 0x82, 0xc3, 0x5c, 0x82, 0xc2, 0x5a, 0x80, 0xc2, 0x57, 0x7f, 0xc0,
  0x56, 0x7d, 0xbd, 0x4e, 0x73, 0xb7, 0x41, 0x67, 0xad, 0x35, 0x5c, 0xa2,
  0x35, 0x5b, 0xa1, 0x42, 0x66, 0xaa, 0x47, 0x6a, 0xae, 0x47, 0x6b, 0xb1,
  0x44, 0x6b, 0xb0, 0x3c, 0x64, 0xa9, 0x33, 0x5d, 0xa3, 0x1f, 0x3e, 0x78,
  0x11, 0x23, 0x45, 0x35, 0x73, 0xae, 0x32, 0x6d, 0xaa, 0x32, 0x6d, 0xaa,
  0x0d, 0x0d, 0x11, 0x12, 0x11, 0x15, 0x12, 0x11, 0x15, 0x11, 0x11, 0x16,
  0x10, 0x11, 0x16, 0x10, 0x11, 0x16, 0x11, 0x10, 0x18, 0x13, 0x10, 0x19,
  0x12, 0x11, 0x16, 0x13, 0x12, 0x16, 0x13, 0x12, 0x17, 0x14, 0x12, 0x18,
  0x14, 0x12, 0x18, 0x14, 0x13, 0x19, 0x14, 0x12, 0x18, 0x12, 0x11, 0x17,
  0x12, 0x13, 0x18, 0x15, 0x13, 0x19, 0x12, 0x12, 0x18, 0x10, 0x11, 0x16,
  0x11, 0x12, 0x16, 0x10, 0x11, 0x15, 0x11, 0x10, 0x14, 0x11, 0x10, 0x14,
  0x12, 0x0f, 0x13, 0x10, 0x0c, 0x11, 0x09, 0x07, 0x10, 0x04, 0x03, 0x0a,
  0x46, 0x5d, 0x77, 0x78, 0x9c, 0xc3, 0x6a, 0x8e, 0xb7, 0x61, 0x89, 0xb7,
  0x5b, 0x84, 0xb4, 0x4d, 0x74, 0xa5, 0x46, 0x6f, 0xa1, 0x29, 0x3d, 0x5b,
  0x0f, 0x0c, 0x11, 0x13, 0x11, 0x18, 0x12, 0x10, 0x17, 0x0c, 0x0c, 0x15,
  0x0e, 0x0e, 0x14, 0x12, 0x12, 0x17, 0x10, 0x10, 0x17, 0x0e, 0x0e, 0x17,
  0x0d, 0x0f, 0x17, 0x0c, 0x0d, 0x17, 0x0e, 0x0f, 0x19, 0x0f, 0x10, 0x1a,
  0x0d, 0x0f, 0x19, 0x0d, 0x0f, 0x19, 0x0b, 0x0c, 0x17, 0x07, 0x06, 0x10,
  0x0f, 0x0f, 0x15, 0x0b, 0x0b, 0x10, 0x10, 0x18, 0x2b, 0x37, 0x56, 0x94,
  0x4a, 0x70, 0xb2, 0x4d, 0x74, 0xb3, 0x4b, 0x75, 0xb6, 0x4f, 0x79, 0xba,
  0x52, 0x7e, 0xbf, 0x56, 0x84, 0xc6, 0x58, 0x88, 0xcc, 0x59, 0x8c, 0xd2,
  0x5b, 0x8f, 0xd6, 0x60, 0x94, 0xda, 0x69, 0x9a, 0xdf, 0x6b, 0x9e, 0xe1,
  0x68, 0x9c, 0xe1, 0x63, 0x98, 0xdf, 0x54, 0x8c, 0xd9, 0x53, 0x91, 0xe7,
  0x2f, 0x66, 0xaa, 0x08, 0x17, 0x30, 0x00, 0x00, 0x01, 0x06, 0x16, 0x27,
  0x82, 0xb1, 0xee, 0x7e, 0xad, 0xf2, 0x5c, 0x8c, 0xce, 0x62, 0x86, 0xc0,
  0x37, 0x51, 0x7a, 0x13, 0x23, 0x37, 0x1d, 0x2f, 0x43, 0x17, 0x2a, 0x42,
  0x27, 0x40, 0x6d, 0x3b, 0x68, 0xad, 0x4f, 0x86, 0xd5, 0x52, 0x85, 0xd0,
  0x52, 0x82, 0xcb, 0x51, 0x80, 0xc9, 0x53, 0x7f, 0xc8, 0x56, 0x81, 0xc7,
  0x5a, 0x84, 0xc6, 0x5c, 0x85, 0xc5, 0x61, 0x86, 0xc6, 0x64, 0x88, 0xc7,
  0x65, 0x89, 0xc7, 0x67, 0x8a, 0xc8, 0x68, 0x8c, 0xc7, 0x69, 0x8c, 0xc8,
  0x67, 0x8b, 0xc9, 0x66, 0x89, 0xc9, 0x66, 0x89, 0xc9, 0x61, 0x85, 0xc7,
  0x5e, 0x82, 0xc5, 0x62, 0x87, 0xc6, 0x5f, 0x86, 0xc6, 0x5d, 0x84, 0xc5,
  0x5d, 0x83, 0xc4, 0x5b, 0x81, 0xc2, 0x57, 0x7c, 0xbf, 0x52, 0x78, 0xbb,
  0x43, 0x6a, 0xb1, 0x35, 0x61, 0xa8, 0x38, 0x61, 0xa4, 0x3f, 0x62, 0xa5,
  0x45, 0x69, 0xac, 0x48, 0x6f, 0xb3, 0x4c, 0x71, 0xb6, 0x4a, 0x71, 0xb6,
  0x45, 0x6c, 0xb1, 0x3e, 0x64, 0xa9, 0x31, 0x5d, 0xa4, 0x1b, 0x39, 0x72,
  0x12, 0x29, 0x4f, 0x36, 0x75, 0xb1, 0x32, 0x6d, 0xa9, 0x33, 0x6e, 0xab,
  0x0e, 0x0d, 0x11, 0x12, 0x11, 0x15, 0x12, 0x10, 0x16, 0x13, 0x11, 0x17,
  0x13, 0x12, 0x17, 0x11, 0x11, 0x16, 0x10, 0x10, 0x17, 0x12, 0x12, 0x17,
  0x11, 0x13, 0x16, 0x11, 0x13, 0x17, 0x12, 0x12, 0x16, 0x14, 0x12, 0x17,
  0x14, 0x11, 0x18, 0x13, 0x12, 0x16, 0x13, 0x12, 0x16, 0x12, 0x12, 0x16,
  0x11, 0x12, 0x17, 0x14, 0x12, 0x19, 0x13, 0x11, 0x17, 0x12, 0x12, 0x18,
  0x11, 0x11, 0x17, 0x11, 0x11, 0x17, 0x10, 0x10, 0x15, 0x11, 0x0f, 0x14,
  0x13, 0x0f, 0x13, 0x0b, 0x09, 0x10, 0x0b, 0x0b, 0x15, 0x0a, 0x08, 0x11,
  0x18, 0x23, 0x32, 0x70, 0x93, 0xb7, 0x6f, 0x92, 0xba, 0x62, 0x89, 0xb5,
  0x5a, 0x84, 0xb2, 0x52, 0x79, 0xaa, 0x47, 0x70, 0xa2, 0x2c, 0x41, 0x60,
  0x10, 0x0d, 0x13, 0x14, 0x12, 0x19, 0x12, 0x0f, 0x17, 0x0d, 0x0b, 0x14,
  0x11, 0x0e, 0x15, 0x12, 0x10, 0x16, 0x10, 0x0f, 0x17, 0x0c, 0x0d, 0x16,
  0x0c, 0x0d, 0x16, 0x0b, 0x0c, 0x17, 0x0d, 0x0e, 0x18, 0x0c, 0x0d, 0x17,
  0x0b, 0x0c, 0x16, 0x0c, 0x0c, 0x17, 0x0a, 0x0a, 0x17, 0x07, 0x06, 0x0f,
  0x0f, 0x0e, 0x12, 0x0f, 0x11, 0x18, 0x0a, 0x0a, 0x11, 0x13, 0x1d, 0x34,
  0x38, 0x5b, 0x9c, 0x47, 0x6e, 0xb0, 0x4c, 0x73, 0xb3, 0x4b, 0x73, 0xb4,
  0x4d, 0x76, 0xb7, 0x50, 0x7c, 0xbd, 0x55, 0x80, 0xc5, 0x56, 0x83, 0xc9,
  0x56, 0x87, 0xcc, 0x59, 0x8a, 0xd0, 0x5b, 0x8e, 0xd4, 0x5d, 0x91, 0xd7,
  0x61, 0x94, 0xda, 0x62, 0x96, 0xdc, 0x62, 0x96, 0xdd, 0x5c, 0x92, 0xd8,
  0x58, 0x92, 0xe1, 0x4a, 0x86, 0xd7, 0x17, 0x3a, 0x6f, 0x41, 0x6a, 0x9d,
  0x8a, 0xbc, 0xff, 0x69, 0x99, 0xdf, 0x63, 0x88, 0xc5, 0x63, 0x85, 0xbd,
  0x2a, 0x3d, 0x5f, 0x13, 0x21, 0x36, 0x24, 0x3d, 0x60, 0x31, 0x5c, 0x9a,
  0x4b, 0x81, 0xd1, 0x52, 0x87, 0xd6, 0x50, 0x81, 0xcc, 0x51, 0x81, 0xca,
  0x52, 0x80, 0xc9, 0x54, 0x7f, 0xc7, 0x56, 0x80, 0xc5, 0x59, 0x81, 0xc5,
  0x5d, 0x84, 0xc5, 0x61, 0x86, 0xc5, 0x66, 0x8b, 0xc8, 0x64, 0x89, 0xc7,
  0x64, 0x89, 0xc7, 0x66, 0x89, 0xc8, 0x67, 0x8b, 0xc8, 0x67, 0x8b, 0xc9,
  0x65, 0x89, 0xc9, 0x62, 0x87, 0xc8, 0x61, 0x86, 0xc6, 0x5e, 0x83, 0xc5,
  0x5c, 0x81, 0xc6, 0x5f, 0x84, 0xc5, 0x5d, 0x82, 0xc4, 0x5c, 0x80, 0xc2,
  0x5a, 0x7e, 0xc2, 0x57, 0x7c, 0xbe, 0x51, 0x79, 0xbf, 0x3d, 0x69, 0xb3,
  0x3c, 0x67, 0xac, 0x55, 0x7a, 0xb8, 0x5d, 0x81, 0xc0, 0x58, 0x7e, 0xbe,
  0x53, 0x79, 0xbb, 0x51, 0x77, 0xbb, 0x50, 0x76, 0xb9, 0x4b, 0x72, 0xb6,
  0x43, 0x6a, 0xb0, 0x3b, 0x61, 0xa6, 0x2f, 0x5c, 0xa0, 0x16, 0x31, 0x66,
  0x19, 0x35, 0x5d, 0x38, 0x76, 0xb5, 0x32, 0x6d, 0xa8, 0x31, 0x6f, 0xab,
  0x0f, 0x0e, 0x12, 0x12, 0x11, 0x14, 0x13, 0x11, 0x17, 0x13, 0x11, 0x17,
  0x13, 0x11, 0x16, 0x12, 0x11, 0x16, 0x10, 0x10, 0x16, 0x11, 0x11, 0x16,
  0x11, 0x12, 0x16, 0x10, 0x12, 0x16, 0x11, 0x11, 0x15, 0x14, 0x12, 0x17,
  0x14, 0x12, 0x18, 0x14, 0x12, 0x17, 0x14, 0x13, 0x17, 0x11, 0x11, 0x15,
  0x11, 0x11, 0x16, 0x13, 0x12, 0x18, 0x12, 0x11, 0x17, 0x11, 0x11, 0x19,
  0x11, 0x10, 0x19, 0x11, 0x10, 0x17, 0x10, 0x10, 0x15, 0x12, 0x12, 0x16,
  0x11, 0x0f, 0x14, 0x0d, 0x0b, 0x13, 0x13, 0x13, 0x1b, 0x13, 0x11, 0x1a,
  0x00, 0x00, 0x09, 0x50, 0x6c, 0x88, 0x74, 0x97, 0xc0, 0x61, 0x86, 0xb3,
  0x5b, 0x83, 0xb2, 0x54, 0x7c, 0xac, 0x4a, 0x72, 0xa3, 0x31, 0x46, 0x63,
  0x0f, 0x0d, 0x16, 0x14, 0x12, 0x1b, 0x0f, 0x0e, 0x16, 0x0b, 0x0c, 0x12,
  0x12, 0x11, 0x16, 0x12, 0x10, 0x16, 0x0e, 0x0e, 0x16, 0x0b, 0x0c, 0x16,
  0x0b, 0x0d, 0x15, 0x0b, 0x0d, 0x17, 0x0d, 0x0f, 0x19, 0x0b, 0x0b, 0x15,
  0x0a, 0x0b, 0x16, 0x0c, 0x0d, 0x18, 0x0a, 0x0a, 0x17, 0x07, 0x06, 0x10,
  0x10, 0x0f, 0x13, 0x0e, 0x11, 0x15, 0x10, 0x11, 0x1b, 0x0a, 0x08, 0x0e,
  0x17, 0x25, 0x43, 0x3b, 0x60, 0xa4, 0x47, 0x6c, 0xac, 0x4b, 0x71, 0xb1,
  0x4b, 0x73, 0xb4, 0x4d, 0x75, 0xb6, 0x52, 0x7a, 0xbb, 0x53, 0x7d, 0xbf,
  0x57, 0x81, 0xc6, 0x56, 0x83, 0xc7, 0x57, 0x86, 0xcb, 0x5a, 0x8b, 0xd1,
  0x5b, 0x8d, 0xd3, 0x5b, 0x8e, 0xd5, 0x5d, 0x93, 0xd8, 0x60, 0x94, 0xd9,
  0x56, 0x8d, 0xd5, 0x55, 0x8c, 0xd7, 0x49, 0x89, 0xde, 0x4c, 0x8b, 0xde,
  0x4c, 0x8e, 0xe0, 0x29, 0x6c, 0xc1, 0x3f, 0x68, 0xa7, 0x59, 0x79, 0xb1,
  0x25, 0x42, 0x70, 0x30, 0x59, 0x91, 0x4c, 0x82, 0xce, 0x55, 0x8b, 0xda,
  0x52, 0x83, 0xcf, 0x51, 0x80, 0xca, 0x51, 0x80, 0xca, 0x53, 0x80, 0xc9,
  0x56, 0x80, 0xc8, 0x58, 0x82, 0xc6, 0x59, 0x80, 0xc4, 0x5e, 0x83, 0xc5,
  0x61, 0x85, 0xc5, 0x63, 0x87, 0xc6, 0x65, 0x89, 0xc7, 0x65, 0x88, 0xc6,
  0x67, 0x89, 0xc8, 0x66, 0x89, 0xc9, 0x66, 0x89, 0xc9, 0x67, 0x8a, 0xc9,
  0x64, 0x88, 0xc7, 0x61, 0x86, 0xc6, 0x60, 0x85, 0xc6, 0x62, 0x86, 0xc6,
  0x5e, 0x82, 0xc5, 0x5d, 0x81, 0xc5, 0x5b, 0x81, 0xc4, 0x58, 0x7f, 0xbf,
  0x54, 0x7a, 0xbe, 0x4f, 0x77, 0xbd, 0x2c, 0x4d, 0x8a, 0x29, 0x43, 0x7a,
  0x5a, 0x7a, 0xb8, 0x5e, 0x84, 0xc5, 0x5c, 0x80, 0xc1, 0x59, 0x7f, 0xbe,
  0x55, 0x7a, 0xbc, 0x51, 0x77, 0xba, 0x4e, 0x74, 0xb7, 0x46, 0x6f, 0xb3,
  0x3f, 0x67, 0xac, 0x38, 0x5d, 0xa3, 0x2f, 0x59, 0x9e, 0x13, 0x29, 0x59,
  0x23, 0x47, 0x74, 0x36, 0x76, 0xb4, 0x33, 0x6d, 0xaa, 0x32, 0x6f, 0xab,
  0x0d, 0x0d, 0x13, 0x10, 0x0f, 0x13, 0x12, 0x10, 0x16, 0x13, 0x11, 0x16,
  0x12, 0x12, 0x15, 0x11, 0x12, 0x16, 0x11, 0x11, 0x17, 0x11, 0x11, 0x17,
  0x11, 0x11, 0x17, 0x11, 0x12, 0x17, 0x12, 0x12, 0x16, 0x14, 0x12, 0x16,
  0x14, 0x13, 0x17, 0x13, 0x12, 0x17, 0x13, 0x12, 0x17, 0x11, 0x12, 0x16,
  0x10, 0x12, 0x16, 0x12, 0x12, 0x17, 0x12, 0x12, 0x18, 0x10, 0x10, 0x18,
  0x11, 0x10, 0x18, 0x13, 0x11, 0x17, 0x12, 0x11, 0x16, 0x13, 0x11, 0x17,
  0x12, 0x10, 0x16, 0x12, 0x11, 0x14, 0x11, 0x0f, 0x14, 0x0d, 0x0b, 0x13,
  0x03, 0x00, 0x05, 0x23, 0x33, 0x41, 0x6b, 0x90, 0xba, 0x5f, 0x85, 0xb1,
  0x5d, 0x85, 0xb2, 0x53, 0x7c, 0xab, 0x4b, 0x73, 0xa3, 0x2e, 0x3f, 0x56,
  0x0f, 0x0c, 0x13, 0x13, 0x12, 0x1a, 0x0c, 0x0e, 0x14, 0x0b, 0x0d, 0x12,
  0x11, 0x11, 0x15, 0x0f, 0x10, 0x16, 0x0c, 0x0d, 0x17, 0x0b, 0x0c, 0x16,
  0x0c, 0x0e, 0x14, 0x0c, 0x0d, 0x16, 0x0b, 0x0b, 0x17, 0x0b, 0x0b, 0x17,
  0x0b, 0x0b, 0x17, 0x0c, 0x0c, 0x18, 0x0a, 0x0b, 0x17, 0x06, 0x06, 0x0f,
  0x10, 0x0e, 0x13, 0x0f, 0x11, 0x15, 0x10, 0x0f, 0x17, 0x0f, 0x0f, 0x18,
  0x08, 0x08, 0x0c, 0x1d, 0x30, 0x55, 0x3f, 0x64, 0xaa, 0x48, 0x6c, 0xad,
  0x4c, 0x70, 0xb1, 0x4e, 0x74, 0xb5, 0x50, 0x76, 0xb7, 0x4f, 0x77, 0xb8,
  0x53, 0x7d, 0xbe, 0x54, 0x7f, 0xc2, 0x54, 0x80, 0xc5, 0x58, 0x85, 0xc9,
  0x56, 0x86, 0xcb, 0x55, 0x87, 0xcd, 0x58, 0x8d, 0xd1, 0x5a, 0x8d, 0xd3,
  0x5b, 0x8d, 0xd5, 0x5b, 0x8e, 0xd5, 0x53, 0x89, 0xd2, 0x4b, 0x84, 0xd1,
  0x45, 0x82, 0xd2, 0x38, 0x75, 0xc7, 0x2b, 0x66, 0xb2, 0x46, 0x78, 0xc1,
  0x4e, 0x82, 0xd0, 0x57, 0x8d, 0xda, 0x55, 0x88, 0xd1, 0x52, 0x82, 0xcc,
  0x52, 0x83, 0xcb, 0x54, 0x81, 0xca, 0x56, 0x81, 0xc8, 0x57, 0x81, 0xc6,
  0x58, 0x82, 0xc6, 0x59, 0x81, 0xc5, 0x5f, 0x83, 0xc5, 0x65, 0x87, 0xc7,
  0x66, 0x87, 0xc8, 0x66, 0x88, 0xc7, 0x68, 0x89, 0xc8, 0x68, 0x8a, 0xc8,
  0x69, 0x8a, 0xc9, 0x65, 0x87, 0xc7, 0x63, 0x87, 0xc6, 0x64, 0x87, 0xc7,
  0x62, 0x86, 0xc6, 0x60, 0x84, 0xc6, 0x5f, 0x85, 0xc6, 0x5d, 0x81, 0xc3,
  0x58, 0x7d, 0xc1, 0x58, 0x7d, 0xc1, 0x54, 0x7b, 0xbe, 0x52, 0x79, 0xbc,
  0x43, 0x6c, 0xb6, 0x2a, 0x46, 0x79, 0x10, 0x16, 0x28, 0x21, 0x20, 0x2c,
  0x2a, 0x37, 0x56, 0x41, 0x5c, 0x92, 0x54, 0x79, 0xbc, 0x55, 0x7c, 0xc2,
  0x53, 0x79, 0xc2, 0x4e, 0x76, 0xbe, 0x49, 0x73, 0xb9, 0x45, 0x6c, 0xb2,
  0x3d, 0x62, 0xa9, 0x36, 0x58, 0x9f, 0x2c, 0x54, 0x9a, 0x0f, 0x23, 0x4c,
  0x2c, 0x5e, 0x91, 0x34, 0x72, 0xb0, 0x32, 0x6e, 0xaa, 0x33, 0x6f, 0xab,
  0x0c, 0x0c, 0x12, 0x0f, 0x0d, 0x13, 0x11, 0x0e, 0x15, 0x13, 0x11, 0x17,
  0x11, 0x11, 0x15, 0x11, 0x11, 0x16, 0x12, 0x11, 0x17, 0x13, 0x11, 0x17,
  0x12, 0x10, 0x16, 0x12, 0x12, 0x16, 0x12, 0x12, 0x16, 0x13, 0x12, 0x16,
  0x13, 0x13, 0x17, 0x13, 0x12, 0x17, 0x13, 0x12, 0x17, 0x12, 0x12, 0x16,
  0x11, 0x12, 0x16, 0x12, 0x12, 0x17, 0x12, 0x12, 0x18, 0x10, 0x11, 0x18,
  0x10, 0x10, 0x19, 0x12, 0x10, 0x18, 0x13, 0x11, 0x17, 0x12, 0x10, 0x16,
  0x12, 0x10, 0x16, 0x12, 0x11, 0x16, 0x12, 0x11, 0x15, 0x11, 0x10, 0x14,
  0x12, 0x0f, 0x14, 0x0b, 0x0c, 0x13, 0x53, 0x71, 0x96, 0x64, 0x8a, 0xb8,
  0x5c, 0x83, 0xb1, 0x54, 0x7e, 0xad, 0x4b, 0x72, 0xa1, 0x22, 0x2c, 0x3d,
  0x10, 0x0c, 0x14, 0x13, 0x12, 0x1a, 0x0b, 0x0e, 0x14, 0x0e, 0x0e, 0x13,
  0x10, 0x0f, 0x16, 0x0c, 0x0e, 0x17, 0x0c, 0x0d, 0x17, 0x0b, 0x0c, 0x16,
  0x0d, 0x0d, 0x14, 0x0d, 0x0c, 0x16, 0x0b, 0x0b, 0x16, 0x09, 0x0a, 0x15,
  0x0c, 0x0c, 0x17, 0x0c, 0x0d, 0x17, 0x09, 0x0a, 0x14, 0x07, 0x06, 0x0f,
  0x11, 0x0d, 0x12, 0x10, 0x0f, 0x15, 0x0f, 0x0f, 0x16, 0x10, 0x0f, 0x16,
  0x0d, 0x0c, 0x15, 0x0a, 0x09, 0x0e, 0x24, 0x3d, 0x69, 0x3f, 0x65, 0xab,
  0x48, 0x6b, 0xac, 0x4c, 0x72, 0xb3, 0x4e, 0x75, 0xb5, 0x4f, 0x76, 0xb6,
  0x4f, 0x78, 0xb7, 0x51, 0x78, 0xba, 0x51, 0x7b, 0xbe, 0x54, 0x7f, 0xc1,
  0x57, 0x81, 0xc5, 0x55, 0x83, 0xc7, 0x56, 0x86, 0xca, 0x58, 0x87, 0xcd,
  0x58, 0x89, 0xd0, 0x55, 0x8a, 0xd1, 0x59, 0x8d, 0xd3, 0x58, 0x8d, 0xd5,
  0x5a, 0x8d, 0xd5, 0x5f, 0x90, 0xd7, 0x5c, 0x90, 0xda, 0x56, 0x8a, 0xd4,
  0x56, 0x87, 0xd1, 0x55, 0x85, 0xcd, 0x56, 0x83, 0xcc, 0x55, 0x81, 0xc9,
  0x57, 0x81, 0xc9, 0x56, 0x81, 0xc8, 0x57, 0x81, 0xc5, 0x5b, 0x83, 0xc5,
  0x5f, 0x85, 0xc5, 0x60, 0x85, 0xc5, 0x65, 0x88, 0xc7, 0x66, 0x88, 0xc8,
  0x68, 0x88, 0xc8, 0x68, 0x87, 0xc8, 0x69, 0x87, 0xc8, 0x67, 0x88, 0xc8,
  0x64, 0x86, 0xc6, 0x63, 0x84, 0xc5, 0x60, 0x82, 0xc4, 0x60, 0x83, 0xc5,
  0x5f, 0x85, 0xc6, 0x5d, 0x83, 0xc4, 0x5d, 0x81, 0xc3, 0x5a, 0x7f, 0xc2,
  0x52, 0x78, 0xbe, 0x4e, 0x74, 0xb9, 0x4c, 0x75, 0xbb, 0x3d, 0x61, 0xaa,
  0x27, 0x3b, 0x75, 0x1d, 0x20, 0x3b, 0x22, 0x23, 0x30, 0x26, 0x27, 0x36,
  0x1e, 0x22, 0x30, 0x09, 0x0e, 0x1b, 0x23, 0x34, 0x53, 0x33, 0x4a, 0x79,
  0x2f, 0x48, 0x78, 0x36, 0x50, 0x85, 0x35, 0x53, 0x8d, 0x39, 0x5a, 0x99,
  0x39, 0x59, 0x9a, 0x33, 0x57, 0x98, 0x23, 0x45, 0x83, 0x14, 0x2d, 0x53,
  0x33, 0x71, 0xab, 0x32, 0x6f, 0xab, 0x33, 0x6f, 0xab, 0x33, 0x6f, 0xab,
  0x0e, 0x0c, 0x12, 0x10, 0x0e, 0x14, 0x11, 0x0e, 0x16, 0x12, 0x10, 0x16,
  0x12, 0x10, 0x16, 0x12, 0x10, 0x16, 0x11, 0x10, 0x16, 0x12, 0x10, 0x16,
  0x11, 0x0f, 0x14, 0x13, 0x12, 0x16, 0x11, 0x11, 0x15, 0x10, 0x12, 0x16,
  0x12, 0x12, 0x16, 0x13, 0x11, 0x16, 0x14, 0x11, 0x18, 0x13, 0x12, 0x17,
  0x12, 0x13, 0x17, 0x11, 0x12, 0x17, 0x11, 0x11, 0x17, 0x10, 0x10, 0x17,
  0x0f, 0x11, 0x19, 0x10, 0x11, 0x19, 0x11, 0x10, 0x17, 0x12, 0x10, 0x15,
  0x13, 0x10, 0x17, 0x12, 0x10, 0x17, 0x12, 0x10, 0x15, 0x12, 0x10, 0x16,
  0x13, 0x12, 0x18, 0x08, 0x06, 0x0a, 0x35, 0x49, 0x63, 0x69, 0x8e, 0xbd,
  0x5b, 0x81, 0xaf, 0x57, 0x80, 0xb1, 0x4a, 0x6d, 0x97, 0x17, 0x1c, 0x28,
  0x10, 0x0e, 0x16, 0x10, 0x11, 0x1a, 0x0a, 0x0d, 0x12, 0x10, 0x0f, 0x12,
  0x0f, 0x0f, 0x17, 0x0b, 0x0d, 0x15, 0x0b, 0x0d, 0x15, 0x0c, 0x0e, 0x16,
  0x0d, 0x0d, 0x16, 0x0d, 0x0c, 0x16, 0x0a, 0x0b, 0x15, 0x09, 0x09, 0x14,
  0x0b, 0x0c, 0x16, 0x0d, 0x0f, 0x17, 0x08, 0x09, 0x13, 0x07, 0x07, 0x0d,
  0x11, 0x0d, 0x12, 0x0f, 0x0f, 0x14, 0x0f, 0x10, 0x15, 0x0f, 0x0f, 0x16,
  0x0c, 0x0b, 0x15, 0x0a, 0x08, 0x11, 0x0a, 0x0c, 0x14, 0x2a, 0x46, 0x7b,
  0x3d, 0x63, 0xa9, 0x46, 0x6b, 0xac, 0x4c, 0x73, 0xb3, 0x4d, 0x73, 0xb4,
  0x4d, 0x73, 0xb4, 0x4d, 0x75, 0xb6, 0x4e, 0x76, 0xb7, 0x51, 0x7b, 0xbc,
  0x52, 0x7d, 0xbf, 0x56, 0x80, 0xc3, 0x56, 0x82, 0xc6, 0x53, 0x81, 0xc5,
  0x56, 0x85, 0xc9, 0x55, 0x87, 0xcc, 0x59, 0x89, 0xcf, 0x58, 0x88, 0xd0,
  0x56, 0x87, 0xcf, 0x55, 0x89, 0xd0, 0x51, 0x85, 0xcd, 0x54, 0x86, 0xcd,
  0x57, 0x86, 0xcc, 0x57, 0x84, 0xca, 0x57, 0x82, 0xc8, 0x58, 0x82, 0xc6,
  0x56, 0x7f, 0xc5, 0x59, 0x80, 0xc4, 0x5d, 0x82, 0xc5, 0x62, 0x85, 0xc6,
  0x66, 0x88, 0xc8, 0x67, 0x8a, 0xc7, 0x68, 0x89, 0xc8, 0x67, 0x88, 0xc7,
  0x68, 0x89, 0xc8, 0x66, 0x86, 0xc6, 0x64, 0x85, 0xc6, 0x62, 0x84, 0xc6,
  0x61, 0x83, 0xc4, 0x60, 0x82, 0xc4, 0x5e, 0x80, 0xc3, 0x5e, 0x80, 0xc4,
  0x5d, 0x81, 0xc4, 0x5a, 0x80, 0xc2, 0x58, 0x7d, 0xc0, 0x53, 0x78, 0xbd,
  0x4f, 0x71, 0xb9, 0x48, 0x70, 0xba, 0x35, 0x5d, 0xa2, 0x15, 0x28, 0x4e,
  0x16, 0x1a, 0x2c, 0x44, 0x4d, 0x75, 0x2b, 0x2b, 0x3e, 0x0d, 0x0f, 0x1b,
  0x23, 0x2b, 0x3c, 0x1a, 0x1c, 0x2b, 0x1f, 0x22, 0x2b, 0x13, 0x18, 0x22,
  0x15, 0x1d, 0x29, 0x0f, 0x14, 0x21, 0x0e, 0x11, 0x20, 0x15, 0x1e, 0x30,
  0x0e, 0x19, 0x2d, 0x13, 0x1f, 0x37, 0x12, 0x1a, 0x32, 0x17, 0x2c, 0x4c,
  0x35, 0x73, 0xb0, 0x33, 0x6e, 0xaa, 0x33, 0x6f, 0xab, 0x33, 0x6f, 0xab,
  0x0d, 0x0c, 0x11, 0x10, 0x0e, 0x14, 0x12, 0x0f, 0x15, 0x11, 0x10, 0x15,
  0x11, 0x10, 0x16, 0x11, 0x10, 0x16, 0x10, 0x11, 0x16, 0x12, 0x10, 0x18,
  0x11, 0x0f, 0x16, 0x12, 0x11, 0x15, 0x12, 0x11, 0x15, 0x11, 0x12, 0x16,
  0x12, 0x12, 0x16, 0x13, 0x12, 0x16, 0x14, 0x11, 0x18, 0x13, 0x11, 0x18,
  0x12, 0x12, 0x18, 0x12, 0x12, 0x18, 0x12, 0x12, 0x18, 0x11, 0x10, 0x16,
  0x10, 0x0f, 0x18, 0x0f, 0x11, 0x19, 0x10, 0x11, 0x16, 0x11, 0x0f, 0x15,
  0x13, 0x10, 0x17, 0x12, 0x10, 0x17, 0x12, 0x11, 0x16, 0x12, 0x10, 0x16,
  0x12, 0x11, 0x17, 0x0b, 0x0b, 0x0f, 0x19, 0x26, 0x31, 0x62, 0x86, 0xb2,
  0x5a, 0x82, 0xb0, 0x58, 0x81, 0xb3, 0x45, 0x61, 0x85, 0x12, 0x12, 0x1a,
  0x11, 0x10, 0x19, 0x0d, 0x0d, 0x16, 0x0d, 0x0d, 0x12, 0x0f, 0x0f, 0x14,
  0x0d, 0x0e, 0x14, 0x0b, 0x0e, 0x15, 0x0b, 0x0d, 0x15, 0x0c, 0x0d, 0x16,
  0x0d, 0x0c, 0x15, 0x0a, 0x0b, 0x15, 0x09, 0x0a, 0x14, 0x0a, 0x0b, 0x15,
  0x0b, 0x0c, 0x16, 0x0c, 0x0d, 0x16, 0x08, 0x08, 0x13, 0x07, 0x08, 0x0d,
  0x11, 0x0e, 0x12, 0x10, 0x0f, 0x13, 0x11, 0x11, 0x15, 0x0f, 0x10, 0x17,
  0x0c, 0x0e, 0x16, 0x0a, 0x0c, 0x14, 0x08, 0x07, 0x0e, 0x0b, 0x11, 0x1d,
  0x2d, 0x4a, 0x85, 0x40, 0x65, 0xaa, 0x49, 0x6d, 0xae, 0x4c, 0x73, 0xb3,
  0x4e, 0x74, 0xb5, 0x4d, 0x75, 0xb6, 0x4e, 0x75, 0xb6, 0x50, 0x77, 0xb9,
  0x4e, 0x77, 0xba, 0x54, 0x7d, 0xbe, 0x56, 0x81, 0xc2, 0x54, 0x80, 0xc2,
  0x57, 0x82, 0xc5, 0x57, 0x83, 0xc7, 0x59, 0x84, 0xc8, 0x59, 0x84, 0xc9,
  0x55, 0x82, 0xc8, 0x55, 0x81, 0xc8, 0x57, 0x82, 0xca, 0x5a, 0x85, 0xc9,
  0x59, 0x85, 0xc8, 0x5a, 0x83, 0xc6, 0x5a, 0x82, 0xc6, 0x5e, 0x83, 0xc6,
  0x60, 0x83, 0xc6, 0x61, 0x84, 0xc6, 0x65, 0x88, 0xc7, 0x67, 0x89, 0xc8,
  0x6b, 0x8a, 0xc8, 0x6b, 0x8b, 0xc8, 0x66, 0x89, 0xc8, 0x67, 0x89, 0xc9,
  0x66, 0x88, 0xc8, 0x5f, 0x83, 0xc5, 0x60, 0x83, 0xc5, 0x62, 0x84, 0xc6,
  0x5e, 0x80, 0xc4, 0x60, 0x81, 0xc5, 0x5c, 0x7e, 0xc3, 0x55, 0x78, 0xc0,
  0x57, 0x79, 0xc2, 0x54, 0x78, 0xc0, 0x4f, 0x73, 0xb9, 0x4a, 0x6d, 0xb5,
  0x45, 0x6c, 0xb8, 0x29, 0x46, 0x84, 0x0b, 0x13, 0x2f, 0x1d, 0x1d, 0x2c,
  0x19, 0x1f, 0x2b, 0x37, 0x42, 0x66, 0x33, 0x3c, 0x6b, 0x20, 0x25, 0x33,
  0x28, 0x2e, 0x3c, 0x22, 0x29, 0x3b, 0x13, 0x15, 0x22, 0x1b, 0x1d, 0x29,
  0x1d, 0x21, 0x31, 0x11, 0x18, 0x27, 0x0e, 0x0f, 0x1c, 0x0d, 0x0e, 0x1a,
  0x18, 0x1c, 0x27, 0x0c, 0x11, 0x21, 0x0a, 0x0c, 0x19, 0x20, 0x3f, 0x65,
  0x35, 0x74, 0xb3, 0x34, 0x6f, 0xaa, 0x34, 0x6f, 0xac, 0x34, 0x70, 0xac,
  0x0c, 0x0a, 0x0f, 0x11, 0x10, 0x14, 0x11, 0x0e, 0x15, 0x0f, 0x0f, 0x14,
  0x10, 0x11, 0x16, 0x11, 0x0f, 0x17, 0x0f, 0x0f, 0x15, 0x11, 0x10, 0x17,
  0x12, 0x10, 0x16, 0x12, 0x11, 0x15, 0x12, 0x11, 0x15, 0x13, 0x12, 0x16,
  0x14, 0x13, 0x17, 0x13, 0x12, 0x16, 0x12, 0x11, 0x18, 0x12, 0x10, 0x18,
  0x11, 0x10, 0x17, 0x12, 0x13, 0x19, 0x12, 0x12, 0x18, 0x11, 0x11, 0x17,
  0x10, 0x10, 0x17, 0x10, 0x10, 0x17, 0x10, 0x10, 0x16, 0x11, 0x10, 0x16,
  0x13, 0x11, 0x17, 0x12, 0x10, 0x16, 0x12, 0x10, 0x16, 0x12, 0x10, 0x16,
  0x12, 0x11, 0x16, 0x10, 0x11, 0x15, 0x0b, 0x0f, 0x15, 0x4d, 0x6d, 0x94,
  0x5d, 0x85, 0xb5, 0x59, 0x82, 0xb1, 0x39, 0x50, 0x6b, 0x0e, 0x0b, 0x12,
  0x11, 0x10, 0x19, 0x0c, 0x0b, 0x14, 0x0f, 0x0e, 0x13, 0x0e, 0x0e, 0x15,
  0x0a, 0x0c, 0x15, 0x0a, 0x0d, 0x15, 0x0b, 0x0e, 0x15, 0x0c, 0x0b, 0x15,
  0x0c, 0x0c, 0x16, 0x09, 0x0b, 0x15, 0x0a, 0x0b, 0x15, 0x0a, 0x0b, 0x15,
  0x0a, 0x0c, 0x15, 0x0d, 0x0e, 0x18, 0x06, 0x07, 0x12, 0x07, 0x08, 0x0e,
  0x10, 0x0f, 0x13, 0x10, 0x0f, 0x13, 0x12, 0x10, 0x15, 0x11, 0x10, 0x17,
  0x0d, 0x0f, 0x15, 0x09, 0x0c, 0x13, 0x08, 0x0b, 0x14, 0x09, 0x08, 0x0b,
  0x0c, 0x13, 0x22, 0x2e, 0x4d, 0x89, 0x41, 0x66, 0xac, 0x4c, 0x6f, 0xb1,
  0x4e, 0x72, 0xb4, 0x4b, 0x70, 0xb3, 0x4c, 0x72, 0xb3, 0x4d, 0x75, 0xb6,
  0x50, 0x78, 0xb8, 0x54, 0x7a, 0xba, 0x53, 0x7c, 0xbc, 0x55, 0x7d, 0xbe,
  0x59, 0x81, 0xc0, 0x56, 0x80, 0xc0, 0x57, 0x80, 0xc3, 0x58, 0x80, 0xc4,
  0x57, 0x7f, 0xc3, 0x57, 0x7e, 0xc4, 0x5a, 0x81, 0xc5, 0x5a, 0x82, 0xc4,
  0x5c, 0x83, 0xc5, 0x5b, 0x82, 0xc4, 0x60, 0x84, 0xc6, 0x65, 0x87, 0xc8,
  0x69, 0x89, 0xc7, 0x69, 0x8a, 0xc8, 0x69, 0x8a, 0xc8, 0x6b, 0x8a, 0xc8,
  0x6b, 0x8a, 0xc9, 0x65, 0x86, 0xc7, 0x63, 0x86, 0xc6, 0x62, 0x86, 0xc6,
  0x60, 0x84, 0xc6, 0x60, 0x84, 0xc6, 0x60, 0x83, 0xc5, 0x60, 0x82, 0xc4,
  0x5f, 0x80, 0xc5, 0x5a, 0x7b, 0xc2, 0x56, 0x77, 0xc1, 0x54, 0x74, 0xbf,
  0x50, 0x71, 0xbc, 0x4b, 0x6e, 0xb8, 0x46, 0x6c, 0xb8, 0x3f, 0x66, 0xb0,
  0x21, 0x3c, 0x72, 0x28, 0x32, 0x51, 0x21, 0x21, 0x2c, 0x1d, 0x22, 0x34,
  0x24, 0x2d, 0x46, 0x1a, 0x1d, 0x33, 0x20, 0x27, 0x44, 0x1b, 0x1f, 0x31,
  0x14, 0x16, 0x23, 0x17, 0x1a, 0x27, 0x27, 0x2c, 0x3f, 0x22, 0x28, 0x3b,
  0x0e, 0x14, 0x24, 0x1a, 0x21, 0x30, 0x17, 0x1a, 0x26, 0x18, 0x1c, 0x29,
  0x20, 0x23, 0x32, 0x0f, 0x12, 0x25, 0x14, 0x17, 0x24, 0x2d, 0x59, 0x88,
  0x35, 0x74, 0xb3, 0x34, 0x6f, 0xab, 0x33, 0x6f, 0xab, 0x34, 0x70, 0xac,
  0x0b, 0x0a, 0x10, 0x0f, 0x0e, 0x13, 0x11, 0x10, 0x16, 0x0f, 0x10, 0x16,
  0x10, 0x10, 0x16, 0x11, 0x10, 0x16, 0x10, 0x10, 0x16, 0x11, 0x10, 0x16,
  0x11, 0x10, 0x15, 0x12, 0x10, 0x15, 0x13, 0x12, 0x16, 0x13, 0x12, 0x16,
  0x12, 0x11, 0x15, 0x12, 0x12, 0x16, 0x11, 0x11, 0x18, 0x12, 0x11, 0x17,
  0x12, 0x11, 0x18, 0x12, 0x13, 0x18, 0x12, 0x12, 0x17, 0x12, 0x10, 0x1a,
  0x10, 0x10, 0x16, 0x11, 0x10, 0x15, 0x11, 0x10, 0x17, 0x12, 0x0f, 0x15,
  0x13, 0x11, 0x17, 0x12, 0x11, 0x17, 0x11, 0x10, 0x16, 0x12, 0x10, 0x16,
  0x13, 0x11, 0x17, 0x13, 0x13, 0x19, 0x09, 0x08, 0x0c, 0x39, 0x51, 0x6e,
  0x60, 0x87, 0xb8, 0x57, 0x7e, 0xab, 0x2e, 0x3c, 0x50, 0x0c, 0x0a, 0x11,
  0x10, 0x10, 0x17, 0x0c, 0x0c, 0x13, 0x0f, 0x0f, 0x14, 0x0c, 0x0b, 0x13,
  0x0c, 0x0d, 0x15, 0x0c, 0x0d, 0x15, 0x0d, 0x0d, 0x15, 0x0d, 0x0c, 0x16,
  0x0a, 0x0b, 0x15, 0x0b, 0x0c, 0x15, 0x0b, 0x0a, 0x14, 0x0b, 0x0a, 0x15,
  0x0a, 0x0b, 0x15, 0x0b, 0x0c, 0x16, 0x06, 0x06, 0x11, 0x08, 0x08, 0x0e,
  0x0f, 0x0e, 0x12, 0x10, 0x0f, 0x13, 0x11, 0x10, 0x15, 0x11, 0x10, 0x15,
  0x0f, 0x0f, 0x15, 0x0a, 0x0c, 0x15, 0x08, 0x0b, 0x13, 0x0b, 0x0b, 0x14,
  0x08, 0x07, 0x0d, 0x0b, 0x14, 0x20, 0x29, 0x4b, 0x84, 0x41, 0x64, 0xaa,
  0x4b, 0x6c, 0xb1, 0x4a, 0x6e, 0xb2, 0x4a, 0x70, 0xb2, 0x4b, 0x71, 0xb4,
  0x4f, 0x76, 0xb7, 0x51, 0x78, 0xb9, 0x54, 0x7a, 0xbc, 0x59, 0x7e, 0xbe,
  0x55, 0x7d, 0xbd, 0x57, 0x7d, 0xbe, 0x5b, 0x80, 0xc0, 0x5c, 0x80, 0xc0,
  0x5a, 0x80, 0xc1, 0x5f, 0x83, 0xc4, 0x5e, 0x84, 0xc4, 0x64, 0x87, 0xc7,
  0x65, 0x87, 0xc6, 0x68, 0x88, 0xc8, 0x68, 0x88, 0xc8, 0x6b, 0x8a, 0xc8,
  0x6b, 0x88, 0xc8, 0x6c, 0x89, 0xc9, 0x69, 0x89, 0xc8, 0x64, 0x87, 0xc6,
  0x63, 0x84, 0xc6, 0x5f, 0x81, 0xc4, 0x60, 0x82, 0xc5, 0x60, 0x82, 0xc4,
  0x5c, 0x7e, 0xc4, 0x5c, 0x7e, 0xc4, 0x5c, 0x7f, 0xc4, 0x5a, 0x7c, 0xc3,
  0x58, 0x78, 0xc2, 0x53, 0x74, 0xbe, 0x52, 0x73, 0xbe, 0x4e, 0x6f, 0xba,
  0x49, 0x69, 0xb6, 0x41, 0x66, 0xb5, 0x2e, 0x52, 0x95, 0x1b, 0x2b, 0x4f,
  0x12, 0x14, 0x26, 0x1c, 0x21, 0x32, 0x13, 0x15, 0x22, 0x0d, 0x0e, 0x1d,
  0x23, 0x26, 0x36, 0x1a, 0x1b, 0x2a, 0x0f, 0x10, 0x1d, 0x1f, 0x27, 0x40,
  0x1f, 0x26, 0x38, 0x1b, 0x1c, 0x26, 0x15, 0x16, 0x23, 0x1e, 0x21, 0x31,
  0x18, 0x1c, 0x2e, 0x16, 0x1c, 0x29, 0x0f, 0x15, 0x22, 0x13, 0x17, 0x26,
  0x15, 0x19, 0x27, 0x13, 0x16, 0x23, 0x13, 0x16, 0x25, 0x2f, 0x5e, 0x90,
  0x35, 0x73, 0xb1, 0x32, 0x6e, 0xa9, 0x33, 0x6f, 0xab, 0x33, 0x70, 0xac,
  0x09, 0x09, 0x10, 0x0d, 0x0b, 0x11, 0x0f, 0x0e, 0x14, 0x0f, 0x10, 0x16,
  0x10, 0x10, 0x16, 0x0f, 0x10, 0x14, 0x0f, 0x0f, 0x16, 0x11, 0x11, 0x16,
  0x13, 0x11, 0x16, 0x11, 0x10, 0x14, 0x12, 0x11, 0x15, 0x12, 0x11, 0x15,
  0x12, 0x11, 0x15, 0x12, 0x12, 0x16, 0x11, 0x11, 0x18, 0x10, 0x10, 0x17,
  0x11, 0x10, 0x16, 0x13, 0x11, 0x15, 0x14, 0x12, 0x16, 0x12, 0x10, 0x18,
  0x11, 0x11, 0x18, 0x13, 0x11, 0x17, 0x13, 0x11, 0x17, 0x12, 0x11, 0x17,
  0x12, 0x10, 0x17, 0x10, 0x10, 0x17, 0x11, 0x11, 0x15, 0x13, 0x11, 0x16,
  0x12, 0x11, 0x18, 0x12, 0x12, 0x19, 0x0b, 0x09, 0x0d, 0x26, 0x36, 0x49,
  0x5d, 0x85, 0xb5, 0x4f, 0x76, 0xa2, 0x21, 0x29, 0x37, 0x0d, 0x0b, 0x12,
  0x0e, 0x0d, 0x17, 0x0e, 0x0e, 0x15, 0x0e, 0x0e, 0x14, 0x0b, 0x0a, 0x14,
  0x0d, 0x0b, 0x15, 0x0e, 0x0c, 0x15, 0x0e, 0x0d, 0x16, 0x0b, 0x0c, 0x16,
  0x08, 0x0a, 0x14, 0x0b, 0x0a, 0x14, 0x0c, 0x0b, 0x15, 0x0c, 0x0c, 0x15,
  0x0a, 0x0c, 0x15, 0x0a, 0x0b, 0x15, 0x05, 0x05, 0x0f, 0x09, 0x07, 0x0e,
  0x10, 0x0f, 0x12, 0x0f, 0x0f, 0x13, 0x11, 0x11, 0x15, 0x11, 0x11, 0x15,
  0x10, 0x10, 0x17, 0x0d, 0x0c, 0x15, 0x09, 0x0b, 0x13, 0x0a, 0x0a, 0x13,
  0x0b, 0x0b, 0x15, 0x06, 0x01, 0x07, 0x0f, 0x2b, 0x46, 0x28, 0x58, 0x99,
  0x3a, 0x5c, 0xa3, 0x49, 0x6b, 0xb0, 0x4a, 0x6f, 0xb2, 0x4a, 0x6e, 0xb3,
  0x4c, 0x70, 0xb4, 0x4f, 0x75, 0xb8, 0x55, 0x79, 0xbd, 0x58, 0x7c, 0xbe,
  0x57, 0x7d, 0xbe, 0x57, 0x7d, 0xbe, 0x5b, 0x7f, 0xc1, 0x5d, 0x81, 0xc1,
  0x61, 0x84, 0xc3, 0x63, 0x86, 0xc6, 0x66, 0x89, 0xc7, 0x6a, 0x8b, 0xc8,
  0x6b, 0x8a, 0xc9, 0x6e, 0x8b, 0xc9, 0x6d, 0x8b, 0xc8, 0x6d, 0x8b, 0xc7,
  0x66, 0x84, 0xc7, 0x62, 0x81, 0xc5, 0x63, 0x84, 0xc6, 0x61, 0x84, 0xc5,
  0x5e, 0x81, 0xc3, 0x5e, 0x80, 0xc5, 0x5c, 0x7f, 0xc3, 0x5b, 0x7d, 0xc2,
  0x5a, 0x7a, 0xc3, 0x55, 0x76, 0xc1, 0x56, 0x76, 0xc0, 0x53, 0x75, 0xbf,
  0x4f, 0x70, 0xbc, 0x4c, 0x6d, 0xb8, 0x49, 0x6b, 0xb4, 0x3d, 0x61, 0xaf,
  0x37, 0x5a, 0xa7, 0x29, 0x41, 0x78, 0x0f, 0x16, 0x2d, 0x13, 0x13, 0x22,
  0x33, 0x3a, 0x4b, 0x18, 0x1e, 0x2f, 0x24, 0x29, 0x37, 0x18, 0x1b, 0x29,
  0x1a, 0x1e, 0x31, 0x12, 0x15, 0x27, 0x1f, 0x22, 0x32, 0x2b, 0x36, 0x58,
  0x14, 0x1a, 0x2d, 0x26, 0x27, 0x33, 0x16, 0x16, 0x20, 0x19, 0x19, 0x25,
  0x13, 0x15, 0x23, 0x0a, 0x0d, 0x1b, 0x06, 0x0b, 0x1a, 0x0f, 0x12, 0x20,
  0x08, 0x0c, 0x1c, 0x07, 0x0b, 0x1a, 0x12, 0x16, 0x26, 0x2e, 0x62, 0x97,
  0x35, 0x72, 0xaf, 0x32, 0x6e, 0xaa, 0x34, 0x6f, 0xac, 0x33, 0x70, 0xac,
  0x0a, 0x09, 0x0f, 0x0e, 0x0c, 0x12, 0x0e, 0x0d, 0x13, 0x0f, 0x0e, 0x14,
  0x0f, 0x10, 0x15, 0x10, 0x10, 0x15, 0x10, 0x10, 0x16, 0x11, 0x10, 0x16,
  0x12, 0x10, 0x16, 0x11, 0x10, 0x15, 0x12, 0x10, 0x15, 0x12, 0x11, 0x15,
  0x13, 0x12, 0x15, 0x12, 0x12, 0x16, 0x11, 0x11, 0x17, 0x10, 0x11, 0x16,
  0x10, 0x10, 0x16, 0x12, 0x11, 0x16, 0x11, 0x11, 0x15, 0x13, 0x12, 0x16,
  0x12, 0x11, 0x17, 0x12, 0x10, 0x16, 0x12, 0x11, 0x16, 0x12, 0x11, 0x17,
  0x11, 0x10, 0x16, 0x10, 0x0f, 0x15, 0x10, 0x10, 0x15, 0x11, 0x12, 0x15,
  0x10, 0x11, 0x16, 0x11, 0x12, 0x18, 0x0e, 0x0c, 0x12, 0x1a, 0x20, 0x2e,
  0x5b, 0x7f, 0xaa, 0x4a, 0x6d, 0x94, 0x16, 0x1b, 0x23, 0x0f, 0x0d, 0x14,
  0x0d, 0x0c, 0x16, 0x0f, 0x0d, 0x15, 0x0c, 0x0c, 0x13, 0x0c, 0x0b, 0x14,
  0x0e, 0x0d, 0x15, 0x0d, 0x0d, 0x15, 0x0d, 0x0c, 0x16, 0x0b, 0x0b, 0x15,
  0x09, 0x0a, 0x14, 0x0b, 0x0b, 0x15, 0x0c, 0x0a, 0x15, 0x0b, 0x0b, 0x14,
  0x0b, 0x0d, 0x15, 0x0a, 0x0b, 0x15, 0x05, 0x05, 0x0f, 0x08, 0x08, 0x0d,
  0x0f, 0x0e, 0x12, 0x0f, 0x0f, 0x13, 0x11, 0x10, 0x14, 0x10, 0x10, 0x14,
  0x0f, 0x0f, 0x15, 0x10, 0x0f, 0x16, 0x0b, 0x0c, 0x14, 0x09, 0x09, 0x12,
  0x0a, 0x0a, 0x14, 0x07, 0x04, 0x0e, 0x0b, 0x1a, 0x2b, 0x27, 0x5d, 0x92,
  0x25, 0x55, 0x93, 0x33, 0x57, 0x9e, 0x41, 0x65, 0xab, 0x44, 0x69, 0xaf,
  0x49, 0x6d, 0xb3, 0x4e, 0x73, 0xb7, 0x55, 0x79, 0xbc, 0x54, 0x79, 0xbd,
  0x57, 0x7b, 0xbd, 0x5b, 0x7e, 0xc0, 0x5b, 0x7f, 0xc2, 0x5d, 0x81, 0xc1,
  0x62, 0x84, 0xc4, 0x60, 0x83, 0xc3, 0x66, 0x88, 0xc7, 0x65, 0x89, 0xc8,
  0x69, 0x89, 0xc9, 0x69, 0x88, 0xc7, 0x66, 0x86, 0xc7, 0x64, 0x85, 0xc8,
  0x60, 0x81, 0xc6, 0x5b, 0x7c, 0xc4, 0x5b, 0x7d, 0xc4, 0x5c, 0x7e, 0xc5,
  0x5b, 0x7d, 0xc3, 0x5d, 0x7d, 0xc4, 0x5a, 0x7c, 0xc2, 0x57, 0x78, 0xc0,
  0x52, 0x74, 0xbe, 0x50, 0x72, 0xbd, 0x4e, 0x6e, 0xba, 0x4a, 0x6b, 0xb6,
  0x45, 0x67, 0xb4, 0x44, 0x65, 0xb5, 0x39, 0x5b, 0xa8, 0x42, 0x5e, 0x9a,
  0x24, 0x2e, 0x4a, 0x11, 0x12, 0x1a, 0x1a, 0x1f, 0x34, 0x2e, 0x37, 0x53,
  0x1d, 0x21, 0x2c, 0x18, 0x1d, 0x2c, 0x16, 0x1c, 0x2e, 0x1c, 0x20, 0x2d,
  0x20, 0x26, 0x3f, 0x16, 0x17, 0x27, 0x10, 0x10, 0x20, 0x29, 0x31, 0x53,
  0x24, 0x2b, 0x45, 0x30, 0x39, 0x56, 0x15, 0x16, 0x25, 0x17, 0x19, 0x23,
  0x0f, 0x10, 0x1e, 0x18, 0x19, 0x26, 0x19, 0x1c, 0x2a, 0x11, 0x14, 0x24,
  0x17, 0x1a, 0x2a, 0x0e, 0x10, 0x1f, 0x12, 0x1d, 0x31, 0x32, 0x6c, 0xa6,
  0x32, 0x70, 0xac, 0x33, 0x6f, 0xab, 0x34, 0x6f, 0xac, 0x33, 0x6f, 0xab,
  0x0b, 0x0a, 0x0e, 0x0d, 0x0b, 0x11, 0x0f, 0x0c, 0x14, 0x0f, 0x0e, 0x14,
  0x0f, 0x0f, 0x15, 0x10, 0x0f, 0x15, 0x10, 0x10, 0x16, 0x10, 0x10, 0x16,
  0x10, 0x10, 0x16, 0x11, 0x0f, 0x15, 0x11, 0x0f, 0x16, 0x12, 0x10, 0x16,
  0x12, 0x11, 0x16, 0x11, 0x10, 0x16, 0x11, 0x11, 0x17, 0x11, 0x11, 0x15,
  0x12, 0x11, 0x16, 0x11, 0x10, 0x17, 0x10, 0x11, 0x16, 0x11, 0x11, 0x16,
  0x12, 0x11, 0x17, 0x13, 0x11, 0x17, 0x13, 0x11, 0x17, 0x13, 0x11, 0x17,
  0x13, 0x11, 0x17, 0x13, 0x10, 0x16, 0x13, 0x11, 0x17, 0x10, 0x11, 0x16,
  0x11, 0x11, 0x17, 0x11, 0x11, 0x17, 0x0f, 0x0e, 0x15, 0x0f, 0x11, 0x1b,
  0x54, 0x73, 0x98, 0x43, 0x60, 0x82, 0x0f, 0x10, 0x15, 0x0f, 0x0d, 0x15,
  0x0f, 0x0b, 0x15, 0x0f, 0x0d, 0x15, 0x0d, 0x0d, 0x16, 0x0e, 0x0c, 0x16,
  0x0e, 0x0e, 0x15, 0x0c, 0x0d, 0x15, 0x0c, 0x0c, 0x16, 0x0b, 0x0c, 0x16,
  0x0a, 0x0c, 0x15, 0x0a, 0x0a, 0x15, 0x0e, 0x0a, 0x15, 0x0b, 0x0b, 0x14,
  0x09, 0x0a, 0x14, 0x09, 0x0a, 0x14, 0x04, 0x04, 0x0f, 0x09, 0x08, 0x0e,
  0x10, 0x0d, 0x12, 0x10, 0x0d, 0x12, 0x10, 0x0f, 0x13, 0x11, 0x10, 0x14,
  0x11, 0x10, 0x15, 0x11, 0x0e, 0x16, 0x0c, 0x0b, 0x14, 0x09, 0x0a, 0x14,
  0x08, 0x09, 0x13, 0x08, 0x09, 0x12, 0x04, 0x0a, 0x14, 0x23, 0x58, 0x86,
  0x2d, 0x6a, 0xa2, 0x20, 0x4f, 0x8a, 0x2f, 0x51, 0x95, 0x3b, 0x5e, 0xa5,
  0x45, 0x67, 0xb0, 0x4a, 0x6f, 0xb7, 0x4f, 0x75, 0xba, 0x53, 0x79, 0xbc,
  0x55, 0x79, 0xbd, 0x56, 0x79, 0xbf, 0x59, 0x7d, 0xc0, 0x5c, 0x7f, 0xc1,
  0x5d, 0x81, 0xc3, 0x5f, 0x82, 0xc3, 0x60, 0x83, 0xc4, 0x62, 0x85, 0xc5,
  0x60, 0x83, 0xc4, 0x5f, 0x82, 0xc5, 0x5e, 0x80, 0xc5, 0x5c, 0x7e, 0xc5,
  0x5b, 0x7c, 0xc4, 0x5a, 0x7a, 0xc4, 0x55, 0x77, 0xc1, 0x55, 0x77, 0xc1,
  0x53, 0x76, 0xc0, 0x52, 0x74, 0xbe, 0x53, 0x74, 0xbe, 0x4d, 0x71, 0xbb,
  0x4a, 0x6d, 0xb8, 0x47, 0x69, 0xb6, 0x45, 0x68, 0xb4, 0x41, 0x65, 0xb4,
  0x3a, 0x5c, 0xac, 0x29, 0x43, 0x86, 0x12, 0x1f, 0x42, 0x28, 0x2b, 0x34,
  0x1c, 0x1d, 0x22, 0x18, 0x19, 0x26, 0x1a, 0x1d, 0x2c, 0x0c, 0x0f, 0x1e,
  0x19, 0x1a, 0x25, 0x18, 0x1a, 0x24, 0x1d, 0x23, 0x31, 0x28, 0x31, 0x45,
  0x10, 0x12, 0x22, 0x2a, 0x2f, 0x48, 0x15, 0x17, 0x24, 0x1b, 0x1e, 0x2b,
  0x09, 0x07, 0x12, 0x2f, 0x35, 0x52, 0x18, 0x19, 0x2e, 0x0f, 0x10, 0x1c,
  0x12, 0x14, 0x20, 0x16, 0x16, 0x25, 0x17, 0x18, 0x26, 0x08, 0x0a, 0x1c,
  0x10, 0x13, 0x22, 0x0c, 0x0d, 0x1b, 0x1f, 0x37, 0x55, 0x35, 0x74, 0xb2,
  0x31, 0x6e, 0xaa, 0x33, 0x6f, 0xab, 0x33, 0x6f, 0xab, 0x34, 0x6f, 0xab,
  0x09, 0x08, 0x0c, 0x0c, 0x0a, 0x11, 0x0f, 0x0c, 0x15, 0x12, 0x10, 0x15,
  0x12, 0x0f, 0x15, 0x11, 0x0f, 0x15, 0x0f, 0x0f, 0x15, 0x10, 0x10, 0x16,
  0x11, 0x10, 0x15, 0x12, 0x10, 0x15, 0x12, 0x11, 0x16, 0x12, 0x10, 0x16,
  0x12, 0x10, 0x16, 0x12, 0x10, 0x16, 0x13, 0x11, 0x17, 0x13, 0x11, 0x16,
  0x13, 0x11, 0x17, 0x11, 0x10, 0x16, 0x12, 0x11, 0x16, 0x10, 0x10, 0x16,
  0x11, 0x11, 0x17, 0x11, 0x11, 0x17, 0x13, 0x11, 0x17, 0x13, 0x11, 0x17,
  0x13, 0x12, 0x17, 0x12, 0x11, 0x16, 0x10, 0x10, 0x16, 0x11, 0x10, 0x16,
  0x11, 0x10, 0x16, 0x10, 0x10, 0x16, 0x10, 0x10, 0x16, 0x09, 0x0a, 0x0f,
  0x4c, 0x65, 0x82, 0x3f, 0x54, 0x71, 0x09, 0x05, 0x0c, 0x0e, 0x0b, 0x16,
  0x11, 0x0d, 0x17, 0x10, 0x0d, 0x16, 0x0d, 0x0d, 0x15, 0x0e, 0x0d, 0x14,
  0x0e, 0x0d, 0x16, 0x0b, 0x0b, 0x15, 0x0c, 0x0b, 0x15, 0x0b, 0x0b, 0x15,
  0x09, 0x0a, 0x14, 0x09, 0x09, 0x13, 0x0b, 0x0b, 0x15, 0x0a, 0x0b, 0x13,
  0x09, 0x0a, 0x14, 0x07, 0x08, 0x13, 0x03, 0x02, 0x0f, 0x09, 0x06, 0x0d,
  0x11, 0x0d, 0x12, 0x10, 0x0e, 0x13, 0x11, 0x10, 0x13, 0x11, 0x10, 0x14,
  0x10, 0x10, 0x14, 0x11, 0x10, 0x16, 0x0f, 0x0c, 0x14, 0x0a, 0x0a, 0x13,
  0x08, 0x09, 0x13, 0x09, 0x0a, 0x14, 0x03, 0x04, 0x0d, 0x1a, 0x49, 0x6f,
  0x30, 0x74, 0xad, 0x2d, 0x64, 0x9a, 0x2c, 0x4e, 0x88, 0x30, 0x4f, 0x8f,
  0x38, 0x5a, 0x9f, 0x43, 0x68, 0xb1, 0x4a, 0x72, 0xb8, 0x4f, 0x76, 0xba,
  0x55, 0x79, 0xbd, 0x54, 0x79, 0xbe, 0x57, 0x7c, 0xbf, 0x56, 0x7c, 0xc0,
  0x56, 0x7a, 0xbf, 0x57, 0x7b, 0xc0, 0x58, 0x7b, 0xc1, 0x59, 0x7d, 0xc2,
  0x57, 0x7c, 0xc1, 0x58, 0x7b, 0xc3, 0x59, 0x7c, 0xc4, 0x59, 0x79, 0xc3,
  0x55, 0x77, 0xc1, 0x52, 0x75, 0xc1, 0x4f, 0x72, 0xbd, 0x4c, 0x70, 0xbb,
  0x49, 0x6e, 0xba, 0x46, 0x6d, 0xb8, 0x45, 0x68, 0xb4, 0x42, 0x68, 0xb4,
  0x41, 0x64, 0xb4, 0x3d, 0x5f, 0xb1, 0x33, 0x55, 0x9f, 0x20, 0x3a, 0x73,
  0x14, 0x20, 0x48, 0x15, 0x18, 0x2c, 0x0e, 0x0d, 0x18, 0x0f, 0x0f, 0x1a,
  0x1a, 0x1d, 0x29, 0x37, 0x3c, 0x55, 0x1a, 0x1f, 0x32, 0x10, 0x12, 0x1b,
  0x0c, 0x0d, 0x1b, 0x0b, 0x0d, 0x17, 0x0f, 0x11, 0x1c, 0x18, 0x1c, 0x2a,
  0x1d, 0x24, 0x39, 0x29, 0x31, 0x4a, 0x10, 0x11, 0x1e, 0x0d, 0x0e, 0x18,
  0x2a, 0x2a, 0x3c, 0x2a, 0x32, 0x4b, 0x1b, 0x1e, 0x31, 0x10, 0x11, 0x1e,
  0x12, 0x14, 0x1f, 0x0c, 0x0e, 0x1b, 0x10, 0x13, 0x1e, 0x10, 0x11, 0x1d,
  0x17, 0x1a, 0x27, 0x0f, 0x11, 0x20, 0x2b, 0x51, 0x7d, 0x35, 0x74, 0xb2,
  0x32, 0x6e, 0xa9, 0x34, 0x70, 0xac, 0x35, 0x6f, 0xac, 0x34, 0x6f, 0xab,
  0x08, 0x07, 0x0c, 0x0c, 0x09, 0x11, 0x0f, 0x0d, 0x14, 0x11, 0x0f, 0x14,
  0x11, 0x10, 0x16, 0x0f, 0x10, 0x16, 0x0f, 0x10, 0x15, 0x10, 0x0f, 0x15,
  0x11, 0x10, 0x14, 0x12, 0x11, 0x15, 0x13, 0x12, 0x16, 0x11, 0x10, 0x14,
  0x12, 0x10, 0x16, 0x13, 0x11, 0x17, 0x12, 0x10, 0x17, 0x12, 0x10, 0x16,
  0x12, 0x10, 0x16, 0x13, 0x11, 0x17, 0x13, 0x10, 0x16, 0x11, 0x11, 0x17,
  0x11, 0x11, 0x17, 0x10, 0x10, 0x16, 0x11, 0x10, 0x16, 0x11, 0x10, 0x18,
  0x12, 0x12, 0x16, 0x11, 0x10, 0x15, 0x12, 0x10, 0x16, 0x12, 0x10, 0x16,
  0x11, 0x0f, 0x15, 0x10, 0x10, 0x16, 0x12, 0x12, 0x19, 0x08, 0x06, 0x0c,
  0x40, 0x52, 0x68, 0x38, 0x47, 0x5a, 0x05, 0x04, 0x08, 0x0f, 0x0d, 0x15,
  0x10, 0x0c, 0x16, 0x10, 0x0d, 0x15, 0x10, 0x0e, 0x14, 0x10, 0x0e, 0x14,
  0x0d, 0x0c, 0x14, 0x0b, 0x0b, 0x15, 0x0b, 0x0b, 0x15, 0x0b, 0x0a, 0x14,
  0x09, 0x0a, 0x14, 0x09, 0x0a, 0x14, 0x09, 0x0b, 0x14, 0x09, 0x0c, 0x13,
  0x0a, 0x0c, 0x14, 0x07, 0x09, 0x13, 0x02, 0x02, 0x0d, 0x09, 0x06, 0x0d,
  0x0f, 0x0c, 0x11, 0x0f, 0x0e, 0x13, 0x10, 0x0f, 0x12, 0x12, 0x11, 0x14,
  0x12, 0x11, 0x15, 0x12, 0x11, 0x14, 0x0f, 0x0e, 0x13, 0x0c, 0x0a, 0x13,
  0x08, 0x09, 0x13, 0x07, 0x09, 0x15, 0x08, 0x0b, 0x12, 0x16, 0x39, 0x58,
  0x29, 0x6b, 0xa4, 0x28, 0x68, 0x9e, 0x30, 0x5f, 0x94, 0x39, 0x54, 0x8d,
  0x2f, 0x51, 0x90, 0x35, 0x59, 0xa0, 0x46, 0x68, 0xb2, 0x4b, 0x71, 0xb9,
  0x52, 0x76, 0xbc, 0x52, 0x75, 0xbf, 0x53, 0x78, 0xc0, 0x50, 0x77, 0xbf,
  0x51, 0x76, 0xbe, 0x52, 0x75, 0xbc, 0x52, 0x77, 0xbe, 0x54, 0x78, 0xc0,
  0x54, 0x77, 0xc0, 0x54, 0x77, 0xc1, 0x51, 0x75, 0xc0, 0x52, 0x73, 0xbe,
  0x4f, 0x71, 0xbd, 0x49, 0x6f, 0xbc, 0x48, 0x6c, 0xb8, 0x44, 0x68, 0xb4,
  0x42, 0x65, 0xb2, 0x41, 0x64, 0xb2, 0x3b, 0x62, 0xb0, 0x34, 0x57, 0xa3,
  0x27, 0x44, 0x85, 0x1a, 0x2d, 0x58, 0x0c, 0x12, 0x2f, 0x0f, 0x10, 0x1e,
  0x0d, 0x0e, 0x1a, 0x13, 0x14, 0x24, 0x12, 0x14, 0x22, 0x15, 0x16, 0x21,
  0x17, 0x1a, 0x31, 0x1a, 0x1e, 0x33, 0x1a, 0x1f, 0x36, 0x21, 0x25, 0x39,
  0x0f, 0x0f, 0x1c, 0x16, 0x17, 0x23, 0x0b, 0x0b, 0x14, 0x1b, 0x1f, 0x2b,
  0x36, 0x49, 0x5e, 0x11, 0x14, 0x25, 0x1e, 0x21, 0x36, 0x12, 0x13, 0x22,
  0x1c, 0x21, 0x35, 0x1f, 0x26, 0x40, 0x1b, 0x1e, 0x31, 0x12, 0x13, 0x22,
  0x12, 0x14, 0x20, 0x12, 0x13, 0x21, 0x0b, 0x0e, 0x1b, 0x09, 0x0b, 0x1a,
  0x0d, 0x0f, 0x1f, 0x0e, 0x15, 0x26, 0x2d, 0x60, 0x94, 0x34, 0x72, 0xb0,
  0x33, 0x6e, 0xaa, 0x32, 0x6e, 0xaa, 0x32, 0x6e, 0xaa, 0x34, 0x6f, 0xab,
  0x06, 0x05, 0x0a, 0x0a, 0x08, 0x10, 0x0f, 0x0d, 0x13, 0x10, 0x0f, 0x13,
  0x0f, 0x0f, 0x14, 0x10, 0x11, 0x16, 0x10, 0x0f, 0x15, 0x12, 0x12, 0x16,
  0x12, 0x11, 0x16, 0x12, 0x11, 0x15, 0x11, 0x10, 0x14, 0x11, 0x0f, 0x15,
  0x11, 0x10, 0x16, 0x10, 0x10, 0x16, 0x10, 0x11, 0x15, 0x12, 0x11, 0x16,
  0x12, 0x11, 0x16, 0x13, 0x11, 0x16, 0x12, 0x10, 0x17, 0x12, 0x11, 0x17,
  0x11, 0x11, 0x16, 0x0f, 0x0f, 0x15, 0x10, 0x0f, 0x16, 0x10, 0x11, 0x17,
  0x11, 0x11, 0x17, 0x12, 0x10, 0x16, 0x12, 0x10, 0x15, 0x12, 0x10, 0x16,
  0x12, 0x11, 0x17, 0x10, 0x10, 0x17, 0x11, 0x12, 0x18, 0x08, 0x08, 0x0d,
  0x34, 0x3e, 0x48, 0x2c, 0x35, 0x3e, 0x05, 0x05, 0x09, 0x0f, 0x0f, 0x15,
  0x0f, 0x0c, 0x16, 0x10, 0x0d, 0x16, 0x10, 0x0f, 0x14, 0x0d, 0x0d, 0x13,
  0x0c, 0x0b, 0x13, 0x0c, 0x0b, 0x14, 0x0c, 0x0b, 0x14, 0x0b, 0x0a, 0x14,
  0x09, 0x0a, 0x14, 0x09, 0x0a, 0x14, 0x09, 0x0a, 0x14, 0x09, 0x0a, 0x13,
  0x08, 0x0a, 0x13, 0x07, 0x08, 0x13, 0x02, 0x03, 0x0d, 0x0a, 0x07, 0x0d,
  0x0f, 0x0c, 0x10, 0x0f, 0x0c, 0x12, 0x11, 0x0e, 0x13, 0x11, 0x0f, 0x13,
  0x12, 0x10, 0x14, 0x11, 0x10, 0x14, 0x0e, 0x0e, 0x13, 0x0c, 0x0a, 0x14,
  0x07, 0x09, 0x11, 0x05, 0x07, 0x12, 0x09, 0x0d, 0x17, 0x15, 0x35, 0x4d,
  0x26, 0x64, 0x9a, 0x25, 0x64, 0x9a, 0x24, 0x64, 0x99, 0x32, 0x5d, 0x94,
  0x40, 0x5d, 0x98, 0x34, 0x55, 0x96, 0x32, 0x55, 0x9d, 0x43, 0x65, 0xae,
  0x4f, 0x72, 0xbc, 0x54, 0x76, 0xbf, 0x55, 0x77, 0xc0, 0x56, 0x78, 0xc1,
  0x53, 0x75, 0xbf, 0x4f, 0x74, 0xbd, 0x4f, 0x74, 0xbd, 0x51, 0x74, 0xbe,
  0x52, 0x75, 0xbe, 0x4d, 0x73, 0xbd, 0x4a, 0x6e, 0xba, 0x49, 0x6c, 0xb8,
  0x47, 0x6b, 0xb8, 0x42, 0x66, 0xb5, 0x3d, 0x63, 0xaf, 0x38, 0x5b, 0xa9,
  0x2e, 0x4d, 0x9d, 0x27, 0x41, 0x8a, 0x19, 0x2c, 0x61, 0x13, 0x1f, 0x3f,
  0x08, 0x0b, 0x1e, 0x14, 0x16, 0x2a, 0x19, 0x1c, 0x2e, 0x0d, 0x0c, 0x1c,
  0x16, 0x17, 0x26, 0x18, 0x1a, 0x2f, 0x1b, 0x22, 0x32, 0x11, 0x12, 0x20,
  0x1f, 0x23, 0x39, 0x13, 0x15, 0x27, 0x0f, 0x0e, 0x19, 0x16, 0x1a, 0x2c,
  0x12, 0x13, 0x23, 0x15, 0x18, 0x27, 0x19, 0x1e, 0x30, 0x20, 0x24, 0x3a,
  0x0b, 0x0d, 0x1e, 0x29, 0x2b, 0x48, 0x15, 0x1a, 0x2f, 0x0e, 0x11, 0x1f,
  0x1a, 0x1d, 0x2f, 0x28, 0x2d, 0x44, 0x0d, 0x0f, 0x20, 0x15, 0x19, 0x29,
  0x11, 0x14, 0x25, 0x16, 0x18, 0x28, 0x12, 0x15, 0x23, 0x12, 0x14, 0x24,
  0x0f, 0x10, 0x1e, 0x10, 0x20, 0x36, 0x31, 0x6f, 0xa9, 0x32, 0x6f, 0xac,
  0x31, 0x6e, 0xaa, 0x30, 0x6e, 0xaa, 0x30, 0x6d, 0xa9, 0x34, 0x6f, 0xab,
  0x07, 0x05, 0x0b, 0x0a, 0x07, 0x10, 0x10, 0x0e, 0x14, 0x10, 0x0f, 0x13,
  0x10, 0x0f, 0x13, 0x11, 0x10, 0x14, 0x11, 0x0f, 0x14, 0x11, 0x0f, 0x14,
  0x12, 0x10, 0x15, 0x11, 0x0f, 0x14, 0x11, 0x0e, 0x13, 0x12, 0x10, 0x15,
  0x10, 0x0f, 0x15, 0x0f, 0x0f, 0x16, 0x0f, 0x10, 0x15, 0x11, 0x11, 0x15,
  0x13, 0x11, 0x16, 0x12, 0x0f, 0x16, 0x12, 0x10, 0x15, 0x12, 0x10, 0x16,
  0x10, 0x10, 0x16, 0x0e, 0x0e, 0x14, 0x10, 0x11, 0x16, 0x0e, 0x11, 0x16,
  0x10, 0x10, 0x16, 0x12, 0x10, 0x16, 0x11, 0x0f, 0x16, 0x11, 0x0f, 0x16,
  0x11, 0x10, 0x16, 0x11, 0x11, 0x17, 0x12, 0x12, 0x18, 0x0c, 0x0a, 0x12,
  0x21, 0x25, 0x2a, 0x1b, 0x1d, 0x23, 0x0a, 0x07, 0x10, 0x0e, 0x0d, 0x15,
  0x0f, 0x0c, 0x17, 0x11, 0x0d, 0x16, 0x0e, 0x0e, 0x13, 0x0c, 0x0b, 0x14,
  0x0b, 0x0a, 0x14, 0x0b, 0x0a, 0x13, 0x0c, 0x0d, 0x14, 0x0b, 0x0b, 0x15,
  0x0a, 0x0a, 0x14, 0x0a, 0x0a, 0x14, 0x0b, 0x0a, 0x14, 0x0a, 0x09, 0x14,
  0x0b, 0x0b, 0x15, 0x09, 0x08, 0x12, 0x03, 0x02, 0x0a, 0x0b, 0x06, 0x0c,
  0x0e, 0x09, 0x0e, 0x10, 0x0b, 0x11, 0x11, 0x0d, 0x13, 0x11, 0x0f, 0x14,
  0x10, 0x10, 0x13, 0x10, 0x10, 0x13, 0x0e, 0x0e, 0x13, 0x0c, 0x0b, 0x13,
  0x08, 0x09, 0x12, 0x07, 0x08, 0x12, 0x05, 0x05, 0x10, 0x0c, 0x1c, 0x2a,
  0x23, 0x5c, 0x8e, 0x26, 0x67, 0x9e, 0x25, 0x64, 0x9a, 0x27, 0x63, 0x9a,
  0x35, 0x5e, 0x99, 0x44, 0x62, 0x9e, 0x38, 0x5a, 0x9a, 0x2d, 0x51, 0x98,
  0x3f, 0x60, 0xa9, 0x53, 0x73, 0xbc, 0x55, 0x77, 0xc0, 0x57, 0x78, 0xc1,
  0x55, 0x75, 0xbf, 0x4f, 0x72, 0xbc, 0x4d, 0x71, 0xbc, 0x4a, 0x71, 0xbb,
  0x4a, 0x6f, 0xb9, 0x48, 0x6c, 0xb8, 0x43, 0x67, 0xb5, 0x41, 0x60, 0xb0,
  0x3b, 0x5c, 0xac, 0x2d, 0x51, 0x9f, 0x23, 0x48, 0x94, 0x28, 0x49, 0x8c,
  0x38, 0x4d, 0x80, 0x26, 0x2d, 0x4d, 0x15, 0x15, 0x29, 0x08, 0x08, 0x18,
  0x1c, 0x26, 0x48, 0x11, 0x19, 0x36, 0x13, 0x1a, 0x33, 0x19, 0x1f, 0x39,
  0x0a, 0x0d, 0x1d, 0x19, 0x1d, 0x30, 0x21, 0x24, 0x37, 0x07, 0x08, 0x16,
  0x14, 0x15, 0x22, 0x0e, 0x10, 0x1f, 0x0c, 0x0c, 0x16, 0x0f, 0x11, 0x1c,
  0x0f, 0x0f, 0x1e, 0x20, 0x23, 0x37, 0x23, 0x29, 0x40, 0x1d, 0x21, 0x34,
  0x52, 0x5a, 0x6d, 0x26, 0x2d, 0x4e, 0x14, 0x15, 0x27, 0x0e, 0x0f, 0x1d,
  0x10, 0x11, 0x20, 0x17, 0x19, 0x26, 0x15, 0x17, 0x27, 0x16, 0x17, 0x26,
  0x11, 0x12, 0x1f, 0x11, 0x13, 0x23, 0x16, 0x19, 0x28, 0x10, 0x13, 0x23,
  0x0b, 0x0a, 0x16, 0x1a, 0x35, 0x53, 0x34, 0x75, 0xb1, 0x2e, 0x6d, 0xa8,
  0x2e, 0x6d, 0xa9, 0x2f, 0x6d, 0xa9, 0x30, 0x6e, 0xaa, 0x32, 0x6d, 0xaa,
  0x07, 0x05, 0x0b, 0x0c, 0x0a, 0x11, 0x10, 0x0c, 0x15, 0x10, 0x0e, 0x14,
  0x10, 0x0e, 0x14, 0x10, 0x0e, 0x13, 0x11, 0x0f, 0x15, 0x12, 0x10, 0x16,
  0x11, 0x0f, 0x15, 0x11, 0x10, 0x15, 0x0f, 0x10, 0x14, 0x10, 0x0f, 0x14,
  0x11, 0x0f, 0x15, 0x10, 0x0f, 0x16, 0x10, 0x10, 0x16, 0x11, 0x10, 0x16,
  0x13, 0x11, 0x16, 0x10, 0x0f, 0x16, 0x11, 0x11, 0x16, 0x0f, 0x0f, 0x15,
  0x10, 0x0f, 0x15, 0x10, 0x0f, 0x15, 0x10, 0x10, 0x16, 0x0e, 0x0f, 0x15,
  0x0f, 0x0f, 0x15, 0x12, 0x10, 0x16, 0x12, 0x0f, 0x16, 0x12, 0x10, 0x17,
  0x13, 0x10, 0x17, 0x12, 0x10, 0x16, 0x12, 0x10, 0x16, 0x0f, 0x0d, 0x14,
  0x0a, 0x0c, 0x14, 0x0b, 0x0b, 0x14, 0x0e, 0x0c, 0x13, 0x0f, 0x0d, 0x14,
  0x10, 0x0d, 0x15, 0x0f, 0x0e, 0x16, 0x0d, 0x0c, 0x16, 0x0b, 0x0a, 0x13,
  0x0c, 0x0a, 0x13, 0x0b, 0x0c, 0x14, 0x0a, 0x0c, 0x13, 0x09, 0x0b, 0x14,
  0x0a, 0x0a, 0x14, 0x0a, 0x09, 0x13, 0x0b, 0x09, 0x13, 0x0b, 0x09, 0x13,
  0x09, 0x09, 0x13, 0x07, 0x07, 0x11, 0x03, 0x01, 0x0a, 0x0a, 0x05, 0x0b,
  0x0f, 0x09, 0x0d, 0x10, 0x0b, 0x10, 0x0f, 0x0c, 0x12, 0x10, 0x0f, 0x13,
  0x11, 0x10, 0x14, 0x0f, 0x0e, 0x13, 0x0e, 0x0c, 0x12, 0x0d, 0x0c, 0x14,
  0x09, 0x09, 0x13, 0x07, 0x09, 0x13, 0x05, 0x07, 0x12, 0x07, 0x07, 0x11,
  0x1f, 0x4d, 0x78, 0x2a, 0x6d, 0xa5, 0x27, 0x67, 0x9c, 0x28, 0x67, 0x9d,
  0x2d, 0x66, 0x9e, 0x36, 0x5e, 0x9e, 0x43, 0x62, 0xa0, 0x40, 0x61, 0xa0,
  0x2f, 0x53, 0x98, 0x3c, 0x5c, 0xa5, 0x4e, 0x6d, 0xb8, 0x52, 0x72, 0xbc,
  0x51, 0x71, 0xbb, 0x4d, 0x6c, 0xb8, 0x48, 0x6b, 0xb6, 0x46, 0x68, 0xb5,
  0x3e, 0x60, 0xb0, 0x35, 0x5a, 0xa9, 0x2e, 0x53, 0xa3, 0x22, 0x4a, 0x9a,
  0x23, 0x47, 0x92, 0x42, 0x61, 0x9c, 0x62, 0x7a, 0xa9, 0x76, 0x87, 0xad,
  0x82, 0x90, 0xb2, 0x88, 0x95, 0xb7, 0x89, 0x94, 0xb2, 0x6c, 0x78, 0x92,
  0x5a, 0x69, 0x88, 0x49, 0x54, 0x72, 0x24, 0x2c, 0x46, 0x20, 0x29, 0x44,
  0x17, 0x1b, 0x2d, 0x0c, 0x0f, 0x1c, 0x0f, 0x11, 0x1e, 0x0b, 0x0c, 0x1c,
  0x0c, 0x10, 0x20, 0x11, 0x14, 0x22, 0x08, 0x08, 0x15, 0x08, 0x08, 0x14,
  0x15, 0x15, 0x25, 0x18, 0x1d, 0x33, 0x0c, 0x10, 0x1e, 0x1b, 0x1d, 0x2d,
  0x18, 0x19, 0x24, 0x1e, 0x21, 0x35, 0x22, 0x29, 0x46, 0x16, 0x17, 0x2b,
  0x13, 0x17, 0x26, 0x22, 0x24, 0x32, 0x18, 0x16, 0x25, 0x17, 0x16, 0x21,
  0x0f, 0x10, 0x19, 0x0f, 0x0f, 0x1e, 0x12, 0x14, 0x25, 0x15, 0x1a, 0x28,
  0x09, 0x09, 0x16, 0x23, 0x44, 0x69, 0x33, 0x75, 0xb2, 0x2f, 0x6c, 0xa7,
  0x30, 0x6c, 0xa9, 0x31, 0x6d, 0xa9, 0x2f, 0x6d, 0xa9, 0x32, 0x6e, 0xaa,
  0x09, 0x07, 0x0d, 0x0d, 0x0b, 0x11, 0x10, 0x0a, 0x14, 0x0f, 0x0d, 0x14,
  0x10, 0x0e, 0x14, 0x10, 0x0e, 0x14, 0x10, 0x0e, 0x14, 0x10, 0x0f, 0x15,
  0x0f, 0x0f, 0x16, 0x10, 0x0f, 0x14, 0x11, 0x10, 0x14, 0x10, 0x10, 0x13,
  0x11, 0x0f, 0x14, 0x0f, 0x0e, 0x14, 0x0f, 0x0f, 0x15, 0x10, 0x0f, 0x16,
  0x12, 0x11, 0x17, 0x11, 0x11, 0x17, 0x11, 0x11, 0x17, 0x10, 0x10, 0x16,
  0x12, 0x10, 0x16, 0x11, 0x10, 0x16, 0x10, 0x10, 0x16, 0x10, 0x0f, 0x15,
  0x11, 0x0f, 0x15, 0x0f, 0x0e, 0x14, 0x0e, 0x0e, 0x14, 0x11, 0x0f, 0x15,
  0x13, 0x11, 0x16, 0x12, 0x0f, 0x15, 0x11, 0x0f, 0x15, 0x0d, 0x0c, 0x11,
  0x09, 0x0a, 0x11, 0x06, 0x07, 0x10, 0x0c, 0x0a, 0x12, 0x11, 0x0f, 0x14,
  0x11, 0x0f, 0x15, 0x0e, 0x0c, 0x15, 0x0c, 0x0b, 0x14, 0x0b, 0x0a, 0x13,
  0x0c, 0x0a, 0x13, 0x0a, 0x0b, 0x13, 0x09, 0x0b, 0x13, 0x08, 0x09, 0x13,
  0x09, 0x0a, 0x14, 0x0a, 0x09, 0x13, 0x0a, 0x09, 0x13, 0x0a, 0x08, 0x12,
  0x0a, 0x09, 0x12, 0x06, 0x08, 0x10, 0x02, 0x02, 0x0c, 0x0b, 0x06, 0x0c,
  0x0f, 0x08, 0x0d, 0x0f, 0x0a, 0x0f, 0x0f, 0x0d, 0x11, 0x0f, 0x0f, 0x13,
  0x11, 0x10, 0x13, 0x0e, 0x0d, 0x12, 0x0e, 0x0c, 0x12, 0x0e, 0x0c, 0x13,
  0x0c, 0x09, 0x13, 0x08, 0x08, 0x13, 0x07, 0x09, 0x14, 0x05, 0x03, 0x0a,
  0x16, 0x3a, 0x58, 0x2b, 0x6e, 0xa7, 0x2a, 0x69, 0x9f, 0x29, 0x6a, 0x9f,
  0x29, 0x6a, 0x9f, 0x2e, 0x67, 0xa2, 0x34, 0x5f, 0x9e, 0x40, 0x63, 0xa2,
  0x49, 0x69, 0xa6, 0x3c, 0x5d, 0xa0, 0x3f, 0x5d, 0xa8, 0x49, 0x66, 0xb0,
  0x49, 0x67, 0xaf, 0x3e, 0x5d, 0xa9, 0x33, 0x55, 0xa0, 0x25, 0x4c, 0x99,
  0x29, 0x53, 0x9a, 0x30, 0x5f, 0x9d, 0x30, 0x5e, 0x9b, 0x5c, 0x7a, 0xa9,
  0x7a, 0x8e, 0xb6, 0x73, 0x85, 0xb1, 0x4e, 0x66, 0x9b, 0x3d, 0x57, 0x93,
  0x3b, 0x55, 0x97, 0x41, 0x5b, 0x9c, 0x4e, 0x68, 0xa2, 0x52, 0x6c, 0xa4,
  0x5e, 0x74, 0xa7, 0x6b, 0x80, 0xae, 0x63, 0x78, 0xa9, 0x65, 0x78, 0xa6,
  0x5e, 0x70, 0x9d, 0x57, 0x66, 0x8d, 0x56, 0x61, 0x81, 0x58, 0x61, 0x7e,
  0x51, 0x5a, 0x75, 0x5f, 0x68, 0x7f, 0x36, 0x3e, 0x52, 0x2e, 0x34, 0x47,
  0x3a, 0x42, 0x65, 0x35, 0x3f, 0x61, 0x24, 0x2f, 0x4c, 0x33, 0x45, 0x73,
  0x09, 0x0a, 0x19, 0x0e, 0x11, 0x1e, 0x19, 0x1e, 0x3a, 0x14, 0x17, 0x2f,
  0x0a, 0x09, 0x16, 0x0c, 0x0c, 0x17, 0x11, 0x0f, 0x1a, 0x1f, 0x1f, 0x2b,
  0x0c, 0x0e, 0x1d, 0x0d, 0x0e, 0x1f, 0x0c, 0x0d, 0x1e, 0x0c, 0x11, 0x1f,
  0x0e, 0x14, 0x1e, 0x29, 0x59, 0x86, 0x32, 0x72, 0xb0, 0x2e, 0x6c, 0xa7,
  0x31, 0x6c, 0xaa, 0x31, 0x6d, 0xa9, 0x30, 0x6e, 0xaa, 0x31, 0x6d, 0xa9,
  0x0e, 0x0d, 0x11, 0x0f, 0x0e, 0x12, 0x0e, 0x0c, 0x13, 0x0d, 0x0d, 0x13,
  0x0d, 0x0d, 0x12, 0x10, 0x0d, 0x14, 0x11, 0x0f, 0x14, 0x11, 0x10, 0x15,
  0x0f, 0x0f, 0x15, 0x0f, 0x0e, 0x15, 0x12, 0x10, 0x15, 0x11, 0x0f, 0x13,
  0x10, 0x10, 0x14, 0x10, 0x10, 0x16, 0x10, 0x0f, 0x15, 0x0f, 0x0f, 0x15,
  0x10, 0x10, 0x16, 0x10, 0x11, 0x16, 0x11, 0x10, 0x17, 0x11, 0x10, 0x16,
  0x10, 0x0f, 0x17, 0x11, 0x10, 0x19, 0x10, 0x0e, 0x17, 0x12, 0x10, 0x15,
  0x12, 0x11, 0x15, 0x0f, 0x0f, 0x14, 0x0e, 0x0e, 0x16, 0x0f, 0x0d, 0x16,
  0x0e, 0x0d, 0x15, 0x10, 0x0f, 0x16, 0x0e, 0x0e, 0x14, 0x08, 0x08, 0x0e,
  0x07, 0x08, 0x0e, 0x03, 0x06, 0x10, 0x06, 0x07, 0x12, 0x0f, 0x0d, 0x15,
  0x10, 0x0c, 0x14, 0x0d, 0x0b, 0x15, 0x0b, 0x0a, 0x14, 0x0b, 0x0a, 0x13,
  0x0c, 0x0b, 0x13, 0x0d, 0x0a, 0x14, 0x0b, 0x0a, 0x15, 0x0a, 0x09, 0x13,
  0x09, 0x0a, 0x14, 0x09, 0x0a, 0x14, 0x0b, 0x09, 0x13, 0x0a, 0x09, 0x14,
  0x0a, 0x08, 0x12, 0x07, 0x07, 0x10, 0x02, 0x03, 0x0c, 0x08, 0x07, 0x0c,
  0x0a, 0x07, 0x0b, 0x0c, 0x0a, 0x0e, 0x0f, 0x0d, 0x12, 0x0f, 0x0e, 0x12,
  0x10, 0x0f, 0x14, 0x0e, 0x0b, 0x13, 0x0f, 0x0d, 0x12, 0x0e, 0x0e, 0x11,
  0x0c, 0x0b, 0x12, 0x08, 0x0a, 0x12, 0x07, 0x09, 0x13, 0x05, 0x02, 0x0b,
  0x0d, 0x26, 0x3a, 0x26, 0x6a, 0xa1, 0x28, 0x69, 0x9d, 0x2a, 0x69, 0x9f,
  0x29, 0x6a, 0x9f, 0x29, 0x6a, 0xa0, 0x2e, 0x67, 0xa3, 0x34, 0x62, 0xa4,
  0x3f, 0x63, 0xa6, 0x48, 0x69, 0xaa, 0x45, 0x66, 0xab, 0x3d, 0x60, 0xa8,
  0x3c, 0x60, 0xa9, 0x2d, 0x54, 0xa1, 0x1a, 0x45, 0x94, 0x2c, 0x59, 0x9b,
  0x55, 0x7d, 0xad, 0x52, 0x7d, 0xad, 0x59, 0x83, 0xb1, 0x66, 0x82, 0xab,
  0x32, 0x51, 0x86, 0x27, 0x43, 0x7e, 0x48, 0x5f, 0x92, 0x67, 0x79, 0xa4,
  0x6f, 0x81, 0xac, 0x77, 0x87, 0xb0, 0x74, 0x85, 0xae, 0x6a, 0x7e, 0xa9,
  0x66, 0x79, 0xa6, 0x5d, 0x71, 0xa2, 0x53, 0x6b, 0xa1, 0x5d, 0x75, 0xab,
  0x64, 0x7a, 0xae, 0x67, 0x7d, 0xb2, 0x75, 0x8a, 0xb8, 0x77, 0x8c, 0xb9,
  0x77, 0x8b, 0xb9, 0x76, 0x89, 0xb7, 0x82, 0x94, 0xbb, 0x81, 0x91, 0xb9,
  0x6e, 0x80, 0xa9, 0x7e, 0x8d, 0xb1, 0x79, 0x86, 0xa9, 0x6b, 0x7b, 0xa4,
  0x65, 0x73, 0x95, 0x5b, 0x66, 0x83, 0x51, 0x5b, 0x79, 0x45, 0x51, 0x73,
  0x2d, 0x35, 0x54, 0x2c, 0x35, 0x4f, 0x23, 0x27, 0x38, 0x0b, 0x0c, 0x17,
  0x17, 0x17, 0x26, 0x13, 0x14, 0x23, 0x0a, 0x0d, 0x1c, 0x10, 0x13, 0x1f,
  0x15, 0x1e, 0x2d, 0x31, 0x69, 0x9e, 0x31, 0x6f, 0xac, 0x2f, 0x6d, 0xa9,
  0x2f, 0x6d, 0xa9, 0x30, 0x6d, 0xa9, 0x31, 0x6d, 0xa9, 0x31, 0x6d, 0xa9,
  0x0f, 0x0e, 0x11, 0x0e, 0x0c, 0x12, 0x0e, 0x0c, 0x13, 0x0b, 0x0b, 0x13,
  0x0b, 0x0a, 0x13, 0x10, 0x0e, 0x12, 0x11, 0x11, 0x15, 0x0d, 0x0f, 0x14,
  0x0e, 0x0e, 0x14, 0x0f, 0x0d, 0x14, 0x11, 0x10, 0x15, 0x11, 0x10, 0x14,
  0x10, 0x0f, 0x15, 0x10, 0x0f, 0x15, 0x12, 0x0f, 0x16, 0x11, 0x10, 0x16,
  0x11, 0x10, 0x16, 0x11, 0x10, 0x15, 0x11, 0x0f, 0x16, 0x11, 0x0f, 0x16,
  0x10, 0x0f, 0x17, 0x10, 0x0f, 0x18, 0x11, 0x0e, 0x17, 0x12, 0x10, 0x16,
  0x11, 0x10, 0x14, 0x11, 0x0f, 0x15, 0x10, 0x0d, 0x15, 0x0f, 0x0f, 0x16,
  0x0f, 0x0f, 0x16, 0x0c, 0x0d, 0x15, 0x0c, 0x0d, 0x12, 0x09, 0x0a, 0x0f,
  0x09, 0x09, 0x10, 0x0e, 0x10, 0x18, 0x0e, 0x12, 0x19, 0x10, 0x10, 0x17,
  0x0e, 0x0b, 0x13, 0x0c, 0x0a, 0x14, 0x0c, 0x0b, 0x14, 0x0b, 0x0a, 0x13,
  0x0b, 0x0a, 0x13, 0x0b, 0x08, 0x13, 0x0b, 0x09, 0x14, 0x0a, 0x09, 0x13,
  0x09, 0x09, 0x13, 0x0a, 0x09, 0x13, 0x0b, 0x0a, 0x13, 0x09, 0x07, 0x12,
  0x09, 0x08, 0x12, 0x07, 0x07, 0x11, 0x03, 0x03, 0x09, 0x07, 0x06, 0x0a,
  0x08, 0x06, 0x0a, 0x0b, 0x0a, 0x0f, 0x0e, 0x0d, 0x11, 0x0f, 0x0e, 0x11,
  0x0f, 0x0e, 0x13, 0x0f, 0x0d, 0x14, 0x0f, 0x0d, 0x13, 0x0d, 0x0d, 0x12,
  0x0a, 0x0a, 0x11, 0x0a, 0x09, 0x12, 0x08, 0x08, 0x12, 0x07, 0x05, 0x0f,
  0x05, 0x15, 0x22, 0x24, 0x62, 0x93, 0x2a, 0x6a, 0xa0, 0x27, 0x67, 0x9d,
  0x28, 0x68, 0x9e, 0x28, 0x6a, 0x9f, 0x28, 0x69, 0x9f, 0x2d, 0x67, 0xa4,
  0x37, 0x63, 0xac, 0x3d, 0x62, 0xac, 0x40, 0x65, 0xae, 0x42, 0x65, 0xaf,
  0x39, 0x60, 0xad, 0x32, 0x5d, 0xa7, 0x48, 0x70, 0xaa, 0x63, 0x88, 0xb4,
  0x60, 0x87, 0xb3, 0x59, 0x82, 0xaf, 0x52, 0x7e, 0xb0, 0x3b, 0x6a, 0x9d,
  0x69, 0x7c, 0x9b, 0x81, 0x8e, 0xa8, 0x94, 0x9e, 0xb5, 0x8a, 0x96, 0xb1,
  0x80, 0x8e, 0xad, 0x7a, 0x89, 0xa9, 0x83, 0x90, 0xae, 0x89, 0x96, 0xb2,
  0x7c, 0x8c, 0xad, 0x6c, 0x7c, 0xa5, 0x62, 0x73, 0xa0, 0x5c, 0x6e, 0x9e,
  0x5a, 0x6f, 0xa1, 0x5a, 0x6f, 0xa2, 0x64, 0x77, 0xa6, 0x6a, 0x7e, 0xab,
  0x69, 0x7b, 0xab, 0x66, 0x79, 0xa9, 0x6b, 0x7c, 0xab, 0x62, 0x75, 0xa3,
  0x6d, 0x7f, 0xab, 0x6e, 0x81, 0xad, 0x73, 0x87, 0xb2, 0x78, 0x8a, 0xb4,
  0x79, 0x8c, 0xb8, 0x7e, 0x92, 0xbd, 0x85, 0x9a, 0xc1, 0x89, 0x9c, 0xc2,
  0x7e, 0x92, 0xbe, 0x61, 0x7c, 0xb4, 0x4c, 0x64, 0x94, 0x1f, 0x27, 0x41,
  0x2b, 0x2d, 0x38, 0x11, 0x13, 0x21, 0x0b, 0x0f, 0x1e, 0x0c, 0x0d, 0x1b,
  0x1b, 0x2e, 0x49, 0x35, 0x72, 0xae, 0x2f, 0x6d, 0xa9, 0x2f, 0x6d, 0xa9,
  0x31, 0x6d, 0xaa, 0x32, 0x6d, 0xaa, 0x32, 0x6d, 0xa9, 0x32, 0x6e, 0xaa,
  0x0f, 0x0c, 0x11, 0x0f, 0x0b, 0x12, 0x0c, 0x0a, 0x12, 0x09, 0x09, 0x11,
  0x0b, 0x09, 0x13, 0x10, 0x0e, 0x14, 0x0e, 0x0c, 0x14, 0x0b, 0x0b, 0x14,
  0x0e, 0x0d, 0x14, 0x0f, 0x0d, 0x13, 0x10, 0x0e, 0x14, 0x10, 0x0e, 0x14,
  0x11, 0x0f, 0x15, 0x11, 0x0f, 0x15, 0x10, 0x0e, 0x16, 0x12, 0x0f, 0x16,
  0x12, 0x11, 0x15, 0x10, 0x11, 0x15, 0x10, 0x10, 0x16, 0x10, 0x10, 0x16,
  0x11, 0x0f, 0x16, 0x11, 0x0e, 0x17, 0x11, 0x0e, 0x17, 0x12, 0x10, 0x16,
  0x12, 0x10, 0x15, 0x11, 0x0f, 0x15, 0x11, 0x0f, 0x15, 0x12, 0x10, 0x16,
  0x11, 0x11, 0x15, 0x0f, 0x10, 0x14, 0x0c, 0x0c, 0x12, 0x0c, 0x0b, 0x10,
  0x06, 0x06, 0x0e, 0x0a, 0x0b, 0x15, 0x0e, 0x0e, 0x16, 0x0e, 0x0d, 0x14,
  0x10, 0x0d, 0x16, 0x0e, 0x0b, 0x15, 0x0d, 0x0b, 0x14, 0x0b, 0x0a, 0x14,
  0x0b, 0x0b, 0x13, 0x0b, 0x0a, 0x13, 0x0a, 0x0a, 0x12, 0x08, 0x09, 0x12,
  0x0a, 0x09, 0x13, 0x0a, 0x09, 0x13, 0x0a, 0x09, 0x13, 0x09, 0x08, 0x12,
  0x07, 0x07, 0x11, 0x06, 0x07, 0x11, 0x02, 0x04, 0x0a, 0x05, 0x03, 0x07,
  0x08, 0x03, 0x09, 0x0b, 0x09, 0x0e, 0x0d, 0x0c, 0x10, 0x0f, 0x0d, 0x11,
  0x0e, 0x0f, 0x13, 0x0e, 0x0e, 0x12, 0x0f, 0x0c, 0x13, 0x0f, 0x0c, 0x14,
  0x0d, 0x0a, 0x12, 0x0b, 0x08, 0x13, 0x0a, 0x07, 0x12, 0x07, 0x08, 0x12,
  0x04, 0x09, 0x13, 0x1e, 0x52, 0x7e, 0x29, 0x6c, 0xa3, 0x27, 0x67, 0x9d,
  0x27, 0x68, 0x9e, 0x27, 0x67, 0x9d, 0x26, 0x67, 0x9d, 0x26, 0x68, 0x9e,
  0x2d, 0x66, 0xa6, 0x34, 0x65, 0xac, 0x33, 0x64, 0xac, 0x30, 0x63, 0xa8,
  0x39, 0x69, 0xa9, 0x52, 0x7b, 0xb0, 0x62, 0x88, 0xb2, 0x5f, 0x86, 0xb2,
  0x5f, 0x86, 0xb2, 0x5e, 0x85, 0xb1, 0x57, 0x7f, 0xaf, 0x76, 0x92, 0xba,
  0x98, 0xa5, 0xc0, 0x82, 0x93, 0xb1, 0x82, 0x93, 0xb1, 0x7c, 0x8a, 0xaa,
  0x77, 0x85, 0xa7, 0x85, 0x91, 0xae, 0x83, 0x90, 0xaf, 0x66, 0x77, 0xa3,
  0x51, 0x64, 0x9a, 0x50, 0x65, 0x9a, 0x56, 0x6a, 0x9d, 0x55, 0x68, 0x9a,
  0x59, 0x6c, 0x9b, 0x67, 0x77, 0xa5, 0x6b, 0x7b, 0xa8, 0x70, 0x7f, 0xab,
  0x70, 0x7f, 0xa9, 0x6e, 0x7d, 0xa6, 0x72, 0x82, 0xa9, 0x6f, 0x80, 0xa8,
  0x80, 0x8f, 0xb2, 0x83, 0x90, 0xb3, 0x85, 0x93, 0xb5, 0x7e, 0x8e, 0xb3,
  0x76, 0x86, 0xae, 0x73, 0x84, 0xad, 0x6a, 0x7e, 0xac, 0x66, 0x78, 0xaa,
  0x70, 0x82, 0xb0, 0x6f, 0x83, 0xb0, 0x5f, 0x75, 0xa7, 0x45, 0x59, 0x8b,
  0x20, 0x30, 0x5a, 0x12, 0x1a, 0x35, 0x0b, 0x0e, 0x20, 0x12, 0x14, 0x23,
  0x25, 0x42, 0x67, 0x34, 0x72, 0xb0, 0x2f, 0x6c, 0xa8, 0x31, 0x6e, 0xab,
  0x32, 0x6e, 0xaa, 0x31, 0x6e, 0xaa, 0x31, 0x6d, 0xa9, 0x32, 0x6e, 0xaa,
  0x0f, 0x0b, 0x10, 0x0d, 0x09, 0x10, 0x0a, 0x07, 0x10, 0x08, 0x07, 0x0f,
  0x0c, 0x0c, 0x11, 0x0f, 0x0d, 0x13, 0x0c, 0x0a, 0x14, 0x0b, 0x0b, 0x12,
  0x0d, 0x0c, 0x12, 0x0f, 0x0e, 0x13, 0x10, 0x0e, 0x14, 0x10, 0x0f, 0x15,
  0x0f, 0x0f, 0x15, 0x11, 0x10, 0x15, 0x12, 0x10, 0x15, 0x12, 0x10, 0x16,
  0x11, 0x10, 0x14, 0x10, 0x11, 0x15, 0x10, 0x10, 0x15, 0x10, 0x10, 0x16,
  0x12, 0x10, 0x16, 0x13, 0x11, 0x17, 0x12, 0x10, 0x16, 0x12, 0x11, 0x15,
  0x13, 0x11, 0x16, 0x12, 0x10, 0x16, 0x12, 0x10, 0x16, 0x12, 0x10, 0x16,
  0x11, 0x0f, 0x15, 0x0f, 0x10, 0x14, 0x0d, 0x0d, 0x11, 0x0d, 0x0a, 0x0f,
  0x0a, 0x08, 0x10, 0x06, 0x05, 0x10, 0x0d, 0x0b, 0x12, 0x10, 0x0e, 0x14,
  0x10, 0x0d, 0x16, 0x0f, 0x0d, 0x14, 0x0e, 0x0d, 0x13, 0x0d, 0x0a, 0x15,
  0x0c, 0x0b, 0x12, 0x0b, 0x0b, 0x11, 0x0b, 0x0a, 0x12, 0x0a, 0x0b, 0x14,
  0x0a, 0x09, 0x13, 0x0a, 0x09, 0x13, 0x09, 0x08, 0x13, 0x09, 0x08, 0x12,
  0x07, 0x07, 0x10, 0x05, 0x07, 0x10, 0x03, 0x04, 0x0a, 0x04, 0x02, 0x07,
  0x07, 0x03, 0x08, 0x09, 0x08, 0x0c, 0x0d, 0x0c, 0x10, 0x10, 0x0d, 0x11,
  0x0f, 0x0e, 0x12, 0x0f, 0x0e, 0x13, 0x0e, 0x0b, 0x12, 0x0d, 0x0b, 0x13,
  0x0b, 0x0a, 0x11, 0x09, 0x08, 0x12, 0x09, 0x08, 0x12, 0x08, 0x08, 0x13,
  0x03, 0x04, 0x0b, 0x17, 0x41, 0x64, 0x27, 0x6c, 0xa4, 0x26, 0x66, 0x9b,
  0x27, 0x67, 0x9e, 0x26, 0x66, 0x9c, 0x26, 0x66, 0x9d, 0x28, 0x68, 0x9d,
  0x27, 0x67, 0x9e, 0x25, 0x66, 0x9e, 0x26, 0x65, 0x9f, 0x2a, 0x69, 0x9e,
  0x3e, 0x74, 0xa6, 0x54, 0x80, 0xad, 0x5b, 0x84, 0xaf, 0x5d, 0x85, 0xb1,
  0x5f, 0x85, 0xb1, 0x60, 0x85, 0xb1, 0x5d, 0x82, 0xaf, 0x6e, 0x87, 0xb4,
  0x7d, 0x90, 0xbb, 0x87, 0x9a, 0xc2, 0x88, 0x9d, 0xc4, 0x8d, 0x9f, 0xc3,
  0x84, 0x97, 0xb9, 0x7b, 0x8d, 0xaf, 0x66, 0x7a, 0xa5, 0x56, 0x6c, 0x9a,
  0x6c, 0x7c, 0xa1, 0x71, 0x82, 0xa6, 0x65, 0x76, 0x9f, 0x61, 0x72, 0xa0,
  0x6b, 0x7d, 0xa8, 0x62, 0x75, 0xa1, 0x5d, 0x6f, 0x9d, 0x64, 0x75, 0xa3,
  0x64, 0x77, 0xa2, 0x70, 0x81, 0xab, 0x78, 0x88, 0xb1, 0x7f, 0x8f, 0xb5,
  0x8e, 0x9b, 0xbc, 0x8e, 0x9d, 0xbd, 0x91, 0x9f, 0xbe, 0x90, 0x9d, 0xbf,
  0x89, 0x98, 0xbb, 0x81, 0x90, 0xb6, 0x79, 0x8a, 0xb3, 0x6a, 0x7b, 0xa9,
  0x5f, 0x72, 0xa4, 0x65, 0x77, 0xa9, 0x65, 0x77, 0xa7, 0x3c, 0x51, 0x85,
  0x37, 0x4d, 0x7e, 0x2f, 0x43, 0x73, 0x23, 0x34, 0x5b, 0x14, 0x22, 0x42,
  0x39, 0x4e, 0x78, 0x61, 0x80, 0xb1, 0x3a, 0x70, 0xaa, 0x2e, 0x6c, 0xa8,
  0x34, 0x6f, 0xaa, 0x32, 0x6e, 0xaa, 0x34, 0x6e, 0xab, 0x34, 0x6d, 0xaa,
  0x0b, 0x0a, 0x0e, 0x0a, 0x09, 0x0d, 0x09, 0x07, 0x0e, 0x0c, 0x0a, 0x10,
  0x0f, 0x0f, 0x12, 0x0e, 0x0c, 0x13, 0x0b, 0x0a, 0x11, 0x0e, 0x0d, 0x12,
  0x10, 0x0f, 0x13, 0x11, 0x10, 0x14, 0x11, 0x10, 0x14, 0x11, 0x10, 0x14,
  0x10, 0x0f, 0x15, 0x11, 0x10, 0x14, 0x12, 0x11, 0x15, 0x11, 0x10, 0x14,
  0x12, 0x11, 0x16, 0x12, 0x11, 0x15, 0x12, 0x11, 0x15, 0x11, 0x10, 0x15,
  0x13, 0x11, 0x17, 0x13, 0x11, 0x17, 0x13, 0x12, 0x16, 0x12, 0x12, 0x15,
  0x13, 0x12, 0x16, 0x12, 0x10, 0x16, 0x13, 0x11, 0x16, 0x12, 0x10, 0x16,
  0x12, 0x11, 0x16, 0x10, 0x0f, 0x14, 0x0e, 0x0d, 0x12, 0x10, 0x0d, 0x11,
  0x0d, 0x0a, 0x11, 0x0e, 0x0b, 0x14, 0x0f, 0x0c, 0x13, 0x0e, 0x0c, 0x14,
  0x0f, 0x0d, 0x14, 0x0e, 0x0d, 0x12, 0x0f, 0x0c, 0x13, 0x0e, 0x0a, 0x15,
  0x0c, 0x0b, 0x13, 0x0b, 0x0b, 0x12, 0x0b, 0x0a, 0x13, 0x0b, 0x0a, 0x13,
  0x09, 0x08, 0x11, 0x0a, 0x09, 0x12, 0x0b, 0x08, 0x13, 0x07, 0x06, 0x10,
  0x05, 0x06, 0x10, 0x07, 0x06, 0x10, 0x03, 0x03, 0x0c, 0x02, 0x02, 0x06,
  0x06, 0x03, 0x07, 0x0b, 0x07, 0x0b, 0x0e, 0x0c, 0x0f, 0x0e, 0x0e, 0x11,
  0x11, 0x0e, 0x13, 0x11, 0x0d, 0x13, 0x10, 0x0c, 0x12, 0x0c, 0x09, 0x13,
  0x0a, 0x0a, 0x10, 0x0a, 0x09, 0x12, 0x0a, 0x09, 0x12, 0x09, 0x09, 0x13,
  0x04, 0x03, 0x0a, 0x0f, 0x2d, 0x46, 0x28, 0x6a, 0xa2, 0x25, 0x66, 0x9b,
  0x27, 0x66, 0x9c, 0x27, 0x67, 0x9d, 0x27, 0x67, 0x9d, 0x26, 0x66, 0x9c,
  0x27, 0x66, 0x9d, 0x26, 0x67, 0x9c, 0x27, 0x66, 0x9c, 0x28, 0x67, 0x9d,
  0x36, 0x6f, 0xa2, 0x4c, 0x7b, 0xaa, 0x58, 0x82, 0xae, 0x5f, 0x85, 0xb1,
  0x5d, 0x84, 0xb0, 0x5d, 0x84, 0xb0, 0x59, 0x80, 0xac, 0x76, 0x8b, 0xb2,
  0x8f, 0x9e, 0xbc, 0x84, 0x96, 0xb8, 0x7d, 0x8f, 0xb4, 0x88, 0x99, 0xb9,
  0x8a, 0x9a, 0xbc, 0x87, 0x96, 0xb9, 0x88, 0x98, 0xb9, 0x81, 0x91, 0xb2,
  0x75, 0x84, 0xa7, 0x6d, 0x7c, 0xa2, 0x5c, 0x6e, 0x97, 0x4d, 0x62, 0x8f,
  0x5d, 0x71, 0x9c, 0x65, 0x76, 0x9f, 0x4f, 0x62, 0x8c, 0x47, 0x5a, 0x89,
  0x57, 0x6a, 0x9b, 0x5e, 0x72, 0xa4, 0x5d, 0x72, 0xa5, 0x61, 0x77, 0xa9,
  0x68, 0x7c, 0xae, 0x72, 0x85, 0xb3, 0x80, 0x90, 0xb8, 0x87, 0x96, 0xbb,
  0x88, 0x99, 0xbc, 0x86, 0x98, 0xbc, 0x82, 0x91, 0xb8, 0x7a, 0x8b, 0xb4,
  0x76, 0x8a, 0xb4, 0x77, 0x89, 0xb5, 0x63, 0x77, 0xa6, 0x39, 0x4f, 0x83,
  0x34, 0x47, 0x75, 0x35, 0x45, 0x73, 0x32, 0x44, 0x71, 0x11, 0x2b, 0x5b,
  0x55, 0x67, 0x8c, 0x93, 0x9e, 0xbd, 0x7e, 0x92, 0xb7, 0x40, 0x74, 0xab,
  0x30, 0x6d, 0xa8, 0x36, 0x6f, 0xaa, 0x34, 0x6e, 0xa9, 0x35, 0x6e, 0xa9,
  0x0a, 0x09, 0x0d, 0x09, 0x08, 0x0c, 0x0b, 0x09, 0x0f, 0x0f, 0x0d, 0x13,
  0x0f, 0x0d, 0x13, 0x0f, 0x0d, 0x14, 0x0e, 0x0d, 0x11, 0x0f, 0x0f, 0x12,
  0x10, 0x0f, 0x13, 0x11, 0x10, 0x14, 0x10, 0x0f, 0x13, 0x12, 0x11, 0x15,
  0x11, 0x0f, 0x16, 0x12, 0x11, 0x14, 0x11, 0x11, 0x14, 0x12, 0x11, 0x16,
  0x13, 0x10, 0x17, 0x13, 0x12, 0x16, 0x12, 0x11, 0x15, 0x12, 0x10, 0x16,
  0x13, 0x10, 0x17, 0x13, 0x11, 0x17, 0x13, 0x12, 0x16, 0x13, 0x12, 0x16,
  0x13, 0x12, 0x16, 0x13, 0x12, 0x16, 0x13, 0x12, 0x16, 0x12, 0x10, 0x16,
  0x13, 0x11, 0x17, 0x10, 0x0f, 0x14, 0x0f, 0x0e, 0x13, 0x11, 0x0e, 0x13,
  0x0f, 0x0c, 0x12, 0x0d, 0x0a, 0x13, 0x0d, 0x0a, 0x13, 0x0e, 0x0b, 0x13,
  0x0e, 0x0d, 0x13, 0x0f, 0x0d, 0x13, 0x0c, 0x0b, 0x13, 0x0c, 0x0b, 0x14,
  0x0b, 0x0a, 0x14, 0x0b, 0x0a, 0x13, 0x0b, 0x0a, 0x13, 0x0a, 0x09, 0x12,
  0x09, 0x08, 0x11, 0x0b, 0x09, 0x12, 0x09, 0x07, 0x11, 0x09, 0x08, 0x11,
  0x06, 0x05, 0x10, 0x06, 0x05, 0x0f, 0x03, 0x03, 0x0c, 0x01, 0x01, 0x06,
  0x06, 0x03, 0x09, 0x0a, 0x07, 0x0b, 0x0c, 0x0b, 0x0e, 0x0e, 0x0c, 0x10,
  0x10, 0x0d, 0x13, 0x11, 0x0d, 0x12, 0x10, 0x0c, 0x13, 0x0d, 0x0a, 0x13,
  0x09, 0x09, 0x0f, 0x09, 0x08, 0x11, 0x09, 0x08, 0x11, 0x08, 0x08, 0x12,
  0x07, 0x05, 0x0e, 0x08, 0x18, 0x27, 0x25, 0x62, 0x96, 0x25, 0x67, 0x9d,
  0x27, 0x67, 0x9c, 0x26, 0x66, 0x9c, 0x26, 0x66, 0x9c, 0x26, 0x66, 0x9c,
  0x26, 0x66, 0x9c, 0x26, 0x66, 0x9c, 0x26, 0x66, 0x9b, 0x27, 0x66, 0x9c,
  0x32, 0x6b, 0x9f, 0x47, 0x77, 0xa8, 0x57, 0x81, 0xae, 0x5e, 0x83, 0xaf,
  0x5e, 0x84, 0xb0, 0x5a, 0x81, 0xad, 0x6e, 0x93, 0xbd, 0x76, 0x8e, 0xb8,
  0x8d, 0x9d, 0xba, 0x90, 0x9d, 0xbb, 0x92, 0x9f, 0xbb, 0x90, 0x9e, 0xbb,
  0x7f, 0x8f, 0xb4, 0x75, 0x88, 0xb0, 0x67, 0x7a, 0xaa, 0x5f, 0x74, 0xa8,
  0x5d, 0x73, 0xa6, 0x5b, 0x72, 0xa3, 0x61, 0x73, 0xa2, 0x5c, 0x6e, 0x9c,
  0x57, 0x6e, 0x98, 0x63, 0x73, 0x9e, 0x6d, 0x7b, 0xa2, 0x5f, 0x6e, 0x98,
  0x62, 0x72, 0x9c, 0x67, 0x77, 0xa2, 0x67, 0x78, 0xa5, 0x6a, 0x7c, 0xa8,
  0x67, 0x7a, 0xa8, 0x66, 0x79, 0xa9, 0x61, 0x76, 0xa7, 0x5e, 0x73, 0xa6,
  0x60, 0x76, 0xa8, 0x61, 0x77, 0xa8, 0x68, 0x7b, 0xab, 0x60, 0x74, 0xa3,
  0x5f, 0x71, 0xa1, 0x69, 0x7c, 0xab, 0x57, 0x6d, 0xa0, 0x3e, 0x58, 0x8b,
  0x2e, 0x47, 0x78, 0x34, 0x46, 0x71, 0x25, 0x3a, 0x65, 0x14, 0x2e, 0x5c,
  0x65, 0x73, 0x98, 0x7f, 0x8f, 0xb1, 0x99, 0xa3, 0xbe, 0x83, 0x97, 0xba,
  0x37, 0x70, 0xa9, 0x32, 0x6d, 0xa8, 0x33, 0x6e, 0xa9, 0x32, 0x6e, 0xa9,
  0x09, 0x07, 0x0e, 0x09, 0x07, 0x0d, 0x0d, 0x0b, 0x0f, 0x10, 0x0e, 0x13,
  0x0f, 0x0d, 0x14, 0x10, 0x0d, 0x14, 0x0f, 0x0e, 0x13, 0x0d, 0x0f, 0x12,
  0x0e, 0x0f, 0x13, 0x11, 0x10, 0x14, 0x11, 0x10, 0x14, 0x11, 0x10, 0x16,
  0x10, 0x0d, 0x16, 0x11, 0x0f, 0x15, 0x12, 0x10, 0x15, 0x12, 0x10, 0x15,
  0x12, 0x10, 0x16, 0x12, 0x11, 0x16, 0x12, 0x10, 0x16, 0x13, 0x11, 0x17,
  0x13, 0x11, 0x17, 0x13, 0x11, 0x17, 0x13, 0x11, 0x17, 0x12, 0x11, 0x15,
  0x12, 0x11, 0x15, 0x13, 0x11, 0x16, 0x13, 0x11, 0x17, 0x12, 0x10, 0x16,
  0x11, 0x0f, 0x16, 0x10, 0x0e, 0x14, 0x0f, 0x0e, 0x12, 0x0f, 0x0d, 0x12,
  0x0e, 0x0a, 0x12, 0x0d, 0x0c, 0x15, 0x0c, 0x0b, 0x13, 0x0b, 0x0a, 0x13,
  0x0e, 0x0d, 0x13, 0x0e, 0x0b, 0x14, 0x0c, 0x0a, 0x12, 0x0b, 0x0a, 0x13,
  0x0a, 0x09, 0x13, 0x0b, 0x0a, 0x14, 0x0b, 0x0a, 0x14, 0x0a, 0x09, 0x13,
  0x0a, 0x09, 0x12, 0x0a, 0x07, 0x11, 0x09, 0x08, 0x11, 0x0b, 0x07, 0x11,
  0x07, 0x05, 0x10, 0x04, 0x05, 0x0e, 0x03, 0x04, 0x0c, 0x02, 0x01, 0x06,
  0x05, 0x04, 0x08, 0x09, 0x08, 0x0c, 0x0d, 0x0b, 0x0f, 0x10, 0x0c, 0x11,
  0x10, 0x0c, 0x11, 0x10, 0x0e, 0x12, 0x0f, 0x0d, 0x13, 0x0f, 0x0d, 0x13,
  0x0c, 0x09, 0x12, 0x09, 0x07, 0x12, 0x07, 0x08, 0x12, 0x08, 0x07, 0x10,
  0x08, 0x06, 0x10, 0x06, 0x09, 0x13, 0x1f, 0x53, 0x80, 0x27, 0x69, 0xa0,
  0x25, 0x65, 0x9a, 0x25, 0x66, 0x9c, 0x25, 0x66, 0x9c, 0x25, 0x65, 0x9b,
  0x25, 0x65, 0x9b, 0x25, 0x65, 0x9b, 0x25, 0x65, 0x9b, 0x26, 0x66, 0x9c,
  0x2e, 0x6a, 0x9e, 0x42, 0x74, 0xa5, 0x54, 0x7e, 0xac, 0x5c, 0x82, 0xaf,
  0x5d, 0x83, 0xae, 0x60, 0x87, 0xb7, 0x9f, 0xbc, 0xe9, 0xac, 0xc1, 0xe7,
  0x99, 0xb0, 0xd7, 0x81, 0x9a, 0xc5, 0x7c, 0x92, 0xba, 0x83, 0x94, 0xb6,
  0x77, 0x89, 0xaf, 0x65, 0x79, 0xa6, 0x59, 0x6e, 0xa1, 0x56, 0x6b, 0xa1,
  0x53, 0x6a, 0x9f, 0x4d, 0x63, 0x9a, 0x4e, 0x63, 0x99, 0x59, 0x6d, 0xa0,
  0x6d, 0x7f, 0xac, 0x64, 0x77, 0xa6, 0x58, 0x6e, 0xa2, 0x5d, 0x74, 0xa9,
  0x67, 0x7c, 0xae, 0x6c, 0x80, 0xb1, 0x71, 0x84, 0xb3, 0x78, 0x89, 0xb5,
  0x7c, 0x8d, 0xb6, 0x81, 0x91, 0xb8, 0x7d, 0x8e, 0xb5, 0x77, 0x89, 0xb2,
  0x73, 0x85, 0xb1, 0x70, 0x82, 0xad, 0x66, 0x7a, 0xa8, 0x48, 0x5e, 0x91,
  0x54, 0x65, 0x96, 0x6c, 0x7f, 0xa9, 0x53, 0x6a, 0x9d, 0x36, 0x53, 0x87,
  0x34, 0x4e, 0x7f, 0x28, 0x40, 0x6f, 0x1c, 0x34, 0x62, 0x1e, 0x37, 0x66,
  0x59, 0x69, 0x90, 0x6f, 0x7d, 0xa0, 0x80, 0x90, 0xb2, 0x8c, 0x98, 0xb8,
  0x60, 0x83, 0xb1, 0x2e, 0x6b, 0xa7, 0x35, 0x6f, 0xa9, 0x34, 0x6e, 0xa9,
  0x09, 0x07, 0x0e, 0x0a, 0x08, 0x10, 0x0d, 0x0c, 0x10, 0x10, 0x0e, 0x13,
  0x0f, 0x0e, 0x13, 0x0f, 0x0d, 0x14, 0x0e, 0x0c, 0x13, 0x0c, 0x0d, 0x12,
  0x0f, 0x0f, 0x13, 0x11, 0x0f, 0x13, 0x11, 0x11, 0x14, 0x12, 0x10, 0x15,
  0x11, 0x0f, 0x15, 0x11, 0x0f, 0x16, 0x11, 0x0f, 0x16, 0x11, 0x0f, 0x15,
  0x12, 0x11, 0x15, 0x10, 0x0f, 0x17, 0x10, 0x0f, 0x17, 0x11, 0x10, 0x16,
  0x13, 0x11, 0x17, 0x12, 0x11, 0x18, 0x11, 0x11, 0x16, 0x13, 0x11, 0x16,
  0x12, 0x11, 0x15, 0x12, 0x10, 0x15, 0x12, 0x11, 0x17, 0x11, 0x0f, 0x15,
  0x10, 0x0e, 0x14, 0x10, 0x0f, 0x14, 0x0f, 0x0e, 0x12, 0x0f, 0x0d, 0x12,
  0x0e, 0x0b, 0x12, 0x0c, 0x0c, 0x12, 0x0d, 0x0d, 0x13, 0x0b, 0x0b, 0x13,
  0x0d, 0x0c, 0x14, 0x0f, 0x0d, 0x13, 0x0e, 0x0c, 0x12, 0x0c, 0x08, 0x12,
  0x0b, 0x07, 0x12, 0x0c, 0x08, 0x13, 0x0a, 0x09, 0x13, 0x0a, 0x09, 0x13,
  0x0a, 0x08, 0x12, 0x0b, 0x08, 0x12, 0x0a, 0x09, 0x10, 0x0a, 0x08, 0x10,
  0x05, 0x05, 0x0f, 0x03, 0x06, 0x0e, 0x03, 0x04, 0x09, 0x01, 0x00, 0x05,
  0x04, 0x03, 0x07, 0x09, 0x08, 0x0c, 0x0e, 0x0b, 0x0f, 0x10, 0x0c, 0x0f,
  0x10, 0x0d, 0x0f, 0x0e, 0x0c, 0x0f, 0x0e, 0x0d, 0x11, 0x0f, 0x0c, 0x14,
  0x0e, 0x0a, 0x14, 0x0a, 0x08, 0x13, 0x07, 0x08, 0x12, 0x08, 0x07, 0x10,
  0x08, 0x06, 0x11, 0x04, 0x04, 0x0b, 0x19, 0x43, 0x69, 0x29, 0x69, 0xa2,
  0x24, 0x64, 0x99, 0x25, 0x65, 0x9a, 0x24, 0x65, 0x9a, 0x24, 0x64, 0x9a,
  0x25, 0x65, 0x9b, 0x25, 0x65, 0x9b, 0x26, 0x66, 0x9b, 0x26, 0x65, 0x9c,
  0x2c, 0x68, 0x9d, 0x40, 0x72, 0xa4, 0x53, 0x7d, 0xab, 0x5c, 0x81, 0xae,
  0x62, 0x87, 0xb3, 0x39, 0x5a, 0x7e, 0x64, 0x75, 0x99, 0x9a, 0xac, 0xd1,
  0x97, 0xb0, 0xdd, 0x90, 0xad, 0xe0, 0x8e, 0xa9, 0xda, 0x86, 0x9e, 0xcc,
  0x7f, 0x96, 0xc3, 0x76, 0x8d, 0xb8, 0x6d, 0x83, 0xaa, 0x6c, 0x7e, 0xa3,
  0x71, 0x82, 0xa6, 0x75, 0x85, 0xaa, 0x80, 0x8d, 0xae, 0x70, 0x82, 0xab,
  0x71, 0x81, 0xac, 0x7a, 0x8a, 0xb1, 0x85, 0x95, 0xb8, 0x7b, 0x8b, 0xb3,
  0x73, 0x85, 0xb1, 0x6f, 0x82, 0xaf, 0x6a, 0x7f, 0xae, 0x67, 0x7c, 0xaf,
  0x64, 0x7a, 0xac, 0x68, 0x7d, 0xb0, 0x6a, 0x7e, 0xb0, 0x67, 0x7b, 0xaf,
  0x63, 0x77, 0xad, 0x63, 0x78, 0xab, 0x68, 0x7d, 0xad, 0x7c, 0x8d, 0xb6,
  0x81, 0x92, 0xb9, 0x7b, 0x8b, 0xb3, 0x4b, 0x66, 0x9a, 0x2e, 0x4c, 0x82,
  0x30, 0x49, 0x79, 0x24, 0x3c, 0x6a, 0x09, 0x2a, 0x57, 0x21, 0x3b, 0x67,
  0x62, 0x71, 0x95, 0x54, 0x60, 0x87, 0x72, 0x84, 0xa7, 0x76, 0x87, 0xaf,
  0x76, 0x89, 0xb1, 0x3b, 0x73, 0xaa, 0x32, 0x6e, 0xa7, 0x34, 0x6e, 0xa7,
  0x09, 0x07, 0x0c, 0x0b, 0x08, 0x11, 0x0f, 0x0e, 0x12, 0x0f, 0x0c, 0x13,
  0x10, 0x0f, 0x14, 0x0e, 0x0e, 0x13, 0x0f, 0x0d, 0x12, 0x0e, 0x0e, 0x12,
  0x10, 0x0f, 0x13, 0x11, 0x10, 0x14, 0x11, 0x10, 0x14, 0x12, 0x10, 0x15,
  0x11, 0x0f, 0x15, 0x11, 0x0f, 0x15, 0x11, 0x0f, 0x16, 0x12, 0x10, 0x16,
  0x12, 0x0f, 0x16, 0x12, 0x11, 0x17, 0x12, 0x11, 0x17, 0x11, 0x0f, 0x15,
  0x13, 0x11, 0x17, 0x12, 0x10, 0x17, 0x12, 0x10, 0x16, 0x13, 0x11, 0x17,
  0x12, 0x11, 0x15, 0x11, 0x10, 0x14, 0x10, 0x0f, 0x15, 0x0f, 0x0f, 0x15,
  0x10, 0x10, 0x15, 0x0f, 0x0f, 0x15, 0x0f, 0x0e, 0x14, 0x0f, 0x0d, 0x13,
  0x0e, 0x0d, 0x13, 0x0d, 0x0c, 0x13, 0x0e, 0x0e, 0x13, 0x0b, 0x0b, 0x13,
  0x0b, 0x0a, 0x13, 0x0e, 0x0c, 0x13, 0x0e, 0x0b, 0x13, 0x0a, 0x09, 0x12,
  0x0b, 0x08, 0x13, 0x0b, 0x08, 0x13, 0x0a, 0x09, 0x13, 0x0a, 0x09, 0x13,
  0x09, 0x09, 0x12, 0x0b, 0x09, 0x10, 0x0a, 0x09, 0x0f, 0x09, 0x08, 0x10,
  0x07, 0x07, 0x10, 0x02, 0x05, 0x0c, 0x03, 0x03, 0x0b, 0x01, 0x00, 0x05,
  0x04, 0x03, 0x07, 0x08, 0x07, 0x0b, 0x0d, 0x0a, 0x0c, 0x12, 0x0e, 0x10,
  0x10, 0x0e, 0x11, 0x0f, 0x0c, 0x10, 0x0f, 0x0d, 0x11, 0x0e, 0x0c, 0x13,
  0x0e, 0x0b, 0x14, 0x0d, 0x0a, 0x14, 0x09, 0x08, 0x12, 0x08, 0x08, 0x11,
  0x07, 0x08, 0x13, 0x05, 0x02, 0x09, 0x14, 0x36, 0x55, 0x27, 0x68, 0xa0,
  0x25, 0x63, 0x97, 0x25, 0x64, 0x97, 0x24, 0x65, 0x97, 0x24, 0x65, 0x99,
  0x26, 0x65, 0x9c, 0x27, 0x64, 0x9b, 0x25, 0x65, 0x9b, 0x25, 0x65, 0x9b,
  0x2a, 0x67, 0x9c, 0x3b, 0x71, 0xa2, 0x50, 0x7b, 0xa9, 0x5d, 0x83, 0xaf,
  0x5b, 0x7d, 0xa7, 0x0c, 0x16, 0x25, 0x0d, 0x10, 0x1a, 0x20, 0x28, 0x39,
  0x2c, 0x37, 0x4f, 0x46, 0x54, 0x74, 0x66, 0x78, 0x9f, 0x80, 0x98, 0xc2,
  0x85, 0xa0, 0xd0, 0x83, 0xa3, 0xd8, 0x80, 0xa1, 0xd5, 0x77, 0x96, 0xc9,
  0x69, 0x83, 0xb1, 0x53, 0x6a, 0x99, 0x5d, 0x72, 0x9f, 0x6e, 0x80, 0xa9,
  0x66, 0x78, 0xa4, 0x66, 0x78, 0xa3, 0x71, 0x83, 0xaa, 0x75, 0x87, 0xac,
  0x7c, 0x8c, 0xaf, 0x84, 0x93, 0xb5, 0x86, 0x96, 0xb7, 0x8b, 0x99, 0xba,
  0x89, 0x98, 0xb9, 0x89, 0x97, 0xba, 0x87, 0x96, 0xba, 0x85, 0x95, 0xbb,
  0x82, 0x90, 0xb8, 0x7d, 0x8e, 0xb6, 0x71, 0x83, 0xb0, 0x5d, 0x71, 0xa3,
  0x53, 0x6a, 0x9e, 0x6e, 0x82, 0xae, 0x4b, 0x67, 0x9b, 0x36, 0x54, 0x89,
  0x32, 0x4d, 0x7e, 0x2b, 0x43, 0x71, 0x1f, 0x38, 0x65, 0x26, 0x3a, 0x66,
  0x82, 0x8c, 0xa8, 0x52, 0x5f, 0x84, 0x5c, 0x6a, 0x90, 0x76, 0x89, 0xad,
  0x79, 0x88, 0xae, 0x54, 0x7c, 0xad, 0x30, 0x6d, 0xa6, 0x34, 0x6f, 0xa6,
  0x08, 0x06, 0x0e, 0x0c, 0x08, 0x11, 0x0f, 0x0d, 0x12, 0x0e, 0x0c, 0x13,
  0x0e, 0x0c, 0x14, 0x0c, 0x0c, 0x14, 0x0d, 0x0d, 0x14, 0x0f, 0x0e, 0x12,
  0x11, 0x10, 0x14, 0x11, 0x10, 0x14, 0x10, 0x0f, 0x13, 0x12, 0x10, 0x15,
  0x11, 0x10, 0x15, 0x10, 0x0e, 0x14, 0x11, 0x0f, 0x15, 0x12, 0x10, 0x16,
  0x12, 0x10, 0x15, 0x12, 0x10, 0x16, 0x13, 0x11, 0x17, 0x11, 0x0f, 0x15,
  0x12, 0x10, 0x16, 0x12, 0x10, 0x16, 0x11, 0x0f, 0x16, 0x12, 0x10, 0x16,
  0x12, 0x11, 0x15, 0x11, 0x10, 0x16, 0x11, 0x10, 0x16, 0x10, 0x0f, 0x15,
  0x0d, 0x0f, 0x14, 0x0c, 0x10, 0x14, 0x0d, 0x0e, 0x13, 0x0e, 0x0d, 0x10,
  0x0e, 0x0c, 0x12, 0x0e, 0x0b, 0x13, 0x0f, 0x0e, 0x14, 0x0d, 0x0c, 0x13,
  0x0a, 0x09, 0x12, 0x0c, 0x09, 0x14, 0x0c, 0x0a, 0x14, 0x09, 0x0b, 0x13,
  0x0a, 0x09, 0x13, 0x0a, 0x09, 0x12, 0x0a, 0x09, 0x13, 0x0a, 0x09, 0x13,
  0x09, 0x09, 0x11, 0x0a, 0x08, 0x10, 0x0a, 0x08, 0x10, 0x08, 0x08, 0x10,
  0x08, 0x08, 0x10, 0x03, 0x05, 0x0e, 0x03, 0x03, 0x0c, 0x01, 0x00, 0x05,
  0x03, 0x02, 0x06, 0x08, 0x07, 0x0c, 0x0c, 0x0b, 0x0e, 0x0e, 0x0b, 0x0f,
  0x10, 0x0d, 0x12, 0x10, 0x0d, 0x11, 0x0f, 0x0d, 0x11, 0x0e, 0x0d, 0x13,
  0x0e, 0x0c, 0x12, 0x0e, 0x0b, 0x12, 0x0c, 0x09, 0x11, 0x06, 0x08, 0x11,
  0x06, 0x09, 0x14, 0x05, 0x02, 0x0a, 0x0e, 0x25, 0x3b, 0x27, 0x65, 0x9b,
  0x26, 0x63, 0x96, 0x24, 0x63, 0x96, 0x24, 0x65, 0x98, 0x24, 0x65, 0x98,
  0x24, 0x64, 0x99, 0x27, 0x65, 0x9a, 0x26, 0x65, 0x9a, 0x25, 0x65, 0x9a,
  0x28, 0x66, 0x9b, 0x37, 0x6e, 0x9f, 0x4c, 0x77, 0xa5, 0x61, 0x87, 0xb5,
  0x44, 0x61, 0x84, 0x06, 0x07, 0x12, 0x12, 0x14, 0x1f, 0x0a, 0x09, 0x15,
  0x06, 0x05, 0x10, 0x0b, 0x0b, 0x14, 0x0d, 0x10, 0x19, 0x1d, 0x22, 0x32,
  0x28, 0x2f, 0x44, 0x33, 0x3c, 0x56, 0x39, 0x46, 0x66, 0x44, 0x52, 0x76,
  0x4c, 0x5c, 0x83, 0x5d, 0x6e, 0x96, 0x6d, 0x7f, 0xa4, 0x68, 0x7d, 0xa8,
  0x6c, 0x80, 0xae, 0x68, 0x7c, 0xab, 0x63, 0x77, 0xa9, 0x5e, 0x74, 0xa6,
  0x5e, 0x75, 0xa4, 0x64, 0x78, 0xa9, 0x74, 0x87, 0xb1, 0x81, 0x91, 0xb6,
  0x89, 0x98, 0xb9, 0x89, 0x98, 0xb9, 0x84, 0x95, 0xb7, 0x7e, 0x90, 0xb4,
  0x79, 0x8b, 0xb2, 0x7b, 0x8c, 0xb2, 0x7c, 0x8d, 0xb4, 0x7b, 0x8b, 0xb4,
  0x7b, 0x8c, 0xb3, 0x7f, 0x90, 0xb6, 0x4e, 0x68, 0x9b, 0x30, 0x4e, 0x86,
  0x2b, 0x4c, 0x80, 0x2b, 0x46, 0x79, 0x28, 0x40, 0x6e, 0x20, 0x34, 0x5c,
  0x64, 0x6e, 0x8c, 0x77, 0x84, 0xa2, 0x53, 0x62, 0x88, 0x6f, 0x7e, 0xa3,
  0x78, 0x87, 0xad, 0x6b, 0x83, 0xae, 0x35, 0x6e, 0xa8, 0x32, 0x6e, 0xa6,
  0x07, 0x06, 0x0d, 0x0c, 0x08, 0x10, 0x0e, 0x0b, 0x11, 0x0c, 0x0b, 0x11,
  0x0e, 0x0a, 0x14, 0x0e, 0x0b, 0x15, 0x0e, 0x0c, 0x14, 0x10, 0x0f, 0x14,
  0x0f, 0x0e, 0x12, 0x10, 0x0f, 0x13, 0x11, 0x10, 0x14, 0x10, 0x0f, 0x13,
  0x10, 0x0f, 0x13, 0x10, 0x0e, 0x13, 0x10, 0x0e, 0x14, 0x11, 0x0f, 0x15,
  0x12, 0x11, 0x15, 0x13, 0x11, 0x16, 0x12, 0x10, 0x17, 0x11, 0x0f, 0x15,
  0x12, 0x10, 0x16, 0x13, 0x11, 0x17, 0x10, 0x10, 0x16, 0x11, 0x0f, 0x15,
  0x11, 0x10, 0x14, 0x0f, 0x0f, 0x17, 0x11, 0x10, 0x18, 0x11, 0x0f, 0x14,
  0x0f, 0x0f, 0x15, 0x0d, 0x0e, 0x15, 0x0d, 0x0d, 0x13, 0x0d, 0x0c, 0x10,
  0x0d, 0x0c, 0x11, 0x0e, 0x0d, 0x12, 0x0f, 0x0d, 0x13, 0x0e, 0x0d, 0x13,
  0x0b, 0x0b, 0x14, 0x0a, 0x09, 0x13, 0x0b, 0x0a, 0x14, 0x0c, 0x0b, 0x16,
  0x0b, 0x0a, 0x13, 0x0b, 0x09, 0x12, 0x0a, 0x09, 0x12, 0x0a, 0x09, 0x12,
  0x08, 0x07, 0x12, 0x09, 0x08, 0x12, 0x0a, 0x08, 0x12, 0x09, 0x07, 0x11,
  0x08, 0x07, 0x0e, 0x04, 0x06, 0x0e, 0x02, 0x03, 0x0b, 0x01, 0x01, 0x05,
  0x04, 0x02, 0x07, 0x08, 0x06, 0x0b, 0x0d, 0x0b, 0x0e, 0x0c, 0x09, 0x0e,
  0x0f, 0x0a, 0x10, 0x0e, 0x0c, 0x11, 0x0e, 0x0c, 0x12, 0x0d, 0x0b, 0x11,
  0x0e, 0x0c, 0x11, 0x0e, 0x0c, 0x11, 0x0d, 0x0a, 0x12, 0x08, 0x07, 0x11,
  0x07, 0x09, 0x13, 0x04, 0x03, 0x0d, 0x07, 0x14, 0x24, 0x24, 0x5d, 0x8f,
  0x24, 0x63, 0x96, 0x22, 0x63, 0x96, 0x22, 0x62, 0x97, 0x23, 0x63, 0x96,
  0x24, 0x63, 0x96, 0x26, 0x64, 0x97, 0x26, 0x65, 0x98, 0x25, 0x65, 0x99,
  0x29, 0x65, 0x9b, 0x33, 0x6b, 0x9e, 0x47, 0x74, 0xa2, 0x5e, 0x87, 0xb4,
  0x2e, 0x41, 0x5c, 0x08, 0x05, 0x0e, 0x0f, 0x10, 0x1b, 0x0a, 0x09, 0x14,
  0x0d, 0x0c, 0x18, 0x0e, 0x10, 0x1b, 0x0a, 0x0a, 0x14, 0x09, 0x07, 0x0f,
  0x06, 0x05, 0x0f, 0x0d, 0x0f, 0x1a, 0x06, 0x03, 0x0f, 0x05, 0x03, 0x0d,
  0x02, 0x04, 0x0d, 0x0b, 0x0c, 0x16, 0x12, 0x13, 0x22, 0x16, 0x19, 0x2b,
  0x22, 0x27, 0x3e, 0x26, 0x30, 0x4d, 0x39, 0x41, 0x5e, 0x47, 0x51, 0x70,
  0x52, 0x5f, 0x80, 0x5e, 0x6c, 0x8f, 0x6f, 0x7d, 0x9e, 0x7b, 0x89, 0xaa,
  0x87, 0x96, 0xb8, 0x8e, 0x9d, 0xbe, 0x8b, 0x9a, 0xbd, 0x7c, 0x8f, 0xb8,
  0x76, 0x89, 0xb6, 0x75, 0x8a, 0xb8, 0x78, 0x8d, 0xbb, 0x76, 0x8a, 0xb9,
  0x70, 0x86, 0xb7, 0x7d, 0x90, 0xbc, 0x56, 0x72, 0xa8, 0x41, 0x5f, 0x9a,
  0x33, 0x4f, 0x7f, 0x20, 0x31, 0x56, 0x16, 0x1c, 0x33, 0x0f, 0x16, 0x28,
  0x3c, 0x45, 0x61, 0x70, 0x7b, 0x9c, 0x55, 0x64, 0x87, 0x62, 0x6d, 0x95,
  0x7a, 0x88, 0xad, 0x79, 0x88, 0xaf, 0x40, 0x72, 0xa8, 0x31, 0x6d, 0xa6,
  0x08, 0x08, 0x10, 0x0a, 0x09, 0x0e, 0x0c, 0x0a, 0x10, 0x0d, 0x0a, 0x11,
  0x0e, 0x0b, 0x15, 0x10, 0x0d, 0x14, 0x11, 0x0d, 0x13, 0x11, 0x0e, 0x13,
  0x10, 0x0f, 0x13, 0x10, 0x0f, 0x13, 0x11, 0x10, 0x13, 0x10, 0x0f, 0x13,
  0x11, 0x10, 0x14, 0x11, 0x0f, 0x14, 0x12, 0x10, 0x16, 0x12, 0x0f, 0x16,
  0x11, 0x0f, 0x15, 0x11, 0x10, 0x15, 0x12, 0x10, 0x16, 0x10, 0x0e, 0x14,
  0x12, 0x10, 0x16, 0x12, 0x10, 0x16, 0x0f, 0x0f, 0x15, 0x11, 0x10, 0x16,
  0x10, 0x10, 0x14, 0x0f, 0x0f, 0x16, 0x0f, 0x0e, 0x17, 0x0f, 0x0e, 0x14,
  0x11, 0x0e, 0x15, 0x0e, 0x0d, 0x15, 0x0d, 0x0b, 0x13, 0x0e, 0x0c, 0x11,
  0x0d, 0x0b, 0x12, 0x0b, 0x0b, 0x12, 0x0c, 0x0b, 0x13, 0x0c, 0x0d, 0x13,
  0x0b, 0x0b, 0x14, 0x0a, 0x09, 0x13, 0x0b, 0x09, 0x13, 0x0d, 0x08, 0x14,
  0x0c, 0x09, 0x12, 0x0b, 0x08, 0x11, 0x09, 0x08, 0x12, 0x09, 0x08, 0x12,
  0x07, 0x08, 0x11, 0x07, 0x08, 0x12, 0x07, 0x06, 0x10, 0x09, 0x05, 0x10,
  0x06, 0x05, 0x0d, 0x04, 0x07, 0x0d, 0x03, 0x04, 0x0a, 0x00, 0x01, 0x04,
  0x03, 0x03, 0x08, 0x08, 0x06, 0x0a, 0x0b, 0x08, 0x09, 0x0c, 0x09, 0x0b,
  0x0d, 0x0a, 0x0f, 0x0e, 0x0b, 0x11, 0x0d, 0x0c, 0x11, 0x0d, 0x0d, 0x10,
  0x0d, 0x0c, 0x10, 0x0d, 0x0c, 0x10, 0x0d, 0x0b, 0x11, 0x0b, 0x08, 0x11,
  0x08, 0x08, 0x11, 0x06, 0x05, 0x11, 0x04, 0x08, 0x14, 0x1c, 0x50, 0x7d,
  0x25, 0x65, 0x99, 0x22, 0x62, 0x95, 0x23, 0x62, 0x96, 0x24, 0x61, 0x94,
  0x25, 0x63, 0x96, 0x27, 0x64, 0x98, 0x27, 0x64, 0x97, 0x28, 0x65, 0x9a,
  0x28, 0x65, 0x9b, 0x30, 0x69, 0x9c, 0x46, 0x74, 0xa4, 0x55, 0x80, 0xac,
  0x1b, 0x26, 0x39, 0x09, 0x09, 0x12, 0x0e, 0x11, 0x19, 0x08, 0x06, 0x12,
  0x0f, 0x0e, 0x18, 0x0a, 0x0a, 0x15, 0x09, 0x09, 0x12, 0x0b, 0x0a, 0x14,
  0x0d, 0x0d, 0x18, 0x10, 0x11, 0x1c, 0x0d, 0x0c, 0x16, 0x0f, 0x0e, 0x18,
  0x0d, 0x0b, 0x15, 0x0d, 0x0a, 0x13, 0x09, 0x06, 0x11, 0x08, 0x06, 0x0f,
  0x07, 0x04, 0x0d, 0x06, 0x03, 0x0c, 0x03, 0x01, 0x0a, 0x03, 0x00, 0x0a,
  0x04, 0x02, 0x0e, 0x09, 0x06, 0x13, 0x0c, 0x0b, 0x1a, 0x10, 0x12, 0x21,
  0x19, 0x1c, 0x2e, 0x24, 0x27, 0x3b, 0x27, 0x2b, 0x3f, 0x2b, 0x32, 0x45,
  0x33, 0x39, 0x50, 0x3e, 0x44, 0x60, 0x46, 0x51, 0x6f, 0x45, 0x51, 0x70,
  0x44, 0x52, 0x76, 0x4e, 0x5c, 0x82, 0x3d, 0x4f, 0x76, 0x1c, 0x25, 0x3c,
  0x0c, 0x0f, 0x1d, 0x07, 0x07, 0x12, 0x0c, 0x0c, 0x16, 0x03, 0x03, 0x0c,
  0x09, 0x0e, 0x1d, 0x52, 0x5c, 0x7f, 0x44, 0x50, 0x77, 0x47, 0x55, 0x7d,
  0x6e, 0x7d, 0xa3, 0x7b, 0x87, 0xac, 0x54, 0x78, 0xa9, 0x2f, 0x6c, 0xa6,
  0x0a, 0x09, 0x11, 0x0a, 0x09, 0x10, 0x0b, 0x0b, 0x11, 0x0c, 0x0b, 0x12,
  0x0d, 0x0c, 0x13, 0x10, 0x0e, 0x13, 0x0f, 0x0e, 0x12, 0x0e, 0x0d, 0x12,
  0x10, 0x0e, 0x14, 0x10, 0x0e, 0x14, 0x10, 0x0f, 0x13, 0x11, 0x10, 0x13,
  0x11, 0x10, 0x14, 0x11, 0x0f, 0x14, 0x11, 0x10, 0x16, 0x12, 0x10, 0x15,
  0x11, 0x0f, 0x15, 0x11, 0x0f, 0x15, 0x11, 0x0f, 0x15, 0x12, 0x0f, 0x16,
  0x10, 0x0e, 0x14, 0x11, 0x10, 0x16, 0x11, 0x10, 0x16, 0x11, 0x0f, 0x15,
  0x11, 0x10, 0x14, 0x10, 0x0f, 0x14, 0x0f, 0x0f, 0x15, 0x0f, 0x0f, 0x15,
  0x10, 0x0f, 0x14, 0x0f, 0x0f, 0x15, 0x0e, 0x0c, 0x13, 0x0d, 0x0b, 0x10,
  0x0c, 0x0b, 0x11, 0x0a, 0x0a, 0x12, 0x0c, 0x0b, 0x15, 0x0c, 0x0b, 0x14,
  0x0b, 0x0a, 0x13, 0x0c, 0x0b, 0x14, 0x0b, 0x08, 0x13, 0x0b, 0x08, 0x13,
  0x0b, 0x09, 0x12, 0x0a, 0x08, 0x11, 0x09, 0x08, 0x12, 0x08, 0x07, 0x11,
  0x0a, 0x08, 0x10, 0x0a, 0x08, 0x10, 0x08, 0x04, 0x0f, 0x07, 0x05, 0x0f,
  0x06, 0x05, 0x0e, 0x04, 0x04, 0x0d, 0x04, 0x04, 0x0c, 0x01, 0x01, 0x07,
  0x03, 0x03, 0x09, 0x06, 0x07, 0x0a, 0x08, 0x06, 0x07, 0x0b, 0x08, 0x09,
  0x0d, 0x0d, 0x11, 0x0c, 0x0d, 0x11, 0x0c, 0x0c, 0x10, 0x0b, 0x0b, 0x0f,
  0x0d, 0x0d, 0x10, 0x0d, 0x0b, 0x10, 0x0c, 0x0a, 0x11, 0x0c, 0x09, 0x12,
  0x09, 0x08, 0x12, 0x08, 0x08, 0x14, 0x03, 0x03, 0x0d, 0x17, 0x43, 0x68,
  0x26, 0x65, 0x9b, 0x22, 0x61, 0x93, 0x22, 0x61, 0x94, 0x24, 0x61, 0x95,
  0x23, 0x62, 0x95, 0x24, 0x63, 0x96, 0x25, 0x63, 0x96, 0x28, 0x64, 0x98,
  0x28, 0x64, 0x9a, 0x2c, 0x66, 0x9a, 0x42, 0x75, 0xa6, 0x4b, 0x6e, 0x98,
  0x0f, 0x12, 0x21, 0x0d, 0x0e, 0x18, 0x10, 0x0f, 0x18, 0x07, 0x06, 0x11,
  0x0e, 0x0d, 0x16, 0x08, 0x06, 0x12, 0x0a, 0x08, 0x14, 0x08, 0x07, 0x13,
  0x0a, 0x0b, 0x16, 0x0a, 0x0b, 0x15, 0x0d, 0x0c, 0x15, 0x0b, 0x09, 0x14,
  0x0b, 0x07, 0x13, 0x0e, 0x0a, 0x15, 0x0b, 0x08, 0x13, 0x0a, 0x09, 0x13,
  0x0c, 0x0b, 0x16, 0x0d, 0x0d, 0x16, 0x0b, 0x0b, 0x14, 0x0c, 0x0b, 0x14,
  0x0b, 0x0a, 0x14, 0x0d, 0x0b, 0x15, 0x0b, 0x08, 0x13, 0x09, 0x07, 0x10,
  0x06, 0x04, 0x0d, 0x03, 0x02, 0x0b, 0x02, 0x01, 0x0a, 0x01, 0x01, 0x0a,
  0x00, 0x00, 0x09, 0x00, 0x00, 0x07, 0x01, 0x00, 0x08, 0x02, 0x00, 0x08,
  0x01, 0x00, 0x0a, 0x04, 0x04, 0x0d, 0x07, 0x05, 0x0f, 0x0c, 0x07, 0x0f,
  0x0e, 0x0e, 0x17, 0x0c, 0x0d, 0x18, 0x07, 0x09, 0x12, 0x09, 0x09, 0x12,
  0x01, 0x00, 0x0b, 0x2c, 0x34, 0x52, 0x42, 0x50, 0x78, 0x36, 0x42, 0x6c,
  0x5c, 0x68, 0x8e, 0x6e, 0x7a, 0xa0, 0x5d, 0x78, 0xa7, 0x31, 0x6e, 0xa7,
  0x09, 0x06, 0x11, 0x0a, 0x09, 0x11, 0x0d, 0x0c, 0x12, 0x0d, 0x0d, 0x13,
  0x0e, 0x0e, 0x13, 0x10, 0x10, 0x13, 0x0e, 0x0e, 0x12, 0x0e, 0x0e, 0x13,
  0x10, 0x0e, 0x14, 0x10, 0x0e, 0x14, 0x10, 0x0f, 0x14, 0x11, 0x10, 0x14,
  0x11, 0x10, 0x14, 0x10, 0x0f, 0x14, 0x0f, 0x0f, 0x16, 0x10, 0x0f, 0x16,
  0x11, 0x0f, 0x15, 0x12, 0x0f, 0x15, 0x11, 0x0f, 0x15, 0x11, 0x0f, 0x14,
  0x12, 0x10, 0x16, 0x12, 0x10, 0x16, 0x11, 0x0f, 0x15, 0x11, 0x0f, 0x14,
  0x11, 0x0f, 0x15, 0x10, 0x0f, 0x15, 0x0d, 0x0e, 0x14, 0x0f, 0x0f, 0x15,
  0x0f, 0x0e, 0x13, 0x0d, 0x0e, 0x13, 0x0e, 0x0c, 0x13, 0x0d, 0x0a, 0x12,
  0x0d, 0x0c, 0x11, 0x0c, 0x0b, 0x12, 0x0c, 0x0b, 0x14, 0x0c, 0x0b, 0x14,
  0x0c, 0x0b, 0x14, 0x0c, 0x0c, 0x15, 0x0a, 0x0a, 0x14, 0x09, 0x08, 0x12,
  0x09, 0x09, 0x12, 0x09, 0x08, 0x11, 0x08, 0x08, 0x11, 0x08, 0x08, 0x11,
  0x0a, 0x09, 0x0f, 0x09, 0x07, 0x10, 0x08, 0x06, 0x10, 0x05, 0x07, 0x10,
  0x04, 0x06, 0x0e, 0x06, 0x03, 0x0d, 0x05, 0x04, 0x0e, 0x04, 0x03, 0x0a,
  0x02, 0x01, 0x06, 0x05, 0x05, 0x08, 0x07, 0x05, 0x07, 0x0a, 0x08, 0x0a,
  0x0c, 0x0b, 0x0e, 0x0a, 0x0a, 0x0f, 0x0a, 0x09, 0x0d, 0x0c, 0x0b, 0x0f,
  0x0c, 0x0a, 0x0f, 0x0e, 0x0b, 0x10, 0x0e, 0x0c, 0x12, 0x0c, 0x0a, 0x11,
  0x0a, 0x08, 0x12, 0x07, 0x08, 0x14, 0x03, 0x03, 0x0b, 0x11, 0x36, 0x53,
  0x25, 0x65, 0x9c, 0x21, 0x61, 0x93, 0x20, 0x60, 0x93, 0x22, 0x60, 0x94,
  0x22, 0x61, 0x94, 0x23, 0x62, 0x95, 0x25, 0x63, 0x96, 0x26, 0x64, 0x96,
  0x25, 0x63, 0x99, 0x28, 0x63, 0x99, 0x40, 0x75, 0xa8, 0x3a, 0x5b, 0x80,
  0x07, 0x08, 0x15, 0x10, 0x12, 0x1c, 0x0e, 0x0c, 0x15, 0x08, 0x07, 0x11,
  0x0e, 0x0d, 0x16, 0x08, 0x06, 0x11, 0x0b, 0x0a, 0x13, 0x09, 0x07, 0x13,
  0x0b, 0x0b, 0x15, 0x0b, 0x0a, 0x15, 0x0b, 0x0a, 0x13, 0x09, 0x07, 0x12,
  0x0a, 0x07, 0x11, 0x0e, 0x0b, 0x15, 0x08, 0x06, 0x11, 0x07, 0x07, 0x11,
  0x0c, 0x0b, 0x16, 0x0d, 0x0b, 0x14, 0x09, 0x09, 0x12, 0x0b, 0x0a, 0x14,
  0x09, 0x08, 0x12, 0x0a, 0x0a, 0x14, 0x0b, 0x09, 0x14, 0x0a, 0x08, 0x13,
  0x09, 0x08, 0x14, 0x07, 0x09, 0x13, 0x08, 0x09, 0x13, 0x0a, 0x09, 0x14,
  0x0a, 0x0b, 0x14, 0x07, 0x08, 0x13, 0x09, 0x07, 0x15, 0x07, 0x07, 0x14,
  0x08, 0x08, 0x13, 0x0c, 0x0b, 0x14, 0x0b, 0x0b, 0x15, 0x0e, 0x0d, 0x17,
  0x0f, 0x0f, 0x18, 0x0c, 0x0d, 0x18, 0x0b, 0x0c, 0x15, 0x0c, 0x0a, 0x14,
  0x05, 0x03, 0x0d, 0x11, 0x17, 0x2d, 0x3f, 0x4c, 0x73, 0x3d, 0x49, 0x71,
  0x4c, 0x57, 0x7d, 0x5d, 0x69, 0x91, 0x55, 0x6c, 0x99, 0x35, 0x6e, 0xa7,
  0x09, 0x06, 0x0e, 0x0a, 0x07, 0x0f, 0x0e, 0x0c, 0x12, 0x0f, 0x0d, 0x14,
  0x10, 0x0e, 0x14, 0x10, 0x0e, 0x13, 0x10, 0x0e, 0x13, 0x10, 0x10, 0x13,
  0x11, 0x10, 0x14, 0x11, 0x11, 0x14, 0x11, 0x10, 0x14, 0x10, 0x0f, 0x13,
  0x10, 0x10, 0x13, 0x10, 0x0d, 0x13, 0x10, 0x0d, 0x16, 0x10, 0x0e, 0x16,
  0x11, 0x0f, 0x16, 0x12, 0x10, 0x16, 0x11, 0x0f, 0x15, 0x11, 0x0f, 0x14,
  0x12, 0x10, 0x15, 0x10, 0x10, 0x16, 0x10, 0x0f, 0x15, 0x11, 0x0f, 0x15,
  0x10, 0x0e, 0x14, 0x10, 0x0f, 0x15, 0x0f, 0x0f, 0x15, 0x0e, 0x0e, 0x14,
  0x0f, 0x0d, 0x13, 0x0d, 0x0d, 0x13, 0x0d, 0x0d, 0x12, 0x0e, 0x0c, 0x12,
  0x0d, 0x0b, 0x12, 0x0d, 0x0c, 0x11, 0x0b, 0x0a, 0x12, 0x0c, 0x0b, 0x14,
  0x0e, 0x0b, 0x15, 0x0c, 0x0a, 0x15, 0x0c, 0x0b, 0x14, 0x0a, 0x09, 0x12,
  0x08, 0x08, 0x11, 0x08, 0x08, 0x11, 0x08, 0x09, 0x11, 0x08, 0x08, 0x11,
  0x09, 0x08, 0x11, 0x07, 0x07, 0x0f, 0x08, 0x07, 0x10, 0x07, 0x07, 0x10,
  0x05, 0x05, 0x0e, 0x06, 0x04, 0x0e, 0x04, 0x04, 0x0b, 0x04, 0x03, 0x09,
  0x03, 0x01, 0x06, 0x03, 0x02, 0x06, 0x06, 0x05, 0x09, 0x09, 0x08, 0x09,
  0x0a, 0x09, 0x0c, 0x0b, 0x0a, 0x0e, 0x09, 0x08, 0x0c, 0x09, 0x07, 0x0b,
  0x0a, 0x08, 0x0c, 0x0c, 0x09, 0x0f, 0x0d, 0x0b, 0x11, 0x0e, 0x0b, 0x0f,
  0x0b, 0x0a, 0x11, 0x07, 0x09, 0x13, 0x05, 0x04, 0x0d, 0x0b, 0x26, 0x3e,
  0x23, 0x62, 0x98, 0x21, 0x60, 0x93, 0x21, 0x60, 0x93, 0x22, 0x61, 0x94,
  0x21, 0x61, 0x94, 0x21, 0x61, 0x94, 0x24, 0x62, 0x96, 0x24, 0x63, 0x96,
  0x25, 0x64, 0x98, 0x27, 0x64, 0x97, 0x3b, 0x73, 0xa8, 0x2b, 0x46, 0x64,
  0x05, 0x04, 0x0f, 0x14, 0x14, 0x1e, 0x0b, 0x0a, 0x13, 0x0a, 0x09, 0x13,
  0x0e, 0x0d, 0x17, 0x09, 0x07, 0x12, 0x0e, 0x0d, 0x15, 0x07, 0x05, 0x10,
  0x0c, 0x0b, 0x14, 0x0b, 0x09, 0x15, 0x0b, 0x0a, 0x15, 0x08, 0x06, 0x11,
  0x0a, 0x07, 0x11, 0x0e, 0x0d, 0x17, 0x09, 0x07, 0x12, 0x08, 0x08, 0x12,
  0x0b, 0x0b, 0x12, 0x0c, 0x0b, 0x14, 0x09, 0x08, 0x12, 0x0a, 0x09, 0x13,
  0x09, 0x08, 0x13, 0x0a, 0x09, 0x13, 0x0a, 0x08, 0x13, 0x07, 0x08, 0x14,
  0x05, 0x07, 0x12, 0x06, 0x08, 0x12, 0x09, 0x09, 0x12, 0x0b, 0x07, 0x12,
  0x07, 0x06, 0x11, 0x04, 0x05, 0x11, 0x06, 0x06, 0x12, 0x06, 0x07, 0x12,
  0x07, 0x08, 0x12, 0x09, 0x09, 0x13, 0x08, 0x0a, 0x14, 0x0c, 0x0c, 0x16,
  0x0d, 0x0c, 0x15, 0x0d, 0x0d, 0x16, 0x0d, 0x0c, 0x17, 0x10, 0x0d, 0x17,
  0x06, 0x06, 0x10, 0x04, 0x09, 0x15, 0x2a, 0x3a, 0x5d, 0x44, 0x52, 0x79,
  0x48, 0x53, 0x79, 0x4f, 0x5d, 0x84, 0x50, 0x61, 0x8e, 0x3a, 0x6c, 0xa2,
  0x08, 0x07, 0x0e, 0x08, 0x07, 0x0f, 0x0d, 0x0c, 0x11, 0x0f, 0x0c, 0x13,
  0x10, 0x0f, 0x14, 0x10, 0x0e, 0x12, 0x12, 0x0e, 0x14, 0x10, 0x0f, 0x14,
  0x10, 0x0f, 0x13, 0x10, 0x0f, 0x13, 0x11, 0x10, 0x14, 0x11, 0x10, 0x14,
  0x11, 0x10, 0x14, 0x10, 0x0e, 0x13, 0x10, 0x0d, 0x15, 0x11, 0x0e, 0x16,
  0x10, 0x0e, 0x16, 0x12, 0x10, 0x16, 0x12, 0x10, 0x16, 0x11, 0x0e, 0x15,
  0x11, 0x0f, 0x14, 0x10, 0x11, 0x16, 0x10, 0x10, 0x16, 0x11, 0x0f, 0x15,
  0x10, 0x0e, 0x14, 0x10, 0x0f, 0x14, 0x0f, 0x0f, 0x15, 0x0f, 0x0e, 0x13,
  0x0f, 0x0f, 0x14, 0x0e, 0x0e, 0x14, 0x0d, 0x0c, 0x12, 0x0d, 0x0a, 0x11,
  0x0f, 0x0c, 0x12, 0x0c, 0x0c, 0x12, 0x0c, 0x0a, 0x12, 0x0e, 0x0b, 0x14,
  0x0c, 0x09, 0x13, 0x0c, 0x0b, 0x14, 0x0c, 0x0b, 0x13, 0x0a, 0x09, 0x11,
  0x07, 0x09, 0x11, 0x07, 0x09, 0x12, 0x08, 0x07, 0x10, 0x09, 0x07, 0x10,
  0x09, 0x08, 0x10, 0x08, 0x07, 0x0d, 0x08, 0x06, 0x0e, 0x08, 0x05, 0x0e,
  0x08, 0x06, 0x0f, 0x06, 0x05, 0x0e, 0x06, 0x05, 0x0b, 0x05, 0x04, 0x08,
  0x03, 0x02, 0x06, 0x02, 0x01, 0x06, 0x05, 0x04, 0x07, 0x07, 0x06, 0x09,
  0x0b, 0x08, 0x0d, 0x0a, 0x08, 0x0d, 0x09, 0x08, 0x0c, 0x08, 0x07, 0x0b,
  0x08, 0x06, 0x0b, 0x09, 0x08, 0x0d, 0x0c, 0x08, 0x0f, 0x0b, 0x08, 0x0f,
  0x0b, 0x09, 0x0e, 0x06, 0x07, 0x0f, 0x04, 0x04, 0x0e, 0x08, 0x17, 0x28,
  0x20, 0x5c, 0x8e, 0x24, 0x61, 0x94, 0x22, 0x5f, 0x92, 0x21, 0x60, 0x93,
  0x21, 0x60, 0x93, 0x21, 0x60, 0x94, 0x23, 0x62, 0x95, 0x23, 0x61, 0x95,
  0x25, 0x62, 0x96, 0x26, 0x62, 0x95, 0x34, 0x6f, 0xa4, 0x1e, 0x33, 0x4d,
  0x06, 0x04, 0x0e, 0x12, 0x12, 0x1a, 0x09, 0x07, 0x11, 0x0b, 0x0a, 0x13,
  0x0c, 0x0a, 0x14, 0x08, 0x07, 0x12, 0x0d, 0x0d, 0x15, 0x06, 0x05, 0x11,
  0x0c, 0x0c, 0x15, 0x0b, 0x09, 0x14, 0x0b, 0x09, 0x14, 0x07, 0x06, 0x10,
  0x0b, 0x09, 0x14, 0x0e, 0x0d, 0x16, 0x08, 0x07, 0x12, 0x08, 0x06, 0x11,
  0x0c, 0x0b, 0x12, 0x0b, 0x09, 0x13, 0x09, 0x07, 0x12, 0x0b, 0x09, 0x14,
  0x0a, 0x09, 0x13, 0x09, 0x08, 0x12, 0x09, 0x07, 0x12, 0x09, 0x08, 0x13,
  0x08, 0x08, 0x12, 0x08, 0x08, 0x12, 0x09, 0x09, 0x12, 0x09, 0x04, 0x0f,
  0x08, 0x05, 0x0f, 0x06, 0x06, 0x11, 0x05, 0x05, 0x12, 0x06, 0x05, 0x10,
  0x07, 0x07, 0x10, 0x09, 0x08, 0x13, 0x0a, 0x0a, 0x14, 0x0d, 0x0c, 0x16,
  0x0e, 0x0d, 0x16, 0x0f, 0x0d, 0x17, 0x0d, 0x0c, 0x16, 0x0e, 0x0c, 0x16,
  0x07, 0x06, 0x11, 0x05, 0x05, 0x0e, 0x15, 0x24, 0x48, 0x46, 0x55, 0x7e,
  0x51, 0x5c, 0x81, 0x45, 0x54, 0x7c, 0x44, 0x53, 0x7f, 0x35, 0x60, 0x97,
  0x07, 0x07, 0x0d, 0x09, 0x09, 0x0e, 0x0e, 0x0c, 0x11, 0x0e, 0x0c, 0x12,
  0x0f, 0x0d, 0x13, 0x0f, 0x0d, 0x12, 0x0f, 0x0c, 0x13, 0x10, 0x0e, 0x14,
  0x0f, 0x0e, 0x12, 0x10, 0x0f, 0x13, 0x11, 0x10, 0x14, 0x11, 0x10, 0x14,
  0x11, 0x10, 0x14, 0x11, 0x10, 0x14, 0x0f, 0x0d, 0x13, 0x11, 0x0e, 0x15,
  0x11, 0x0f, 0x15, 0x10, 0x0e, 0x14, 0x11, 0x0f, 0x15, 0x11, 0x0f, 0x15,
  0x12, 0x10, 0x16, 0x0f, 0x0e, 0x15, 0x0f, 0x0f, 0x14, 0x10, 0x0e, 0x14,
  0x11, 0x0e, 0x14, 0x10, 0x10, 0x14, 0x0f, 0x0e, 0x15, 0x0f, 0x0d, 0x14,
  0x0f, 0x0f, 0x15, 0x0d, 0x0d, 0x14, 0x0d, 0x0d, 0x13, 0x0d, 0x0c, 0x11,
  0x0d, 0x0a, 0x10, 0x0b, 0x0a, 0x12, 0x0c, 0x09, 0x13, 0x0d, 0x09, 0x12,
  0x0b, 0x0a, 0x12, 0x0c, 0x0d, 0x13, 0x0b, 0x0a, 0x13, 0x0b, 0x0a, 0x13,
  0x08, 0x08, 0x12, 0x0a, 0x08, 0x13, 0x08, 0x07, 0x0e, 0x08, 0x08, 0x0f,
  0x08, 0x07, 0x0e, 0x09, 0x06, 0x0e, 0x0a, 0x07, 0x10, 0x08, 0x07, 0x10,
  0x07, 0x06, 0x0f, 0x07, 0x05, 0x0e, 0x07, 0x05, 0x0b, 0x07, 0x06, 0x08,
  0x02, 0x01, 0x05, 0x02, 0x01, 0x05, 0x03, 0x02, 0x07, 0x06, 0x05, 0x09,
  0x0c, 0x08, 0x0d, 0x0a, 0x07, 0x0a, 0x09, 0x08, 0x0a, 0x0a, 0x09, 0x0d,
  0x09, 0x07, 0x0d, 0x0a, 0x07, 0x0f, 0x0c, 0x07, 0x10, 0x0a, 0x08, 0x0f,
  0x0b, 0x08, 0x0f, 0x09, 0x06, 0x0f, 0x05, 0x06, 0x0f, 0x05, 0x0b, 0x15,
  0x18, 0x4e, 0x7a, 0x24, 0x62, 0x98, 0x22, 0x5e, 0x92, 0x1e, 0x5f, 0x92,
  0x21, 0x5f, 0x92, 0x23, 0x60, 0x94, 0x23, 0x60, 0x94, 0x24, 0x61, 0x94,
  0x24, 0x62, 0x95, 0x27, 0x62, 0x96, 0x2e, 0x68, 0x9d, 0x15, 0x22, 0x37,
  0x09, 0x07, 0x10, 0x0d, 0x0f, 0x17, 0x06, 0x05, 0x10, 0x0c, 0x0b, 0x14,
  0x09, 0x0a, 0x13, 0x09, 0x08, 0x13, 0x0e, 0x0d, 0x16, 0x07, 0x06, 0x12,
  0x0c, 0x0a, 0x15, 0x0c, 0x07, 0x12, 0x0b, 0x08, 0x13, 0x06, 0x04, 0x10,
  0x0b, 0x0a, 0x13, 0x0d, 0x0c, 0x15, 0x08, 0x07, 0x12, 0x09, 0x07, 0x11,
  0x0d, 0x0a, 0x14, 0x0a, 0x07, 0x12, 0x09, 0x07, 0x13, 0x0b, 0x09, 0x14,
  0x0a, 0x09, 0x13, 0x09, 0x08, 0x12, 0x08, 0x06, 0x12, 0x08, 0x07, 0x11,
  0x08, 0x07, 0x11, 0x09, 0x08, 0x12, 0x09, 0x08, 0x12, 0x08, 0x06, 0x11,
  0x07, 0x05, 0x0f, 0x07, 0x06, 0x10, 0x06, 0x06, 0x12, 0x07, 0x05, 0x10,
  0x08, 0x06, 0x10, 0x0a, 0x09, 0x12, 0x0a, 0x09, 0x13, 0x0c, 0x0a, 0x15,
  0x0c, 0x0b, 0x16, 0x0b, 0x0b, 0x15, 0x0b, 0x0b, 0x15, 0x0b, 0x0a, 0x14,
  0x04, 0x05, 0x0f, 0x06, 0x05, 0x0d, 0x0a, 0x17, 0x34, 0x3b, 0x4b, 0x79,
  0x5f, 0x6b, 0x8e, 0x4d, 0x58, 0x80, 0x28, 0x3a, 0x6b, 0x24, 0x55, 0x8d,
  0x0a, 0x06, 0x0c, 0x0e, 0x09, 0x10, 0x0f, 0x0a, 0x10, 0x0d, 0x0c, 0x12,
  0x0c, 0x0b, 0x12, 0x0c, 0x0b, 0x11, 0x0d, 0x0c, 0x11, 0x10, 0x0e, 0x12,
  0x10, 0x0f, 0x13, 0x10, 0x0f, 0x13, 0x10, 0x0f, 0x13, 0x0f, 0x0f, 0x13,
  0x0f, 0x0f, 0x13, 0x0f, 0x10, 0x14, 0x0e, 0x0d, 0x14, 0x10, 0x0e, 0x14,
  0x11, 0x10, 0x15, 0x10, 0x0e, 0x15, 0x10, 0x0d, 0x16, 0x11, 0x0e, 0x16,
  0x10, 0x0d, 0x15, 0x11, 0x0e, 0x15, 0x11, 0x0f, 0x14, 0x10, 0x0f, 0x14,
  0x10, 0x0f, 0x13, 0x11, 0x10, 0x13, 0x10, 0x0e, 0x15, 0x0d, 0x0c, 0x15,
  0x0e, 0x0d, 0x14, 0x0f, 0x0e, 0x14, 0x0e, 0x0d, 0x12, 0x0d, 0x0d, 0x11,
  0x0d, 0x0b, 0x10, 0x0b, 0x0a, 0x11, 0x0a, 0x09, 0x12, 0x0b, 0x08, 0x12,
  0x0c, 0x0b, 0x12, 0x0d, 0x0d, 0x12, 0x0e, 0x0d, 0x13, 0x0b, 0x0b, 0x13,
  0x09, 0x08, 0x12, 0x0a, 0x08, 0x11, 0x08, 0x07, 0x0f, 0x06, 0x06, 0x0e,
  0x06, 0x06, 0x0e, 0x07, 0x06, 0x0e, 0x06, 0x04, 0x0e, 0x05, 0x04, 0x0e,
  0x04, 0x03, 0x0c, 0x03, 0x02, 0x0b, 0x02, 0x02, 0x07, 0x02, 0x02, 0x06,
  0x02, 0x00, 0x04, 0x01, 0x00, 0x02, 0x02, 0x02, 0x04, 0x07, 0x05, 0x09,
  0x0c, 0x08, 0x0c, 0x09, 0x05, 0x09, 0x09, 0x07, 0x0a, 0x0b, 0x0a, 0x0f,
  0x0a, 0x07, 0x0f, 0x0a, 0x07, 0x10, 0x0b, 0x07, 0x11, 0x0a, 0x09, 0x10,
  0x0a, 0x08, 0x0e, 0x09, 0x06, 0x0f, 0x07, 0x08, 0x12, 0x03, 0x04, 0x0b,
  0x11, 0x3b, 0x5e, 0x23, 0x63, 0x9c, 0x20, 0x5e, 0x91, 0x1f, 0x5f, 0x92,
  0x20, 0x60, 0x93, 0x22, 0x60, 0x93, 0x23, 0x60, 0x93, 0x24, 0x60, 0x94,
  0x24, 0x62, 0x95, 0x26, 0x64, 0x98, 0x2a, 0x60, 0x93, 0x11, 0x16, 0x26,
  0x0c, 0x09, 0x14, 0x0c, 0x0c, 0x15, 0x06, 0x05, 0x0f, 0x0d, 0x0c, 0x14,
  0x08, 0x08, 0x12, 0x0b, 0x0a, 0x14, 0x0f, 0x0c, 0x16, 0x0a, 0x06, 0x13,
  0x0d, 0x09, 0x14, 0x0c, 0x07, 0x13, 0x0a, 0x06, 0x11, 0x07, 0x04, 0x10,
  0x0b, 0x0a, 0x14, 0x0a, 0x09, 0x13, 0x07, 0x05, 0x10, 0x08, 0x07, 0x11,
  0x0d, 0x0c, 0x16, 0x08, 0x07, 0x12, 0x0a, 0x08, 0x12, 0x0c, 0x0a, 0x14,
  0x0a, 0x09, 0x13, 0x08, 0x06, 0x11, 0x07, 0x05, 0x11, 0x07, 0x06, 0x12,
  0x08, 0x07, 0x12, 0x08, 0x07, 0x11, 0x09, 0x09, 0x12, 0x07, 0x06, 0x10,
  0x06, 0x05, 0x0f, 0x06, 0x06, 0x11, 0x05, 0x06, 0x10, 0x04, 0x04, 0x0e,
  0x06, 0x06, 0x10, 0x0a, 0x09, 0x12, 0x0a, 0x09, 0x13, 0x0b, 0x0b, 0x14,
  0x0a, 0x0a, 0x15, 0x08, 0x0a, 0x15, 0x09, 0x0a, 0x14, 0x0a, 0x08, 0x13,
  0x03, 0x04, 0x10, 0x06, 0x05, 0x0d, 0x05, 0x10, 0x26, 0x2e, 0x42, 0x6e,
  0x53, 0x5d, 0x83, 0x2e, 0x46, 0x76, 0x23, 0x4f, 0x88, 0x30, 0x6b, 0xa3,
  0x0b, 0x09, 0x0d, 0x0e, 0x0b, 0x11, 0x0d, 0x0a, 0x10, 0x0e, 0x0c, 0x12,
  0x0d, 0x0c, 0x11, 0x0d, 0x0d, 0x12, 0x0e, 0x0f, 0x13, 0x0f, 0x0f, 0x13,
  0x0f, 0x0e, 0x12, 0x10, 0x0f, 0x13, 0x0f, 0x0e, 0x12, 0x0f, 0x0e, 0x13,
  0x0f, 0x0d, 0x13, 0x0f, 0x0e, 0x12, 0x10, 0x0e, 0x14, 0x10, 0x0e, 0x14,
  0x11, 0x0f, 0x15, 0x12, 0x0f, 0x16, 0x10, 0x0e, 0x15, 0x10, 0x0e, 0x16,
  0x0f, 0x0e, 0x15, 0x10, 0x0e, 0x15, 0x10, 0x0f, 0x15, 0x11, 0x0f, 0x15,
  0x10, 0x0e, 0x15, 0x11, 0x10, 0x15, 0x0f, 0x0d, 0x15, 0x0e, 0x0e, 0x16,
  0x0f, 0x0f, 0x14, 0x10, 0x0e, 0x14, 0x0f, 0x0d, 0x12, 0x0e, 0x0e, 0x11,
  0x0d, 0x0c, 0x10, 0x0b, 0x0a, 0x10, 0x09, 0x08, 0x11, 0x0b, 0x08, 0x12,
  0x0d, 0x0a, 0x13, 0x0d, 0x0b, 0x12, 0x0f, 0x0c, 0x13, 0x0d, 0x0b, 0x14,
  0x09, 0x0a, 0x14, 0x07, 0x09, 0x10, 0x08, 0x07, 0x0f, 0x08, 0x06, 0x11,
  0x06, 0x08, 0x10, 0x01, 0x02, 0x08, 0x01, 0x00, 0x09, 0x01, 0x00, 0x09,
  0x03, 0x02, 0x0a, 0x02, 0x02, 0x08, 0x02, 0x02, 0x07, 0x01, 0x02, 0x07,
  0x01, 0x01, 0x06, 0x01, 0x01, 0x03, 0x02, 0x02, 0x05, 0x07, 0x04, 0x09,
  0x0b, 0x06, 0x0c, 0x08, 0x04, 0x09, 0x09, 0x08, 0x0c, 0x0c, 0x0b, 0x10,
  0x0a, 0x07, 0x10, 0x0a, 0x08, 0x0f, 0x0b, 0x09, 0x10, 0x0a, 0x0a, 0x10,
  0x0a, 0x09, 0x0f, 0x09, 0x06, 0x10, 0x0a, 0x06, 0x12, 0x05, 0x00, 0x0a,
  0x0a, 0x25, 0x3c, 0x21, 0x60, 0x96, 0x21, 0x5d, 0x92, 0x20, 0x5e, 0x93,
  0x1f, 0x5e, 0x92, 0x1f, 0x5f, 0x91, 0x23, 0x60, 0x92, 0x25, 0x60, 0x94,
  0x23, 0x60, 0x93, 0x25, 0x65, 0x99, 0x26, 0x58, 0x87, 0x0d, 0x10, 0x1c,
  0x0d, 0x0b, 0x15, 0x0b, 0x0a, 0x13, 0x05, 0x03, 0x0f, 0x0e, 0x0d, 0x15,
  0x08, 0x06, 0x12, 0x0b, 0x0a, 0x14, 0x0c, 0x0b, 0x15, 0x0a, 0x08, 0x13,
  0x0c, 0x08, 0x13, 0x0a, 0x06, 0x11, 0x09, 0x05, 0x0f, 0x09, 0x05, 0x10,
  0x0d, 0x0a, 0x14, 0x0b, 0x08, 0x12, 0x08, 0x07, 0x10, 0x09, 0x08, 0x12,
  0x0c, 0x0b, 0x14, 0x07, 0x06, 0x10, 0x0a, 0x09, 0x12, 0x0a, 0x09, 0x13,
  0x08, 0x09, 0x13, 0x07, 0x06, 0x12, 0x07, 0x07, 0x13, 0x06, 0x06, 0x12,
  0x08, 0x06, 0x12, 0x07, 0x05, 0x11, 0x07, 0x08, 0x12, 0x08, 0x06, 0x11,
  0x07, 0x06, 0x10, 0x04, 0x05, 0x0f, 0x06, 0x06, 0x10, 0x06, 0x05, 0x0f,
  0x06, 0x05, 0x0f, 0x0b, 0x0a, 0x14, 0x0a, 0x09, 0x13, 0x0b, 0x0b, 0x15,
  0x0c, 0x0c, 0x17, 0x0a, 0x09, 0x16, 0x0a, 0x0a, 0x16, 0x0a, 0x08, 0x15,
  0x02, 0x03, 0x0e, 0x05, 0x05, 0x0d, 0x04, 0x0d, 0x1e, 0x1f, 0x37, 0x65,
  0x2d, 0x54, 0x87, 0x2a, 0x66, 0xa1, 0x34, 0x71, 0xa9, 0x31, 0x6d, 0xa5,
  0x0a, 0x09, 0x0c, 0x0c, 0x0b, 0x10, 0x0b, 0x09, 0x0f, 0x0d, 0x0b, 0x10,
  0x0e, 0x0c, 0x12, 0x0e, 0x0d, 0x12, 0x0f, 0x0e, 0x12, 0x0f, 0x0e, 0x12,
  0x0e, 0x0e, 0x12, 0x10, 0x0e, 0x13, 0x0f, 0x0e, 0x12, 0x0f, 0x0e, 0x13,
  0x10, 0x0d, 0x13, 0x11, 0x0e, 0x15, 0x0f, 0x0c, 0x14, 0x11, 0x0f, 0x15,
  0x10, 0x0e, 0x14, 0x11, 0x0f, 0x15, 0x11, 0x0f, 0x14, 0x10, 0x0f, 0x14,
  0x10, 0x0f, 0x15, 0x0f, 0x0f, 0x15, 0x0f, 0x0e, 0x17, 0x10, 0x0c, 0x17,
  0x10, 0x0d, 0x15, 0x10, 0x0e, 0x14, 0x0f, 0x0d, 0x14, 0x0e, 0x0c, 0x14,
  0x0f, 0x0e, 0x13, 0x0f, 0x0d, 0x13, 0x0e, 0x0d, 0x12, 0x0f, 0x0d, 0x11,
  0x0c, 0x08, 0x0f, 0x0b, 0x09, 0x10, 0x09, 0x08, 0x11, 0x0a, 0x09, 0x12,
  0x0b, 0x09, 0x12, 0x0c, 0x0b, 0x12, 0x0e, 0x0b, 0x13, 0x0e, 0x0a, 0x14,
  0x09, 0x0a, 0x13, 0x07, 0x0a, 0x11, 0x08, 0x07, 0x10, 0x06, 0x06, 0x0f,
  0x05, 0x08, 0x0e, 0x04, 0x06, 0x0c, 0x06, 0x04, 0x0d, 0x06, 0x05, 0x0d,
  0x05, 0x04, 0x0d, 0x05, 0x04, 0x0c, 0x04, 0x04, 0x0c, 0x02, 0x01, 0x09,
  0x01, 0x01, 0x07, 0x01, 0x01, 0x04, 0x02, 0x01, 0x05, 0x06, 0x05, 0x09,
  0x08, 0x06, 0x0a, 0x08, 0x04, 0x09, 0x08, 0x07, 0x0c, 0x0a, 0x08, 0x0f,
  0x0a, 0x09, 0x0e, 0x0b, 0x09, 0x0f, 0x0b, 0x09, 0x0f, 0x09, 0x08, 0x0e,
  0x0a, 0x08, 0x0e, 0x0a, 0x07, 0x0f, 0x0b, 0x07, 0x11, 0x06, 0x03, 0x0c,
  0x07, 0x13, 0x22, 0x20, 0x58, 0x8c, 0x21, 0x5c, 0x94, 0x21, 0x5c, 0x93,
  0x1f, 0x5d, 0x92, 0x1f, 0x5f, 0x91, 0x22, 0x5f, 0x93, 0x24, 0x60, 0x94,
  0x25, 0x60, 0x93, 0x27, 0x66, 0x9b, 0x21, 0x4f, 0x79, 0x0b, 0x0b, 0x14,
  0x0b, 0x0d, 0x17, 0x08, 0x07, 0x12, 0x07, 0x06, 0x10, 0x0d, 0x0d, 0x15,
  0x06, 0x05, 0x12, 0x0d, 0x0b, 0x15, 0x0d, 0x0c, 0x15, 0x09, 0x08, 0x12,
  0x0b, 0x09, 0x13, 0x09, 0x07, 0x12, 0x0a, 0x06, 0x11, 0x09, 0x06, 0x12,
  0x0b, 0x0b, 0x15, 0x07, 0x08, 0x11, 0x06, 0x06, 0x0f, 0x09, 0x08, 0x12,
  0x0a, 0x0a, 0x14, 0x06, 0x06, 0x11, 0x0b, 0x0a, 0x12, 0x09, 0x08, 0x12,
  0x07, 0x09, 0x12, 0x07, 0x07, 0x11, 0x05, 0x06, 0x11, 0x06, 0x07, 0x13,
  0x06, 0x06, 0x12, 0x08, 0x06, 0x11, 0x07, 0x07, 0x11, 0x06, 0x05, 0x0f,
  0x07, 0x06, 0x10, 0x05, 0x05, 0x11, 0x04, 0x04, 0x0f, 0x06, 0x04, 0x0e,
  0x06, 0x05, 0x0f, 0x0b, 0x0a, 0x14, 0x09, 0x09, 0x12, 0x0b, 0x0b, 0x14,
  0x0d, 0x0b, 0x15, 0x0c, 0x0b, 0x15, 0x09, 0x0a, 0x15, 0x07, 0x08, 0x12,
  0x02, 0x03, 0x0d, 0x04, 0x05, 0x0e, 0x03, 0x09, 0x16, 0x19, 0x34, 0x63,
  0x33, 0x6f, 0xa7, 0x32, 0x70, 0xa7, 0x30, 0x6c, 0xa4, 0x30, 0x6c, 0xa4,
  0x0c, 0x0b, 0x0f, 0x0d, 0x0c, 0x10, 0x0d, 0x0a, 0x0e, 0x0f, 0x0c, 0x11,
  0x0e, 0x0c, 0x13, 0x0e, 0x0d, 0x12, 0x0f, 0x0e, 0x12, 0x10, 0x0f, 0x13,
  0x0f, 0x0c, 0x11, 0x12, 0x0d, 0x12, 0x11, 0x10, 0x14, 0x10, 0x0f, 0x14,
  0x11, 0x0e, 0x15, 0x11, 0x0f, 0x15, 0x10, 0x0e, 0x15, 0x10, 0x0d, 0x14,
  0x0f, 0x0d, 0x13, 0x10, 0x0e, 0x14, 0x10, 0x0e, 0x14, 0x11, 0x0e, 0x15,
  0x12, 0x10, 0x15, 0x11, 0x0f, 0x15, 0x11, 0x0e, 0x17, 0x10, 0x0c, 0x16,
  0x10, 0x0e, 0x15, 0x0f, 0x0d, 0x13, 0x10, 0x0d, 0x14, 0x0f, 0x0c, 0x14,
  0x10, 0x0e, 0x14, 0x0f, 0x0d, 0x13, 0x0f, 0x0d, 0x12, 0x11, 0x0c, 0x11,
  0x10, 0x0b, 0x10, 0x0e, 0x0d, 0x12, 0x07, 0x06, 0x10, 0x09, 0x07, 0x11,
  0x11, 0x10, 0x17, 0x0b, 0x0b, 0x13, 0x0d, 0x0c, 0x12, 0x0e, 0x0a, 0x14,
  0x0b, 0x0a, 0x12, 0x0a, 0x09, 0x12, 0x09, 0x08, 0x11, 0x07, 0x06, 0x0f,
  0x08, 0x07, 0x10, 0x07, 0x06, 0x0e, 0x06, 0x05, 0x0e, 0x08, 0x05, 0x0e,
  0x06, 0x05, 0x0e, 0x05, 0x04, 0x0d, 0x04, 0x02, 0x0c, 0x01, 0x01, 0x09,
  0x00, 0x01, 0x06, 0x01, 0x01, 0x05, 0x03, 0x02, 0x06, 0x05, 0x04, 0x08,
  0x07, 0x06, 0x0a, 0x09, 0x07, 0x0b, 0x09, 0x07, 0x0d, 0x09, 0x07, 0x0f,
  0x0a, 0x08, 0x0e, 0x0c, 0x0b, 0x0f, 0x0a, 0x08, 0x0f, 0x0b, 0x08, 0x0f,
  0x0c, 0x0a, 0x10, 0x0a, 0x08, 0x0f, 0x0b, 0x08, 0x11, 0x07, 0x06, 0x0f,
  0x05, 0x09, 0x14, 0x1a, 0x4e, 0x7b, 0x21, 0x5f, 0x94, 0x20, 0x5c, 0x8f,
  0x20, 0x5d, 0x90, 0x21, 0x5c, 0x91, 0x22, 0x5e, 0x92, 0x23, 0x60, 0x92,
  0x23, 0x5f, 0x91, 0x26, 0x66, 0x9a, 0x1b, 0x46, 0x6a, 0x0c, 0x08, 0x10,
  0x0d, 0x0d, 0x17, 0x08, 0x05, 0x11, 0x0b, 0x08, 0x12, 0x0e, 0x0c, 0x15,
  0x08, 0x05, 0x10, 0x0e, 0x09, 0x14, 0x0d, 0x0c, 0x15, 0x0a, 0x08, 0x13,
  0x0b, 0x0a, 0x13, 0x08, 0x07, 0x12, 0x09, 0x05, 0x11, 0x09, 0x06, 0x12,
  0x0b, 0x0b, 0x14, 0x07, 0x09, 0x12, 0x05, 0x06, 0x10, 0x09, 0x09, 0x13,
  0x0a, 0x0a, 0x14, 0x05, 0x07, 0x11, 0x0c, 0x0d, 0x14, 0x09, 0x09, 0x13,
  0x08, 0x09, 0x13, 0x07, 0x07, 0x11, 0x06, 0x06, 0x11, 0x05, 0x05, 0x11,
  0x06, 0x05, 0x11, 0x08, 0x05, 0x11, 0x07, 0x06, 0x12, 0x07, 0x06, 0x10,
  0x07, 0x06, 0x10, 0x04, 0x04, 0x10, 0x04, 0x04, 0x10, 0x05, 0x04, 0x0e,
  0x06, 0x05, 0x0f, 0x09, 0x08, 0x12, 0x0a, 0x0a, 0x13, 0x0c, 0x0a, 0x14,
  0x0f, 0x0b, 0x15, 0x0c, 0x0c, 0x15, 0x09, 0x0a, 0x14, 0x07, 0x09, 0x12,
  0x04, 0x05, 0x0f, 0x05, 0x06, 0x10, 0x05, 0x07, 0x12, 0x13, 0x2b, 0x54,
  0x31, 0x67, 0x9f, 0x32, 0x6e, 0xa6, 0x32, 0x6c, 0xa4, 0x32, 0x6c, 0xa4,
  0x0c, 0x08, 0x0d, 0x0b, 0x0a, 0x0e, 0x0b, 0x0a, 0x0e, 0x0e, 0x0b, 0x11,
  0x0e, 0x0c, 0x12, 0x0f, 0x0c, 0x13, 0x0f, 0x0d, 0x13, 0x0f, 0x0e, 0x12,
  0x0f, 0x0e, 0x12, 0x0f, 0x0d, 0x12, 0x11, 0x0f, 0x13, 0x0e, 0x0d, 0x12,
  0x0e, 0x0d, 0x13, 0x0e, 0x0c, 0x13, 0x0d, 0x0c, 0x13, 0x0c, 0x0c, 0x13,
  0x0c, 0x0c, 0x12, 0x0d, 0x0b, 0x12, 0x0f, 0x0d, 0x12, 0x10, 0x0f, 0x14,
  0x10, 0x0e, 0x16, 0x10, 0x0f, 0x17, 0x0e, 0x0c, 0x15, 0x0e, 0x0e, 0x14,
  0x0f, 0x0e, 0x13, 0x0f, 0x0e, 0x13, 0x0d, 0x0c, 0x13, 0x0d, 0x0d, 0x13,
  0x0e, 0x0d, 0x13, 0x0f, 0x0d, 0x13, 0x10, 0x0c, 0x12, 0x0f, 0x0b, 0x10,
  0x13, 0x11, 0x13, 0x0e, 0x0d, 0x12, 0x0a, 0x07, 0x0f, 0x0c, 0x08, 0x12,
  0x0d, 0x0b, 0x14, 0x0b, 0x0a, 0x13, 0x0c, 0x0a, 0x13, 0x0c, 0x0a, 0x13,
  0x0b, 0x09, 0x12, 0x0c, 0x09, 0x12, 0x09, 0x07, 0x10, 0x04, 0x03, 0x0d,
  0x09, 0x06, 0x0f, 0x08, 0x05, 0x0e, 0x05, 0x04, 0x0d, 0x06, 0x04, 0x0d,
  0x05, 0x04, 0x0d, 0x04, 0x04, 0x0d, 0x03, 0x02, 0x0b, 0x02, 0x01, 0x09,
  0x00, 0x00, 0x06, 0x01, 0x01, 0x05, 0x03, 0x02, 0x05, 0x04, 0x03, 0x06,
  0x06, 0x05, 0x09, 0x09, 0x08, 0x0d, 0x0a, 0x08, 0x0e, 0x09, 0x07, 0x0e,
  0x0a, 0x08, 0x0e, 0x0c, 0x0b, 0x0f, 0x0a, 0x08, 0x10, 0x0b, 0x08, 0x11,
  0x0b, 0x09, 0x10, 0x0b, 0x08, 0x0e, 0x0b, 0x08, 0x0f, 0x0b, 0x08, 0x11,
  0x04, 0x03, 0x0b, 0x11, 0x3f, 0x65, 0x21, 0x5f, 0x95, 0x1e, 0x5b, 0x8d,
  0x21, 0x5d, 0x90, 0x20, 0x5c, 0x90, 0x21, 0x5d, 0x91, 0x21, 0x5d, 0x91,
  0x21, 0x5d, 0x91, 0x26, 0x66, 0x9b, 0x19, 0x3d, 0x5c, 0x0b, 0x07, 0x0f,
  0x0c, 0x0b, 0x16, 0x07, 0x04, 0x10, 0x0b, 0x09, 0x12, 0x0e, 0x0c, 0x15,
  0x09, 0x06, 0x10, 0x0d, 0x0a, 0x14, 0x0c, 0x0b, 0x14, 0x09, 0x08, 0x12,
  0x09, 0x08, 0x12, 0x08, 0x07, 0x11, 0x0a, 0x06, 0x12, 0x0b, 0x08, 0x13,
  0x0a, 0x0a, 0x13, 0x08, 0x07, 0x11, 0x07, 0x06, 0x10, 0x0a, 0x09, 0x12,
  0x0a, 0x09, 0x13, 0x06, 0x07, 0x11, 0x0a, 0x0e, 0x13, 0x08, 0x09, 0x13,
  0x08, 0x08, 0x12, 0x07, 0x06, 0x10, 0x06, 0x06, 0x11, 0x05, 0x05, 0x11,
  0x06, 0x04, 0x10, 0x06, 0x04, 0x10, 0x07, 0x05, 0x11, 0x07, 0x05, 0x10,
  0x06, 0x05, 0x0f, 0x04, 0x04, 0x10, 0x04, 0x04, 0x10, 0x04, 0x04, 0x0f,
  0x06, 0x05, 0x11, 0x0b, 0x09, 0x13, 0x0c, 0x08, 0x13, 0x0c, 0x08, 0x13,
  0x0d, 0x0c, 0x16, 0x09, 0x0a, 0x14, 0x0a, 0x0a, 0x15, 0x07, 0x07, 0x13,
  0x03, 0x04, 0x0e, 0x05, 0x05, 0x0e, 0x06, 0x05, 0x10, 0x0e, 0x22, 0x46,
  0x2b, 0x5f, 0x97, 0x32, 0x6f, 0xa6, 0x30, 0x6b, 0xa3, 0x2f, 0x6b, 0xa3,
  0x0b, 0x06, 0x0c, 0x0b, 0x08, 0x0d, 0x0b, 0x0b, 0x0e, 0x0b, 0x0a, 0x10,
  0x0b, 0x0a, 0x11, 0x0b, 0x09, 0x11, 0x0b, 0x08, 0x11, 0x0c, 0x0a, 0x10,
  0x0c, 0x0b, 0x10, 0x0d, 0x0a, 0x10, 0x10, 0x0c, 0x12, 0x0d, 0x0a, 0x10,
  0x0c, 0x0b, 0x11, 0x0e, 0x0d, 0x12, 0x0d, 0x0d, 0x11, 0x0c, 0x0c, 0x12,
  0x0b, 0x0b, 0x12, 0x0c, 0x0b, 0x11, 0x0c, 0x0a, 0x11, 0x10, 0x0e, 0x14,
  0x12, 0x0f, 0x17, 0x0f, 0x0e, 0x16, 0x0e, 0x0e, 0x14, 0x0d, 0x0f, 0x13,
  0x0e, 0x0d, 0x12, 0x0f, 0x0e, 0x13, 0x0c, 0x0c, 0x12, 0x0d, 0x0d, 0x13,
  0x0d, 0x0d, 0x13, 0x0f, 0x0d, 0x13, 0x0f, 0x0d, 0x12, 0x0d, 0x0c, 0x10,
  0x0c, 0x0b, 0x10, 0x0b, 0x08, 0x11, 0x0a, 0x09, 0x10, 0x09, 0x08, 0x12,
  0x08, 0x09, 0x13, 0x0a, 0x0a, 0x13, 0x0d, 0x0b, 0x13, 0x0a, 0x0a, 0x13,
  0x0b, 0x0a, 0x13, 0x0c, 0x0a, 0x13, 0x09, 0x07, 0x0d, 0x04, 0x03, 0x0c,
  0x07, 0x05, 0x0c, 0x07, 0x05, 0x0b, 0x06, 0x05, 0x0c, 0x05, 0x05, 0x0c,
  0x04, 0x03, 0x0c, 0x06, 0x03, 0x0c, 0x05, 0x02, 0x0c, 0x01, 0x01, 0x09,
  0x00, 0x00, 0x02, 0x0d, 0x11, 0x19, 0x12, 0x19, 0x24, 0x00, 0x00, 0x02,
  0x07, 0x06, 0x0a, 0x09, 0x08, 0x0d, 0x08, 0x06, 0x0c, 0x0a, 0x08, 0x0e,
  0x0c, 0x08, 0x0e, 0x0b, 0x09, 0x0d, 0x0a, 0x09, 0x0d, 0x0a, 0x09, 0x10,
  0x0a, 0x08, 0x10, 0x0a, 0x09, 0x0e, 0x0a, 0x0a, 0x0e, 0x0c, 0x09, 0x11,
  0x04, 0x00, 0x06, 0x0f, 0x2e, 0x4c, 0x20, 0x5f, 0x96, 0x1e, 0x5b, 0x8c,
  0x1f, 0x5c, 0x8e, 0x1f, 0x5b, 0x8f, 0x20, 0x5c, 0x90, 0x20, 0x5c, 0x90,
  0x1f, 0x5d, 0x8f, 0x24, 0x65, 0x9a, 0x17, 0x33, 0x4e, 0x0a, 0x08, 0x0f,
  0x0b, 0x09, 0x14, 0x06, 0x04, 0x10, 0x0a, 0x0a, 0x13, 0x0c, 0x0b, 0x13,
  0x08, 0x07, 0x11, 0x0d, 0x0c, 0x16, 0x0c, 0x0b, 0x15, 0x09, 0x07, 0x12,
  0x08, 0x07, 0x11, 0x08, 0x07, 0x11, 0x0a, 0x05, 0x11, 0x0b, 0x08, 0x13,
  0x0b, 0x0a, 0x13, 0x08, 0x06, 0x10, 0x08, 0x05, 0x11, 0x0a, 0x08, 0x12,
  0x0a, 0x08, 0x12, 0x07, 0x05, 0x10, 0x0c, 0x0d, 0x14, 0x0a, 0x0a, 0x15,
  0x09, 0x08, 0x13, 0x08, 0x07, 0x11, 0x05, 0x05, 0x0f, 0x05, 0x06, 0x10,
  0x06, 0x06, 0x10, 0x06, 0x05, 0x0f, 0x06, 0x05, 0x10, 0x07, 0x06, 0x10,
  0x06, 0x05, 0x0f, 0x04, 0x04, 0x10, 0x04, 0x04, 0x10, 0x02, 0x02, 0x0f,
  0x05, 0x05, 0x10, 0x0b, 0x0a, 0x14, 0x0b, 0x08, 0x13, 0x0a, 0x09, 0x13,
  0x0a, 0x0b, 0x15, 0x09, 0x0a, 0x14, 0x0b, 0x0b, 0x16, 0x07, 0x07, 0x13,
  0x03, 0x05, 0x0e, 0x04, 0x05, 0x0e, 0x05, 0x03, 0x0d, 0x0a, 0x19, 0x38,
  0x28, 0x54, 0x8c, 0x32, 0x70, 0xa8, 0x2e, 0x6a, 0xa3, 0x2e, 0x6b, 0xa3,
  0x06, 0x02, 0x07, 0x06, 0x03, 0x09, 0x05, 0x03, 0x0b, 0x05, 0x05, 0x0d,
  0x05, 0x05, 0x0d, 0x07, 0x05, 0x0d, 0x0a, 0x07, 0x0f, 0x0b, 0x08, 0x10,
  0x0d, 0x0a, 0x10, 0x0e, 0x0a, 0x10, 0x0f, 0x0b, 0x11, 0x0f, 0x0c, 0x12,
  0x0f, 0x0d, 0x13, 0x0f, 0x0d, 0x13, 0x10, 0x0e, 0x14, 0x0f, 0x0e, 0x12,
  0x10, 0x0e, 0x14, 0x10, 0x0f, 0x14, 0x0e, 0x0c, 0x12, 0x0f, 0x0c, 0x13,
  0x11, 0x0f, 0x15, 0x11, 0x0f, 0x15, 0x10, 0x0d, 0x16, 0x10, 0x0d, 0x16,
  0x0f, 0x0d, 0x15, 0x0f, 0x0c, 0x15, 0x0d, 0x0c, 0x14, 0x0d, 0x0d, 0x12,
  0x0e, 0x0c, 0x14, 0x0f, 0x0c, 0x15, 0x0e, 0x0c, 0x12, 0x0f, 0x0c, 0x11,
  0x0e, 0x0a, 0x12, 0x0c, 0x0a, 0x11, 0x0b, 0x09, 0x11, 0x08, 0x08, 0x11,
  0x07, 0x09, 0x11, 0x0b, 0x09, 0x12, 0x0d, 0x0a, 0x14, 0x0a, 0x0a, 0x14,
  0x0a, 0x09, 0x13, 0x0c, 0x0b, 0x11, 0x09, 0x09, 0x0e, 0x05, 0x06, 0x0e,
  0x04, 0x03, 0x0b, 0x05, 0x03, 0x0b, 0x05, 0x04, 0x0d, 0x05, 0x04, 0x0d,
  0x06, 0x05, 0x0f, 0x05, 0x04, 0x0d, 0x03, 0x02, 0x0b, 0x02, 0x03, 0x08,
  0x00, 0x00, 0x00, 0x0f, 0x1b, 0x26, 0x2a, 0x49, 0x6b, 0x00, 0x00, 0x03,
  0x09, 0x06, 0x0b, 0x09, 0x07, 0x0d, 0x08, 0x07, 0x0c, 0x0b, 0x08, 0x0e,
  0x0d, 0x09, 0x0f, 0x0b, 0x09, 0x0e, 0x0b, 0x0a, 0x0e, 0x0a, 0x09, 0x0e,
  0x0b, 0x08, 0x10, 0x09, 0x07, 0x0f, 0x08, 0x08, 0x0e, 0x09, 0x09, 0x0f,
  0x05, 0x02, 0x08, 0x0c, 0x20, 0x37, 0x20, 0x5c, 0x91, 0x1d, 0x5a, 0x8b,
  0x1e, 0x5a, 0x8d, 0x1f, 0x5a, 0x8e, 0x20, 0x5c, 0x8f, 0x21, 0x5d, 0x8f,
  0x20, 0x5c, 0x8e, 0x26, 0x63, 0x98, 0x15, 0x2c, 0x42, 0x08, 0x08, 0x0d,
  0x09, 0x08, 0x14, 0x05, 0x04, 0x0f, 0x0d, 0x0c, 0x14, 0x0b, 0x0a, 0x13,
  0x08, 0x07, 0x12, 0x0d, 0x0c, 0x15, 0x0d, 0x0b, 0x15, 0x09, 0x08, 0x12,
  0x08, 0x09, 0x12, 0x06, 0x06, 0x10, 0x0a, 0x06, 0x12, 0x0c, 0x09, 0x14,
  0x0c, 0x0c, 0x15, 0x07, 0x05, 0x11, 0x08, 0x06, 0x11, 0x09, 0x08, 0x12,
  0x09, 0x09, 0x12, 0x09, 0x08, 0x12, 0x0f, 0x0e, 0x17, 0x08, 0x08, 0x13,
  0x07, 0x07, 0x12, 0x08, 0x07, 0x11, 0x05, 0x05, 0x0f, 0x05, 0x06, 0x10,
  0x06, 0x06, 0x10, 0x06, 0x04, 0x0f, 0x06, 0x05, 0x10, 0x05, 0x05, 0x0f,
  0x05, 0x05, 0x0f, 0x06, 0x05, 0x0f, 0x05, 0x04, 0x0f, 0x02, 0x03, 0x0d,
  0x05, 0x06, 0x0f, 0x0b, 0x0a, 0x14, 0x09, 0x0a, 0x14, 0x0b, 0x0a, 0x14,
  0x0a, 0x0a, 0x14, 0x08, 0x0a, 0x14, 0x09, 0x09, 0x13, 0x0a, 0x08, 0x14,
  0x04, 0x05, 0x0f, 0x05, 0x05, 0x10, 0x06, 0x05, 0x0c, 0x08, 0x14, 0x2c,
  0x21, 0x48, 0x7e, 0x31, 0x6f, 0xa6, 0x2e, 0x6a, 0xa2, 0x2d, 0x6b, 0xa2,
  0x07, 0x03, 0x09, 0x07, 0x05, 0x0b, 0x08, 0x06, 0x0d, 0x08, 0x08, 0x0f,
  0x09, 0x0a, 0x0e, 0x0c, 0x0c, 0x0f, 0x0e, 0x0c, 0x11, 0x0d, 0x0c, 0x11,
  0x0f, 0x0d, 0x12, 0x10, 0x0d, 0x13, 0x0e, 0x0c, 0x12, 0x0f, 0x0d, 0x13,
  0x10, 0x0e, 0x14, 0x0f, 0x0d, 0x13, 0x0f, 0x0c, 0x14, 0x0e, 0x0e, 0x13,
  0x0e, 0x0e, 0x12, 0x10, 0x0f, 0x14, 0x0e, 0x0c, 0x12, 0x0e, 0x0d, 0x12,
  0x10, 0x0e, 0x14, 0x10, 0x0e, 0x14, 0x10, 0x0d, 0x16, 0x0f, 0x0c, 0x15,
  0x0e, 0x0b, 0x14, 0x0e, 0x0b, 0x14, 0x0d, 0x0c, 0x15, 0x0d, 0x0d, 0x13,
  0x0e, 0x0d, 0x13, 0x0e, 0x0d, 0x14, 0x0e, 0x0e, 0x12, 0x0f, 0x0c, 0x11,
  0x0e, 0x0b, 0x10, 0x0c, 0x0a, 0x11, 0x09, 0x07, 0x10, 0x07, 0x08, 0x10,
  0x09, 0x09, 0x11, 0x0a, 0x08, 0x12, 0x0b, 0x09, 0x13, 0x0a, 0x0a, 0x14,
  0x09, 0x0a, 0x14, 0x09, 0x09, 0x13, 0x0a, 0x0a, 0x12, 0x06, 0x07, 0x10,
  0x03, 0x02, 0x0c, 0x06, 0x05, 0x0b, 0x05, 0x04, 0x0d, 0x04, 0x03, 0x0d,
  0x05, 0x04, 0x0e, 0x05, 0x04, 0x0e, 0x03, 0x03, 0x0b, 0x02, 0x02, 0x07,
  0x01, 0x00, 0x00, 0x08, 0x12, 0x1d, 0x38, 0x69, 0xa1, 0x05, 0x0f, 0x1a,
  0x06, 0x03, 0x04, 0x07, 0x06, 0x0a, 0x09, 0x08, 0x0c, 0x0a, 0x08, 0x0d,
  0x0b, 0x09, 0x0f, 0x0b, 0x0a, 0x0f, 0x0c, 0x0b, 0x0f, 0x0b, 0x0a, 0x0f,
  0x0a, 0x07, 0x0f, 0x09, 0x06, 0x0f, 0x07, 0x07, 0x0e, 0x09, 0x08, 0x0d,
  0x06, 0x03, 0x0a, 0x08, 0x15, 0x24, 0x1e, 0x57, 0x88, 0x1f, 0x5a, 0x8d,
  0x1f, 0x59, 0x8c, 0x20, 0x5a, 0x8d, 0x21, 0x5c, 0x8e, 0x22, 0x5d, 0x8f,
  0x22, 0x5b, 0x8d, 0x24, 0x61, 0x94, 0x11, 0x24, 0x38, 0x0a, 0x08, 0x10,
  0x0a, 0x09, 0x13, 0x05, 0x04, 0x0e, 0x0e, 0x0d, 0x14, 0x0b, 0x09, 0x12,
  0x0a, 0x07, 0x12, 0x0e, 0x0c, 0x15, 0x0c, 0x0b, 0x14, 0x08, 0x07, 0x11,
  0x08, 0x06, 0x11, 0x07, 0x04, 0x10, 0x0a, 0x06, 0x12, 0x0c, 0x09, 0x14,
  0x0b, 0x0a, 0x14, 0x06, 0x05, 0x0f, 0x07, 0x06, 0x10, 0x09, 0x08, 0x12,
  0x09, 0x08, 0x12, 0x0a, 0x09, 0x13, 0x0f, 0x0e, 0x17, 0x09, 0x07, 0x13,
  0x06, 0x07, 0x12, 0x07, 0x07, 0x10, 0x05, 0x05, 0x0f, 0x05, 0x06, 0x10,
  0x06, 0x05, 0x0f, 0x06, 0x05, 0x10, 0x06, 0x04, 0x10, 0x04, 0x05, 0x10,
  0x05, 0x05, 0x0f, 0x06, 0x05, 0x0f, 0x05, 0x04, 0x0f, 0x04, 0x03, 0x0d,
  0x06, 0x05, 0x0e, 0x0a, 0x09, 0x13, 0x09, 0x09, 0x13, 0x0a, 0x09, 0x13,
  0x09, 0x0a, 0x14, 0x08, 0x0a, 0x14, 0x06, 0x08, 0x12, 0x05, 0x05, 0x12,
  0x04, 0x05, 0x10, 0x05, 0x05, 0x0f, 0x06, 0x03, 0x0b, 0x05, 0x0f, 0x25,
  0x1d, 0x3f, 0x72, 0x2f, 0x6b, 0xa2, 0x2e, 0x6b, 0xa3, 0x2d, 0x6b, 0xa1
};
unsigned int couple_COCO_128_128_bgr_data_len = 49152;
#endif /* __IMAGE_COUPLE_COCO_128_128_BGR_DATA_H__ */
