/*
 * Copyright 2025 NXP
 * All rights reserved.
 *
 * SPDX-License-Identifier: BSD-3-Clause
 */

/*
 * Generated by: python ../tools/image_operation.py -i logo.jpg -f JPEG -of RGB565 -ow 320 -oh 150 -k -b black -gh logo
 * Source file: logo.jpg
 * Dimensions: 320x150
 * Format: RGB565
 * Data size: 96000 bytes
 */

#ifndef __LOGO_320_150_RGB565_H__
#define __LOGO_320_150_RGB565_H__

#define SRC_IMAGE_LOGO_320_150_RGB565_WIDTH           320
#define SRC_IMAGE_LOGO_320_150_RGB565_HEIGHT          150
#define SRC_IMAGE_LOGO_320_150_RGB565_CHANNELS_NUMBER 3
#define SRC_IMAGE_LOGO_320_150_RGB565_FORMAT          MPP_PIXEL_RGB565

static const unsigned char logo_320_150_rgb565_data[] = {
  0x00, 0x00, 0x00, 0x00, 0x00, 0x00, 0x00, 0x00, 0x00, 0x00, 0x00, 0x00,
  0x00, 0x00, 0x00, 0x00, 0x00, 0x00, 0x00, 0x00, 0x00, 0x00, 0x00, 0x00,
  0x00, 0x00, 0x00, 0x00, 0x00, 0x00, 0x00, 0x00, 0x00, 0x00, 0x00, 0x00,
  0x00, 0x00, 0x00, 0x00, 0x00, 0x00, 0x00, 0x00, 0x00, 0x00, 0x00, 0x00,
  0x00, 0x00, 0x00, 0x00, 0x00, 0x00, 0x00, 0x00, 0x00, 0x00, 0x00, 0x00,
  0x00, 0x00, 0x00, 0x00, 0x00, 0x00, 0x00, 0x00, 0x00, 0x00, 0x00, 0x00,
  0x00, 0x00, 0x00, 0x00, 0x00, 0x00, 0x00, 0x00, 0x00, 0x00, 0x00, 0x00,
  0x00, 0x00, 0x00, 0x00, 0x00, 0x00, 0x00, 0x00, 0x00, 0x00, 0x00, 0x00,
  0x00, 0x00, 0x00, 0x00, 0x00, 0x00, 0x00, 0x00, 0x00, 0x00, 0x00, 0x00,
  0x00, 0x00, 0x00, 0x00, 0x00, 0x00, 0x00, 0x00, 0x00, 0x00, 0x00, 0x00,
  0x00, 0x00, 0x00, 0x00, 0x00, 0x00, 0x00, 0x00, 0x00, 0x00, 0x00, 0x00,
  0x00, 0x00, 0x00, 0x00, 0x00, 0x00, 0x00, 0x00, 0x00, 0x00, 0x00, 0x00,
  0x00, 0x00, 0x00, 0x00, 0x00, 0x00, 0x00, 0x00, 0x00, 0x00, 0x00, 0x00,
  0x00, 0x00, 0x00, 0x00, 0x00, 0x00, 0x00, 0x00, 0x00, 0x00, 0x00, 0x00,
  0x00, 0x00, 0x00, 0x00, 0x00, 0x00, 0x00, 0x00, 0x00, 0x00, 0x00, 0x00,
  0x00, 0x00, 0x00, 0x00, 0x00, 0x00, 0x00, 0x00, 0x00, 0x00, 0x00, 0x00,
  0x00, 0x00, 0x00, 0x00, 0x00, 0x00, 0x00, 0x00, 0x00, 0x00, 0x00, 0x00,
  0x00, 0x00, 0x00, 0x00, 0x00, 0x00, 0x00, 0x00, 0x00, 0x00, 0x00, 0x00,
  0x00, 0x00, 0x00, 0x00, 0x00, 0x00, 0x00, 0x00, 0x00, 0x00, 0x00, 0x00,
  0x00, 0x00, 0x00, 0x00, 0x00, 0x00, 0x00, 0x00, 0x00, 0x00, 0x00, 0x00,
  0x00, 0x00, 0x00, 0x00, 0x00, 0x00, 0x00, 0x00, 0x00, 0x00, 0x00, 0x00,
  0x00, 0x00, 0x00, 0x00, 0x00, 0x00, 0x00, 0x00, 0x00, 0x00, 0x00, 0x00,
  0x00, 0x00, 0x00, 0x00, 0x00, 0x00, 0x00, 0x00, 0x00, 0x00, 0x00, 0x00,
  0x00, 0x00, 0x00, 0x00, 0x00, 0x00, 0x00, 0x00, 0x00, 0x00, 0x00, 0x00,
  0x00, 0x00, 0x00, 0x00, 0x00, 0x00, 0x00, 0x00, 0x00, 0x00, 0x00, 0x00,
  0x00, 0x00, 0x00, 0x00, 0x00, 0x00, 0x00, 0x00, 0x00, 0x00, 0x00, 0x00,
  0x00, 0x00, 0x00, 0x00, 0x00, 0x00, 0x00, 0x00, 0x00, 0x00, 0x00, 0x00,
  0x00, 0x00, 0x00, 0x00, 0x00, 0x00, 0x00, 0x00, 0x00, 0x00, 0x00, 0x00,
  0x00, 0x00, 0x00, 0x00, 0x00, 0x00, 0x00, 0x00, 0x00, 0x00, 0x00, 0x00,
  0x00, 0x00, 0x00, 0x00, 0x00, 0x00, 0x00, 0x00, 0x00, 0x00, 0x00, 0x00,
  0x00, 0x00, 0x00, 0x00, 0x00, 0x00, 0x00, 0x00, 0x00, 0x00, 0x00, 0x00,
  0x00, 0x00, 0x00, 0x00, 0x00, 0x00, 0x00, 0x00, 0x00, 0x00, 0x00, 0x00,
  0x00, 0x00, 0x00, 0x00, 0x00, 0x00, 0x00, 0x00, 0x00, 0x00, 0x00, 0x00,
  0x00, 0x00, 0x00, 0x00, 0x00, 0x00, 0x00, 0x00, 0x00, 0x00, 0x00, 0x00,
  0x00, 0x00, 0x00, 0x00, 0x00, 0x00, 0x00, 0x00, 0x00, 0x00, 0x00, 0x00,
  0x00, 0x00, 0x00, 0x00, 0x00, 0x00, 0x00, 0x00, 0x00, 0x00, 0x00, 0x00,
  0x00, 0x00, 0x00, 0x00, 0x00, 0x00, 0x00, 0x00, 0x00, 0x00, 0x00, 0x00,
  0x00, 0x00, 0x00, 0x00, 0x00, 0x00, 0x00, 0x00, 0x00, 0x00, 0x00, 0x00,
  0x00, 0x00, 0x00, 0x00, 0x00, 0x00, 0x00, 0x00, 0x00, 0x00, 0x00, 0x00,
  0x00, 0x00, 0x00, 0x00, 0x00, 0x00, 0x00, 0x00, 0x00, 0x00, 0x00, 0x00,
  0x00, 0x00, 0x00, 0x00, 0x00, 0x00, 0x00, 0x00, 0x00, 0x00, 0x00, 0x00,
  0x00, 0x00, 0x00, 0x00, 0x00, 0x00, 0x00, 0x00, 0x00, 0x00, 0x00, 0x00,
  0x00, 0x00, 0x00, 0x00, 0x00, 0x00, 0x00, 0x00, 0x00, 0x00, 0x00, 0x00,
  0x00, 0x00, 0x00, 0x00, 0x00, 0x00, 0x00, 0x00, 0x00, 0x00, 0x00, 0x00,
  0x00, 0x00, 0x00, 0x00, 0x00, 0x00, 0x00, 0x00, 0x00, 0x00, 0x00, 0x00,
  0x00, 0x00, 0x00, 0x00, 0x00, 0x00, 0x00, 0x00, 0x00, 0x00, 0x00, 0x00,
  0x00, 0x00, 0x00, 0x00, 0x00, 0x00, 0x00, 0x00, 0x00, 0x00, 0x00, 0x00,
  0x00, 0x00, 0x00, 0x00, 0x00, 0x00, 0x00, 0x00, 0x00, 0x00, 0x00, 0x00,
  0x00, 0x00, 0x00, 0x00, 0x00, 0x00, 0x00, 0x00, 0x00, 0x00, 0x00, 0x00,
  0x00, 0x00, 0x00, 0x00, 0x00, 0x00, 0x00, 0x00, 0x00, 0x00, 0x00, 0x00,
  0x00, 0x00, 0x00, 0x00, 0x00, 0x00, 0x00, 0x00, 0x00, 0x00, 0x00, 0x00,
  0x00, 0x00, 0x00, 0x00, 0x00, 0x00, 0x00, 0x00, 0x00, 0x00, 0x00, 0x00,
  0x00, 0x00, 0x00, 0x00, 0x00, 0x00, 0x00, 0x00, 0x00, 0x00, 0x00, 0x00,
  0x00, 0x00, 0x00, 0x00, 0x00, 0x00, 0x00, 0x00, 0x00, 0x00, 0x00, 0x00,
  0x00, 0x00, 0x00, 0x00, 0x00, 0x00, 0x00, 0x00, 0x00, 0x00, 0x00, 0x00,
  0x00, 0x00, 0x00, 0x00, 0x00, 0x00, 0x00, 0x00, 0x00, 0x00, 0x00, 0x00,
  0x00, 0x00, 0x00, 0x00, 0x00, 0x00, 0x00, 0x00, 0x00, 0x00, 0x00, 0x00,
  0x00, 0x00, 0x00, 0x00, 0x00, 0x00, 0x00, 0x00, 0x00, 0x00, 0x00, 0x00,
  0x00, 0x00, 0x00, 0x00, 0x00, 0x00, 0x00, 0x00, 0x00, 0x00, 0x00, 0x00,
  0x00, 0x00, 0x00, 0x00, 0x00, 0x00, 0x00, 0x00, 0x00, 0x00, 0x00, 0x00,
  0x00, 0x00, 0x00, 0x00, 0x00, 0x00, 0x00, 0x00, 0x00, 0x00, 0x00, 0x00,
  0x00, 0x00, 0x00, 0x00, 0x00, 0x00, 0x00, 0x00, 0x00, 0x00, 0x00, 0x00,
  0x00, 0x00, 0x00, 0x00, 0x00, 0x00, 0x00, 0x00, 0x00, 0x00, 0x00, 0x00,
  0x00, 0x00, 0x00, 0x00, 0x00, 0x00, 0x00, 0x00, 0x00, 0x00, 0x00, 0x00,
  0x00, 0x00, 0x00, 0x00, 0x00, 0x00, 0x00, 0x00, 0x00, 0x00, 0x00, 0x00,
  0x00, 0x00, 0x00, 0x00, 0x00, 0x00, 0x00, 0x00, 0x00, 0x00, 0x00, 0x00,
  0x00, 0x00, 0x00, 0x00, 0x00, 0x00, 0x00, 0x00, 0x00, 0x00, 0x00, 0x00,
  0x00, 0x00, 0x00, 0x00, 0x00, 0x00, 0x00, 0x00, 0x00, 0x00, 0x00, 0x00,
  0x00, 0x00, 0x00, 0x00, 0x00, 0x00, 0x00, 0x00, 0x00, 0x00, 0x00, 0x00,
  0x00, 0x00, 0x00, 0x00, 0x00, 0x00, 0x00, 0x00, 0x00, 0x00, 0x00, 0x00,
  0x00, 0x00, 0x00, 0x00, 0x00, 0x00, 0x00, 0x00, 0x00, 0x00, 0x00, 0x00,
  0x00, 0x00, 0x00, 0x00, 0x00, 0x00, 0x00, 0x00, 0x00, 0x00, 0x00, 0x00,
  0x00, 0x00, 0x00, 0x00, 0x00, 0x00, 0x00, 0x00, 0x00, 0x00, 0x00, 0x00,
  0x00, 0x00, 0x00, 0x00, 0x00, 0x00, 0x00, 0x00, 0x00, 0x00, 0x00, 0x00,
  0x00, 0x00, 0x00, 0x00, 0x00, 0x00, 0x00, 0x00, 0x00, 0x00, 0x00, 0x00,
  0x00, 0x00, 0x00, 0x00, 0x00, 0x00, 0x00, 0x00, 0x00, 0x00, 0x00, 0x00,
  0x00, 0x00, 0x00, 0x00, 0x00, 0x00, 0x00, 0x00, 0x00, 0x00, 0x00, 0x00,
  0x00, 0x00, 0x00, 0x00, 0x00, 0x00, 0x00, 0x00, 0x00, 0x00, 0x00, 0x00,
  0x00, 0x00, 0x00, 0x00, 0x00, 0x00, 0x00, 0x00, 0x00, 0x00, 0x00, 0x00,
  0x00, 0x00, 0x00, 0x00, 0x00, 0x00, 0x00, 0x00, 0x00, 0x00, 0x00, 0x00,
  0x00, 0x00, 0x00, 0x00, 0x00, 0x00, 0x00, 0x00, 0x00, 0x00, 0x00, 0x00,
  0x00, 0x00, 0x00, 0x00, 0x00, 0x00, 0x00, 0x00, 0x00, 0x00, 0x00, 0x00,
  0x00, 0x00, 0x00, 0x00, 0x00, 0x00, 0x00, 0x00, 0x00, 0x00, 0x00, 0x00,
  0x00, 0x00, 0x00, 0x00, 0x00, 0x00, 0x00, 0x00, 0x00, 0x00, 0x00, 0x00,
  0x00, 0x00, 0x00, 0x00, 0x00, 0x00, 0x00, 0x00, 0x00, 0x00, 0x00, 0x00,
  0x00, 0x00, 0x00, 0x00, 0x00, 0x00, 0x00, 0x00, 0x00, 0x00, 0x00, 0x00,
  0x00, 0x00, 0x00, 0x00, 0x00, 0x00, 0x00, 0x00, 0x00, 0x00, 0x00, 0x00,
  0x00, 0x00, 0x00, 0x00, 0x00, 0x00, 0x00, 0x00, 0x00, 0x00, 0x00, 0x00,
  0x00, 0x00, 0x00, 0x00, 0x00, 0x00, 0x00, 0x00, 0x00, 0x00, 0x00, 0x00,
  0x00, 0x00, 0x00, 0x00, 0x00, 0x00, 0x00, 0x00, 0x00, 0x00, 0x00, 0x00,
  0x00, 0x00, 0x00, 0x00, 0x00, 0x00, 0x00, 0x00, 0x00, 0x00, 0x00, 0x00,
  0x00, 0x00, 0x00, 0x00, 0x00, 0x00, 0x00, 0x00, 0x00, 0x00, 0x00, 0x00,
  0x00, 0x00, 0x00, 0x00, 0x00, 0x00, 0x00, 0x00, 0x00, 0x00, 0x00, 0x00,
  0x00, 0x00, 0x00, 0x00, 0x00, 0x00, 0x00, 0x00, 0x00, 0x00, 0x00, 0x00,
  0x00, 0x00, 0x00, 0x00, 0x00, 0x00, 0x00, 0x00, 0x00, 0x00, 0x00, 0x00,
  0x00, 0x00, 0x00, 0x00, 0x00, 0x00, 0x00, 0x00, 0x00, 0x00, 0x00, 0x00,
  0x00, 0x00, 0x00, 0x00, 0x00, 0x00, 0x00, 0x00, 0x00, 0x00, 0x00, 0x00,
  0x00, 0x00, 0x00, 0x00, 0x00, 0x00, 0x00, 0x00, 0x00, 0x00, 0x00, 0x00,
  0x00, 0x00, 0x00, 0x00, 0x00, 0x00, 0x00, 0x00, 0x00, 0x00, 0x00, 0x00,
  0x00, 0x00, 0x00, 0x00, 0x00, 0x00, 0x00, 0x00, 0x00, 0x00, 0x00, 0x00,
  0x00, 0x00, 0x00, 0x00, 0x00, 0x00, 0x00, 0x00, 0x00, 0x00, 0x00, 0x00,
  0x00, 0x00, 0x00, 0x00, 0x00, 0x00, 0x00, 0x00, 0x00, 0x00, 0x00, 0x00,
  0x00, 0x00, 0x00, 0x00, 0x00, 0x00, 0x00, 0x00, 0x00, 0x00, 0x00, 0x00,
  0x00, 0x00, 0x00, 0x00, 0x00, 0x00, 0x00, 0x00, 0x00, 0x00, 0x00, 0x00,
  0x00, 0x00, 0x00, 0x00, 0x00, 0x00, 0x00, 0x00, 0x00, 0x00, 0x00, 0x00,
  0x00, 0x00, 0x00, 0x00, 0x00, 0x00, 0x00, 0x00, 0x00, 0x00, 0x00, 0x00,
  0x00, 0x00, 0x00, 0x00, 0x00, 0x00, 0x00, 0x00, 0x00, 0x00, 0x00, 0x00,
  0x00, 0x00, 0x00, 0x00, 0x00, 0x00, 0x00, 0x00, 0x00, 0x00, 0x00, 0x00,
  0x00, 0x00, 0x00, 0x00, 0x00, 0x00, 0x00, 0x00, 0x00, 0x00, 0x00, 0x00,
  0x00, 0x00, 0x00, 0x00, 0x00, 0x00, 0x00, 0x00, 0x00, 0x00, 0x00, 0x00,
  0x00, 0x00, 0x00, 0x00, 0x00, 0x00, 0x00, 0x00, 0x00, 0x00, 0x00, 0x00,
  0x00, 0x00, 0x00, 0x00, 0x00, 0x00, 0x00, 0x00, 0x00, 0x00, 0x00, 0x00,
  0x00, 0x00, 0x00, 0x00, 0x00, 0x00, 0x00, 0x00, 0x00, 0x00, 0x00, 0x00,
  0x00, 0x00, 0x00, 0x00, 0x00, 0x00, 0x00, 0x00, 0x00, 0x00, 0x00, 0x00,
  0x00, 0x00, 0x00, 0x00, 0x00, 0x00, 0x00, 0x00, 0x00, 0x00, 0x00, 0x00,
  0x00, 0x00, 0x00, 0x00, 0x00, 0x00, 0x00, 0x00, 0x00, 0x00, 0x00, 0x00,
  0x00, 0x00, 0x00, 0x00, 0x00, 0x00, 0x00, 0x00, 0x00, 0x00, 0x00, 0x00,
  0x00, 0x00, 0x00, 0x00, 0x00, 0x00, 0x00, 0x00, 0x00, 0x00, 0x00, 0x00,
  0x00, 0x00, 0x00, 0x00, 0x00, 0x00, 0x00, 0x00, 0x00, 0x00, 0x00, 0x00,
  0x00, 0x00, 0x00, 0x00, 0x00, 0x00, 0x00, 0x00, 0x00, 0x00, 0x00, 0x00,
  0x00, 0x00, 0x00, 0x00, 0x00, 0x00, 0x00, 0x00, 0x00, 0x00, 0x00, 0x00,
  0x00, 0x00, 0x00, 0x00, 0x00, 0x00, 0x00, 0x00, 0x00, 0x00, 0x00, 0x00,
  0x00, 0x00, 0x00, 0x00, 0x00, 0x00, 0x00, 0x00, 0x00, 0x00, 0x00, 0x00,
  0x00, 0x00, 0x00, 0x00, 0x00, 0x00, 0x00, 0x00, 0x00, 0x00, 0x00, 0x00,
  0x00, 0x00, 0x00, 0x00, 0x00, 0x00, 0x00, 0x00, 0x00, 0x00, 0x00, 0x00,
  0x00, 0x00, 0x00, 0x00, 0x00, 0x00, 0x00, 0x00, 0x00, 0x00, 0x00, 0x00,
  0x00, 0x00, 0x00, 0x00, 0x00, 0x00, 0x00, 0x00, 0x00, 0x00, 0x00, 0x00,
  0x00, 0x00, 0x00, 0x00, 0x00, 0x00, 0x00, 0x00, 0x00, 0x00, 0x00, 0x00,
  0x00, 0x00, 0x00, 0x00, 0x00, 0x00, 0x00, 0x00, 0x00, 0x00, 0x00, 0x00,
  0x00, 0x00, 0x00, 0x00, 0x00, 0x00, 0x00, 0x00, 0x00, 0x00, 0x00, 0x00,
  0x00, 0x00, 0x00, 0x00, 0x00, 0x00, 0x00, 0x00, 0x00, 0x00, 0x00, 0x00,
  0x00, 0x00, 0x00, 0x00, 0x00, 0x00, 0x00, 0x00, 0x00, 0x00, 0x00, 0x00,
  0x00, 0x00, 0x00, 0x00, 0x00, 0x00, 0x00, 0x00, 0x00, 0x00, 0x00, 0x00,
  0x00, 0x00, 0x00, 0x00, 0x00, 0x00, 0x00, 0x00, 0x00, 0x00, 0x00, 0x00,
  0x00, 0x00, 0x00, 0x00, 0x00, 0x00, 0x00, 0x00, 0x00, 0x00, 0x00, 0x00,
  0x00, 0x00, 0x00, 0x00, 0x00, 0x00, 0x00, 0x00, 0x00, 0x00, 0x00, 0x00,
  0x00, 0x00, 0x00, 0x00, 0x00, 0x00, 0x00, 0x00, 0x00, 0x00, 0x00, 0x00,
  0x00, 0x00, 0x00, 0x00, 0x00, 0x00, 0x00, 0x00, 0x00, 0x00, 0x00, 0x00,
  0x00, 0x00, 0x00, 0x00, 0x00, 0x00, 0x00, 0x00, 0x00, 0x00, 0x00, 0x00,
  0x00, 0x00, 0x00, 0x00, 0x00, 0x00, 0x00, 0x00, 0x00, 0x00, 0x00, 0x00,
  0x00, 0x00, 0x00, 0x00, 0x00, 0x00, 0x00, 0x00, 0x00, 0x00, 0x00, 0x00,
  0x00, 0x00, 0x00, 0x00, 0x00, 0x00, 0x00, 0x00, 0x00, 0x00, 0x00, 0x00,
  0x00, 0x00, 0x00, 0x00, 0x00, 0x00, 0x00, 0x00, 0x00, 0x00, 0x00, 0x00,
  0x00, 0x00, 0x00, 0x00, 0x00, 0x00, 0x00, 0x00, 0x00, 0x00, 0x00, 0x00,
  0x00, 0x00, 0x00, 0x00, 0x00, 0x00, 0x00, 0x00, 0x00, 0x00, 0x00, 0x00,
  0x00, 0x00, 0x00, 0x00, 0x00, 0x00, 0x00, 0x00, 0x00, 0x00, 0x00, 0x00,
  0x00, 0x00, 0x00, 0x00, 0x00, 0x00, 0x00, 0x00, 0x00, 0x00, 0x00, 0x00,
  0x00, 0x00, 0x00, 0x00, 0x00, 0x00, 0x00, 0x00, 0x00, 0x00, 0x00, 0x00,
  0x00, 0x00, 0x00, 0x00, 0x00, 0x00, 0x00, 0x00, 0x00, 0x00, 0x00, 0x00,
  0x00, 0x00, 0x00, 0x00, 0x00, 0x00, 0x00, 0x00, 0x00, 0x00, 0x00, 0x00,
  0x00, 0x00, 0x00, 0x00, 0x00, 0x00, 0x00, 0x00, 0x00, 0x00, 0x00, 0x00,
  0x00, 0x00, 0x00, 0x00, 0x00, 0x00, 0x00, 0x00, 0x00, 0x00, 0x00, 0x00,
  0x00, 0x00, 0x00, 0x00, 0x00, 0x00, 0x00, 0x00, 0x00, 0x00, 0x00, 0x00,
  0x00, 0x00, 0x00, 0x00, 0x00, 0x00, 0x00, 0x00, 0x00, 0x00, 0x00, 0x00,
  0x00, 0x00, 0x00, 0x00, 0x00, 0x00, 0x00, 0x00, 0x00, 0x00, 0x00, 0x00,
  0x00, 0x00, 0x00, 0x00, 0x00, 0x00, 0x00, 0x00, 0x00, 0x00, 0x00, 0x00,
  0x00, 0x00, 0x00, 0x00, 0x00, 0x00, 0x00, 0x00, 0x00, 0x00, 0x00, 0x00,
  0x00, 0x00, 0x00, 0x00, 0x00, 0x00, 0x00, 0x00, 0x00, 0x00, 0x00, 0x00,
  0x00, 0x00, 0x00, 0x00, 0x00, 0x00, 0x00, 0x00, 0x00, 0x00, 0x00, 0x00,
  0x00, 0x00, 0x00, 0x00, 0x00, 0x00, 0x00, 0x00, 0x00, 0x00, 0x00, 0x00,
  0x00, 0x00, 0x00, 0x00, 0x00, 0x00, 0x00, 0x00, 0x00, 0x00, 0x00, 0x00,
  0x00, 0x00, 0x00, 0x00, 0x00, 0x00, 0x00, 0x00, 0x00, 0x00, 0x00, 0x00,
  0x00, 0x00, 0x00, 0x00, 0x00, 0x00, 0x00, 0x00, 0x00, 0x00, 0x00, 0x00,
  0x00, 0x00, 0x00, 0x00, 0x00, 0x00, 0x00, 0x00, 0x00, 0x00, 0x00, 0x00,
  0x00, 0x00, 0x00, 0x00, 0x00, 0x00, 0x00, 0x00, 0x00, 0x00, 0x00, 0x00,
  0x00, 0x00, 0x00, 0x00, 0x00, 0x00, 0x00, 0x00, 0x00, 0x00, 0x00, 0x00,
  0x00, 0x00, 0x00, 0x00, 0x00, 0x00, 0x00, 0x00, 0x00, 0x00, 0x00, 0x00,
  0x00, 0x00, 0x00, 0x00, 0x00, 0x00, 0x00, 0x00, 0x00, 0x00, 0x00, 0x00,
  0x00, 0x00, 0x00, 0x00, 0x00, 0x00, 0x00, 0x00, 0x00, 0x00, 0x00, 0x00,
  0x00, 0x00, 0x00, 0x00, 0x00, 0x00, 0x00, 0x00, 0x00, 0x00, 0x00, 0x00,
  0x00, 0x00, 0x00, 0x00, 0x00, 0x00, 0x00, 0x00, 0x00, 0x00, 0x00, 0x00,
  0x00, 0x00, 0x00, 0x00, 0x00, 0x00, 0x00, 0x00, 0x00, 0x00, 0x00, 0x00,
  0x00, 0x00, 0x00, 0x00, 0x00, 0x00, 0x00, 0x00, 0x00, 0x00, 0x00, 0x00,
  0x00, 0x00, 0x00, 0x00, 0x00, 0x00, 0x00, 0x00, 0x00, 0x00, 0x00, 0x00,
  0x00, 0x00, 0x00, 0x00, 0x00, 0x00, 0x00, 0x00, 0x00, 0x00, 0x00, 0x00,
  0x00, 0x00, 0x00, 0x00, 0x00, 0x00, 0x00, 0x00, 0x00, 0x00, 0x00, 0x00,
  0x00, 0x00, 0x00, 0x00, 0x00, 0x00, 0x00, 0x00, 0x00, 0x00, 0x00, 0x00,
  0x00, 0x00, 0x00, 0x00, 0x00, 0x00, 0x00, 0x00, 0x00, 0x00, 0x00, 0x00,
  0x00, 0x00, 0x00, 0x00, 0x00, 0x00, 0x00, 0x00, 0x00, 0x00, 0x00, 0x00,
  0x00, 0x00, 0x00, 0x00, 0x00, 0x00, 0x00, 0x00, 0x00, 0x00, 0x00, 0x00,
  0x00, 0x00, 0x00, 0x00, 0x00, 0x00, 0x00, 0x00, 0x00, 0x00, 0x00, 0x00,
  0x00, 0x00, 0x00, 0x00, 0x00, 0x00, 0x00, 0x00, 0x00, 0x00, 0x00, 0x00,
  0x00, 0x00, 0x00, 0x00, 0x00, 0x00, 0x00, 0x00, 0x00, 0x00, 0x00, 0x00,
  0x00, 0x00, 0x00, 0x00, 0x00, 0x00, 0x00, 0x00, 0x00, 0x00, 0x00, 0x00,
  0x00, 0x00, 0x00, 0x00, 0x00, 0x00, 0x00, 0x00, 0x00, 0x00, 0x00, 0x00,
  0x00, 0x00, 0x00, 0x00, 0x00, 0x00, 0x00, 0x00, 0x00, 0x00, 0x00, 0x00,
  0x00, 0x00, 0x00, 0x00, 0x00, 0x00, 0x00, 0x00, 0x00, 0x00, 0x00, 0x00,
  0x00, 0x00, 0x00, 0x00, 0x00, 0x00, 0x00, 0x00, 0x00, 0x00, 0x00, 0x00,
  0x00, 0x00, 0x00, 0x00, 0x00, 0x00, 0x00, 0x00, 0x00, 0x00, 0x00, 0x00,
  0x00, 0x00, 0x00, 0x00, 0x00, 0x00, 0x00, 0x00, 0x00, 0x00, 0x00, 0x00,
  0x00, 0x00, 0x00, 0x00, 0x00, 0x00, 0x00, 0x00, 0x00, 0x00, 0x00, 0x00,
  0x00, 0x00, 0x00, 0x00, 0x00, 0x00, 0x00, 0x00, 0x00, 0x00, 0x00, 0x00,
  0x00, 0x00, 0x00, 0x00, 0x00, 0x00, 0x00, 0x00, 0x00, 0x00, 0x00, 0x00,
  0x00, 0x00, 0x00, 0x00, 0x00, 0x00, 0x00, 0x00, 0x00, 0x00, 0x00, 0x00,
  0x00, 0x00, 0x00, 0x00, 0x00, 0x00, 0x00, 0x00, 0x00, 0x00, 0x00, 0x00,
  0x00, 0x00, 0x00, 0x00, 0x00, 0x00, 0x00, 0x00, 0x00, 0x00, 0x00, 0x00,
  0x00, 0x00, 0x00, 0x00, 0x00, 0x00, 0x00, 0x00, 0x00, 0x00, 0x00, 0x00,
  0x00, 0x00, 0x00, 0x00, 0x00, 0x00, 0x00, 0x00, 0x00, 0x00, 0x00, 0x00,
  0x00, 0x00, 0x00, 0x00, 0x00, 0x00, 0x00, 0x00, 0x00, 0x00, 0x00, 0x00,
  0x00, 0x00, 0x00, 0x00, 0x00, 0x00, 0x00, 0x00, 0x00, 0x00, 0x00, 0x00,
  0x00, 0x00, 0x00, 0x00, 0x00, 0x00, 0x00, 0x00, 0x00, 0x00, 0x00, 0x00,
  0x00, 0x00, 0x00, 0x00, 0x00, 0x00, 0x00, 0x00, 0x00, 0x00, 0x00, 0x00,
  0x00, 0x00, 0x00, 0x00, 0x00, 0x00, 0x00, 0x00, 0x00, 0x00, 0x00, 0x00,
  0x00, 0x00, 0x00, 0x00, 0x00, 0x00, 0x00, 0x00, 0x00, 0x00, 0x00, 0x00,
  0x00, 0x00, 0x00, 0x00, 0x00, 0x00, 0x00, 0x00, 0x00, 0x00, 0x00, 0x00,
  0x00, 0x00, 0x00, 0x00, 0x00, 0x00, 0x00, 0x00, 0x00, 0x00, 0x00, 0x00,
  0x00, 0x00, 0x00, 0x00, 0x00, 0x00, 0x00, 0x00, 0x00, 0x00, 0x00, 0x00,
  0x00, 0x00, 0x00, 0x00, 0x00, 0x00, 0x00, 0x00, 0x00, 0x00, 0x00, 0x00,
  0x00, 0x00, 0x00, 0x00, 0x00, 0x00, 0x00, 0x00, 0x00, 0x00, 0x00, 0x00,
  0x00, 0x00, 0x00, 0x00, 0x00, 0x00, 0x00, 0x00, 0x00, 0x00, 0x00, 0x00,
  0x00, 0x00, 0x00, 0x00, 0x00, 0x00, 0x00, 0x00, 0x00, 0x00, 0x00, 0x00,
  0x00, 0x00, 0x00, 0x00, 0x00, 0x00, 0x00, 0x00, 0x00, 0x00, 0x00, 0x00,
  0x00, 0x00, 0x00, 0x00, 0x00, 0x00, 0x00, 0x00, 0x00, 0x00, 0x00, 0x00,
  0x00, 0x00, 0x00, 0x00, 0x00, 0x00, 0x00, 0x00, 0x00, 0x00, 0x00, 0x00,
  0x00, 0x00, 0x00, 0x00, 0x00, 0x00, 0x00, 0x00, 0x00, 0x00, 0x00, 0x00,
  0x00, 0x00, 0x00, 0x00, 0x00, 0x00, 0x00, 0x00, 0x00, 0x00, 0x00, 0x00,
  0x00, 0x00, 0x00, 0x00, 0x00, 0x00, 0x00, 0x00, 0x00, 0x00, 0x00, 0x00,
  0x00, 0x00, 0x00, 0x00, 0x00, 0x00, 0x00, 0x00, 0x00, 0x00, 0x00, 0x00,
  0x00, 0x00, 0x00, 0x00, 0x00, 0x00, 0x00, 0x00, 0x00, 0x00, 0x00, 0x00,
  0x00, 0x00, 0x00, 0x00, 0x00, 0x00, 0x00, 0x00, 0x00, 0x00, 0x00, 0x00,
  0x00, 0x00, 0x00, 0x00, 0x00, 0x00, 0x00, 0x00, 0x00, 0x00, 0x00, 0x00,
  0x00, 0x00, 0x00, 0x00, 0x00, 0x00, 0x00, 0x00, 0x00, 0x00, 0x00, 0x00,
  0x00, 0x00, 0x00, 0x00, 0x00, 0x00, 0x00, 0x00, 0x00, 0x00, 0x00, 0x00,
  0x00, 0x00, 0x00, 0x00, 0x00, 0x00, 0x00, 0x00, 0x00, 0x00, 0x00, 0x00,
  0x00, 0x00, 0x00, 0x00, 0x00, 0x00, 0x00, 0x00, 0x00, 0x00, 0x00, 0x00,
  0x00, 0x00, 0x00, 0x00, 0x00, 0x00, 0x00, 0x00, 0x00, 0x00, 0x00, 0x00,
  0x00, 0x00, 0x00, 0x00, 0x00, 0x00, 0x00, 0x00, 0x00, 0x00, 0x00, 0x00,
  0x00, 0x00, 0x00, 0x00, 0x00, 0x00, 0x00, 0x00, 0x00, 0x00, 0x00, 0x00,
  0x00, 0x00, 0x00, 0x00, 0x00, 0x00, 0x00, 0x00, 0x00, 0x00, 0x00, 0x00,
  0x00, 0x00, 0x00, 0x00, 0x00, 0x00, 0x00, 0x00, 0x00, 0x00, 0x00, 0x00,
  0x00, 0x00, 0x00, 0x00, 0x00, 0x00, 0x00, 0x00, 0x00, 0x00, 0x00, 0x00,
  0x00, 0x00, 0x00, 0x00, 0x00, 0x00, 0x00, 0x00, 0x00, 0x00, 0x00, 0x00,
  0x00, 0x00, 0x00, 0x00, 0x00, 0x00, 0x00, 0x00, 0x00, 0x00, 0x00, 0x00,
  0x00, 0x00, 0x00, 0x00, 0x00, 0x00, 0x00, 0x00, 0x00, 0x00, 0x00, 0x00,
  0x00, 0x00, 0x00, 0x00, 0x00, 0x00, 0x00, 0x00, 0x00, 0x00, 0x00, 0x00,
  0x00, 0x00, 0x00, 0x00, 0x00, 0x00, 0x00, 0x00, 0x00, 0x00, 0x00, 0x00,
  0x00, 0x00, 0x00, 0x00, 0x00, 0x00, 0x00, 0x00, 0x00, 0x00, 0x00, 0x00,
  0x00, 0x00, 0x00, 0x00, 0x00, 0x00, 0x00, 0x00, 0x00, 0x00, 0x00, 0x00,
  0x00, 0x00, 0x00, 0x00, 0x00, 0x00, 0x00, 0x00, 0x00, 0x00, 0x00, 0x00,
  0x00, 0x00, 0x00, 0x00, 0x00, 0x00, 0x00, 0x00, 0x00, 0x00, 0x00, 0x00,
  0x00, 0x00, 0x00, 0x00, 0x00, 0x00, 0x00, 0x00, 0x00, 0x00, 0x00, 0x00,
  0x00, 0x00, 0x00, 0x00, 0x00, 0x00, 0x00, 0x00, 0x00, 0x00, 0x00, 0x00,
  0x00, 0x00, 0x00, 0x00, 0x00, 0x00, 0x00, 0x00, 0x00, 0x00, 0x00, 0x00,
  0x00, 0x00, 0x00, 0x00, 0x00, 0x00, 0x00, 0x00, 0x00, 0x00, 0x00, 0x00,
  0x00, 0x00, 0x00, 0x00, 0x00, 0x00, 0x00, 0x00, 0x00, 0x00, 0x00, 0x00,
  0x00, 0x00, 0x00, 0x00, 0x00, 0x00, 0x00, 0x00, 0x00, 0x00, 0x00, 0x00,
  0x00, 0x00, 0x00, 0x00, 0x00, 0x00, 0x00, 0x00, 0x00, 0x00, 0x00, 0x00,
  0x00, 0x00, 0x00, 0x00, 0x00, 0x00, 0x00, 0x00, 0x00, 0x00, 0x00, 0x00,
  0x00, 0x00, 0x00, 0x00, 0x00, 0x00, 0x00, 0x00, 0x00, 0x00, 0x00, 0x00,
  0x00, 0x00, 0x00, 0x00, 0x00, 0x00, 0x00, 0x00, 0x00, 0x00, 0x00, 0x00,
  0x00, 0x00, 0x00, 0x00, 0x00, 0x00, 0x00, 0x00, 0x00, 0x00, 0x00, 0x00,
  0x00, 0x00, 0x00, 0x00, 0x00, 0x00, 0x00, 0x00, 0x00, 0x00, 0x00, 0x00,
  0x00, 0x00, 0x00, 0x00, 0x00, 0x00, 0x00, 0x00, 0x00, 0x00, 0x00, 0x00,
  0x00, 0x00, 0x00, 0x00, 0x00, 0x00, 0x00, 0x00, 0x00, 0x00, 0x00, 0x00,
  0x00, 0x00, 0x00, 0x00, 0x00, 0x00, 0x00, 0x00, 0x00, 0x00, 0x00, 0x00,
  0x00, 0x00, 0x00, 0x00, 0x00, 0x00, 0x00, 0x00, 0x00, 0x00, 0x00, 0x00,
  0x00, 0x00, 0x00, 0x00, 0x00, 0x00, 0x00, 0x00, 0x00, 0x00, 0x00, 0x00,
  0x00, 0x00, 0x00, 0x00, 0x00, 0x00, 0x00, 0x00, 0x00, 0x00, 0x00, 0x00,
  0x00, 0x00, 0x00, 0x00, 0x00, 0x00, 0x00, 0x00, 0x00, 0x00, 0x00, 0x00,
  0x00, 0x00, 0x00, 0x00, 0x00, 0x00, 0x00, 0x00, 0x00, 0x00, 0x00, 0x00,
  0x00, 0x00, 0x00, 0x00, 0x00, 0x00, 0x00, 0x00, 0x00, 0x00, 0x00, 0x00,
  0x00, 0x00, 0x00, 0x00, 0x00, 0x00, 0x00, 0x00, 0x00, 0x00, 0x00, 0x00,
  0x00, 0x00, 0x00, 0x00, 0x00, 0x00, 0x00, 0x00, 0x00, 0x00, 0x00, 0x00,
  0x00, 0x00, 0x00, 0x00, 0x00, 0x00, 0x00, 0x00, 0x00, 0x00, 0x00, 0x00,
  0x00, 0x00, 0x00, 0x00, 0x00, 0x00, 0x00, 0x00, 0x00, 0x00, 0x00, 0x00,
  0x00, 0x00, 0x00, 0x00, 0x00, 0x00, 0x00, 0x00, 0x00, 0x00, 0x00, 0x00,
  0x00, 0x00, 0x00, 0x00, 0x00, 0x00, 0x00, 0x00, 0x00, 0x00, 0x00, 0x00,
  0x00, 0x00, 0x00, 0x00, 0x00, 0x00, 0x00, 0x00, 0x00, 0x00, 0x00, 0x00,
  0x00, 0x00, 0x00, 0x00, 0x00, 0x00, 0x00, 0x00, 0x00, 0x00, 0x00, 0x00,
  0x00, 0x00, 0x00, 0x00, 0x00, 0x00, 0x00, 0x00, 0x00, 0x00, 0x00, 0x00,
  0x00, 0x00, 0x00, 0x00, 0x00, 0x00, 0x00, 0x00, 0x00, 0x00, 0x00, 0x00,
  0x00, 0x00, 0x00, 0x00, 0x00, 0x00, 0x00, 0x00, 0x00, 0x00, 0x00, 0x00,
  0x00, 0x00, 0x00, 0x00, 0x00, 0x00, 0x00, 0x00, 0x00, 0x00, 0x00, 0x00,
  0x00, 0x00, 0x00, 0x00, 0x00, 0x00, 0x00, 0x00, 0x00, 0x00, 0x00, 0x00,
  0x00, 0x00, 0x00, 0x00, 0x00, 0x00, 0x00, 0x00, 0x00, 0x00, 0x00, 0x00,
  0x00, 0x00, 0x00, 0x00, 0x00, 0x00, 0x00, 0x00, 0x00, 0x00, 0x00, 0x00,
  0x00, 0x00, 0x00, 0x00, 0x00, 0x00, 0x00, 0x00, 0x00, 0x00, 0x00, 0x00,
  0x00, 0x00, 0x00, 0x00, 0x00, 0x00, 0x00, 0x00, 0x00, 0x00, 0x00, 0x00,
  0x00, 0x00, 0x00, 0x00, 0x00, 0x00, 0x00, 0x00, 0x00, 0x00, 0x00, 0x00,
  0x00, 0x00, 0x00, 0x00, 0x00, 0x00, 0x00, 0x00, 0x00, 0x00, 0x00, 0x00,
  0x00, 0x00, 0x00, 0x00, 0x00, 0x00, 0x00, 0x00, 0x00, 0x00, 0x00, 0x00,
  0x00, 0x00, 0x00, 0x00, 0x00, 0x00, 0x00, 0x00, 0x00, 0x00, 0x00, 0x00,
  0x00, 0x00, 0x00, 0x00, 0x00, 0x00, 0x00, 0x00, 0x00, 0x00, 0x00, 0x00,
  0x00, 0x00, 0x00, 0x00, 0x00, 0x00, 0x00, 0x00, 0x00, 0x00, 0x00, 0x00,
  0x00, 0x00, 0x00, 0x00, 0x00, 0x00, 0x00, 0x00, 0x00, 0x00, 0x00, 0x00,
  0x00, 0x00, 0x00, 0x00, 0x00, 0x00, 0x00, 0x00, 0x00, 0x00, 0x00, 0x00,
  0x00, 0x00, 0x00, 0x00, 0x00, 0x00, 0x00, 0x00, 0x00, 0x00, 0x00, 0x00,
  0x00, 0x00, 0x00, 0x00, 0x00, 0x00, 0x00, 0x00, 0x00, 0x00, 0x00, 0x00,
  0x00, 0x00, 0x00, 0x00, 0x00, 0x00, 0x00, 0x00, 0x00, 0x00, 0x00, 0x00,
  0x00, 0x00, 0x00, 0x00, 0x00, 0x00, 0x00, 0x00, 0x00, 0x00, 0x00, 0x00,
  0x00, 0x00, 0x00, 0x00, 0x00, 0x00, 0x00, 0x00, 0x00, 0x00, 0x00, 0x00,
  0x00, 0x00, 0x00, 0x00, 0x00, 0x00, 0x00, 0x00, 0x00, 0x00, 0x00, 0x00,
  0x00, 0x00, 0x00, 0x00, 0x00, 0x00, 0x00, 0x00, 0x00, 0x00, 0x00, 0x00,
  0x00, 0x00, 0x00, 0x00, 0x00, 0x00, 0x00, 0x00, 0x00, 0x00, 0x00, 0x00,
  0x00, 0x00, 0x00, 0x00, 0x00, 0x00, 0x00, 0x00, 0x00, 0x00, 0x00, 0x00,
  0x00, 0x00, 0x00, 0x00, 0x00, 0x00, 0x00, 0x00, 0x00, 0x00, 0x00, 0x00,
  0x00, 0x00, 0x00, 0x00, 0x00, 0x00, 0x00, 0x00, 0x00, 0x00, 0x00, 0x00,
  0x00, 0x00, 0x00, 0x00, 0x00, 0x00, 0x00, 0x00, 0x00, 0x00, 0x00, 0x00,
  0x00, 0x00, 0x00, 0x00, 0x00, 0x00, 0x00, 0x00, 0x00, 0x00, 0x00, 0x00,
  0x00, 0x00, 0x00, 0x00, 0x00, 0x00, 0x00, 0x00, 0x00, 0x00, 0x00, 0x00,
  0x00, 0x00, 0x00, 0x00, 0x00, 0x00, 0x00, 0x00, 0x00, 0x00, 0x00, 0x00,
  0x00, 0x00, 0x00, 0x00, 0x00, 0x00, 0x00, 0x00, 0x00, 0x00, 0x00, 0x00,
  0x00, 0x00, 0x00, 0x00, 0x00, 0x00, 0x00, 0x00, 0x00, 0x00, 0x00, 0x00,
  0x00, 0x00, 0x00, 0x00, 0x00, 0x00, 0x00, 0x00, 0x00, 0x00, 0x00, 0x00,
  0x00, 0x00, 0x00, 0x00, 0x00, 0x00, 0x00, 0x00, 0x00, 0x00, 0x00, 0x00,
  0x00, 0x00, 0x00, 0x00, 0x00, 0x00, 0x00, 0x00, 0x00, 0x00, 0x00, 0x00,
  0x00, 0x00, 0x00, 0x00, 0x00, 0x00, 0x00, 0x00, 0x00, 0x00, 0x00, 0x00,
  0x00, 0x00, 0x00, 0x00, 0x00, 0x00, 0x00, 0x00, 0x00, 0x00, 0x00, 0x00,
  0x00, 0x00, 0x00, 0x00, 0x00, 0x00, 0x00, 0x00, 0x00, 0x00, 0x00, 0x00,
  0x00, 0x00, 0x00, 0x00, 0x00, 0x00, 0x00, 0x00, 0x00, 0x00, 0x00, 0x00,
  0x00, 0x00, 0x00, 0x00, 0x00, 0x00, 0x00, 0x00, 0x00, 0x00, 0x00, 0x00,
  0x00, 0x00, 0x00, 0x00, 0x00, 0x00, 0x00, 0x00, 0x00, 0x00, 0x00, 0x00,
  0x00, 0x00, 0x00, 0x00, 0x00, 0x00, 0x00, 0x00, 0x00, 0x00, 0x00, 0x00,
  0x00, 0x00, 0x00, 0x00, 0x00, 0x00, 0x00, 0x00, 0x00, 0x00, 0x00, 0x00,
  0x00, 0x00, 0x00, 0x00, 0x00, 0x00, 0x00, 0x00, 0x00, 0x00, 0x00, 0x00,
  0x00, 0x00, 0x00, 0x00, 0x00, 0x00, 0x00, 0x00, 0x00, 0x00, 0x00, 0x00,
  0x00, 0x00, 0x00, 0x00, 0x00, 0x00, 0x00, 0x00, 0x00, 0x00, 0x00, 0x00,
  0x00, 0x00, 0x00, 0x00, 0x00, 0x00, 0x00, 0x00, 0x00, 0x00, 0x00, 0x00,
  0x00, 0x00, 0x00, 0x00, 0x00, 0x00, 0x00, 0x00, 0x00, 0x00, 0x00, 0x00,
  0x00, 0x00, 0x00, 0x00, 0x00, 0x00, 0x00, 0x00, 0x00, 0x00, 0x00, 0x00,
  0x00, 0x00, 0x00, 0x00, 0x00, 0x00, 0x00, 0x00, 0x00, 0x00, 0x00, 0x00,
  0x00, 0x00, 0x00, 0x00, 0x00, 0x00, 0x00, 0x00, 0x00, 0x00, 0x00, 0x00,
  0x00, 0x00, 0x00, 0x00, 0x00, 0x00, 0x00, 0x00, 0x00, 0x00, 0x00, 0x00,
  0x00, 0x00, 0x00, 0x00, 0x00, 0x00, 0x00, 0x00, 0x00, 0x00, 0x00, 0x00,
  0x00, 0x00, 0x00, 0x00, 0x00, 0x00, 0x00, 0x00, 0x00, 0x00, 0x00, 0x00,
  0x00, 0x00, 0x00, 0x00, 0x00, 0x00, 0x00, 0x00, 0x00, 0x00, 0x00, 0x00,
  0x00, 0x00, 0x00, 0x00, 0x00, 0x00, 0x00, 0x00, 0x00, 0x00, 0x00, 0x00,
  0x00, 0x00, 0x00, 0x00, 0x00, 0x00, 0x00, 0x00, 0x00, 0x00, 0x00, 0x00,
  0x00, 0x00, 0x00, 0x00, 0x00, 0x00, 0x00, 0x00, 0x00, 0x00, 0x00, 0x00,
  0x00, 0x00, 0x00, 0x00, 0x00, 0x00, 0x00, 0x00, 0x00, 0x00, 0x00, 0x00,
  0x00, 0x00, 0x00, 0x00, 0x00, 0x00, 0x00, 0x00, 0x00, 0x00, 0x00, 0x00,
  0x00, 0x00, 0x00, 0x00, 0x00, 0x00, 0x00, 0x00, 0x00, 0x00, 0x00, 0x00,
  0x00, 0x00, 0x00, 0x00, 0x00, 0x00, 0x00, 0x00, 0x00, 0x00, 0x00, 0x00,
  0x00, 0x00, 0x00, 0x00, 0x00, 0x00, 0x00, 0x00, 0x00, 0x00, 0x00, 0x00,
  0x00, 0x00, 0x00, 0x00, 0x00, 0x00, 0x00, 0x00, 0x00, 0x00, 0x00, 0x00,
  0x00, 0x00, 0x00, 0x00, 0x00, 0x00, 0x00, 0x00, 0x00, 0x00, 0x00, 0x00,
  0x00, 0x00, 0x00, 0x00, 0x00, 0x00, 0x00, 0x00, 0x00, 0x00, 0x00, 0x00,
  0x00, 0x00, 0x00, 0x00, 0x00, 0x00, 0x00, 0x00, 0x00, 0x00, 0x00, 0x00,
  0x00, 0x00, 0x00, 0x00, 0x00, 0x00, 0x00, 0x00, 0x00, 0x00, 0x00, 0x00,
  0x00, 0x00, 0x00, 0x00, 0x00, 0x00, 0x00, 0x00, 0x00, 0x00, 0x00, 0x00,
  0x00, 0x00, 0x00, 0x00, 0x00, 0x00, 0x00, 0x00, 0x00, 0x00, 0x00, 0x00,
  0x00, 0x00, 0x00, 0x00, 0x00, 0x00, 0x00, 0x00, 0x00, 0x00, 0x00, 0x00,
  0x00, 0x00, 0x00, 0x00, 0x00, 0x00, 0x00, 0x00, 0x00, 0x00, 0x00, 0x00,
  0x00, 0x00, 0x00, 0x00, 0x00, 0x00, 0x00, 0x00, 0x00, 0x00, 0x00, 0x00,
  0x00, 0x00, 0x00, 0x00, 0x00, 0x00, 0x00, 0x00, 0x00, 0x00, 0x00, 0x00,
  0x00, 0x00, 0x00, 0x00, 0x00, 0x00, 0x00, 0x00, 0x00, 0x00, 0x00, 0x00,
  0x00, 0x00, 0x00, 0x00, 0x00, 0x00, 0x00, 0x00, 0x00, 0x00, 0x00, 0x00,
  0x00, 0x00, 0x00, 0x00, 0x00, 0x00, 0x00, 0x00, 0x00, 0x00, 0x00, 0x00,
  0x00, 0x00, 0x00, 0x00, 0x00, 0x00, 0x00, 0x00, 0x00, 0x00, 0x00, 0x00,
  0x00, 0x00, 0x00, 0x00, 0x00, 0x00, 0x00, 0x00, 0x00, 0x00, 0x00, 0x00,
  0x00, 0x00, 0x00, 0x00, 0x00, 0x00, 0x00, 0x00, 0x00, 0x00, 0x00, 0x00,
  0x00, 0x00, 0x00, 0x00, 0x00, 0x00, 0x00, 0x00, 0x00, 0x00, 0x00, 0x00,
  0x00, 0x00, 0x00, 0x00, 0x00, 0x00, 0x00, 0x00, 0x00, 0x00, 0x00, 0x00,
  0x00, 0x00, 0x00, 0x00, 0x00, 0x00, 0x00, 0x00, 0x00, 0x00, 0x00, 0x00,
  0x00, 0x00, 0x00, 0x00, 0x00, 0x00, 0x00, 0x00, 0x00, 0x00, 0x00, 0x00,
  0x00, 0x00, 0x00, 0x00, 0x00, 0x00, 0x00, 0x00, 0x00, 0x00, 0x00, 0x00,
  0x00, 0x00, 0x00, 0x00, 0x00, 0x00, 0x00, 0x00, 0x00, 0x00, 0x00, 0x00,
  0x00, 0x00, 0x00, 0x00, 0x00, 0x00, 0x00, 0x00, 0x00, 0x00, 0x00, 0x00,
  0x00, 0x00, 0x00, 0x00, 0x00, 0x00, 0x00, 0x00, 0x00, 0x00, 0x00, 0x00,
  0x00, 0x00, 0x00, 0x00, 0x00, 0x00, 0x00, 0x00, 0x00, 0x00, 0x00, 0x00,
  0x00, 0x00, 0x00, 0x00, 0x00, 0x00, 0x00, 0x00, 0x00, 0x00, 0x00, 0x00,
  0x00, 0x00, 0x00, 0x00, 0x00, 0x00, 0x00, 0x00, 0x00, 0x00, 0x00, 0x00,
  0x00, 0x00, 0x00, 0x00, 0x00, 0x00, 0x00, 0x00, 0x00, 0x00, 0x00, 0x00,
  0x00, 0x00, 0x00, 0x00, 0x00, 0x00, 0x00, 0x00, 0x00, 0x00, 0x00, 0x00,
  0x00, 0x00, 0x00, 0x00, 0x00, 0x00, 0x00, 0x00, 0x00, 0x00, 0x00, 0x00,
  0x00, 0x00, 0x00, 0x00, 0x00, 0x00, 0x00, 0x00, 0x00, 0x00, 0x00, 0x00,
  0x00, 0x00, 0x00, 0x00, 0x00, 0x00, 0x00, 0x00, 0x00, 0x00, 0x00, 0x00,
  0x00, 0x00, 0x00, 0x00, 0x00, 0x00, 0x00, 0x00, 0x00, 0x00, 0x00, 0x00,
  0x00, 0x00, 0x00, 0x00, 0x00, 0x00, 0x00, 0x00, 0x00, 0x00, 0x00, 0x00,
  0x00, 0x00, 0x00, 0x00, 0x00, 0x00, 0x00, 0x00, 0x00, 0x00, 0x00, 0x00,
  0x00, 0x00, 0x00, 0x00, 0x00, 0x00, 0x00, 0x00, 0x00, 0x00, 0x00, 0x00,
  0x00, 0x00, 0x00, 0x00, 0x00, 0x00, 0x00, 0x00, 0x00, 0x00, 0x00, 0x00,
  0x00, 0x00, 0x00, 0x00, 0x00, 0x00, 0x00, 0x00, 0x00, 0x00, 0x00, 0x00,
  0x00, 0x00, 0x00, 0x00, 0x00, 0x00, 0x00, 0x00, 0x00, 0x00, 0x00, 0x00,
  0x00, 0x00, 0x00, 0x00, 0x00, 0x00, 0x00, 0x00, 0x00, 0x00, 0x00, 0x00,
  0x00, 0x00, 0x00, 0x00, 0x00, 0x00, 0x00, 0x00, 0x00, 0x00, 0x00, 0x00,
  0x00, 0x00, 0x00, 0x00, 0x00, 0x00, 0x00, 0x00, 0x00, 0x00, 0x00, 0x00,
  0x00, 0x00, 0x00, 0x00, 0x00, 0x00, 0x00, 0x00, 0x00, 0x00, 0x00, 0x00,
  0x00, 0x00, 0x00, 0x00, 0x00, 0x00, 0x00, 0x00, 0x00, 0x00, 0x00, 0x00,
  0x00, 0x00, 0x00, 0x00, 0x00, 0x00, 0x00, 0x00, 0x00, 0x00, 0x00, 0x00,
  0x00, 0x00, 0x00, 0x00, 0x00, 0x00, 0x00, 0x00, 0x00, 0x00, 0x00, 0x00,
  0x00, 0x00, 0x00, 0x00, 0x00, 0x00, 0x00, 0x00, 0x00, 0x00, 0x00, 0x00,
  0x00, 0x00, 0x00, 0x00, 0x00, 0x00, 0x00, 0x00, 0x00, 0x00, 0x00, 0x00,
  0x00, 0x00, 0x00, 0x00, 0x00, 0x00, 0x00, 0x00, 0x00, 0x00, 0x00, 0x00,
  0x00, 0x00, 0x00, 0x00, 0x00, 0x00, 0x00, 0x00, 0x00, 0x00, 0x00, 0x00,
  0x00, 0x00, 0x00, 0x00, 0x00, 0x00, 0x00, 0x00, 0x00, 0x00, 0x00, 0x00,
  0x00, 0x00, 0x00, 0x00, 0x00, 0x00, 0x00, 0x00, 0x00, 0x00, 0x00, 0x00,
  0x00, 0x00, 0x00, 0x00, 0x00, 0x00, 0x00, 0x00, 0x00, 0x00, 0x00, 0x00,
  0x00, 0x00, 0x00, 0x00, 0x00, 0x00, 0x00, 0x00, 0x00, 0x00, 0x00, 0x00,
  0x00, 0x00, 0x00, 0x00, 0x00, 0x00, 0x00, 0x00, 0x00, 0x00, 0x00, 0x00,
  0x00, 0x00, 0x00, 0x00, 0x00, 0x00, 0x00, 0x00, 0x00, 0x00, 0x00, 0x00,
  0x00, 0x00, 0x00, 0x00, 0x00, 0x00, 0x00, 0x00, 0x00, 0x00, 0x00, 0x00,
  0x00, 0x00, 0x00, 0x00, 0x00, 0x00, 0x00, 0x00, 0x00, 0x00, 0x00, 0x00,
  0x00, 0x00, 0x00, 0x00, 0x00, 0x00, 0x00, 0x00, 0x00, 0x00, 0x00, 0x00,
  0x00, 0x00, 0x00, 0x00, 0x00, 0x00, 0x00, 0x00, 0x00, 0x00, 0x00, 0x00,
  0x00, 0x00, 0x00, 0x00, 0x00, 0x00, 0x00, 0x00, 0x00, 0x00, 0x00, 0x00,
  0x00, 0x00, 0x00, 0x00, 0x00, 0x00, 0x00, 0x00, 0x00, 0x00, 0x00, 0x00,
  0x00, 0x00, 0x00, 0x00, 0x00, 0x00, 0x00, 0x00, 0x00, 0x00, 0x00, 0x00,
  0x00, 0x00, 0x00, 0x00, 0x00, 0x00, 0x00, 0x00, 0x00, 0x00, 0x00, 0x00,
  0x00, 0x00, 0x00, 0x00, 0x00, 0x00, 0x00, 0x00, 0x00, 0x00, 0x00, 0x00,
  0x00, 0x00, 0x00, 0x00, 0x00, 0x00, 0x00, 0x00, 0x00, 0x00, 0x00, 0x00,
  0x00, 0x00, 0x00, 0x00, 0x00, 0x00, 0x00, 0x00, 0x00, 0x00, 0x00, 0x00,
  0x00, 0x00, 0x00, 0x00, 0x00, 0x00, 0x00, 0x00, 0x00, 0x00, 0x00, 0x00,
  0x00, 0x00, 0x00, 0x00, 0x00, 0x00, 0x00, 0x00, 0x00, 0x00, 0x00, 0x00,
  0x00, 0x00, 0x00, 0x00, 0x00, 0x00, 0x00, 0x00, 0x00, 0x00, 0x00, 0x00,
  0x00, 0x00, 0x00, 0x00, 0x00, 0x00, 0x00, 0x00, 0x00, 0x00, 0x00, 0x00,
  0x00, 0x00, 0x00, 0x00, 0x00, 0x00, 0x00, 0x00, 0x00, 0x00, 0x00, 0x00,
  0x00, 0x00, 0x00, 0x00, 0x00, 0x00, 0x00, 0x00, 0x00, 0x00, 0x00, 0x00,
  0x00, 0x00, 0x00, 0x00, 0x00, 0x00, 0x00, 0x00, 0x00, 0x00, 0x00, 0x00,
  0x00, 0x00, 0x00, 0x00, 0x00, 0x00, 0x00, 0x00, 0x00, 0x00, 0x00, 0x00,
  0x00, 0x00, 0x00, 0x00, 0x00, 0x00, 0x00, 0x00, 0x00, 0x00, 0x00, 0x00,
  0x00, 0x00, 0x00, 0x00, 0x00, 0x00, 0x00, 0x00, 0x00, 0x00, 0x00, 0x00,
  0x00, 0x00, 0x00, 0x00, 0x00, 0x00, 0x00, 0x00, 0x00, 0x00, 0x00, 0x00,
  0x00, 0x00, 0x00, 0x00, 0x00, 0x00, 0x00, 0x00, 0x00, 0x00, 0x00, 0x00,
  0x00, 0x00, 0x00, 0x00, 0x00, 0x00, 0x00, 0x00, 0x00, 0x00, 0x00, 0x00,
  0x00, 0x00, 0x00, 0x00, 0x00, 0x00, 0x00, 0x00, 0x00, 0x00, 0x00, 0x00,
  0x00, 0x00, 0x00, 0x00, 0x00, 0x00, 0x00, 0x00, 0x00, 0x00, 0x00, 0x00,
  0x00, 0x00, 0x00, 0x00, 0x00, 0x00, 0x00, 0x00, 0x00, 0x00, 0x00, 0x00,
  0x00, 0x00, 0x00, 0x00, 0x00, 0x00, 0x00, 0x00, 0x00, 0x00, 0x00, 0x00,
  0x00, 0x00, 0x00, 0x00, 0x00, 0x00, 0x00, 0x00, 0x00, 0x00, 0x00, 0x00,
  0x00, 0x00, 0x00, 0x00, 0x00, 0x00, 0x00, 0x00, 0x00, 0x00, 0x00, 0x00,
  0x00, 0x00, 0x00, 0x00, 0x00, 0x00, 0x00, 0x00, 0x00, 0x00, 0x00, 0x00,
  0x00, 0x00, 0x00, 0x00, 0x00, 0x00, 0x00, 0x00, 0x00, 0x00, 0x00, 0x00,
  0x00, 0x00, 0x00, 0x00, 0x00, 0x00, 0x00, 0x00, 0x00, 0x00, 0x00, 0x00,
  0x00, 0x00, 0x00, 0x00, 0x00, 0x00, 0x00, 0x00, 0x00, 0x00, 0x00, 0x00,
  0x00, 0x00, 0x00, 0x00, 0x00, 0x00, 0x00, 0x00, 0x00, 0x00, 0x00, 0x00,
  0x00, 0x00, 0x00, 0x00, 0x00, 0x00, 0x00, 0x00, 0x00, 0x00, 0x00, 0x00,
  0x00, 0x00, 0x00, 0x00, 0x00, 0x00, 0x00, 0x00, 0x00, 0x00, 0x00, 0x00,
  0x00, 0x00, 0x00, 0x00, 0x00, 0x00, 0x00, 0x00, 0x00, 0x00, 0x00, 0x00,
  0x00, 0x00, 0x00, 0x00, 0x00, 0x00, 0x00, 0x00, 0x00, 0x00, 0x00, 0x00,
  0x00, 0x00, 0x00, 0x00, 0x00, 0x00, 0x00, 0x00, 0x00, 0x00, 0x00, 0x00,
  0x00, 0x00, 0x00, 0x00, 0x00, 0x00, 0x00, 0x00, 0x00, 0x00, 0x00, 0x00,
  0x00, 0x00, 0x00, 0x00, 0x00, 0x00, 0x00, 0x00, 0x00, 0x00, 0x00, 0x00,
  0x00, 0x00, 0x00, 0x00, 0x00, 0x00, 0x00, 0x00, 0x00, 0x00, 0x00, 0x00,
  0x00, 0x00, 0x00, 0x00, 0x00, 0x00, 0x00, 0x00, 0x00, 0x00, 0x00, 0x00,
  0x00, 0x00, 0x00, 0x00, 0x00, 0x00, 0x00, 0x00, 0x00, 0x00, 0x00, 0x00,
  0x00, 0x00, 0x00, 0x00, 0x00, 0x00, 0x00, 0x00, 0x00, 0x00, 0x00, 0x00,
  0x00, 0x00, 0x00, 0x00, 0x00, 0x00, 0x00, 0x00, 0x00, 0x00, 0x00, 0x00,
  0x00, 0x00, 0x00, 0x00, 0x00, 0x00, 0x00, 0x00, 0x00, 0x00, 0x00, 0x00,
  0x00, 0x00, 0x00, 0x00, 0x00, 0x00, 0x00, 0x00, 0x00, 0x00, 0x00, 0x00,
  0x00, 0x00, 0x00, 0x00, 0x00, 0x00, 0x00, 0x00, 0x00, 0x00, 0x00, 0x00,
  0x00, 0x00, 0x00, 0x00, 0x00, 0x00, 0x00, 0x00, 0x00, 0x00, 0x00, 0x00,
  0x00, 0x00, 0x00, 0x00, 0x00, 0x00, 0x00, 0x00, 0x00, 0x00, 0x00, 0x00,
  0x00, 0x00, 0x00, 0x00, 0x00, 0x00, 0x00, 0x00, 0x00, 0x00, 0x00, 0x00,
  0x00, 0x00, 0x00, 0x00, 0x00, 0x00, 0x00, 0x00, 0x00, 0x00, 0x00, 0x00,
  0x00, 0x00, 0x00, 0x00, 0x00, 0x00, 0x00, 0x00, 0x00, 0x00, 0x00, 0x00,
  0x00, 0x00, 0x00, 0x00, 0x00, 0x00, 0x00, 0x00, 0x00, 0x00, 0x00, 0x00,
  0x00, 0x00, 0x00, 0x00, 0x00, 0x00, 0x00, 0x00, 0x00, 0x00, 0x00, 0x00,
  0x00, 0x00, 0x00, 0x00, 0x00, 0x00, 0x00, 0x00, 0x00, 0x00, 0x00, 0x00,
  0x00, 0x00, 0x00, 0x00, 0x00, 0x00, 0x00, 0x00, 0x00, 0x00, 0x00, 0x00,
  0x00, 0x00, 0x00, 0x00, 0x00, 0x00, 0x00, 0x00, 0x00, 0x00, 0x00, 0x00,
  0x00, 0x00, 0x00, 0x00, 0x00, 0x00, 0x00, 0x00, 0x00, 0x00, 0x00, 0x00,
  0x00, 0x00, 0x00, 0x00, 0x00, 0x00, 0x00, 0x00, 0x00, 0x00, 0x00, 0x00,
  0x00, 0x00, 0x00, 0x00, 0x00, 0x00, 0x00, 0x00, 0x00, 0x00, 0x00, 0x00,
  0x00, 0x00, 0x00, 0x00, 0x00, 0x00, 0x00, 0x00, 0x00, 0x00, 0x00, 0x00,
  0x00, 0x00, 0x00, 0x00, 0x00, 0x00, 0x00, 0x00, 0x00, 0x00, 0x00, 0x00,
  0x00, 0x00, 0x00, 0x00, 0x00, 0x00, 0x00, 0x00, 0x00, 0x00, 0x00, 0x00,
  0x00, 0x00, 0x00, 0x00, 0x00, 0x00, 0x00, 0x00, 0x00, 0x00, 0x00, 0x00,
  0x00, 0x00, 0x00, 0x00, 0x00, 0x00, 0x00, 0x00, 0x00, 0x00, 0x00, 0x00,
  0x00, 0x00, 0x00, 0x00, 0x00, 0x00, 0x00, 0x00, 0x00, 0x00, 0x00, 0x00,
  0x00, 0x00, 0x00, 0x00, 0x00, 0x00, 0x00, 0x00, 0x00, 0x00, 0x00, 0x00,
  0x00, 0x00, 0x00, 0x00, 0x00, 0x00, 0x00, 0x00, 0x00, 0x00, 0x00, 0x00,
  0x00, 0x00, 0x00, 0x00, 0x00, 0x00, 0x00, 0x00, 0x00, 0x00, 0x00, 0x00,
  0x00, 0x00, 0x00, 0x00, 0x00, 0x00, 0x00, 0x00, 0x00, 0x00, 0x00, 0x00,
  0x00, 0x00, 0x00, 0x00, 0x00, 0x00, 0x00, 0x00, 0x00, 0x00, 0x00, 0x00,
  0x00, 0x00, 0x00, 0x00, 0x00, 0x00, 0x00, 0x00, 0x00, 0x00, 0x00, 0x00,
  0x00, 0x00, 0x00, 0x00, 0x00, 0x00, 0x00, 0x00, 0x00, 0x00, 0x00, 0x00,
  0x00, 0x00, 0x00, 0x00, 0x00, 0x00, 0x00, 0x00, 0x00, 0x00, 0x00, 0x00,
  0x00, 0x00, 0x00, 0x00, 0x00, 0x00, 0x00, 0x00, 0x00, 0x00, 0x00, 0x00,
  0x00, 0x00, 0x00, 0x00, 0x00, 0x00, 0x00, 0x00, 0x00, 0x00, 0x00, 0x00,
  0x00, 0x00, 0x00, 0x00, 0x00, 0x00, 0x00, 0x00, 0x00, 0x00, 0x00, 0x00,
  0x00, 0x00, 0x00, 0x00, 0x00, 0x00, 0x00, 0x00, 0x00, 0x00, 0x00, 0x00,
  0x00, 0x00, 0x00, 0x00, 0x00, 0x00, 0x00, 0x00, 0x00, 0x00, 0x00, 0x00,
  0x00, 0x00, 0x00, 0x00, 0x00, 0x00, 0x00, 0x00, 0x00, 0x00, 0x00, 0x00,
  0x00, 0x00, 0x00, 0x00, 0x00, 0x00, 0x00, 0x00, 0x00, 0x00, 0x00, 0x00,
  0x00, 0x00, 0x00, 0x00, 0x00, 0x00, 0x00, 0x00, 0x00, 0x00, 0x00, 0x00,
  0x00, 0x00, 0x00, 0x00, 0x00, 0x00, 0x00, 0x00, 0x00, 0x00, 0x00, 0x00,
  0x00, 0x00, 0x00, 0x00, 0x00, 0x00, 0x00, 0x00, 0x00, 0x00, 0x00, 0x00,
  0x00, 0x00, 0x00, 0x00, 0x00, 0x00, 0x00, 0x00, 0x00, 0x00, 0x00, 0x00,
  0x00, 0x00, 0x00, 0x00, 0x00, 0x00, 0x00, 0x00, 0x00, 0x00, 0x00, 0x00,
  0x00, 0x00, 0x00, 0x00, 0x00, 0x00, 0x00, 0x00, 0x00, 0x00, 0x00, 0x00,
  0x00, 0x00, 0x00, 0x00, 0x00, 0x00, 0x00, 0x00, 0x00, 0x00, 0x00, 0x00,
  0x00, 0x00, 0x00, 0x00, 0x00, 0x00, 0x00, 0x00, 0x00, 0x00, 0x00, 0x00,
  0x00, 0x00, 0x00, 0x00, 0x00, 0x00, 0x00, 0x00, 0x00, 0x00, 0x00, 0x00,
  0x00, 0x00, 0x00, 0x00, 0x00, 0x00, 0x00, 0x00, 0x00, 0x00, 0x00, 0x00,
  0x00, 0x00, 0x00, 0x00, 0x00, 0x00, 0x00, 0x00, 0x00, 0x00, 0x00, 0x00,
  0x00, 0x00, 0x00, 0x00, 0x00, 0x00, 0x00, 0x00, 0x00, 0x00, 0x00, 0x00,
  0x00, 0x00, 0x00, 0x00, 0x00, 0x00, 0x00, 0x00, 0x00, 0x00, 0x00, 0x00,
  0x00, 0x00, 0x00, 0x00, 0x00, 0x00, 0x00, 0x00, 0x00, 0x00, 0x00, 0x00,
  0x00, 0x00, 0x00, 0x00, 0x00, 0x00, 0x00, 0x00, 0x00, 0x00, 0x00, 0x00,
  0x00, 0x00, 0x00, 0x00, 0x00, 0x00, 0x00, 0x00, 0x00, 0x00, 0x00, 0x00,
  0x00, 0x00, 0x00, 0x00, 0x00, 0x00, 0x00, 0x00, 0x00, 0x00, 0x00, 0x00,
  0x00, 0x00, 0x00, 0x00, 0x00, 0x00, 0x00, 0x00, 0x00, 0x00, 0x00, 0x00,
  0x00, 0x00, 0x00, 0x00, 0x00, 0x00, 0x00, 0x00, 0x00, 0x00, 0x00, 0x00,
  0x00, 0x00, 0x00, 0x00, 0x00, 0x00, 0x00, 0x00, 0x00, 0x00, 0x00, 0x00,
  0x00, 0x00, 0x00, 0x00, 0x00, 0x00, 0x00, 0x00, 0x00, 0x00, 0x00, 0x00,
  0x00, 0x00, 0x00, 0x00, 0x00, 0x00, 0x00, 0x00, 0x00, 0x00, 0x00, 0x00,
  0x00, 0x00, 0x00, 0x00, 0x00, 0x00, 0x00, 0x00, 0x00, 0x00, 0x00, 0x00,
  0x00, 0x00, 0x00, 0x00, 0x00, 0x00, 0x00, 0x00, 0x00, 0x00, 0x00, 0x00,
  0x00, 0x00, 0x00, 0x00, 0x00, 0x00, 0x00, 0x00, 0x00, 0x00, 0x00, 0x00,
  0x00, 0x00, 0x00, 0x00, 0x00, 0x00, 0x00, 0x00, 0x00, 0x00, 0x00, 0x00,
  0x00, 0x00, 0x00, 0x00, 0x00, 0x00, 0x00, 0x00, 0x00, 0x00, 0x00, 0x00,
  0x00, 0x00, 0x00, 0x00, 0x00, 0x00, 0x00, 0x00, 0x00, 0x00, 0x00, 0x00,
  0x00, 0x00, 0x00, 0x00, 0x00, 0x00, 0x00, 0x00, 0x00, 0x00, 0x00, 0x00,
  0x00, 0x00, 0x00, 0x00, 0x00, 0x00, 0x00, 0x00, 0x00, 0x00, 0x00, 0x00,
  0x00, 0x00, 0x00, 0x00, 0x00, 0x00, 0x00, 0x00, 0x00, 0x00, 0x00, 0x00,
  0x00, 0x00, 0x00, 0x00, 0x00, 0x00, 0x00, 0x00, 0x00, 0x00, 0x00, 0x00,
  0x00, 0x00, 0x00, 0x00, 0x00, 0x00, 0x00, 0x00, 0x00, 0x00, 0x00, 0x00,
  0x00, 0x00, 0x00, 0x00, 0x00, 0x00, 0x00, 0x00, 0x00, 0x00, 0x00, 0x00,
  0x00, 0x00, 0x00, 0x00, 0x00, 0x00, 0x00, 0x00, 0x00, 0x00, 0x00, 0x00,
  0x00, 0x00, 0x00, 0x00, 0x00, 0x00, 0x00, 0x00, 0x00, 0x00, 0x00, 0x00,
  0x00, 0x00, 0x00, 0x00, 0x00, 0x00, 0x00, 0x00, 0x00, 0x00, 0x00, 0x00,
  0x00, 0x00, 0x00, 0x00, 0x00, 0x00, 0x00, 0x00, 0x00, 0x00, 0x00, 0x00,
  0x00, 0x00, 0x00, 0x00, 0x00, 0x00, 0x00, 0x00, 0x00, 0x00, 0x00, 0x00,
  0x00, 0x00, 0x00, 0x00, 0x00, 0x00, 0x00, 0x00, 0x00, 0x00, 0x00, 0x00,
  0x00, 0x00, 0x00, 0x00, 0x00, 0x00, 0x00, 0x00, 0x00, 0x00, 0x00, 0x00,
  0x00, 0x00, 0x00, 0x00, 0x00, 0x00, 0x00, 0x00, 0x00, 0x00, 0x00, 0x00,
  0x00, 0x00, 0x00, 0x00, 0x00, 0x00, 0x00, 0x00, 0x00, 0x00, 0x00, 0x00,
  0x00, 0x00, 0x00, 0x00, 0x00, 0x00, 0x00, 0x00, 0x00, 0x00, 0x00, 0x00,
  0x00, 0x00, 0x00, 0x00, 0x00, 0x00, 0x00, 0x00, 0x00, 0x00, 0x00, 0x00,
  0x00, 0x00, 0x00, 0x00, 0x00, 0x00, 0x00, 0x00, 0x00, 0x00, 0x00, 0x00,
  0x00, 0x00, 0x00, 0x00, 0x00, 0x00, 0x00, 0x00, 0x00, 0x00, 0x00, 0x00,
  0x00, 0x00, 0x00, 0x00, 0x00, 0x00, 0x00, 0x00, 0x00, 0x00, 0x00, 0x00,
  0x00, 0x00, 0x00, 0x00, 0x00, 0x00, 0x00, 0x00, 0x00, 0x00, 0x00, 0x00,
  0x00, 0x00, 0x00, 0x00, 0x00, 0x00, 0x00, 0x00, 0x00, 0x00, 0x00, 0x00,
  0x00, 0x00, 0x00, 0x00, 0x00, 0x00, 0x00, 0x00, 0x00, 0x00, 0x00, 0x00,
  0x00, 0x00, 0x00, 0x00, 0x00, 0x00, 0x00, 0x00, 0x00, 0x00, 0x00, 0x00,
  0x00, 0x00, 0x00, 0x00, 0x00, 0x00, 0x00, 0x00, 0x00, 0x00, 0x00, 0x00,
  0x00, 0x00, 0x00, 0x00, 0x00, 0x00, 0x00, 0x00, 0x00, 0x00, 0x00, 0x00,
  0x00, 0x00, 0x00, 0x00, 0x00, 0x00, 0x00, 0x00, 0x00, 0x00, 0x00, 0x00,
  0x00, 0x00, 0x00, 0x00, 0x00, 0x00, 0x00, 0x00, 0x00, 0x00, 0x00, 0x00,
  0x00, 0x00, 0x00, 0x00, 0x00, 0x00, 0x00, 0x00, 0x00, 0x00, 0x00, 0x00,
  0x00, 0x00, 0x00, 0x00, 0x00, 0x00, 0x00, 0x00, 0x00, 0x00, 0x00, 0x00,
  0x00, 0x00, 0x00, 0x00, 0x00, 0x00, 0x00, 0x00, 0x00, 0x00, 0x00, 0x00,
  0x00, 0x00, 0x00, 0x00, 0x00, 0x00, 0x00, 0x00, 0x00, 0x00, 0x00, 0x00,
  0x00, 0x00, 0x00, 0x00, 0x00, 0x00, 0x00, 0x00, 0x00, 0x00, 0x00, 0x00,
  0x00, 0x00, 0x00, 0x00, 0x00, 0x00, 0x00, 0x00, 0x00, 0x00, 0x00, 0x00,
  0x00, 0x00, 0x00, 0x00, 0x00, 0x00, 0x00, 0x00, 0x00, 0x00, 0x00, 0x00,
  0x00, 0x00, 0x00, 0x00, 0x00, 0x00, 0x00, 0x00, 0x00, 0x00, 0x00, 0x00,
  0x00, 0x00, 0x00, 0x00, 0x00, 0x00, 0x00, 0x00, 0x00, 0x00, 0x00, 0x00,
  0x00, 0x00, 0x00, 0x00, 0x00, 0x00, 0x00, 0x00, 0x00, 0x00, 0x00, 0x00,
  0x00, 0x00, 0x00, 0x00, 0x00, 0x00, 0x00, 0x00, 0x00, 0x00, 0x00, 0x00,
  0x00, 0x00, 0x00, 0x00, 0x00, 0x00, 0x00, 0x00, 0x00, 0x00, 0x00, 0x00,
  0x00, 0x00, 0x00, 0x00, 0x00, 0x00, 0x00, 0x00, 0x00, 0x00, 0x00, 0x00,
  0x00, 0x00, 0x00, 0x00, 0x00, 0x00, 0x00, 0x00, 0x00, 0x00, 0x00, 0x00,
  0x00, 0x00, 0x00, 0x00, 0x00, 0x00, 0x00, 0x00, 0x00, 0x00, 0x00, 0x00,
  0x00, 0x00, 0x00, 0x00, 0x00, 0x00, 0x00, 0x00, 0x00, 0x00, 0x00, 0x00,
  0x00, 0x00, 0x00, 0x00, 0x00, 0x00, 0x00, 0x00, 0x00, 0x00, 0x00, 0x00,
  0x00, 0x00, 0x00, 0x00, 0x00, 0x00, 0x00, 0x00, 0x00, 0x00, 0x00, 0x00,
  0x00, 0x00, 0x00, 0x00, 0x00, 0x00, 0x00, 0x00, 0x00, 0x00, 0x00, 0x00,
  0x00, 0x00, 0x00, 0x00, 0x00, 0x00, 0x00, 0x00, 0x00, 0x00, 0x00, 0x00,
  0x00, 0x00, 0x00, 0x00, 0x00, 0x00, 0x00, 0x00, 0x00, 0x00, 0x00, 0x00,
  0x00, 0x00, 0x00, 0x00, 0x00, 0x00, 0x00, 0x00, 0x00, 0x00, 0x00, 0x00,
  0x00, 0x00, 0x00, 0x00, 0x00, 0x00, 0x00, 0x00, 0x00, 0x00, 0x00, 0x00,
  0x00, 0x00, 0x00, 0x00, 0x00, 0x00, 0x00, 0x00, 0x00, 0x00, 0x00, 0x00,
  0x00, 0x00, 0x00, 0x00, 0x00, 0x00, 0x00, 0x00, 0x00, 0x00, 0x00, 0x00,
  0x00, 0x00, 0x00, 0x00, 0x00, 0x00, 0x00, 0x00, 0x00, 0x00, 0x00, 0x00,
  0x00, 0x00, 0x00, 0x00, 0x00, 0x00, 0x00, 0x00, 0x00, 0x00, 0x00, 0x00,
  0x00, 0x00, 0x00, 0x00, 0x00, 0x00, 0x00, 0x00, 0x00, 0x00, 0x00, 0x00,
  0x00, 0x00, 0x00, 0x00, 0x00, 0x00, 0x00, 0x00, 0x00, 0x00, 0x00, 0x00,
  0x00, 0x00, 0x00, 0x00, 0x00, 0x00, 0x00, 0x00, 0x00, 0x00, 0x00, 0x00,
  0x00, 0x00, 0x00, 0x00, 0x00, 0x00, 0x00, 0x00, 0x00, 0x00, 0x00, 0x00,
  0x00, 0x00, 0x00, 0x00, 0x00, 0x00, 0x00, 0x00, 0x00, 0x00, 0x00, 0x00,
  0x00, 0x00, 0x00, 0x00, 0x00, 0x00, 0x00, 0x00, 0x00, 0x00, 0x00, 0x00,
  0x00, 0x00, 0x00, 0x00, 0x00, 0x00, 0x00, 0x00, 0x00, 0x00, 0x00, 0x00,
  0x00, 0x00, 0x00, 0x00, 0x00, 0x00, 0x00, 0x00, 0x00, 0x00, 0x00, 0x00,
  0x00, 0x00, 0x00, 0x00, 0x00, 0x00, 0x00, 0x00, 0x00, 0x00, 0x00, 0x00,
  0x00, 0x00, 0x00, 0x00, 0x00, 0x00, 0x00, 0x00, 0x00, 0x00, 0x00, 0x00,
  0x00, 0x00, 0x00, 0x00, 0x00, 0x00, 0x00, 0x00, 0x00, 0x00, 0x00, 0x00,
  0x00, 0x00, 0x00, 0x00, 0x00, 0x00, 0x00, 0x00, 0x00, 0x00, 0x00, 0x00,
  0x00, 0x00, 0x00, 0x00, 0x00, 0x00, 0x00, 0x00, 0x00, 0x00, 0x00, 0x00,
  0x00, 0x00, 0x00, 0x00, 0x00, 0x00, 0x00, 0x00, 0x00, 0x00, 0x00, 0x00,
  0x00, 0x00, 0x00, 0x00, 0x00, 0x00, 0x00, 0x00, 0x00, 0x00, 0x00, 0x00,
  0x00, 0x00, 0x00, 0x00, 0x00, 0x00, 0x00, 0x00, 0x00, 0x00, 0x00, 0x00,
  0x00, 0x00, 0x00, 0x00, 0x00, 0x00, 0x00, 0x00, 0x00, 0x00, 0x00, 0x00,
  0x00, 0x00, 0x00, 0x00, 0x00, 0x00, 0x00, 0x00, 0x00, 0x00, 0x00, 0x00,
  0x00, 0x00, 0x00, 0x00, 0x00, 0x00, 0x00, 0x00, 0x00, 0x00, 0x00, 0x00,
  0x00, 0x00, 0x00, 0x00, 0x00, 0x00, 0x00, 0x00, 0x00, 0x00, 0x00, 0x00,
  0x00, 0x00, 0x00, 0x00, 0x00, 0x00, 0x00, 0x00, 0x00, 0x00, 0x00, 0x00,
  0x00, 0x00, 0x00, 0x00, 0x00, 0x00, 0x00, 0x00, 0x00, 0x00, 0x00, 0x00,
  0x00, 0x00, 0x00, 0x00, 0x00, 0x00, 0x00, 0x00, 0x00, 0x00, 0x00, 0x00,
  0x00, 0x00, 0x00, 0x00, 0x00, 0x00, 0x00, 0x00, 0x00, 0x00, 0x00, 0x00,
  0x00, 0x00, 0x00, 0x00, 0x00, 0x00, 0x00, 0x00, 0x00, 0x00, 0x00, 0x00,
  0x00, 0x00, 0x00, 0x00, 0x00, 0x00, 0x00, 0x00, 0x00, 0x00, 0x00, 0x00,
  0x00, 0x00, 0x00, 0x00, 0x00, 0x00, 0x00, 0x00, 0x00, 0x00, 0x00, 0x00,
  0x00, 0x00, 0x00, 0x00, 0x00, 0x00, 0x00, 0x00, 0x00, 0x00, 0x00, 0x00,
  0x00, 0x00, 0x00, 0x00, 0x00, 0x00, 0x00, 0x00, 0x00, 0x00, 0x00, 0x00,
  0x00, 0x00, 0x00, 0x00, 0x00, 0x00, 0x00, 0x00, 0x00, 0x00, 0x00, 0x00,
  0x00, 0x00, 0x00, 0x00, 0x00, 0x00, 0x00, 0x00, 0x00, 0x00, 0x00, 0x00,
  0x00, 0x00, 0x00, 0x00, 0x00, 0x00, 0x00, 0x00, 0x00, 0x00, 0x00, 0x00,
  0x00, 0x00, 0x00, 0x00, 0x00, 0x00, 0x00, 0x00, 0x00, 0x00, 0x00, 0x00,
  0x00, 0x00, 0x00, 0x00, 0x00, 0x00, 0x00, 0x00, 0x00, 0x00, 0x00, 0x00,
  0x00, 0x00, 0x00, 0x00, 0x00, 0x00, 0x00, 0x00, 0x00, 0x00, 0x00, 0x00,
  0x00, 0x00, 0x00, 0x00, 0x00, 0x00, 0x00, 0x00, 0x00, 0x00, 0x00, 0x00,
  0x00, 0x00, 0x00, 0x00, 0x00, 0x00, 0x00, 0x00, 0x00, 0x00, 0x00, 0x00,
  0x00, 0x00, 0x00, 0x00, 0x00, 0x00, 0x00, 0x00, 0x00, 0x00, 0x00, 0x00,
  0x00, 0x00, 0x00, 0x00, 0x00, 0x00, 0x00, 0x00, 0x00, 0x00, 0x00, 0x00,
  0x00, 0x00, 0x00, 0x00, 0x00, 0x00, 0x00, 0x00, 0x00, 0x00, 0x00, 0x00,
  0x00, 0x00, 0x00, 0x00, 0x00, 0x00, 0x00, 0x00, 0x00, 0x00, 0x00, 0x00,
  0x00, 0x00, 0x00, 0x00, 0x00, 0x00, 0x00, 0x00, 0x00, 0x00, 0x00, 0x00,
  0x00, 0x00, 0x00, 0x00, 0x00, 0x00, 0x00, 0x00, 0x00, 0x00, 0x00, 0x00,
  0x00, 0x00, 0x00, 0x00, 0x00, 0x00, 0x00, 0x00, 0x00, 0x00, 0x00, 0x00,
  0x00, 0x00, 0x00, 0x00, 0x00, 0x00, 0x00, 0x00, 0x00, 0x00, 0x00, 0x00,
  0x00, 0x00, 0x00, 0x00, 0x00, 0x00, 0x00, 0x00, 0x00, 0x00, 0x00, 0x00,
  0x00, 0x00, 0x00, 0x00, 0x00, 0x00, 0x00, 0x00, 0x00, 0x00, 0x00, 0x00,
  0x00, 0x00, 0x00, 0x00, 0x00, 0x00, 0x00, 0x00, 0x00, 0x00, 0x00, 0x00,
  0x00, 0x00, 0x00, 0x00, 0x00, 0x00, 0x00, 0x00, 0x00, 0x00, 0x00, 0x00,
  0x00, 0x00, 0x00, 0x00, 0x00, 0x00, 0x00, 0x00, 0x00, 0x00, 0x00, 0x00,
  0x00, 0x00, 0x00, 0x00, 0x00, 0x00, 0x00, 0x00, 0x00, 0x00, 0x00, 0x00,
  0x00, 0x00, 0x00, 0x00, 0x00, 0x00, 0x00, 0x00, 0x00, 0x00, 0x00, 0x00,
  0x00, 0x00, 0x00, 0x00, 0x00, 0x00, 0x00, 0x00, 0x00, 0x00, 0x00, 0x00,
  0x00, 0x00, 0x00, 0x00, 0x00, 0x00, 0x00, 0x00, 0x00, 0x00, 0x00, 0x00,
  0x00, 0x00, 0x00, 0x00, 0x00, 0x00, 0x00, 0x00, 0x00, 0x00, 0x00, 0x00,
  0x00, 0x00, 0x00, 0x00, 0x00, 0x00, 0x00, 0x00, 0x00, 0x00, 0x00, 0x00,
  0x00, 0x00, 0x00, 0x00, 0x00, 0x00, 0x00, 0x00, 0x00, 0x00, 0x00, 0x00,
  0x00, 0x00, 0x00, 0x00, 0x00, 0x00, 0x00, 0x00, 0x00, 0x00, 0x00, 0x00,
  0x00, 0x00, 0x00, 0x00, 0x00, 0x00, 0x00, 0x00, 0x00, 0x00, 0x00, 0x00,
  0x00, 0x00, 0x00, 0x00, 0x00, 0x00, 0x00, 0x00, 0x00, 0x00, 0x00, 0x00,
  0x00, 0x00, 0x00, 0x00, 0x00, 0x00, 0x00, 0x00, 0x00, 0x00, 0x00, 0x00,
  0x00, 0x00, 0x00, 0x00, 0x00, 0x00, 0x00, 0x00, 0x00, 0x00, 0x00, 0x00,
  0x00, 0x00, 0x00, 0x00, 0x00, 0x00, 0x00, 0x00, 0x00, 0x00, 0x00, 0x00,
  0x00, 0x00, 0x00, 0x00, 0x00, 0x00, 0x00, 0x00, 0x00, 0x00, 0x00, 0x00,
  0x00, 0x00, 0x00, 0x00, 0x00, 0x00, 0x00, 0x00, 0x00, 0x00, 0x00, 0x00,
  0x00, 0x00, 0x00, 0x00, 0x00, 0x00, 0x00, 0x00, 0x00, 0x00, 0x00, 0x00,
  0x00, 0x00, 0x00, 0x00, 0x00, 0x00, 0x00, 0x00, 0x00, 0x00, 0x00, 0x00,
  0x00, 0x00, 0x00, 0x00, 0x00, 0x00, 0x00, 0x00, 0x00, 0x00, 0x00, 0x00,
  0x00, 0x00, 0x00, 0x00, 0x00, 0x00, 0x00, 0x00, 0x00, 0x00, 0x00, 0x00,
  0x00, 0x00, 0x00, 0x00, 0x00, 0x00, 0x00, 0x00, 0x00, 0x00, 0x00, 0x00,
  0x00, 0x00, 0x00, 0x00, 0x00, 0x00, 0x00, 0x00, 0x00, 0x00, 0x00, 0x00,
  0x00, 0x00, 0x00, 0x00, 0x00, 0x00, 0x00, 0x00, 0x00, 0x00, 0x00, 0x00,
  0x00, 0x00, 0x00, 0x00, 0x00, 0x00, 0x00, 0x00, 0x00, 0x00, 0x00, 0x00,
  0x00, 0x00, 0x00, 0x00, 0x00, 0x00, 0x00, 0x00, 0x00, 0x00, 0x00, 0x00,
  0x00, 0x00, 0x00, 0x00, 0x00, 0x00, 0x00, 0x00, 0x00, 0x00, 0x00, 0x00,
  0x00, 0x00, 0x00, 0x00, 0x00, 0x00, 0x00, 0x00, 0x00, 0x00, 0x00, 0x00,
  0x00, 0x00, 0x00, 0x00, 0x00, 0x00, 0x00, 0x00, 0x00, 0x00, 0x00, 0x00,
  0x00, 0x00, 0x00, 0x00, 0x00, 0x00, 0x00, 0x00, 0x00, 0x00, 0x00, 0x00,
  0x00, 0x00, 0x00, 0x00, 0x00, 0x00, 0x00, 0x00, 0x00, 0x00, 0x00, 0x00,
  0x00, 0x00, 0x00, 0x00, 0x00, 0x00, 0x00, 0x00, 0x00, 0x00, 0x00, 0x00,
  0x00, 0x00, 0x00, 0x00, 0x00, 0x00, 0x00, 0x00, 0x00, 0x00, 0x00, 0x00,
  0x00, 0x00, 0x00, 0x00, 0x00, 0x00, 0x00, 0x00, 0x00, 0x00, 0x00, 0x00,
  0x00, 0x00, 0x00, 0x00, 0x00, 0x00, 0x00, 0x00, 0x00, 0x00, 0x00, 0x00,
  0x00, 0x00, 0x00, 0x00, 0x00, 0x00, 0x00, 0x00, 0x00, 0x00, 0x00, 0x00,
  0x00, 0x00, 0x00, 0x00, 0x00, 0x00, 0x00, 0x00, 0x00, 0x00, 0x00, 0x00,
  0x00, 0x00, 0x00, 0x00, 0x00, 0x00, 0x00, 0x00, 0x00, 0x00, 0x00, 0x00,
  0x00, 0x00, 0x00, 0x00, 0x00, 0x00, 0x00, 0x00, 0x00, 0x00, 0x00, 0x00,
  0x00, 0x00, 0x00, 0x00, 0x00, 0x00, 0x00, 0x00, 0x00, 0x00, 0x00, 0x00,
  0x00, 0x00, 0x00, 0x00, 0x00, 0x00, 0x00, 0x00, 0x00, 0x00, 0x00, 0x00,
  0x00, 0x00, 0x00, 0x00, 0x00, 0x00, 0x00, 0x00, 0x00, 0x00, 0x00, 0x00,
  0x00, 0x00, 0x00, 0x00, 0x00, 0x00, 0x00, 0x00, 0x00, 0x00, 0x00, 0x00,
  0x00, 0x00, 0x00, 0x00, 0x00, 0x00, 0x00, 0x00, 0x00, 0x00, 0x00, 0x00,
  0x00, 0x00, 0x00, 0x00, 0x00, 0x00, 0x00, 0x00, 0x00, 0x00, 0x00, 0x00,
  0x00, 0x00, 0x00, 0x00, 0x00, 0x00, 0x00, 0x00, 0x00, 0x00, 0x00, 0x00,
  0x00, 0x00, 0x00, 0x00, 0x00, 0x00, 0x00, 0x00, 0x00, 0x00, 0x00, 0x00,
  0x00, 0x00, 0x00, 0x00, 0x00, 0x00, 0x00, 0x00, 0x00, 0x00, 0x00, 0x00,
  0x00, 0x00, 0x00, 0x00, 0x00, 0x00, 0x00, 0x00, 0x00, 0x00, 0x00, 0x00,
  0x00, 0x00, 0x00, 0x00, 0x00, 0x00, 0x00, 0x00, 0x00, 0x00, 0x00, 0x00,
  0x00, 0x00, 0x00, 0x00, 0x00, 0x00, 0x00, 0x00, 0x00, 0x00, 0x00, 0x00,
  0x00, 0x00, 0x00, 0x00, 0x00, 0x00, 0x00, 0x00, 0x00, 0x00, 0x00, 0x00,
  0x00, 0x00, 0x00, 0x00, 0x00, 0x00, 0x00, 0x00, 0x00, 0x00, 0x00, 0x00,
  0x00, 0x00, 0x00, 0x00, 0x00, 0x00, 0x00, 0x00, 0x00, 0x00, 0x00, 0x00,
  0x00, 0x00, 0x00, 0x00, 0x00, 0x00, 0x00, 0x00, 0x00, 0x00, 0x00, 0x00,
  0x00, 0x00, 0x00, 0x00, 0x00, 0x00, 0x00, 0x00, 0x00, 0x00, 0x00, 0x00,
  0x00, 0x00, 0x00, 0x00, 0x00, 0x00, 0x00, 0x00, 0x00, 0x00, 0x00, 0x00,
  0x00, 0x00, 0x00, 0x00, 0x00, 0x00, 0x00, 0x00, 0x00, 0x00, 0x00, 0x00,
  0x00, 0x00, 0x00, 0x00, 0x00, 0x00, 0x00, 0x00, 0x00, 0x00, 0x00, 0x00,
  0x00, 0x00, 0x00, 0x00, 0x00, 0x00, 0x00, 0x00, 0x00, 0x00, 0x00, 0x00,
  0x00, 0x00, 0x00, 0x00, 0x00, 0x00, 0x00, 0x00, 0x00, 0x00, 0x00, 0x00,
  0x00, 0x00, 0x00, 0x00, 0x00, 0x00, 0x00, 0x00, 0x00, 0x00, 0x00, 0x00,
  0x00, 0x00, 0x00, 0x00, 0x00, 0x00, 0x00, 0x00, 0x00, 0x00, 0x00, 0x00,
  0x00, 0x00, 0x00, 0x00, 0x00, 0x00, 0x00, 0x00, 0x00, 0x00, 0x00, 0x00,
  0x00, 0x00, 0x00, 0x00, 0x00, 0x00, 0x00, 0x00, 0x00, 0x00, 0x00, 0x00,
  0x00, 0x00, 0x00, 0x00, 0x00, 0x00, 0x00, 0x00, 0x00, 0x00, 0x00, 0x00,
  0x00, 0x00, 0x00, 0x00, 0x00, 0x00, 0x00, 0x00, 0x00, 0x00, 0x00, 0x00,
  0x00, 0x00, 0x00, 0x00, 0x00, 0x00, 0x00, 0x00, 0x00, 0x00, 0x00, 0x00,
  0x00, 0x00, 0x00, 0x00, 0x00, 0x00, 0x00, 0x00, 0x00, 0x00, 0x00, 0x00,
  0x00, 0x00, 0x00, 0x00, 0x00, 0x00, 0x00, 0x00, 0x00, 0x00, 0x00, 0x00,
  0x00, 0x00, 0x00, 0x00, 0x00, 0x00, 0x00, 0x00, 0x00, 0x00, 0x00, 0x00,
  0x00, 0x00, 0x00, 0x00, 0x00, 0x00, 0x00, 0x00, 0x00, 0x00, 0x00, 0x00,
  0x00, 0x00, 0x00, 0x00, 0x00, 0x00, 0x00, 0x00, 0x00, 0x00, 0x00, 0x00,
  0x00, 0x00, 0x00, 0x00, 0x00, 0x00, 0x00, 0x00, 0x00, 0x00, 0x00, 0x00,
  0x00, 0x00, 0x00, 0x00, 0x00, 0x00, 0x00, 0x00, 0x00, 0x00, 0x00, 0x00,
  0x00, 0x00, 0x00, 0x00, 0x00, 0x00, 0x00, 0x00, 0x00, 0x00, 0x00, 0x00,
  0x00, 0x00, 0x00, 0x00, 0x00, 0x00, 0x00, 0x00, 0x00, 0x00, 0x00, 0x00,
  0x00, 0x00, 0x00, 0x00, 0x00, 0x00, 0x00, 0x00, 0x00, 0x00, 0x00, 0x00,
  0x00, 0x00, 0x00, 0x00, 0x00, 0x00, 0x00, 0x00, 0x00, 0x00, 0x00, 0x00,
  0x00, 0x00, 0x00, 0x00, 0x00, 0x00, 0x00, 0x00, 0x00, 0x00, 0x00, 0x00,
  0x00, 0x00, 0x00, 0x00, 0x00, 0x00, 0x00, 0x00, 0x00, 0x00, 0x00, 0x00,
  0x00, 0x00, 0x00, 0x00, 0x00, 0x00, 0x00, 0x00, 0x00, 0x00, 0x00, 0x00,
  0x00, 0x00, 0x00, 0x00, 0x00, 0x00, 0x00, 0x00, 0x00, 0x00, 0x00, 0x00,
  0x00, 0x00, 0x00, 0x00, 0x00, 0x00, 0x00, 0x00, 0x00, 0x00, 0x00, 0x00,
  0x00, 0x00, 0x00, 0x00, 0x00, 0x00, 0x00, 0x00, 0x00, 0x00, 0x00, 0x00,
  0x00, 0x00, 0x00, 0x00, 0x00, 0x00, 0x00, 0x00, 0x00, 0x00, 0x00, 0x00,
  0x00, 0x00, 0x00, 0x00, 0x00, 0x00, 0x00, 0x00, 0x00, 0x00, 0x00, 0x00,
  0x00, 0x00, 0x00, 0x00, 0x00, 0x00, 0x00, 0x00, 0x00, 0x00, 0x00, 0x00,
  0x00, 0x00, 0x00, 0x00, 0x00, 0x00, 0x00, 0x00, 0x00, 0x00, 0x00, 0x00,
  0x00, 0x00, 0x00, 0x00, 0x00, 0x00, 0x00, 0x00, 0x00, 0x00, 0x00, 0x00,
  0x00, 0x00, 0x00, 0x00, 0x00, 0x00, 0x00, 0x00, 0x00, 0x00, 0x00, 0x00,
  0x00, 0x00, 0x00, 0x00, 0x00, 0x00, 0x00, 0x00, 0x00, 0x00, 0x00, 0x00,
  0x00, 0x00, 0x00, 0x00, 0x00, 0x00, 0x00, 0x00, 0x00, 0x00, 0x00, 0x00,
  0x00, 0x00, 0x00, 0x00, 0x00, 0x00, 0x00, 0x00, 0x00, 0x00, 0x00, 0x00,
  0x00, 0x00, 0x00, 0x00, 0x00, 0x00, 0x00, 0x00, 0x00, 0x00, 0x00, 0x00,
  0x00, 0x00, 0x00, 0x00, 0x00, 0x00, 0x00, 0x00, 0x00, 0x00, 0x00, 0x00,
  0x00, 0x00, 0x00, 0x00, 0x00, 0x00, 0x00, 0x00, 0x00, 0x00, 0x00, 0x00,
  0x00, 0x00, 0x00, 0x00, 0x00, 0x00, 0x00, 0x00, 0x00, 0x00, 0x00, 0x00,
  0x00, 0x00, 0x00, 0x00, 0x00, 0x00, 0x00, 0x00, 0x00, 0x00, 0x00, 0x00,
  0x00, 0x00, 0x00, 0x00, 0x00, 0x00, 0x00, 0x00, 0x00, 0x00, 0x00, 0x00,
  0x00, 0x00, 0x00, 0x00, 0x00, 0x00, 0x00, 0x00, 0x00, 0x00, 0x00, 0x00,
  0x00, 0x00, 0x00, 0x00, 0x00, 0x00, 0x00, 0x00, 0x00, 0x00, 0x00, 0x00,
  0x00, 0x00, 0x00, 0x00, 0x00, 0x00, 0x00, 0x00, 0x00, 0x00, 0x00, 0x00,
  0x00, 0x00, 0x00, 0x00, 0x00, 0x00, 0x00, 0x00, 0x00, 0x00, 0x00, 0x00,
  0x00, 0x00, 0x00, 0x00, 0x00, 0x00, 0x00, 0x00, 0x00, 0x00, 0x00, 0x00,
  0x00, 0x00, 0x00, 0x00, 0x00, 0x00, 0x00, 0x00, 0x00, 0x00, 0x00, 0x00,
  0x00, 0x00, 0x00, 0x00, 0x00, 0x00, 0x00, 0x00, 0x00, 0x00, 0x00, 0x00,
  0x00, 0x00, 0x00, 0x00, 0x00, 0x00, 0x00, 0x00, 0x00, 0x00, 0x00, 0x00,
  0x00, 0x00, 0x00, 0x00, 0x00, 0x00, 0x00, 0x00, 0x00, 0x00, 0x00, 0x00,
  0x00, 0x00, 0x00, 0x00, 0x00, 0x00, 0x00, 0x00, 0x00, 0x00, 0x00, 0x00,
  0x00, 0x00, 0x00, 0x00, 0x00, 0x00, 0x00, 0x00, 0x00, 0x00, 0x00, 0x00,
  0x00, 0x00, 0x00, 0x00, 0x00, 0x00, 0x00, 0x00, 0x00, 0x00, 0x00, 0x00,
  0x00, 0x00, 0x00, 0x00, 0x00, 0x00, 0x00, 0x00, 0x00, 0x00, 0x00, 0x00,
  0x00, 0x00, 0x00, 0x00, 0x00, 0x00, 0x00, 0x00, 0x00, 0x00, 0x00, 0x00,
  0x00, 0x00, 0x00, 0x00, 0x00, 0x00, 0x00, 0x00, 0x00, 0x00, 0x00, 0x00,
  0x00, 0x00, 0x00, 0x00, 0x00, 0x00, 0x00, 0x00, 0x00, 0x00, 0x00, 0x00,
  0x00, 0x00, 0x00, 0x00, 0x00, 0x00, 0x00, 0x00, 0x00, 0x00, 0x00, 0x00,
  0x00, 0x00, 0x00, 0x00, 0x00, 0x00, 0x00, 0x00, 0x00, 0x00, 0x00, 0x00,
  0x00, 0x00, 0x00, 0x00, 0x00, 0x00, 0x00, 0x00, 0x00, 0x00, 0x00, 0x00,
  0x00, 0x00, 0x00, 0x00, 0x00, 0x00, 0x00, 0x00, 0x00, 0x00, 0x00, 0x00,
  0x00, 0x00, 0x00, 0x00, 0x00, 0x00, 0x00, 0x00, 0x00, 0x00, 0x00, 0x00,
  0x00, 0x00, 0x00, 0x00, 0x00, 0x00, 0x00, 0x00, 0x00, 0x00, 0x00, 0x00,
  0x00, 0x00, 0x00, 0x00, 0x00, 0x00, 0x00, 0x00, 0x00, 0x00, 0x00, 0x00,
  0x00, 0x00, 0x00, 0x00, 0x00, 0x00, 0x00, 0x00, 0x00, 0x00, 0x00, 0x00,
  0x00, 0x00, 0x00, 0x00, 0x00, 0x00, 0x00, 0x00, 0x00, 0x00, 0x00, 0x00,
  0x00, 0x00, 0x00, 0x00, 0x00, 0x00, 0x00, 0x00, 0x00, 0x00, 0x00, 0x00,
  0x00, 0x00, 0x00, 0x00, 0x00, 0x00, 0x00, 0x00, 0x00, 0x00, 0x00, 0x00,
  0x00, 0x00, 0x00, 0x00, 0x00, 0x00, 0x00, 0x00, 0x00, 0x00, 0x00, 0x00,
  0x00, 0x00, 0x00, 0x00, 0x00, 0x00, 0x00, 0x00, 0x00, 0x00, 0x00, 0x00,
  0x00, 0x00, 0x00, 0x00, 0x00, 0x00, 0x00, 0x00, 0x00, 0x00, 0x00, 0x00,
  0x00, 0x00, 0x00, 0x00, 0x00, 0x00, 0x00, 0x00, 0x00, 0x00, 0x00, 0x00,
  0x00, 0x00, 0x00, 0x00, 0x00, 0x00, 0x00, 0x00, 0x00, 0x00, 0x00, 0x00,
  0x00, 0x00, 0x00, 0x00, 0x00, 0x00, 0x00, 0x00, 0x00, 0x00, 0x00, 0x00,
  0x00, 0x00, 0x00, 0x00, 0x00, 0x00, 0x00, 0x00, 0x00, 0x00, 0x00, 0x00,
  0x00, 0x00, 0x00, 0x00, 0x00, 0x00, 0x00, 0x00, 0x00, 0x00, 0x00, 0x00,
  0x00, 0x00, 0x00, 0x00, 0x00, 0x00, 0x00, 0x00, 0x00, 0x00, 0x00, 0x00,
  0x00, 0x00, 0x00, 0x00, 0x00, 0x00, 0x00, 0x00, 0x00, 0x00, 0x00, 0x00,
  0x00, 0x00, 0x00, 0x00, 0x00, 0x00, 0x00, 0x00, 0x00, 0x00, 0x00, 0x00,
  0x00, 0x00, 0x00, 0x00, 0x00, 0x00, 0x00, 0x00, 0x00, 0x00, 0x00, 0x00,
  0x00, 0x00, 0x00, 0x00, 0x00, 0x00, 0x00, 0x00, 0x00, 0x00, 0x00, 0x00,
  0x00, 0x00, 0x00, 0x00, 0x00, 0x00, 0x00, 0x00, 0x00, 0x00, 0x00, 0x00,
  0x00, 0x00, 0x00, 0x00, 0x00, 0x00, 0x00, 0x00, 0x00, 0x00, 0x00, 0x00,
  0x00, 0x00, 0x00, 0x00, 0x00, 0x00, 0x00, 0x00, 0x00, 0x00, 0x00, 0x00,
  0x00, 0x00, 0x00, 0x00, 0x00, 0x00, 0x00, 0x00, 0x00, 0x00, 0x00, 0x00,
  0x00, 0x00, 0x00, 0x00, 0x00, 0x00, 0x00, 0x00, 0x00, 0x00, 0x00, 0x00,
  0x00, 0x00, 0x00, 0x00, 0x00, 0x00, 0x00, 0x00, 0x00, 0x00, 0x00, 0x00,
  0x00, 0x00, 0x00, 0x00, 0x00, 0x00, 0x00, 0x00, 0x00, 0x00, 0x00, 0x00,
  0x00, 0x00, 0x00, 0x00, 0x00, 0x00, 0x00, 0x00, 0x00, 0x00, 0x00, 0x00,
  0x00, 0x00, 0x00, 0x00, 0x00, 0x00, 0x00, 0x00, 0x00, 0x00, 0x00, 0x00,
  0x00, 0x00, 0x00, 0x00, 0x00, 0x00, 0x00, 0x00, 0x00, 0x00, 0x00, 0x00,
  0x00, 0x00, 0x00, 0x00, 0x00, 0x00, 0x00, 0x00, 0x00, 0x00, 0x00, 0x00,
  0x00, 0x00, 0x00, 0x00, 0x00, 0x00, 0x00, 0x00, 0x00, 0x00, 0x00, 0x00,
  0x00, 0x00, 0x00, 0x00, 0x00, 0x00, 0x00, 0x00, 0x00, 0x00, 0x00, 0x00,
  0x00, 0x00, 0x00, 0x00, 0x00, 0x00, 0x00, 0x00, 0x00, 0x00, 0x00, 0x00,
  0x00, 0x00, 0x00, 0x00, 0x00, 0x00, 0x00, 0x00, 0x00, 0x00, 0x00, 0x00,
  0x00, 0x00, 0x00, 0x00, 0x00, 0x00, 0x00, 0x00, 0x00, 0x00, 0x00, 0x00,
  0x00, 0x00, 0x00, 0x00, 0x00, 0x00, 0x00, 0x00, 0x00, 0x00, 0x00, 0x00,
  0x00, 0x00, 0x00, 0x00, 0x00, 0x00, 0x00, 0x00, 0x00, 0x00, 0x00, 0x00,
  0x00, 0x00, 0x00, 0x00, 0x00, 0x00, 0x00, 0x00, 0x00, 0x00, 0x00, 0x00,
  0x00, 0x00, 0x00, 0x00, 0x00, 0x00, 0x00, 0x00, 0x00, 0x00, 0x00, 0x00,
  0x00, 0x00, 0x00, 0x00, 0x00, 0x00, 0x00, 0x00, 0x00, 0x00, 0x00, 0x00,
  0x00, 0x00, 0x00, 0x00, 0x00, 0x00, 0x00, 0x00, 0x00, 0x00, 0x00, 0x00,
  0x00, 0x00, 0x00, 0x00, 0x00, 0x00, 0x00, 0x00, 0x00, 0x00, 0x00, 0x00,
  0x00, 0x00, 0x00, 0x00, 0x00, 0x00, 0x00, 0x00, 0x00, 0x00, 0x00, 0x00,
  0x00, 0x00, 0x00, 0x00, 0x00, 0x00, 0x00, 0x00, 0x00, 0x00, 0x00, 0x00,
  0x00, 0x00, 0x00, 0x00, 0x00, 0x00, 0x00, 0x00, 0x00, 0x00, 0x00, 0x00,
  0x00, 0x00, 0x00, 0x00, 0x00, 0x00, 0x00, 0x00, 0x00, 0x00, 0x00, 0x00,
  0x00, 0x00, 0x00, 0x00, 0x00, 0x00, 0x00, 0x00, 0x00, 0x00, 0x00, 0x00,
  0x00, 0x00, 0x00, 0x00, 0x00, 0x00, 0x00, 0x00, 0x00, 0x00, 0x00, 0x00,
  0x00, 0x00, 0x00, 0x00, 0x00, 0x00, 0x00, 0x00, 0x00, 0x00, 0x00, 0x00,
  0x00, 0x00, 0x00, 0x00, 0x00, 0x00, 0x00, 0x00, 0x00, 0x00, 0x00, 0x00,
  0x00, 0x00, 0x00, 0x00, 0x00, 0x00, 0x00, 0x00, 0x00, 0x00, 0x00, 0x00,
  0x00, 0x00, 0x00, 0x00, 0x00, 0x00, 0x00, 0x00, 0x00, 0x00, 0x00, 0x00,
  0x00, 0x00, 0x00, 0x00, 0x00, 0x00, 0x00, 0x00, 0x00, 0x00, 0x00, 0x00,
  0x00, 0x00, 0x00, 0x00, 0x00, 0x00, 0x00, 0x00, 0x00, 0x00, 0x00, 0x00,
  0x00, 0x00, 0x00, 0x00, 0x00, 0x00, 0x00, 0x00, 0x00, 0x00, 0x00, 0x00,
  0x00, 0x00, 0x00, 0x00, 0x00, 0x00, 0x00, 0x00, 0x00, 0x00, 0x00, 0x00,
  0x00, 0x00, 0x00, 0x00, 0x00, 0x00, 0x00, 0x00, 0x00, 0x00, 0x00, 0x00,
  0x00, 0x00, 0x00, 0x00, 0x00, 0x00, 0x00, 0x00, 0x00, 0x00, 0x00, 0x00,
  0x00, 0x00, 0x00, 0x00, 0x00, 0x00, 0x00, 0x00, 0x00, 0x00, 0x00, 0x00,
  0x00, 0x00, 0x00, 0x00, 0x00, 0x00, 0x00, 0x00, 0x00, 0x00, 0x00, 0x00,
  0x00, 0x00, 0x00, 0x00, 0x00, 0x00, 0x00, 0x00, 0x00, 0x00, 0x00, 0x00,
  0x00, 0x00, 0x00, 0x00, 0x00, 0x00, 0x00, 0x00, 0x00, 0x00, 0x00, 0x00,
  0x00, 0x00, 0x00, 0x00, 0x00, 0x00, 0x00, 0x00, 0x00, 0x00, 0x00, 0x00,
  0x00, 0x00, 0x00, 0x00, 0x00, 0x00, 0x00, 0x00, 0x00, 0x00, 0x00, 0x00,
  0x00, 0x00, 0x00, 0x00, 0x00, 0x00, 0x00, 0x00, 0x00, 0x00, 0x00, 0x00,
  0x00, 0x00, 0x00, 0x00, 0x00, 0x00, 0x00, 0x00, 0x00, 0x00, 0x00, 0x00,
  0x00, 0x00, 0x00, 0x00, 0x00, 0x00, 0x00, 0x00, 0x00, 0x00, 0x00, 0x00,
  0x00, 0x00, 0x00, 0x00, 0x00, 0x00, 0x00, 0x00, 0x00, 0x00, 0x00, 0x00,
  0x00, 0x00, 0x00, 0x00, 0x00, 0x00, 0x00, 0x00, 0x00, 0x00, 0x00, 0x00,
  0x00, 0x00, 0x00, 0x00, 0x00, 0x00, 0x00, 0x00, 0x00, 0x00, 0x00, 0x00,
  0x00, 0x00, 0x00, 0x00, 0x00, 0x00, 0x00, 0x00, 0x00, 0x00, 0x00, 0x00,
  0x00, 0x00, 0x00, 0x00, 0x00, 0x00, 0x00, 0x00, 0x00, 0x00, 0x00, 0x00,
  0x00, 0x00, 0x00, 0x00, 0x00, 0x00, 0x00, 0x00, 0x00, 0x00, 0x00, 0x00,
  0x00, 0x00, 0x00, 0x00, 0x00, 0x00, 0x00, 0x00, 0x00, 0x00, 0x00, 0x00,
  0x00, 0x00, 0x00, 0x00, 0x00, 0x00, 0x00, 0x00, 0x00, 0x00, 0x00, 0x00,
  0x00, 0x00, 0x00, 0x00, 0x00, 0x00, 0x00, 0x00, 0x00, 0x00, 0x00, 0x00,
  0x00, 0x00, 0x00, 0x00, 0x00, 0x00, 0x00, 0x00, 0x00, 0x00, 0x00, 0x00,
  0x00, 0x00, 0x00, 0x00, 0x00, 0x00, 0x00, 0x00, 0x00, 0x00, 0x00, 0x00,
  0x00, 0x00, 0x00, 0x00, 0x00, 0x00, 0x00, 0x00, 0x00, 0x00, 0x00, 0x00,
  0x00, 0x00, 0x00, 0x00, 0x00, 0x00, 0x00, 0x00, 0x00, 0x00, 0x00, 0x00,
  0x00, 0x00, 0x00, 0x00, 0x00, 0x00, 0x00, 0x00, 0x00, 0x00, 0x00, 0x00,
  0x00, 0x00, 0x00, 0x00, 0x00, 0x00, 0x00, 0x00, 0x00, 0x00, 0x00, 0x00,
  0x00, 0x00, 0x00, 0x00, 0x00, 0x00, 0x00, 0x00, 0x00, 0x00, 0x00, 0x00,
  0x00, 0x00, 0x00, 0x00, 0x00, 0x00, 0x00, 0x00, 0x00, 0x00, 0x00, 0x00,
  0x00, 0x00, 0x00, 0x00, 0x00, 0x00, 0x00, 0x00, 0x00, 0x00, 0x00, 0x00,
  0x00, 0x00, 0x00, 0x00, 0x00, 0x00, 0x00, 0x00, 0x00, 0x00, 0x00, 0x00,
  0x00, 0x00, 0x00, 0x00, 0x00, 0x00, 0x00, 0x00, 0x00, 0x00, 0x00, 0x00,
  0x00, 0x00, 0x00, 0x00, 0x00, 0x00, 0x00, 0x00, 0x00, 0x00, 0x00, 0x00,
  0x00, 0x00, 0x00, 0x00, 0x00, 0x00, 0x00, 0x00, 0x00, 0x00, 0x00, 0x00,
  0x00, 0x00, 0x00, 0x00, 0x00, 0x00, 0x00, 0x00, 0x00, 0x00, 0x00, 0x00,
  0x00, 0x00, 0x00, 0x00, 0x00, 0x00, 0x00, 0x00, 0x00, 0x00, 0x00, 0x00,
  0x00, 0x00, 0x00, 0x00, 0x00, 0x00, 0x00, 0x00, 0x00, 0x00, 0x00, 0x00,
  0x00, 0x00, 0x00, 0x00, 0x00, 0x00, 0x00, 0x00, 0x00, 0x00, 0x00, 0x00,
  0x00, 0x00, 0x00, 0x00, 0x00, 0x00, 0x00, 0x00, 0x00, 0x00, 0x00, 0x00,
  0x00, 0x00, 0x00, 0x00, 0x00, 0x00, 0x00, 0x00, 0x00, 0x00, 0x00, 0x00,
  0x00, 0x00, 0x00, 0x00, 0x00, 0x00, 0x00, 0x00, 0x00, 0x00, 0x00, 0x00,
  0x00, 0x00, 0x00, 0x00, 0x00, 0x00, 0x00, 0x00, 0x00, 0x00, 0x00, 0x00,
  0x00, 0x00, 0x00, 0x00, 0x00, 0x00, 0x00, 0x00, 0x00, 0x00, 0x00, 0x00,
  0x00, 0x00, 0x00, 0x00, 0x00, 0x00, 0x00, 0x00, 0x00, 0x00, 0x00, 0x00,
  0x00, 0x00, 0x00, 0x00, 0x00, 0x00, 0x00, 0x00, 0x00, 0x00, 0x00, 0x00,
  0x00, 0x00, 0x00, 0x00, 0x00, 0x00, 0x00, 0x00, 0x00, 0x00, 0x00, 0x00,
  0x00, 0x00, 0x00, 0x00, 0x00, 0x00, 0x00, 0x00, 0x00, 0x00, 0x00, 0x00,
  0x00, 0x00, 0x00, 0x00, 0x00, 0x00, 0x00, 0x00, 0x00, 0x00, 0x00, 0x00,
  0x00, 0x00, 0x00, 0x00, 0x00, 0x00, 0x00, 0x00, 0x00, 0x00, 0x00, 0x00,
  0x00, 0x00, 0x00, 0x00, 0x00, 0x00, 0x00, 0x00, 0x00, 0x00, 0x00, 0x00,
  0x00, 0x00, 0x00, 0x00, 0x00, 0x00, 0x00, 0x00, 0x00, 0x00, 0x00, 0x00,
  0x00, 0x00, 0x00, 0x00, 0x00, 0x00, 0x00, 0x00, 0x00, 0x00, 0x00, 0x00,
  0x00, 0x00, 0x00, 0x00, 0x00, 0x00, 0x00, 0x00, 0x00, 0x00, 0x00, 0x00,
  0x00, 0x00, 0x00, 0x00, 0x00, 0x00, 0x00, 0x00, 0x00, 0x00, 0x00, 0x00,
  0x00, 0x00, 0x00, 0x00, 0x00, 0x00, 0x00, 0x00, 0x00, 0x00, 0x00, 0x00,
  0x00, 0x00, 0x00, 0x00, 0x00, 0x00, 0x00, 0x00, 0x00, 0x00, 0x00, 0x00,
  0x00, 0x00, 0x00, 0x00, 0x00, 0x00, 0x00, 0x00, 0x00, 0x00, 0x00, 0x00,
  0x00, 0x00, 0x00, 0x00, 0x00, 0x00, 0x00, 0x00, 0x00, 0x00, 0x00, 0x00,
  0x00, 0x00, 0x00, 0x00, 0x00, 0x00, 0x00, 0x00, 0x00, 0x00, 0x00, 0x00,
  0x00, 0x00, 0x00, 0x00, 0x00, 0x00, 0x00, 0x00, 0x00, 0x00, 0x00, 0x00,
  0x00, 0x00, 0x00, 0x00, 0x00, 0x00, 0x00, 0x00, 0x00, 0x00, 0x00, 0x00,
  0x00, 0x00, 0x00, 0x00, 0x00, 0x00, 0x00, 0x00, 0x00, 0x00, 0x00, 0x00,
  0x00, 0x00, 0x00, 0x00, 0x00, 0x00, 0x00, 0x00, 0x00, 0x00, 0x00, 0x00,
  0x00, 0x00, 0x00, 0x00, 0x00, 0x00, 0x00, 0x00, 0x00, 0x00, 0x00, 0x00,
  0x00, 0x00, 0x00, 0x00, 0x00, 0x00, 0x00, 0x00, 0x00, 0x00, 0x00, 0x00,
  0x00, 0x00, 0x00, 0x00, 0x00, 0x00, 0x00, 0x00, 0x00, 0x00, 0x00, 0x00,
  0x00, 0x00, 0x00, 0x00, 0x00, 0x00, 0x00, 0x00, 0x00, 0x00, 0x00, 0x00,
  0x00, 0x00, 0x00, 0x00, 0x00, 0x00, 0x00, 0x00, 0x00, 0x00, 0x00, 0x00,
  0x00, 0x00, 0x00, 0x00, 0x00, 0x00, 0x00, 0x00, 0x00, 0x00, 0x00, 0x00,
  0x00, 0x00, 0x00, 0x00, 0x00, 0x00, 0x00, 0x00, 0x00, 0x00, 0x00, 0x00,
  0x00, 0x00, 0x00, 0x00, 0x00, 0x00, 0x00, 0x00, 0x00, 0x00, 0x00, 0x00,
  0x00, 0x00, 0x00, 0x00, 0x00, 0x00, 0x00, 0x00, 0x00, 0x00, 0x00, 0x00,
  0x00, 0x00, 0x00, 0x00, 0x00, 0x00, 0x00, 0x00, 0x00, 0x00, 0x00, 0x00,
  0x00, 0x00, 0x00, 0x00, 0x00, 0x00, 0x00, 0x00, 0x00, 0x00, 0x00, 0x00,
  0x00, 0x00, 0x00, 0x00, 0x00, 0x00, 0x00, 0x00, 0x00, 0x00, 0x00, 0x00,
  0x00, 0x00, 0x00, 0x00, 0x00, 0x00, 0x00, 0x00, 0x00, 0x00, 0x00, 0x00,
  0x00, 0x00, 0x00, 0x00, 0x00, 0x00, 0x00, 0x00, 0x00, 0x00, 0x00, 0x00,
  0x00, 0x00, 0x00, 0x00, 0x00, 0x00, 0x00, 0x00, 0x00, 0x00, 0x00, 0x00,
  0x00, 0x00, 0x00, 0x00, 0x00, 0x00, 0x00, 0x00, 0x00, 0x00, 0x00, 0x00,
  0x00, 0x00, 0x00, 0x00, 0x00, 0x00, 0x00, 0x00, 0x00, 0x00, 0x00, 0x00,
  0x00, 0x00, 0x00, 0x00, 0x00, 0x00, 0x00, 0x00, 0x00, 0x00, 0x00, 0x00,
  0x00, 0x00, 0x00, 0x00, 0x00, 0x00, 0x00, 0x00, 0x00, 0x00, 0x00, 0x00,
  0x00, 0x00, 0x00, 0x00, 0x00, 0x00, 0x00, 0x00, 0x00, 0x00, 0x00, 0x00,
  0x00, 0x00, 0x00, 0x00, 0x00, 0x00, 0x00, 0x00, 0x00, 0x00, 0x00, 0x00,
  0x00, 0x00, 0x00, 0x00, 0x00, 0x00, 0x00, 0x00, 0x00, 0x00, 0x00, 0x00,
  0x00, 0x00, 0x00, 0x00, 0x00, 0x00, 0x00, 0x00, 0x00, 0x00, 0x00, 0x00,
  0x00, 0x00, 0x00, 0x00, 0x00, 0x00, 0x00, 0x00, 0x00, 0x00, 0x00, 0x00,
  0x00, 0x00, 0x00, 0x00, 0x00, 0x00, 0x00, 0x00, 0x00, 0x00, 0x00, 0x00,
  0x00, 0x00, 0x00, 0x00, 0x00, 0x00, 0x00, 0x00, 0x00, 0x00, 0x00, 0x00,
  0x00, 0x00, 0x00, 0x00, 0x00, 0x00, 0x00, 0x00, 0x00, 0x00, 0x00, 0x00,
  0x00, 0x00, 0x00, 0x00, 0x00, 0x00, 0x00, 0x00, 0x00, 0x00, 0x00, 0x00,
  0x00, 0x00, 0x00, 0x00, 0x00, 0x00, 0x00, 0x00, 0x00, 0x00, 0x00, 0x00,
  0x00, 0x00, 0x00, 0x00, 0x00, 0x00, 0x00, 0x00, 0x00, 0x00, 0x00, 0x00,
  0x00, 0x00, 0x00, 0x00, 0x00, 0x00, 0x00, 0x00, 0x00, 0x00, 0x00, 0x00,
  0x00, 0x00, 0x00, 0x00, 0x00, 0x00, 0x00, 0x00, 0x00, 0x00, 0x00, 0x00,
  0x00, 0x00, 0x00, 0x00, 0x00, 0x00, 0x00, 0x00, 0x00, 0x00, 0x00, 0x00,
  0x00, 0x00, 0x00, 0x00, 0x00, 0x00, 0x00, 0x00, 0x00, 0x00, 0x00, 0x00,
  0x00, 0x00, 0x00, 0x00, 0x00, 0x00, 0x00, 0x00, 0x00, 0x00, 0x00, 0x00,
  0x00, 0x00, 0x00, 0x00, 0x00, 0x00, 0x00, 0x00, 0x00, 0x00, 0x00, 0x00,
  0x00, 0x00, 0x00, 0x00, 0x00, 0x00, 0x00, 0x00, 0x00, 0x00, 0x00, 0x00,
  0x00, 0x00, 0x00, 0x00, 0x00, 0x00, 0x00, 0x00, 0x00, 0x00, 0x00, 0x00,
  0x00, 0x00, 0x00, 0x00, 0x00, 0x00, 0x00, 0x00, 0x00, 0x00, 0x00, 0x00,
  0x00, 0x00, 0x00, 0x00, 0x00, 0x00, 0x00, 0x00, 0x00, 0x00, 0x00, 0x00,
  0x00, 0x00, 0x00, 0x00, 0x00, 0x00, 0x00, 0x00, 0x00, 0x00, 0x00, 0x00,
  0x00, 0x00, 0x00, 0x00, 0x00, 0x00, 0x00, 0x00, 0x00, 0x00, 0x00, 0x00,
  0x00, 0x00, 0x00, 0x00, 0x00, 0x00, 0x00, 0x00, 0x00, 0x00, 0x00, 0x00,
  0x00, 0x00, 0x00, 0x00, 0x00, 0x00, 0x00, 0x00, 0x00, 0x00, 0x00, 0x00,
  0x00, 0x00, 0x00, 0x00, 0x00, 0x00, 0x00, 0x00, 0x00, 0x00, 0x00, 0x00,
  0x00, 0x00, 0x00, 0x00, 0x00, 0x00, 0x00, 0x00, 0x00, 0x00, 0x00, 0x00,
  0x00, 0x00, 0x00, 0x00, 0x00, 0x00, 0x00, 0x00, 0x00, 0x00, 0x00, 0x00,
  0x00, 0x00, 0x00, 0x00, 0x00, 0x00, 0x00, 0x00, 0x00, 0x00, 0x00, 0x00,
  0x00, 0x00, 0x00, 0x00, 0x00, 0x00, 0x00, 0x00, 0x00, 0x00, 0x00, 0x00,
  0x00, 0x00, 0x00, 0x00, 0x00, 0x00, 0x00, 0x00, 0x00, 0x00, 0x00, 0x00,
  0x00, 0x00, 0x00, 0x00, 0x00, 0x00, 0x00, 0x00, 0x00, 0x00, 0x00, 0x00,
  0x00, 0x00, 0x00, 0x00, 0x00, 0x00, 0x00, 0x00, 0x00, 0x00, 0x00, 0x00,
  0x00, 0x00, 0x00, 0x00, 0x00, 0x00, 0x00, 0x00, 0x00, 0x00, 0x00, 0x00,
  0x00, 0x00, 0x00, 0x00, 0x00, 0x00, 0x00, 0x00, 0x00, 0x00, 0x00, 0x00,
  0x00, 0x00, 0x00, 0x00, 0x00, 0x00, 0x00, 0x00, 0x00, 0x00, 0x00, 0x00,
  0x00, 0x00, 0x00, 0x00, 0x00, 0x00, 0x00, 0x00, 0x00, 0x00, 0x00, 0x00,
  0x00, 0x00, 0x00, 0x00, 0x00, 0x00, 0x00, 0x00, 0x00, 0x00, 0x00, 0x00,
  0x00, 0x00, 0x00, 0x00, 0x00, 0x00, 0x00, 0x00, 0x00, 0x00, 0x00, 0x00,
  0x00, 0x00, 0x00, 0x00, 0x00, 0x00, 0x00, 0x00, 0x00, 0x00, 0x00, 0x00,
  0x00, 0x00, 0x00, 0x00, 0x00, 0x00, 0x00, 0x00, 0x00, 0x00, 0x00, 0x00,
  0x00, 0x00, 0x00, 0x00, 0x00, 0x00, 0x00, 0x00, 0x00, 0x00, 0x00, 0x00,
  0x00, 0x00, 0x00, 0x00, 0x00, 0x00, 0x00, 0x00, 0x00, 0x00, 0x00, 0x00,
  0x00, 0x00, 0x00, 0x00, 0x00, 0x00, 0x00, 0x00, 0x00, 0x00, 0x00, 0x00,
  0x00, 0x00, 0x00, 0x00, 0x00, 0x00, 0x00, 0x00, 0x00, 0x00, 0x00, 0x00,
  0x00, 0x00, 0x00, 0x00, 0x00, 0x00, 0x00, 0x00, 0x00, 0x00, 0x00, 0x00,
  0x00, 0x00, 0x00, 0x00, 0x00, 0x00, 0x00, 0x00, 0x00, 0x00, 0x00, 0x00,
  0x00, 0x00, 0x00, 0x00, 0x00, 0x00, 0x00, 0x00, 0x00, 0x00, 0x00, 0x00,
  0x00, 0x00, 0x00, 0x00, 0x00, 0x00, 0x00, 0x00, 0x00, 0x00, 0x00, 0x00,
  0x00, 0x00, 0x00, 0x00, 0x00, 0x00, 0x00, 0x00, 0x00, 0x00, 0x00, 0x00,
  0x00, 0x00, 0x00, 0x00, 0x00, 0x00, 0x00, 0x00, 0x00, 0x00, 0x00, 0x00,
  0x00, 0x00, 0x00, 0x00, 0x00, 0x00, 0x00, 0x00, 0x00, 0x00, 0x00, 0x00,
  0x00, 0x00, 0x00, 0x00, 0x00, 0x00, 0x00, 0x00, 0x00, 0x00, 0x00, 0x00,
  0x00, 0x00, 0x00, 0x00, 0x00, 0x00, 0x00, 0x00, 0x00, 0x00, 0x00, 0x00,
  0x00, 0x00, 0x00, 0x00, 0x00, 0x00, 0x00, 0x00, 0x00, 0x00, 0x00, 0x00,
  0x00, 0x00, 0x00, 0x00, 0x00, 0x00, 0x00, 0x00, 0x00, 0x00, 0x00, 0x00,
  0x00, 0x00, 0x00, 0x00, 0x00, 0x00, 0x00, 0x00, 0x00, 0x00, 0x00, 0x00,
  0x00, 0x00, 0x00, 0x00, 0x00, 0x00, 0x00, 0x00, 0x00, 0x00, 0x00, 0x00,
  0x00, 0x00, 0x00, 0x00, 0x00, 0x00, 0x00, 0x00, 0x00, 0x00, 0x00, 0x00,
  0x00, 0x00, 0x00, 0x00, 0x00, 0x00, 0x00, 0x00, 0x00, 0x00, 0x00, 0x00,
  0x00, 0x00, 0x00, 0x00, 0x00, 0x00, 0x00, 0x00, 0x00, 0x00, 0x00, 0x00,
  0x00, 0x00, 0x00, 0x00, 0x00, 0x00, 0x00, 0x00, 0x00, 0x00, 0x00, 0x00,
  0x00, 0x00, 0x00, 0x00, 0x00, 0x00, 0x00, 0x00, 0x00, 0x00, 0x00, 0x00,
  0x00, 0x00, 0x00, 0x00, 0x00, 0x00, 0x00, 0x00, 0x00, 0x00, 0x00, 0x00,
  0x00, 0x00, 0x00, 0x00, 0x00, 0x00, 0x00, 0x00, 0x00, 0x00, 0x00, 0x00,
  0x00, 0x00, 0x00, 0x00, 0x00, 0x00, 0x00, 0x00, 0x00, 0x00, 0x00, 0x00,
  0x00, 0x00, 0x00, 0x00, 0x00, 0x00, 0x00, 0x00, 0x00, 0x00, 0x00, 0x00,
  0x00, 0x00, 0x00, 0x00, 0x00, 0x00, 0x00, 0x00, 0x00, 0x00, 0x00, 0x00,
  0x00, 0x00, 0x00, 0x00, 0x00, 0x00, 0x00, 0x00, 0x00, 0x00, 0x00, 0x00,
  0x00, 0x00, 0x00, 0x00, 0x00, 0x00, 0x00, 0x00, 0x00, 0x00, 0x00, 0x00,
  0x00, 0x00, 0x00, 0x00, 0x00, 0x00, 0x00, 0x00, 0x00, 0x00, 0x00, 0x00,
  0x00, 0x00, 0x00, 0x00, 0x00, 0x00, 0x00, 0x00, 0x00, 0x00, 0x00, 0x00,
  0x00, 0x00, 0x00, 0x00, 0x00, 0x00, 0x00, 0x00, 0x00, 0x00, 0x00, 0x00,
  0x00, 0x00, 0x00, 0x00, 0x00, 0x00, 0x00, 0x00, 0x00, 0x00, 0x00, 0x00,
  0x00, 0x00, 0x00, 0x00, 0x00, 0x00, 0x00, 0x00, 0x00, 0x00, 0x00, 0x00,
  0x00, 0x00, 0x00, 0x00, 0x00, 0x00, 0x00, 0x00, 0x00, 0x00, 0x00, 0x00,
  0x00, 0x00, 0x00, 0x00, 0x00, 0x00, 0x00, 0x00, 0x00, 0x00, 0x00, 0x00,
  0x00, 0x00, 0x00, 0x00, 0x00, 0x00, 0x00, 0x00, 0x00, 0x00, 0x00, 0x00,
  0x00, 0x00, 0x00, 0x00, 0x00, 0x00, 0x00, 0x00, 0x00, 0x00, 0x00, 0x00,
  0x00, 0x00, 0x00, 0x00, 0x00, 0x00, 0x00, 0x00, 0x00, 0x00, 0x00, 0x00,
  0x00, 0x00, 0x00, 0x00, 0x00, 0x00, 0x00, 0x00, 0x00, 0x00, 0x00, 0x00,
  0x00, 0x00, 0x00, 0x00, 0x00, 0x00, 0x00, 0x00, 0x00, 0x00, 0x00, 0x00,
  0x00, 0x00, 0x00, 0x00, 0x00, 0x00, 0x00, 0x00, 0x00, 0x00, 0x00, 0x00,
  0x00, 0x00, 0x00, 0x00, 0x00, 0x00, 0x00, 0x00, 0x00, 0x00, 0x00, 0x00,
  0x00, 0x00, 0x00, 0x00, 0x00, 0x00, 0x00, 0x00, 0x00, 0x00, 0x00, 0x00,
  0x00, 0x00, 0x00, 0x00, 0x00, 0x00, 0x00, 0x00, 0x00, 0x00, 0x00, 0x00,
  0x00, 0x00, 0x00, 0x00, 0x00, 0x00, 0x00, 0x00, 0x00, 0x00, 0x00, 0x00,
  0x00, 0x00, 0x00, 0x00, 0x00, 0x00, 0x00, 0x00, 0x00, 0x00, 0x00, 0x00,
  0x00, 0x00, 0x00, 0x00, 0x00, 0x00, 0x00, 0x00, 0x00, 0x00, 0x00, 0x00,
  0x00, 0x00, 0x00, 0x00, 0x00, 0x00, 0x00, 0x00, 0x00, 0x00, 0x00, 0x00,
  0x00, 0x00, 0x00, 0x00, 0x00, 0x00, 0x00, 0x00, 0x00, 0x00, 0x00, 0x00,
  0x00, 0x00, 0x00, 0x00, 0x00, 0x00, 0x00, 0x00, 0x00, 0x00, 0x00, 0x00,
  0x00, 0x00, 0x00, 0x00, 0x00, 0x00, 0x00, 0x00, 0x00, 0x00, 0x00, 0x00,
  0x00, 0x00, 0x00, 0x00, 0x00, 0x00, 0x00, 0x00, 0x00, 0x00, 0x00, 0x00,
  0x00, 0x00, 0x00, 0x00, 0x00, 0x00, 0x00, 0x00, 0x00, 0x00, 0x00, 0x00,
  0x00, 0x00, 0x00, 0x00, 0x00, 0x00, 0x00, 0x00, 0x00, 0x00, 0x00, 0x00,
  0x00, 0x00, 0x00, 0x00, 0x00, 0x00, 0x00, 0x00, 0x00, 0x00, 0x00, 0x00,
  0x00, 0x00, 0x00, 0x00, 0x00, 0x00, 0x00, 0x00, 0x00, 0x00, 0x00, 0x00,
  0x00, 0x00, 0x00, 0x00, 0x00, 0x00, 0x00, 0x00, 0x00, 0x00, 0x00, 0x00,
  0x00, 0x00, 0x00, 0x00, 0x00, 0x00, 0x00, 0x00, 0x00, 0x00, 0x00, 0x00,
  0x00, 0x00, 0x00, 0x00, 0x00, 0x00, 0x00, 0x00, 0x00, 0x00, 0x00, 0x00,
  0x00, 0x00, 0x00, 0x00, 0x00, 0x00, 0x00, 0x00, 0x00, 0x00, 0x00, 0x00,
  0x00, 0x00, 0x00, 0x00, 0x00, 0x00, 0x00, 0x00, 0x00, 0x00, 0x00, 0x00,
  0x00, 0x00, 0x00, 0x00, 0x00, 0x00, 0x00, 0x00, 0x00, 0x00, 0x00, 0x00,
  0x00, 0x00, 0x00, 0x00, 0x00, 0x00, 0x00, 0x00, 0x00, 0x00, 0x00, 0x00,
  0x00, 0x00, 0x00, 0x00, 0x00, 0x00, 0x00, 0x00, 0x00, 0x00, 0x00, 0x00,
  0x00, 0x00, 0x00, 0x00, 0x00, 0x00, 0x00, 0x00, 0x00, 0x00, 0x00, 0x00,
  0x00, 0x00, 0x00, 0x00, 0x00, 0x00, 0x00, 0x00, 0x00, 0x00, 0x00, 0x00,
  0x00, 0x00, 0x00, 0x00, 0x00, 0x00, 0x00, 0x00, 0x00, 0x00, 0x00, 0x00,
  0x00, 0x00, 0x00, 0x00, 0x00, 0x00, 0x00, 0x00, 0x00, 0x00, 0x00, 0x00,
  0x00, 0x00, 0x00, 0x00, 0x00, 0x00, 0x00, 0x00, 0x00, 0x00, 0x00, 0x00,
  0x00, 0x00, 0x00, 0x00, 0x00, 0x00, 0x00, 0x00, 0x00, 0x00, 0x00, 0x00,
  0x00, 0x00, 0x00, 0x00, 0x00, 0x00, 0x00, 0x00, 0x00, 0x00, 0x00, 0x00,
  0x00, 0x00, 0x00, 0x00, 0x00, 0x00, 0x00, 0x00, 0x00, 0x00, 0x00, 0x00,
  0x00, 0x00, 0x00, 0x00, 0x00, 0x00, 0x00, 0x00, 0x00, 0x00, 0x00, 0x00,
  0x00, 0x00, 0x00, 0x00, 0x00, 0x00, 0x00, 0x00, 0x00, 0x00, 0x00, 0x00,
  0x00, 0x00, 0x00, 0x00, 0x00, 0x00, 0x00, 0x00, 0x00, 0x00, 0x00, 0x00,
  0x00, 0x00, 0x00, 0x00, 0x00, 0x00, 0x00, 0x00, 0x00, 0x00, 0x00, 0x00,
  0x00, 0x00, 0x00, 0x00, 0x00, 0x00, 0x00, 0x00, 0x00, 0x00, 0x00, 0x00,
  0x00, 0x00, 0x00, 0x00, 0x00, 0x00, 0x00, 0x00, 0x00, 0x00, 0x00, 0x00,
  0x00, 0x00, 0x00, 0x00, 0x00, 0x00, 0x00, 0x00, 0x00, 0x00, 0x00, 0x00,
  0x00, 0x00, 0x00, 0x00, 0x00, 0x00, 0x00, 0x00, 0x00, 0x00, 0x00, 0x00,
  0x00, 0x00, 0x00, 0x00, 0x00, 0x00, 0x00, 0x00, 0x00, 0x00, 0x00, 0x00,
  0x00, 0x00, 0x00, 0x00, 0x00, 0x00, 0x00, 0x00, 0x00, 0x00, 0x00, 0x00,
  0x00, 0x00, 0x00, 0x00, 0x00, 0x00, 0x00, 0x00, 0x00, 0x00, 0x00, 0x00,
  0x00, 0x00, 0x00, 0x00, 0x00, 0x00, 0x00, 0x00, 0x00, 0x00, 0x00, 0x00,
  0x00, 0x00, 0x00, 0x00, 0x00, 0x00, 0x00, 0x00, 0x00, 0x00, 0x00, 0x00,
  0x00, 0x00, 0x00, 0x00, 0x00, 0x00, 0x00, 0x00, 0x00, 0x00, 0x00, 0x00,
  0x00, 0x00, 0x00, 0x00, 0x00, 0x00, 0x00, 0x00, 0x00, 0x00, 0x00, 0x00,
  0x00, 0x00, 0x00, 0x00, 0x00, 0x00, 0x00, 0x00, 0x00, 0x00, 0x00, 0x00,
  0x00, 0x00, 0x00, 0x00, 0x00, 0x00, 0x00, 0x00, 0x00, 0x00, 0x00, 0x00,
  0x00, 0x00, 0x00, 0x00, 0x00, 0x00, 0x00, 0x00, 0x00, 0x00, 0x00, 0x00,
  0x00, 0x00, 0x00, 0x00, 0x00, 0x00, 0x00, 0x00, 0x00, 0x00, 0x00, 0x00,
  0x00, 0x00, 0x00, 0x00, 0x00, 0x00, 0x00, 0x00, 0x00, 0x00, 0x00, 0x00,
  0x00, 0x00, 0x00, 0x00, 0x00, 0x00, 0x00, 0x00, 0x00, 0x00, 0x00, 0x00,
  0x00, 0x00, 0x00, 0x00, 0x00, 0x00, 0x00, 0x00, 0x00, 0x00, 0x00, 0x00,
  0x00, 0x00, 0x00, 0x00, 0x00, 0x00, 0x00, 0x00, 0x00, 0x00, 0x00, 0x00,
  0x00, 0x00, 0x00, 0x00, 0x00, 0x00, 0x00, 0x00, 0x00, 0x00, 0x00, 0x00,
  0x00, 0x00, 0x00, 0x00, 0x00, 0x00, 0x00, 0x00, 0x00, 0x00, 0x00, 0x00,
  0x00, 0x00, 0x00, 0x00, 0x00, 0x00, 0x00, 0x00, 0x00, 0x00, 0x00, 0x00,
  0x00, 0x00, 0x00, 0x00, 0x00, 0x00, 0x00, 0x00, 0x00, 0x00, 0x00, 0x00,
  0x00, 0x00, 0x00, 0x00, 0x00, 0x00, 0x00, 0x00, 0x00, 0x00, 0x00, 0x00,
  0x00, 0x00, 0x00, 0x00, 0x00, 0x00, 0x00, 0x00, 0x00, 0x00, 0x00, 0x00,
  0x00, 0x00, 0x00, 0x00, 0x00, 0x00, 0x00, 0x00, 0x00, 0x00, 0x00, 0x00,
  0x00, 0x00, 0x00, 0x00, 0x00, 0x00, 0x00, 0x00, 0x00, 0x00, 0x00, 0x00,
  0x00, 0x00, 0x00, 0x00, 0x00, 0x00, 0x00, 0x00, 0x00, 0x00, 0x00, 0x00,
  0x00, 0x00, 0x00, 0x00, 0x00, 0x00, 0x00, 0x00, 0x00, 0x00, 0x00, 0x00,
  0x00, 0x00, 0x00, 0x00, 0x00, 0x00, 0x00, 0x00, 0x00, 0x00, 0x00, 0x00,
  0x00, 0x00, 0x00, 0x00, 0x00, 0x00, 0x00, 0x00, 0x00, 0x00, 0x00, 0x00,
  0x00, 0x00, 0x00, 0x00, 0x00, 0x00, 0x00, 0x00, 0x00, 0x00, 0x00, 0x00,
  0x00, 0x00, 0x00, 0x00, 0x00, 0x00, 0x00, 0x00, 0x00, 0x00, 0x00, 0x00,
  0x00, 0x00, 0x00, 0x00, 0x00, 0x00, 0x00, 0x00, 0x00, 0x00, 0x00, 0x00,
  0x00, 0x00, 0x00, 0x00, 0x00, 0x00, 0x00, 0x00, 0x00, 0x00, 0x00, 0x00,
  0x00, 0x00, 0x00, 0x00, 0x00, 0x00, 0x00, 0x00, 0x00, 0x00, 0x00, 0x00,
  0x00, 0x00, 0x00, 0x00, 0x00, 0x00, 0x00, 0x00, 0x00, 0x00, 0x00, 0x00,
  0x00, 0x00, 0x00, 0x00, 0x00, 0x00, 0x00, 0x00, 0x00, 0x00, 0x00, 0x00,
  0x00, 0x00, 0x00, 0x00, 0x00, 0x00, 0x00, 0x00, 0x00, 0x00, 0x00, 0x00,
  0x00, 0x00, 0x00, 0x00, 0x00, 0x00, 0x00, 0x00, 0x00, 0x00, 0x00, 0x00,
  0x00, 0x00, 0x00, 0x00, 0x00, 0x00, 0x00, 0x00, 0x00, 0x00, 0x00, 0x00,
  0x00, 0x00, 0x00, 0x00, 0x00, 0x00, 0x00, 0x00, 0x00, 0x00, 0x00, 0x00,
  0x00, 0x00, 0x00, 0x00, 0x00, 0x00, 0x00, 0x00, 0x00, 0x00, 0x00, 0x00,
  0x00, 0x00, 0x00, 0x00, 0x00, 0x00, 0x00, 0x00, 0x00, 0x00, 0x00, 0x00,
  0x00, 0x00, 0x00, 0x00, 0x00, 0x00, 0x00, 0x00, 0x00, 0x00, 0x00, 0x00,
  0x00, 0x00, 0x00, 0x00, 0x00, 0x00, 0x00, 0x00, 0x00, 0x00, 0x00, 0x00,
  0x00, 0x00, 0x00, 0x00, 0x00, 0x00, 0x00, 0x00, 0x00, 0x00, 0x00, 0x00,
  0x00, 0x00, 0x00, 0x00, 0x00, 0x00, 0x00, 0x00, 0x00, 0x00, 0x00, 0x00,
  0x00, 0x00, 0x00, 0x00, 0x00, 0x00, 0x00, 0x00, 0x00, 0x00, 0x00, 0x00,
  0x00, 0x00, 0x00, 0x00, 0x00, 0x00, 0x00, 0x00, 0x00, 0x00, 0x00, 0x00,
  0x00, 0x00, 0x00, 0x00, 0x00, 0x00, 0x00, 0x00, 0x00, 0x00, 0x00, 0x00,
  0x00, 0x00, 0x00, 0x00, 0x00, 0x00, 0x00, 0x00, 0x00, 0x00, 0x00, 0x00,
  0x00, 0x00, 0x00, 0x00, 0x00, 0x00, 0x00, 0x00, 0x00, 0x00, 0x00, 0x00,
  0x00, 0x00, 0x00, 0x00, 0x00, 0x00, 0x00, 0x00, 0x00, 0x00, 0x00, 0x00,
  0x00, 0x00, 0x00, 0x00, 0x00, 0x00, 0x00, 0x00, 0x00, 0x00, 0x00, 0x00,
  0x00, 0x00, 0x00, 0x00, 0x00, 0x00, 0x00, 0x00, 0x00, 0x00, 0x00, 0x00,
  0x00, 0x00, 0x00, 0x00, 0x00, 0x00, 0x00, 0x00, 0x00, 0x00, 0x00, 0x00,
  0x00, 0x00, 0x00, 0x00, 0x00, 0x00, 0x00, 0x00, 0x00, 0x00, 0x00, 0x00,
  0x00, 0x00, 0x00, 0x00, 0x00, 0x00, 0x00, 0x00, 0x00, 0x00, 0x00, 0x00,
  0x00, 0x00, 0x00, 0x00, 0x00, 0x00, 0x00, 0x00, 0x00, 0x00, 0x00, 0x00,
  0x00, 0x00, 0x00, 0x00, 0x00, 0x00, 0x00, 0x00, 0x00, 0x00, 0x00, 0x00,
  0x00, 0x00, 0x00, 0x00, 0x00, 0x00, 0x00, 0x00, 0x00, 0x00, 0x00, 0x00,
  0x00, 0x00, 0x00, 0x00, 0x00, 0x00, 0x00, 0x00, 0x00, 0x00, 0x00, 0x00,
  0x00, 0x00, 0x00, 0x00, 0x00, 0x00, 0x00, 0x00, 0x00, 0x00, 0x00, 0x00,
  0x00, 0x00, 0x00, 0x00, 0x00, 0x00, 0x00, 0x00, 0x00, 0x00, 0x00, 0x00,
  0x00, 0x00, 0x00, 0x00, 0x00, 0x00, 0x00, 0x00, 0x00, 0x00, 0x00, 0x00,
  0x00, 0x00, 0x00, 0x00, 0x00, 0x00, 0x00, 0x00, 0x00, 0x00, 0x00, 0x00,
  0x00, 0x00, 0x00, 0x00, 0x00, 0x00, 0x00, 0x00, 0x00, 0x00, 0x00, 0x00,
  0x00, 0x00, 0x00, 0x00, 0x00, 0x00, 0x00, 0x00, 0x00, 0x00, 0x00, 0x00,
  0x00, 0x00, 0x00, 0x00, 0x00, 0x00, 0x00, 0x00, 0x00, 0x00, 0x00, 0x00,
  0x00, 0x00, 0x00, 0x00, 0x00, 0x00, 0x00, 0x00, 0x00, 0x00, 0x00, 0x00,
  0x00, 0x00, 0x00, 0x00, 0x00, 0x00, 0x00, 0x00, 0x00, 0x00, 0x00, 0x00,
  0x00, 0x00, 0x00, 0x00, 0x00, 0x00, 0x00, 0x00, 0x00, 0x00, 0x00, 0x00,
  0x00, 0x00, 0x00, 0x00, 0x00, 0x00, 0x00, 0x00, 0x00, 0x00, 0x00, 0x00,
  0x00, 0x00, 0x00, 0x00, 0x00, 0x00, 0x00, 0x00, 0x00, 0x00, 0x00, 0x00,
  0x00, 0x00, 0x00, 0x00, 0x00, 0x00, 0x00, 0x00, 0x00, 0x00, 0x00, 0x00,
  0x00, 0x00, 0x00, 0x00, 0x00, 0x00, 0x00, 0x00, 0x00, 0x00, 0x00, 0x00,
  0x00, 0x00, 0x00, 0x00, 0x00, 0x00, 0x00, 0x00, 0x00, 0x00, 0x00, 0x00,
  0x00, 0x00, 0x00, 0x00, 0x00, 0x00, 0x00, 0x00, 0x00, 0x00, 0x00, 0x00,
  0x00, 0x00, 0x00, 0x00, 0x00, 0x00, 0x00, 0x00, 0x00, 0x00, 0x00, 0x00,
  0x00, 0x00, 0x00, 0x00, 0x00, 0x00, 0x00, 0x00, 0x00, 0x00, 0x00, 0x00,
  0x00, 0x00, 0x00, 0x00, 0x00, 0x00, 0x00, 0x00, 0x00, 0x00, 0x00, 0x00,
  0x00, 0x00, 0x00, 0x00, 0x00, 0x00, 0x00, 0x00, 0x00, 0x00, 0x00, 0x00,
  0x00, 0x00, 0x00, 0x00, 0x00, 0x00, 0x00, 0x00, 0x00, 0x00, 0x00, 0x00,
  0x00, 0x00, 0x00, 0x00, 0x00, 0x00, 0x00, 0x00, 0x00, 0x00, 0x40, 0x08,
  0x21, 0x31, 0x81, 0x41, 0xa1, 0x49, 0xa1, 0x49, 0xc1, 0x49, 0xc1, 0x49,
  0xa1, 0x41, 0xa1, 0x41, 0xa1, 0x41, 0xa1, 0x49, 0xa1, 0x41, 0xa1, 0x41,
  0xa1, 0x41, 0xa1, 0x41, 0xa1, 0x41, 0xa1, 0x41, 0xa1, 0x41, 0xa1, 0x41,
  0xa1, 0x41, 0x81, 0x41, 0x81, 0x41, 0x81, 0x41, 0x81, 0x41, 0x81, 0x41,
  0x81, 0x41, 0xa1, 0x41, 0xa1, 0x41, 0xa1, 0x41, 0xa1, 0x41, 0xa2, 0x49,
  0xa2, 0x41, 0x61, 0x39, 0xa1, 0x18, 0x00, 0x00, 0x00, 0x00, 0x00, 0x00,
  0x00, 0x00, 0x00, 0x00, 0x00, 0x00, 0x00, 0x00, 0x00, 0x00, 0x00, 0x00,
  0x00, 0x00, 0x00, 0x00, 0x00, 0x00, 0x00, 0x00, 0x00, 0x00, 0x00, 0x00,
  0x00, 0x00, 0x00, 0x00, 0x00, 0x00, 0x00, 0x00, 0x00, 0x00, 0x00, 0x00,
  0x00, 0x00, 0x00, 0x00, 0x00, 0x00, 0x00, 0x00, 0x00, 0x00, 0x00, 0x00,
  0x00, 0x00, 0x00, 0x00, 0x00, 0x00, 0x00, 0x00, 0x00, 0x00, 0x00, 0x00,
  0x00, 0x00, 0x00, 0x00, 0x00, 0x00, 0x00, 0x00, 0x00, 0x00, 0x00, 0x00,
  0x00, 0x00, 0x00, 0x00, 0x00, 0x00, 0x00, 0x00, 0x00, 0x00, 0x00, 0x00,
  0x00, 0x00, 0x00, 0x00, 0x00, 0x00, 0x00, 0x00, 0x00, 0x00, 0x00, 0x00,
  0x00, 0x00, 0x00, 0x00, 0x00, 0x00, 0x00, 0x00, 0x00, 0x00, 0x00, 0x00,
  0x00, 0x00, 0x00, 0x00, 0x00, 0x00, 0x00, 0x00, 0x00, 0x00, 0x00, 0x00,
  0x00, 0x00, 0x00, 0x00, 0x20, 0x00, 0xc3, 0x00, 0x46, 0x01, 0x67, 0x01,
  0x87, 0x01, 0x87, 0x01, 0x67, 0x01, 0x66, 0x01, 0x66, 0x01, 0x86, 0x01,
  0x87, 0x01, 0x66, 0x01, 0x66, 0x01, 0x66, 0x01, 0x66, 0x01, 0x66, 0x01,
  0x66, 0x01, 0x66, 0x01, 0x66, 0x01, 0x66, 0x01, 0x66, 0x01, 0x66, 0x01,
  0x66, 0x01, 0x67, 0x01, 0x87, 0x01, 0x87, 0x01, 0x87, 0x01, 0x87, 0x01,
  0x87, 0x09, 0x87, 0x09, 0x87, 0x01, 0x87, 0x01, 0x67, 0x09, 0x87, 0x09,
  0x87, 0x01, 0x67, 0x01, 0x67, 0x01, 0x46, 0x01, 0xe4, 0x00, 0x20, 0x00,
  0x00, 0x00, 0x00, 0x00, 0x00, 0x00, 0x00, 0x00, 0x00, 0x00, 0x00, 0x00,
  0x00, 0x00, 0x00, 0x00, 0x00, 0x00, 0x00, 0x00, 0x00, 0x00, 0x00, 0x00,
  0x00, 0x00, 0x00, 0x00, 0x00, 0x00, 0x00, 0x00, 0x00, 0x00, 0x00, 0x00,
  0x00, 0x00, 0x00, 0x00, 0x00, 0x00, 0x00, 0x00, 0x00, 0x00, 0x00, 0x00,
  0x00, 0x00, 0x00, 0x00, 0x00, 0x00, 0x00, 0x00, 0x00, 0x00, 0x00, 0x00,
  0x00, 0x00, 0x00, 0x00, 0x00, 0x00, 0x00, 0x00, 0x00, 0x00, 0x00, 0x00,
  0x00, 0x00, 0x00, 0x00, 0x00, 0x00, 0x00, 0x00, 0x00, 0x00, 0x00, 0x00,
  0x00, 0x00, 0x00, 0x00, 0xa2, 0x00, 0x05, 0x01, 0x46, 0x01, 0x66, 0x01,
  0x87, 0x01, 0x66, 0x01, 0x67, 0x01, 0x87, 0x01, 0x87, 0x09, 0x87, 0x01,
  0x87, 0x01, 0x87, 0x01, 0x87, 0x01, 0x87, 0x01, 0x87, 0x01, 0x87, 0x01,
  0x87, 0x01, 0x87, 0x01, 0x87, 0x01, 0x87, 0x01, 0x67, 0x01, 0x87, 0x01,
  0x87, 0x01, 0x87, 0x01, 0x87, 0x01, 0x87, 0x01, 0x87, 0x01, 0x87, 0x01,
  0x87, 0x01, 0x66, 0x01, 0x66, 0x01, 0x66, 0x01, 0x66, 0x01, 0x66, 0x01,
  0x46, 0x01, 0x25, 0x01, 0x45, 0x01, 0x04, 0x01, 0x61, 0x00, 0x00, 0x00,
  0x00, 0x00, 0x00, 0x00, 0x00, 0x00, 0x00, 0x00, 0x00, 0x00, 0x00, 0x00,
  0x00, 0x00, 0x00, 0x00, 0x20, 0x00, 0xe1, 0x10, 0x81, 0x21, 0xa1, 0x21,
  0xa1, 0x21, 0xc1, 0x21, 0xc1, 0x21, 0xc1, 0x21, 0xc1, 0x21, 0xc1, 0x21,
  0xc1, 0x21, 0xc1, 0x21, 0xc1, 0x21, 0xc1, 0x21, 0xc1, 0x21, 0xc1, 0x21,
  0xe1, 0x21, 0xe1, 0x21, 0xe1, 0x29, 0xe1, 0x29, 0xe1, 0x29, 0xe1, 0x29,
  0xe1, 0x29, 0xe1, 0x29, 0xe1, 0x29, 0xe1, 0x29, 0xe1, 0x29, 0xe1, 0x29,
  0xe1, 0x29, 0xe1, 0x29, 0xe1, 0x29, 0xe1, 0x29, 0xe1, 0x29, 0xe1, 0x29,
  0xe1, 0x29, 0xe1, 0x29, 0xe1, 0x29, 0xe1, 0x21, 0xe1, 0x21, 0xc1, 0x21,
  0xc1, 0x21, 0xc1, 0x21, 0xc1, 0x21, 0xc1, 0x21, 0xc1, 0x21, 0xc1, 0x21,
  0xc1, 0x21, 0xa1, 0x21, 0xa1, 0x21, 0xa1, 0x21, 0xa1, 0x21, 0xa1, 0x21,
  0x81, 0x21, 0x41, 0x19, 0xe1, 0x10, 0x81, 0x08, 0x40, 0x08, 0x20, 0x00,
  0x00, 0x00, 0x00, 0x00, 0x00, 0x00, 0x00, 0x00, 0x00, 0x00, 0x00, 0x00,
  0x00, 0x00, 0x00, 0x00, 0x00, 0x00, 0x00, 0x00, 0x00, 0x00, 0x00, 0x00,
  0x00, 0x00, 0x00, 0x00, 0x00, 0x00, 0x00, 0x00, 0x00, 0x00, 0x00, 0x00,
  0x00, 0x00, 0x00, 0x00, 0x00, 0x00, 0x00, 0x00, 0x00, 0x00, 0x00, 0x00,
  0x00, 0x00, 0x00, 0x00, 0x00, 0x00, 0x00, 0x00, 0x00, 0x00, 0x00, 0x00,
  0x00, 0x00, 0x42, 0x5a, 0xc2, 0xcc, 0x41, 0xe5, 0x42, 0xed, 0x41, 0xf5,
  0x41, 0xed, 0x62, 0xe5, 0x42, 0xe5, 0x62, 0xe5, 0x62, 0xe5, 0x62, 0xe5,
  0x62, 0xe5, 0x42, 0xe5, 0x42, 0xe5, 0x62, 0xe5, 0x62, 0xe5, 0x62, 0xe5,
  0x62, 0xe5, 0x42, 0xe5, 0x42, 0xe5, 0x62, 0xe5, 0x42, 0xe5, 0x42, 0xe5,
  0x42, 0xe5, 0x22, 0xe5, 0x42, 0xdd, 0x42, 0xe5, 0x42, 0xe5, 0x42, 0xe5,
  0x22, 0xe5, 0x43, 0xed, 0x23, 0xe5, 0xe3, 0xdc, 0x83, 0x93, 0xe1, 0x20,
  0x00, 0x00, 0x00, 0x00, 0x00, 0x00, 0x00, 0x00, 0x00, 0x00, 0x00, 0x00,
  0x00, 0x00, 0x00, 0x00, 0x00, 0x00, 0x00, 0x00, 0x00, 0x00, 0x00, 0x00,
  0x00, 0x00, 0x00, 0x00, 0x00, 0x00, 0x00, 0x00, 0x00, 0x00, 0x00, 0x00,
  0x00, 0x00, 0x00, 0x00, 0x00, 0x00, 0x00, 0x00, 0x00, 0x00, 0x00, 0x00,
  0x00, 0x00, 0x00, 0x00, 0x00, 0x00, 0x00, 0x00, 0x00, 0x00, 0x00, 0x00,
  0x00, 0x00, 0x00, 0x00, 0x00, 0x00, 0x00, 0x00, 0x00, 0x00, 0x00, 0x00,
  0x00, 0x00, 0x00, 0x00, 0x00, 0x00, 0x00, 0x00, 0x00, 0x00, 0x00, 0x00,
  0x00, 0x00, 0x00, 0x00, 0x00, 0x00, 0x00, 0x00, 0x00, 0x00, 0x00, 0x00,
  0x00, 0x00, 0x00, 0x00, 0x00, 0x00, 0x00, 0x00, 0x00, 0x00, 0x00, 0x00,
  0xe2, 0x20, 0xa1, 0x18, 0x00, 0x00, 0x00, 0x00, 0x00, 0x00, 0x00, 0x00,
  0x00, 0x00, 0x00, 0x00, 0x00, 0x00, 0x00, 0x00, 0x41, 0x00, 0xed, 0x12,
  0xd7, 0x1c, 0x18, 0x15, 0x38, 0x0d, 0x38, 0x15, 0x18, 0x15, 0xf7, 0x14,
  0x17, 0x0d, 0x38, 0x0d, 0x38, 0x0d, 0x17, 0x0d, 0x17, 0x0d, 0x17, 0x0d,
  0x17, 0x0d, 0x17, 0x0d, 0x17, 0x0d, 0x17, 0x0d, 0x17, 0x0d, 0x17, 0x0d,
  0x17, 0x0d, 0x17, 0x0d, 0x18, 0x0d, 0x18, 0x0d, 0x18, 0x0d, 0x18, 0x0d,
  0x18, 0x0d, 0x18, 0x0d, 0x18, 0x0d, 0x18, 0x0d, 0x18, 0x0d, 0x17, 0x0d,
  0xf7, 0x14, 0xf8, 0x14, 0x18, 0x0d, 0x19, 0x0d, 0xf9, 0x0c, 0x19, 0x15,
  0x54, 0x14, 0xe8, 0x09, 0x00, 0x00, 0x00, 0x00, 0x00, 0x00, 0x00, 0x00,
  0x00, 0x00, 0x00, 0x00, 0x00, 0x00, 0x00, 0x00, 0x00, 0x00, 0x00, 0x00,
  0x00, 0x00, 0x00, 0x00, 0x00, 0x00, 0x00, 0x00, 0x00, 0x00, 0x00, 0x00,
  0x00, 0x00, 0x00, 0x00, 0x00, 0x00, 0x00, 0x00, 0x00, 0x00, 0x00, 0x00,
  0x00, 0x00, 0x00, 0x00, 0x00, 0x00, 0x00, 0x00, 0x00, 0x00, 0x00, 0x00,
  0x00, 0x00, 0x00, 0x00, 0x00, 0x00, 0x00, 0x00, 0x00, 0x00, 0x00, 0x00,
  0x00, 0x00, 0x00, 0x00, 0x00, 0x00, 0x00, 0x00, 0x00, 0x00, 0x00, 0x00,
  0x00, 0x00, 0x00, 0x00, 0x00, 0x00, 0x86, 0x09, 0x12, 0x14, 0xf7, 0x14,
  0x17, 0x0d, 0x18, 0x0d, 0x18, 0x0d, 0x17, 0x0d, 0x17, 0x0d, 0x17, 0x0d,
  0x18, 0x0d, 0x18, 0x0d, 0x18, 0x0d, 0x18, 0x0d, 0x18, 0x0d, 0x18, 0x0d,
  0x18, 0x0d, 0x18, 0x0d, 0x18, 0x0d, 0x18, 0x0d, 0x18, 0x0d, 0x18, 0x0d,
  0x18, 0x0d, 0x18, 0x0d, 0x18, 0x0d, 0x18, 0x0d, 0x18, 0x0d, 0x18, 0x0d,
  0x18, 0x0d, 0x18, 0x0d, 0x18, 0x0d, 0x18, 0x15, 0x18, 0x15, 0x18, 0x15,
  0x18, 0x0d, 0x38, 0x15, 0x18, 0x15, 0xf7, 0x14, 0x17, 0x15, 0x11, 0x14,
  0x24, 0x09, 0x00, 0x00, 0x00, 0x00, 0x00, 0x00, 0x00, 0x00, 0x00, 0x00,
  0x00, 0x00, 0x00, 0x00, 0x00, 0x00, 0x00, 0x00, 0xa2, 0x21, 0x83, 0x5c,
  0x82, 0x65, 0xa1, 0x6d, 0xa2, 0x6d, 0xc2, 0x6d, 0xc2, 0x6d, 0xc2, 0x6d,
  0xc2, 0x6d, 0xc2, 0x6d, 0xc2, 0x6d, 0xc2, 0x6d, 0xc2, 0x6d, 0xc2, 0x6d,
  0xc2, 0x6d, 0xc2, 0x6d, 0xc2, 0x6d, 0xc2, 0x6d, 0xc2, 0x6d, 0xc2, 0x6d,
  0xc2, 0x6d, 0xc2, 0x6d, 0xc2, 0x6d, 0xc1, 0x6d, 0xc2, 0x6d, 0xc2, 0x6d,
  0xc2, 0x6d, 0xc2, 0x6d, 0xc2, 0x6d, 0xc2, 0x6d, 0xc2, 0x6d, 0xc2, 0x6d,
  0xc2, 0x6d, 0xc2, 0x6d, 0xc2, 0x6d, 0xc2, 0x6d, 0xc2, 0x6d, 0xc2, 0x6d,
  0xc2, 0x6d, 0xc2, 0x6d, 0xc2, 0x6d, 0xc2, 0x6d, 0xc1, 0x6d, 0xc1, 0x6d,
  0xc1, 0x6d, 0xc1, 0x6d, 0xc1, 0x6d, 0xc2, 0x6d, 0xa2, 0x6d, 0xc2, 0x6d,
  0xa2, 0x6d, 0xa2, 0x6d, 0x82, 0x6d, 0x22, 0x65, 0xe2, 0x5c, 0x82, 0x5c,
  0x02, 0x54, 0xa2, 0x4b, 0x42, 0x43, 0x62, 0x3a, 0x61, 0x21, 0xe0, 0x10,
  0xa0, 0x10, 0x20, 0x00, 0x00, 0x00, 0x00, 0x00, 0x00, 0x00, 0x00, 0x00,
  0x00, 0x00, 0x00, 0x00, 0x00, 0x00, 0x00, 0x00, 0x00, 0x00, 0x00, 0x00,
  0x00, 0x00, 0x00, 0x00, 0x00, 0x00, 0x00, 0x00, 0x00, 0x00, 0x00, 0x00,
  0x00, 0x00, 0x00, 0x00, 0x00, 0x00, 0x00, 0x00, 0x00, 0x00, 0x00, 0x00,
  0x00, 0x00, 0x00, 0x00, 0x00, 0x00, 0x22, 0x7b, 0xe1, 0xfd, 0xc0, 0xfd,
  0x80, 0xfd, 0xa0, 0xfd, 0xa0, 0xfd, 0xc0, 0xfd, 0xc0, 0xfd, 0xc0, 0xf5,
  0xc0, 0xfd, 0xc0, 0xfd, 0xc0, 0xfd, 0xc0, 0xfd, 0xc0, 0xfd, 0xc0, 0xfd,
  0xc0, 0xfd, 0xc0, 0xfd, 0xc0, 0xfd, 0xc0, 0xfd, 0xc0, 0xfd, 0xc0, 0xfd,
  0xc0, 0xfd, 0xc0, 0xfd, 0xc0, 0xfd, 0xa0, 0xfd, 0xa0, 0xfd, 0xa0, 0xfd,
  0xa0, 0xfd, 0xa0, 0xfd, 0xc0, 0xfd, 0xc0, 0xfd, 0xa1, 0xfd, 0xa2, 0xfd,
  0x83, 0xed, 0x63, 0x8b, 0x80, 0x10, 0x00, 0x00, 0x00, 0x00, 0x00, 0x00,
  0x00, 0x00, 0x00, 0x00, 0x00, 0x00, 0x00, 0x00, 0x00, 0x00, 0x00, 0x00,
  0x00, 0x00, 0x00, 0x00, 0x00, 0x00, 0x00, 0x00, 0x00, 0x00, 0x00, 0x00,
  0x00, 0x00, 0x00, 0x00, 0x00, 0x00, 0x00, 0x00, 0x00, 0x00, 0x00, 0x00,
  0x00, 0x00, 0x00, 0x00, 0x00, 0x00, 0x00, 0x00, 0x00, 0x00, 0x00, 0x00,
  0x00, 0x00, 0x00, 0x00, 0x00, 0x00, 0x00, 0x00, 0x00, 0x00, 0x00, 0x00,
  0x00, 0x00, 0x00, 0x00, 0x00, 0x00, 0x00, 0x00, 0x00, 0x00, 0x00, 0x00,
  0x00, 0x00, 0x00, 0x00, 0x00, 0x00, 0x00, 0x00, 0x00, 0x00, 0x00, 0x00,
  0x00, 0x00, 0x00, 0x00, 0x00, 0x00, 0x00, 0x00, 0x00, 0x00, 0x00, 0x00,
  0x00, 0x00, 0x00, 0x00, 0x43, 0x5a, 0x64, 0x62, 0x00, 0x00, 0x00, 0x00,
  0x00, 0x00, 0x00, 0x00, 0x00, 0x00, 0x00, 0x00, 0x00, 0x00, 0x00, 0x00,
  0x00, 0x00, 0x4a, 0x0a, 0x38, 0x0d, 0xbb, 0x0d, 0xbb, 0x05, 0xbb, 0x05,
  0x9a, 0x05, 0x9a, 0x0d, 0xba, 0x05, 0xba, 0x05, 0xbb, 0x05, 0xbb, 0x05,
  0xba, 0x05, 0xba, 0x05, 0xba, 0x05, 0xba, 0x05, 0xba, 0x05, 0xba, 0x05,
  0xba, 0x05, 0xba, 0x05, 0xba, 0x05, 0xba, 0x05, 0xba, 0x05, 0xba, 0x05,
  0xba, 0x05, 0xba, 0x05, 0xba, 0x05, 0xba, 0x05, 0xba, 0x05, 0xba, 0x05,
  0xba, 0x05, 0xba, 0x05, 0x9a, 0x0d, 0x9a, 0x0d, 0xbb, 0x05, 0xbb, 0x05,
  0x9b, 0x05, 0x7b, 0x0d, 0xba, 0x15, 0x11, 0x0c, 0xc3, 0x08, 0x00, 0x00,
  0x00, 0x00, 0x00, 0x00, 0x00, 0x00, 0x00, 0x00, 0x00, 0x00, 0x00, 0x00,
  0x00, 0x00, 0x00, 0x00, 0x00, 0x00, 0x00, 0x00, 0x00, 0x00, 0x00, 0x00,
  0x00, 0x00, 0x00, 0x00, 0x00, 0x00, 0x00, 0x00, 0x00, 0x00, 0x00, 0x00,
  0x00, 0x00, 0x00, 0x00, 0x00, 0x00, 0x00, 0x00, 0x00, 0x00, 0x00, 0x00,
  0x00, 0x00, 0x00, 0x00, 0x00, 0x00, 0x00, 0x00, 0x00, 0x00, 0x00, 0x00,
  0x00, 0x00, 0x00, 0x00, 0x00, 0x00, 0x00, 0x00, 0x00, 0x00, 0x00, 0x00,
  0x00, 0x00, 0x00, 0x00, 0x00, 0x00, 0x00, 0x00, 0x62, 0x00, 0x90, 0x0b,
  0xb9, 0x15, 0xba, 0x0d, 0x9a, 0x05, 0x9b, 0x05, 0x9b, 0x05, 0x9b, 0x05,
  0x9a, 0x05, 0xba, 0x05, 0x9a, 0x05, 0xba, 0x05, 0xba, 0x05, 0xba, 0x05,
  0xba, 0x05, 0xba, 0x05, 0xba, 0x05, 0xba, 0x05, 0xba, 0x05, 0xba, 0x05,
  0xba, 0x05, 0xba, 0x05, 0xba, 0x05, 0xba, 0x05, 0xba, 0x05, 0xba, 0x05,
  0xba, 0x05, 0xba, 0x05, 0xba, 0x05, 0xba, 0x05, 0xba, 0x05, 0xbb, 0x05,
  0x9b, 0x05, 0x9b, 0x05, 0x9b, 0x05, 0x9b, 0x05, 0x9b, 0x05, 0x9b, 0x0d,
  0x99, 0x0d, 0x8f, 0x0b, 0x62, 0x00, 0x00, 0x00, 0x00, 0x00, 0x00, 0x00,
  0x00, 0x00, 0x00, 0x00, 0x00, 0x00, 0x00, 0x00, 0x00, 0x00, 0xe1, 0x10,
  0x42, 0x54, 0x41, 0x6e, 0x40, 0x6e, 0x40, 0x6e, 0x40, 0x6e, 0x40, 0x6e,
  0x40, 0x6e, 0x40, 0x6e, 0x40, 0x6e, 0x40, 0x6e, 0x40, 0x6e, 0x40, 0x6e,
  0x40, 0x6e, 0x40, 0x6e, 0x40, 0x6e, 0x40, 0x6e, 0x40, 0x6e, 0x40, 0x6e,
  0x40, 0x6e, 0x40, 0x6e, 0x40, 0x6e, 0x40, 0x6e, 0x40, 0x6e, 0x40, 0x6e,
  0x40, 0x6e, 0x40, 0x6e, 0x40, 0x6e, 0x40, 0x6e, 0x40, 0x6e, 0x40, 0x6e,
  0x40, 0x6e, 0x40, 0x6e, 0x40, 0x6e, 0x40, 0x6e, 0x40, 0x6e, 0x40, 0x6e,
  0x40, 0x6e, 0x40, 0x6e, 0x40, 0x6e, 0x40, 0x6e, 0x40, 0x6e, 0x40, 0x6e,
  0x40, 0x6e, 0x40, 0x6e, 0x40, 0x6e, 0x60, 0x6e, 0x60, 0x6e, 0x60, 0x6e,
  0x61, 0x6e, 0x40, 0x6e, 0x40, 0x6e, 0x40, 0x6e, 0x40, 0x6e, 0x41, 0x76,
  0x41, 0x76, 0x41, 0x76, 0x41, 0x76, 0x21, 0x76, 0x22, 0x76, 0xe2, 0x75,
  0x62, 0x65, 0x02, 0x5d, 0xa2, 0x5c, 0x62, 0x4b, 0x62, 0x32, 0x41, 0x19,
  0x60, 0x08, 0x00, 0x00, 0x00, 0x00, 0x00, 0x00, 0x00, 0x00, 0x00, 0x00,
  0x00, 0x00, 0x00, 0x00, 0x00, 0x00, 0x00, 0x00, 0x00, 0x00, 0x00, 0x00,
  0x00, 0x00, 0x00, 0x00, 0x00, 0x00, 0x00, 0x00, 0x00, 0x00, 0x00, 0x00,
  0x00, 0x00, 0x00, 0x00, 0x00, 0x00, 0x00, 0x00, 0x00, 0x00, 0x22, 0x83,
  0xe1, 0xf5, 0xc0, 0xf5, 0xa1, 0xf5, 0x81, 0xfd, 0xa1, 0xfd, 0xa0, 0xfd,
  0xa0, 0xfd, 0xa0, 0xf5, 0xa0, 0xfd, 0xa0, 0xfd, 0xa0, 0xfd, 0xa0, 0xfd,
  0xa0, 0xfd, 0xa0, 0xfd, 0xa0, 0xfd, 0xa0, 0xfd, 0xa0, 0xfd, 0xa0, 0xfd,
  0xa0, 0xfd, 0xa0, 0xfd, 0xa0, 0xfd, 0xa0, 0xfd, 0xa0, 0xfd, 0xa0, 0xfd,
  0xa0, 0xfd, 0xa0, 0xfd, 0xa0, 0xfd, 0xa0, 0xfd, 0xa0, 0xfd, 0xa0, 0xfd,
  0xa0, 0xfd, 0x81, 0xfd, 0xa1, 0xfd, 0x61, 0xe5, 0xc2, 0x72, 0x40, 0x08,
  0x00, 0x00, 0x00, 0x00, 0x00, 0x00, 0x00, 0x00, 0x00, 0x00, 0x00, 0x00,
  0x00, 0x00, 0x00, 0x00, 0x00, 0x00, 0x00, 0x00, 0x00, 0x00, 0x00, 0x00,
  0x00, 0x00, 0x00, 0x00, 0x00, 0x00, 0x00, 0x00, 0x00, 0x00, 0x00, 0x00,
  0x00, 0x00, 0x00, 0x00, 0x00, 0x00, 0x00, 0x00, 0x00, 0x00, 0x00, 0x00,
  0x00, 0x00, 0x00, 0x00, 0x00, 0x00, 0x00, 0x00, 0x00, 0x00, 0x00, 0x00,
  0x00, 0x00, 0x00, 0x00, 0x00, 0x00, 0x00, 0x00, 0x00, 0x00, 0x00, 0x00,
  0x00, 0x00, 0x00, 0x00, 0x00, 0x00, 0x00, 0x00, 0x00, 0x00, 0x00, 0x00,
  0x00, 0x00, 0x00, 0x00, 0x00, 0x00, 0x00, 0x00, 0x00, 0x00, 0x00, 0x00,
  0x00, 0x00, 0x00, 0x00, 0x00, 0x00, 0x00, 0x00, 0xc3, 0x72, 0xa5, 0xc4,
  0x42, 0x31, 0x00, 0x00, 0x00, 0x00, 0x00, 0x00, 0x00, 0x00, 0x00, 0x00,
  0x00, 0x00, 0x00, 0x00, 0x00, 0x00, 0xa3, 0x00, 0xf2, 0x0b, 0x99, 0x0d,
  0xba, 0x05, 0xbb, 0x05, 0x9b, 0x05, 0x9a, 0x05, 0x9a, 0x05, 0x9a, 0x05,
  0x9a, 0x05, 0x9a, 0x05, 0x9a, 0x05, 0x9a, 0x05, 0x9a, 0x05, 0x9a, 0x05,
  0x9a, 0x05, 0x9a, 0x05, 0x9a, 0x05, 0x9a, 0x05, 0x9a, 0x05, 0x9a, 0x05,
  0x9a, 0x05, 0x9a, 0x05, 0x9a, 0x05, 0x9a, 0x05, 0x9a, 0x05, 0x9a, 0x05,
  0x9a, 0x05, 0x9a, 0x05, 0x9a, 0x05, 0x9a, 0x05, 0x7a, 0x05, 0x9a, 0x05,
  0xba, 0x05, 0x9b, 0x05, 0x7a, 0x05, 0x9a, 0x05, 0x9a, 0x05, 0x78, 0x0d,
  0x2d, 0x13, 0x61, 0x00, 0x00, 0x00, 0x00, 0x00, 0x00, 0x00, 0x00, 0x00,
  0x00, 0x00, 0x00, 0x00, 0x00, 0x00, 0x00, 0x00, 0x00, 0x00, 0x00, 0x00,
  0x00, 0x00, 0x00, 0x00, 0x00, 0x00, 0x00, 0x00, 0x00, 0x00, 0x00, 0x00,
  0x00, 0x00, 0x00, 0x00, 0x00, 0x00, 0x00, 0x00, 0x00, 0x00, 0x00, 0x00,
  0x00, 0x00, 0x00, 0x00, 0x00, 0x00, 0x00, 0x00, 0x00, 0x00, 0x00, 0x00,
  0x00, 0x00, 0x00, 0x00, 0x00, 0x00, 0x00, 0x00, 0x00, 0x00, 0x00, 0x00,
  0x00, 0x00, 0x00, 0x00, 0x00, 0x00, 0x00, 0x00, 0x00, 0x00, 0x20, 0x00,
  0x4b, 0x12, 0x17, 0x15, 0x99, 0x0d, 0x99, 0x05, 0x9a, 0x05, 0x9b, 0x05,
  0x9b, 0x05, 0x9b, 0x05, 0x9a, 0x05, 0x9a, 0x05, 0x9a, 0x05, 0x9a, 0x05,
  0x9a, 0x05, 0x9a, 0x05, 0x9a, 0x05, 0x9a, 0x05, 0x9a, 0x05, 0x9a, 0x05,
  0x9a, 0x05, 0x9a, 0x05, 0x9a, 0x05, 0x9a, 0x05, 0x9a, 0x05, 0x9a, 0x05,
  0x9a, 0x05, 0x9a, 0x05, 0x9a, 0x05, 0x9a, 0x05, 0x9a, 0x05, 0x9a, 0x05,
  0x9a, 0x05, 0x9b, 0x05, 0x9b, 0x05, 0x9b, 0x05, 0x9b, 0x05, 0x7b, 0x05,
  0x7b, 0x05, 0xba, 0x05, 0x94, 0x0c, 0x66, 0x09, 0x00, 0x00, 0x00, 0x00,
  0x00, 0x00, 0x00, 0x00, 0x00, 0x00, 0x00, 0x00, 0x00, 0x00, 0x00, 0x00,
  0x20, 0x00, 0x02, 0x43, 0xe1, 0x6d, 0x60, 0x6e, 0x40, 0x6e, 0x40, 0x6e,
  0x40, 0x6e, 0x40, 0x6e, 0x40, 0x6e, 0x40, 0x6e, 0x40, 0x6e, 0x40, 0x6e,
  0x40, 0x6e, 0x40, 0x6e, 0x40, 0x6e, 0x40, 0x6e, 0x40, 0x6e, 0x40, 0x6e,
  0x40, 0x6e, 0x40, 0x6e, 0x40, 0x6e, 0x40, 0x6e, 0x40, 0x6e, 0x40, 0x6e,
  0x40, 0x6e, 0x40, 0x6e, 0x40, 0x6e, 0x40, 0x6e, 0x40, 0x6e, 0x40, 0x6e,
  0x40, 0x6e, 0x40, 0x6e, 0x40, 0x6e, 0x40, 0x6e, 0x40, 0x6e, 0x40, 0x6e,
  0x40, 0x6e, 0x40, 0x6e, 0x40, 0x6e, 0x40, 0x6e, 0x40, 0x6e, 0x40, 0x6e,
  0x40, 0x6e, 0x40, 0x6e, 0x40, 0x6e, 0x40, 0x6e, 0x40, 0x6e, 0x40, 0x6e,
  0x40, 0x6e, 0x40, 0x6e, 0x40, 0x6e, 0x40, 0x6e, 0x40, 0x6e, 0x40, 0x6e,
  0x40, 0x6e, 0x40, 0x6e, 0x40, 0x6e, 0x40, 0x6e, 0x40, 0x6e, 0x40, 0x6e,
  0x40, 0x6e, 0x41, 0x6e, 0x41, 0x6e, 0x61, 0x6e, 0x41, 0x6e, 0x02, 0x76,
  0xc2, 0x75, 0x22, 0x65, 0xe2, 0x53, 0x61, 0x32, 0x01, 0x11, 0x20, 0x00,
  0x00, 0x00, 0x00, 0x00, 0x00, 0x00, 0x00, 0x00, 0x00, 0x00, 0x00, 0x00,
  0x00, 0x00, 0x00, 0x00, 0x00, 0x00, 0x00, 0x00, 0x00, 0x00, 0x00, 0x00,
  0x00, 0x00, 0x00, 0x00, 0x00, 0x00, 0x00, 0x00, 0x00, 0x00, 0x00, 0x00,
  0x00, 0x00, 0x22, 0x83, 0xe1, 0xf5, 0xc0, 0xf5, 0xa1, 0xf5, 0xa1, 0xfd,
  0xa1, 0xf5, 0xa0, 0xfd, 0xa0, 0xfd, 0xa0, 0xfd, 0xa0, 0xfd, 0xa0, 0xfd,
  0xa0, 0xfd, 0xa0, 0xfd, 0xa0, 0xfd, 0xa0, 0xfd, 0xa0, 0xfd, 0xa0, 0xfd,
  0xa0, 0xfd, 0xa0, 0xfd, 0xa0, 0xfd, 0xa0, 0xfd, 0xa0, 0xfd, 0xa0, 0xfd,
  0xa0, 0xfd, 0xa0, 0xfd, 0xa0, 0xfd, 0xa0, 0xfd, 0xa0, 0xfd, 0xa0, 0xfd,
  0xa0, 0xfd, 0xa0, 0xfd, 0xa1, 0xfd, 0x81, 0xfd, 0x80, 0xfd, 0xa0, 0xfd,
  0xe1, 0xdc, 0x22, 0x5a, 0x20, 0x00, 0x00, 0x00, 0x00, 0x00, 0x00, 0x00,
  0x00, 0x00, 0x00, 0x00, 0x00, 0x00, 0x00, 0x00, 0x00, 0x00, 0x00, 0x00,
  0x00, 0x00, 0x00, 0x00, 0x00, 0x00, 0x00, 0x00, 0x00, 0x00, 0x00, 0x00,
  0x00, 0x00, 0x00, 0x00, 0x00, 0x00, 0x00, 0x00, 0x00, 0x00, 0x00, 0x00,
  0x00, 0x00, 0x00, 0x00, 0x00, 0x00, 0x00, 0x00, 0x00, 0x00, 0x00, 0x00,
  0x00, 0x00, 0x00, 0x00, 0x00, 0x00, 0x00, 0x00, 0x00, 0x00, 0x00, 0x00,
  0x00, 0x00, 0x00, 0x00, 0x00, 0x00, 0x00, 0x00, 0x00, 0x00, 0x00, 0x00,
  0x00, 0x00, 0x00, 0x00, 0x00, 0x00, 0x00, 0x00, 0x00, 0x00, 0x00, 0x00,
  0x00, 0x00, 0x00, 0x00, 0x00, 0x00, 0x00, 0x00, 0x00, 0x00, 0x00, 0x00,
  0xc3, 0x72, 0x83, 0xf5, 0x63, 0x93, 0x20, 0x00, 0x00, 0x00, 0x00, 0x00,
  0x00, 0x00, 0x00, 0x00, 0x00, 0x00, 0x00, 0x00, 0x00, 0x00, 0x00, 0x00,
  0xc8, 0x09, 0xd5, 0x14, 0xba, 0x0d, 0x9b, 0x05, 0x9b, 0x05, 0x9b, 0x05,
  0x9a, 0x05, 0x9a, 0x05, 0x9b, 0x05, 0x7b, 0x05, 0x9b, 0x05, 0x9b, 0x05,
  0x9b, 0x05, 0x9b, 0x05, 0x9b, 0x05, 0x9b, 0x05, 0x9b, 0x05, 0x9b, 0x05,
  0x9b, 0x05, 0x9b, 0x05, 0x9b, 0x05, 0x9b, 0x05, 0x9b, 0x05, 0x9b, 0x05,
  0x9b, 0x05, 0x9b, 0x05, 0x9b, 0x05, 0x9b, 0x05, 0x9b, 0x05, 0x9b, 0x05,
  0x7a, 0x05, 0x7a, 0x05, 0x9a, 0x05, 0xba, 0x05, 0x9b, 0x05, 0x9a, 0x05,
  0x9a, 0x05, 0xb9, 0x05, 0xf7, 0x14, 0xa8, 0x09, 0x00, 0x00, 0x00, 0x00,
  0x00, 0x00, 0x00, 0x00, 0x00, 0x00, 0x00, 0x00, 0x00, 0x00, 0x00, 0x00,
  0x00, 0x00, 0x00, 0x00, 0x00, 0x00, 0x00, 0x00, 0x00, 0x00, 0x00, 0x00,
  0x00, 0x00, 0x00, 0x00, 0x00, 0x00, 0x00, 0x00, 0x00, 0x00, 0x00, 0x00,
  0x00, 0x00, 0x00, 0x00, 0x00, 0x00, 0x00, 0x00, 0x00, 0x00, 0x00, 0x00,
  0x00, 0x00, 0x00, 0x00, 0x00, 0x00, 0x00, 0x00, 0x00, 0x00, 0x00, 0x00,
  0x00, 0x00, 0x00, 0x00, 0x00, 0x00, 0x00, 0x00, 0x00, 0x00, 0x00, 0x00,
  0x00, 0x00, 0x05, 0x09, 0x75, 0x0c, 0x9a, 0x0d, 0x99, 0x05, 0x9a, 0x05,
  0xbb, 0x05, 0xbb, 0x05, 0x9b, 0x05, 0x9b, 0x05, 0x9b, 0x05, 0xbb, 0x05,
  0x9b, 0x05, 0x9b, 0x05, 0x9b, 0x05, 0x9b, 0x05, 0x9b, 0x05, 0x9b, 0x05,
  0x9b, 0x05, 0x9b, 0x05, 0x9b, 0x05, 0x9b, 0x05, 0x9b, 0x05, 0x9b, 0x05,
  0x9b, 0x05, 0x9b, 0x05, 0x9b, 0x05, 0x9b, 0x05, 0x9b, 0x05, 0x9b, 0x05,
  0x9b, 0x05, 0x9b, 0x05, 0x9b, 0x05, 0x9b, 0x05, 0x9b, 0x05, 0x9b, 0x05,
  0x9b, 0x05, 0x7b, 0x0d, 0x9a, 0x0d, 0x57, 0x0d, 0x6a, 0x0a, 0x20, 0x00,
  0x00, 0x00, 0x00, 0x00, 0x00, 0x00, 0x00, 0x00, 0x00, 0x00, 0x00, 0x00,
  0x00, 0x00, 0x00, 0x00, 0xc1, 0x29, 0x22, 0x6d, 0x40, 0x6e, 0x40, 0x66,
  0x40, 0x6e, 0x40, 0x6e, 0x40, 0x6e, 0x40, 0x6e, 0x40, 0x6e, 0x40, 0x6e,
  0x40, 0x6e, 0x40, 0x6e, 0x40, 0x6e, 0x40, 0x6e, 0x40, 0x6e, 0x40, 0x6e,
  0x40, 0x6e, 0x40, 0x6e, 0x40, 0x6e, 0x40, 0x6e, 0x40, 0x6e, 0x40, 0x6e,
  0x40, 0x6e, 0x40, 0x6e, 0x40, 0x6e, 0x40, 0x6e, 0x40, 0x6e, 0x40, 0x6e,
  0x40, 0x6e, 0x40, 0x6e, 0x40, 0x6e, 0x40, 0x6e, 0x40, 0x6e, 0x40, 0x6e,
  0x40, 0x6e, 0x40, 0x6e, 0x40, 0x6e, 0x40, 0x6e, 0x40, 0x6e, 0x40, 0x6e,
  0x40, 0x6e, 0x40, 0x6e, 0x40, 0x6e, 0x40, 0x6e, 0x40, 0x6e, 0x40, 0x6e,
  0x40, 0x6e, 0x40, 0x6e, 0x40, 0x6e, 0x40, 0x6e, 0x40, 0x6e, 0x40, 0x6e,
  0x40, 0x6e, 0x40, 0x6e, 0x40, 0x6e, 0x40, 0x6e, 0x40, 0x6e, 0x40, 0x6e,
  0x40, 0x6e, 0x40, 0x6e, 0x40, 0x6e, 0x40, 0x6e, 0x40, 0x6e, 0x40, 0x6e,
  0x40, 0x6e, 0x40, 0x6e, 0x40, 0x76, 0x40, 0x76, 0x41, 0x76, 0xc2, 0x6d,
  0xc2, 0x5c, 0x02, 0x3b, 0x61, 0x21, 0x40, 0x08, 0x00, 0x00, 0x00, 0x00,
  0x00, 0x00, 0x00, 0x00, 0x00, 0x00, 0x00, 0x00, 0x00, 0x00, 0x00, 0x00,
  0x00, 0x00, 0x00, 0x00, 0x00, 0x00, 0x00, 0x00, 0x00, 0x00, 0x00, 0x00,
  0x00, 0x00, 0x00, 0x00, 0x00, 0x00, 0x02, 0x83, 0xc1, 0xfd, 0xc0, 0xf5,
  0xa0, 0xf5, 0xa0, 0xfd, 0xa0, 0xfd, 0xa0, 0xfd, 0xa0, 0xfd, 0xa0, 0xfd,
  0xa0, 0xfd, 0xa0, 0xfd, 0xa0, 0xfd, 0xa0, 0xfd, 0xa0, 0xfd, 0xa0, 0xfd,
  0xa0, 0xfd, 0xa0, 0xfd, 0xa0, 0xfd, 0xa0, 0xfd, 0xa0, 0xfd, 0xa0, 0xfd,
  0xa0, 0xfd, 0xa0, 0xfd, 0xa0, 0xfd, 0xa0, 0xfd, 0xa0, 0xfd, 0xa0, 0xfd,
  0xa0, 0xfd, 0xa0, 0xfd, 0xa0, 0xfd, 0xa1, 0xfd, 0xa1, 0xf5, 0xa1, 0xf5,
  0xa0, 0xfd, 0x80, 0xfd, 0xa1, 0xfd, 0xc2, 0xcc, 0xe1, 0x49, 0x00, 0x00,
  0x00, 0x00, 0x00, 0x00, 0x00, 0x00, 0x00, 0x00, 0x00, 0x00, 0x00, 0x00,
  0x00, 0x00, 0x00, 0x00, 0x00, 0x00, 0x00, 0x00, 0x00, 0x00, 0x00, 0x00,
  0x00, 0x00, 0x00, 0x00, 0x00, 0x00, 0x00, 0x00, 0x00, 0x00, 0x00, 0x00,
  0x00, 0x00, 0x00, 0x00, 0x00, 0x00, 0x00, 0x00, 0x00, 0x00, 0x00, 0x00,
  0x00, 0x00, 0x00, 0x00, 0x00, 0x00, 0x00, 0x00, 0x00, 0x00, 0x00, 0x00,
  0x00, 0x00, 0x00, 0x00, 0x00, 0x00, 0x00, 0x00, 0x00, 0x00, 0x00, 0x00,
  0x00, 0x00, 0x00, 0x00, 0x00, 0x00, 0x00, 0x00, 0x00, 0x00, 0x00, 0x00,
  0x00, 0x00, 0x00, 0x00, 0x00, 0x00, 0x00, 0x00, 0x00, 0x00, 0x00, 0x00,
  0x00, 0x00, 0x00, 0x00, 0x82, 0x6a, 0xa2, 0xfd, 0x03, 0xdd, 0xc3, 0x41,
  0x00, 0x00, 0x00, 0x00, 0x00, 0x00, 0x00, 0x00, 0x00, 0x00, 0x00, 0x00,
  0x00, 0x00, 0x00, 0x00, 0x41, 0x00, 0x8c, 0x0a, 0x58, 0x15, 0x9b, 0x05,
  0xbb, 0x05, 0x9b, 0x05, 0x9b, 0x05, 0x9b, 0x05, 0x7b, 0x05, 0x7b, 0x05,
  0x9b, 0x05, 0x9b, 0x05, 0x9b, 0x05, 0x9b, 0x05, 0x9b, 0x05, 0x9b, 0x05,
  0x9b, 0x05, 0x9b, 0x05, 0x9b, 0x05, 0x9b, 0x05, 0x9b, 0x05, 0x9b, 0x05,
  0x9b, 0x05, 0x9b, 0x05, 0x9b, 0x05, 0x9b, 0x05, 0x9b, 0x05, 0x9b, 0x05,
  0x9b, 0x05, 0x9b, 0x05, 0x7b, 0x05, 0x9b, 0x05, 0x9a, 0x05, 0x9a, 0x05,
  0x9b, 0x05, 0x7b, 0x05, 0xbb, 0x05, 0xbb, 0x05, 0x7a, 0x0d, 0xd3, 0x0b,
  0xa3, 0x00, 0x00, 0x00, 0x00, 0x00, 0x00, 0x00, 0x00, 0x00, 0x00, 0x00,
  0x00, 0x00, 0x00, 0x00, 0x00, 0x00, 0x00, 0x00, 0x00, 0x00, 0x00, 0x00,
  0x00, 0x00, 0x00, 0x00, 0x00, 0x00, 0x00, 0x00, 0x00, 0x00, 0x00, 0x00,
  0x00, 0x00, 0x00, 0x00, 0x00, 0x00, 0x00, 0x00, 0x00, 0x00, 0x00, 0x00,
  0x00, 0x00, 0x00, 0x00, 0x00, 0x00, 0x00, 0x00, 0x00, 0x00, 0x00, 0x00,
  0x00, 0x00, 0x00, 0x00, 0x00, 0x00, 0x00, 0x00, 0x00, 0x00, 0x00, 0x00,
  0x00, 0x00, 0x00, 0x00, 0x41, 0x00, 0x2e, 0x0b, 0x9a, 0x0d, 0x9a, 0x05,
  0x9a, 0x05, 0x9b, 0x05, 0x9b, 0x05, 0x9b, 0x05, 0x9b, 0x05, 0x9b, 0x05,
  0x9b, 0x05, 0x9b, 0x05, 0x9b, 0x05, 0x9b, 0x05, 0x9b, 0x05, 0x9b, 0x05,
  0x9b, 0x05, 0x9b, 0x05, 0x9b, 0x05, 0x9b, 0x05, 0x9b, 0x05, 0x9b, 0x05,
  0x9b, 0x05, 0x9b, 0x05, 0x9b, 0x05, 0x9b, 0x05, 0x9b, 0x05, 0x9b, 0x05,
  0x9b, 0x05, 0x9b, 0x05, 0x9b, 0x05, 0x9b, 0x05, 0x9b, 0x05, 0x9b, 0x05,
  0x9a, 0x05, 0x9a, 0x05, 0x7b, 0x05, 0x9a, 0x0d, 0x99, 0x0d, 0xd0, 0x0b,
  0x82, 0x00, 0x00, 0x00, 0x00, 0x00, 0x00, 0x00, 0x00, 0x00, 0x00, 0x00,
  0x00, 0x00, 0x00, 0x00, 0x00, 0x00, 0xa1, 0x08, 0xe2, 0x53, 0x41, 0x76,
  0x40, 0x6e, 0x60, 0x6e, 0x40, 0x66, 0x60, 0x66, 0x60, 0x66, 0x60, 0x66,
  0x40, 0x66, 0x40, 0x66, 0x40, 0x66, 0x60, 0x66, 0x60, 0x66, 0x60, 0x66,
  0x40, 0x6e, 0x40, 0x6e, 0x40, 0x6e, 0x40, 0x6e, 0x40, 0x6e, 0x40, 0x6e,
  0x40, 0x6e, 0x40, 0x6e, 0x40, 0x6e, 0x40, 0x6e, 0x40, 0x6e, 0x40, 0x6e,
  0x40, 0x6e, 0x40, 0x6e, 0x40, 0x6e, 0x40, 0x6e, 0x40, 0x6e, 0x40, 0x6e,
  0x40, 0x6e, 0x40, 0x6e, 0x40, 0x6e, 0x40, 0x6e, 0x40, 0x6e, 0x40, 0x6e,
  0x40, 0x6e, 0x40, 0x6e, 0x40, 0x6e, 0x40, 0x6e, 0x40, 0x6e, 0x40, 0x6e,
  0x40, 0x6e, 0x40, 0x6e, 0x40, 0x6e, 0x40, 0x6e, 0x40, 0x6e, 0x40, 0x6e,
  0x40, 0x6e, 0x40, 0x6e, 0x40, 0x6e, 0x40, 0x6e, 0x40, 0x6e, 0x40, 0x6e,
  0x40, 0x6e, 0x40, 0x6e, 0x40, 0x6e, 0x40, 0x6e, 0x40, 0x6e, 0x40, 0x6e,
  0x20, 0x6e, 0x20, 0x6e, 0x20, 0x6e, 0x20, 0x6e, 0x60, 0x6e, 0x60, 0x6e,
  0x40, 0x6e, 0x40, 0x6e, 0x21, 0x6e, 0xe2, 0x75, 0xe3, 0x64, 0xa3, 0x4b,
  0xc1, 0x29, 0x40, 0x00, 0x00, 0x00, 0x00, 0x00, 0x00, 0x00, 0x00, 0x00,
  0x00, 0x00, 0x00, 0x00, 0x00, 0x00, 0x00, 0x00, 0x00, 0x00, 0x00, 0x00,
  0x00, 0x00, 0x00, 0x00, 0x00, 0x00, 0x00, 0x00, 0x00, 0x00, 0xa2, 0x7a,
  0xa3, 0xfd, 0xa0, 0xfd, 0xa0, 0xfd, 0x80, 0xfd, 0xa0, 0xfd, 0xa0, 0xfd,
  0xa0, 0xfd, 0xa0, 0xfd, 0xa0, 0xfd, 0xa0, 0xfd, 0xa0, 0xfd, 0xa0, 0xfd,
  0xa0, 0xfd, 0xa0, 0xfd, 0xa0, 0xfd, 0xa0, 0xfd, 0xa0, 0xfd, 0xa0, 0xfd,
  0xa0, 0xfd, 0xa0, 0xfd, 0xa0, 0xfd, 0xa0, 0xfd, 0xa0, 0xfd, 0xa0, 0xfd,
  0xa0, 0xfd, 0xa0, 0xfd, 0xa0, 0xfd, 0xa0, 0xfd, 0xa0, 0xfd, 0xa1, 0xf5,
  0xa1, 0xf5, 0xa1, 0xf5, 0xc1, 0xf5, 0xa1, 0xfd, 0xa1, 0xf5, 0xc1, 0xf5,
  0x63, 0xb4, 0x62, 0x39, 0x00, 0x00, 0x00, 0x00, 0x00, 0x00, 0x00, 0x00,
  0x00, 0x00, 0x00, 0x00, 0x00, 0x00, 0x00, 0x00, 0x00, 0x00, 0x00, 0x00,
  0x00, 0x00, 0x00, 0x00, 0x00, 0x00, 0x00, 0x00, 0x00, 0x00, 0x00, 0x00,
  0x00, 0x00, 0x00, 0x00, 0x00, 0x00, 0x00, 0x00, 0x00, 0x00, 0x00, 0x00,
  0x00, 0x00, 0x00, 0x00, 0x00, 0x00, 0x00, 0x00, 0x00, 0x00, 0x00, 0x00,
  0x00, 0x00, 0x00, 0x00, 0x00, 0x00, 0x00, 0x00, 0x00, 0x00, 0x00, 0x00,
  0x00, 0x00, 0x00, 0x00, 0x00, 0x00, 0x00, 0x00, 0x00, 0x00, 0x00, 0x00,
  0x00, 0x00, 0x00, 0x00, 0x00, 0x00, 0x00, 0x00, 0x00, 0x00, 0x00, 0x00,
  0x00, 0x00, 0x00, 0x00, 0x00, 0x00, 0x00, 0x00, 0x22, 0x62, 0x62, 0xf5,
  0xc2, 0xfd, 0x24, 0xac, 0xc1, 0x18, 0x00, 0x00, 0x00, 0x00, 0x00, 0x00,
  0x00, 0x00, 0x00, 0x00, 0x00, 0x00, 0x00, 0x00, 0x00, 0x00, 0xc3, 0x08,
  0xd1, 0x0b, 0xbb, 0x0d, 0x9b, 0x05, 0x9b, 0x05, 0x9b, 0x05, 0x9b, 0x05,
  0x9b, 0x05, 0x9b, 0x05, 0x9b, 0x05, 0x9b, 0x05, 0x9b, 0x05, 0x9b, 0x05,
  0x9b, 0x05, 0x9b, 0x05, 0x9b, 0x05, 0x9b, 0x05, 0x9b, 0x05, 0x9b, 0x05,
  0x9b, 0x05, 0x9b, 0x05, 0x9b, 0x05, 0x9b, 0x05, 0x9b, 0x05, 0x9b, 0x05,
  0x9b, 0x05, 0x9b, 0x05, 0x9b, 0x05, 0x9b, 0x05, 0x9b, 0x05, 0x9b, 0x05,
  0x9b, 0x05, 0x9b, 0x05, 0x9b, 0x05, 0x9b, 0x05, 0x9b, 0x05, 0xbb, 0x05,
  0xbb, 0x0d, 0x39, 0x0d, 0x8c, 0x0a, 0x00, 0x00, 0x00, 0x00, 0x00, 0x00,
  0x00, 0x00, 0x00, 0x00, 0x00, 0x00, 0x00, 0x00, 0x00, 0x00, 0x00, 0x00,
  0x00, 0x00, 0x00, 0x00, 0x00, 0x00, 0x00, 0x00, 0x00, 0x00, 0x00, 0x00,
  0x00, 0x00, 0x00, 0x00, 0x00, 0x00, 0x00, 0x00, 0x00, 0x00, 0x00, 0x00,
  0x00, 0x00, 0x00, 0x00, 0x00, 0x00, 0x00, 0x00, 0x00, 0x00, 0x00, 0x00,
  0x00, 0x00, 0x00, 0x00, 0x00, 0x00, 0x00, 0x00, 0x00, 0x00, 0x00, 0x00,
  0x00, 0x00, 0x00, 0x00, 0x00, 0x00, 0x00, 0x00, 0xc8, 0x09, 0xf7, 0x0c,
  0xbb, 0x0d, 0x9b, 0x05, 0x9b, 0x05, 0x9b, 0x05, 0x9b, 0x05, 0x9b, 0x05,
  0x9a, 0x05, 0x9a, 0x05, 0x7b, 0x05, 0x7b, 0x05, 0x7b, 0x05, 0x9b, 0x05,
  0x9b, 0x05, 0x9b, 0x05, 0x9b, 0x05, 0x9b, 0x05, 0x9b, 0x05, 0x9b, 0x05,
  0x9b, 0x05, 0x9b, 0x05, 0x9b, 0x05, 0x9b, 0x05, 0x9b, 0x05, 0x9b, 0x05,
  0x9b, 0x05, 0x9b, 0x05, 0x9b, 0x05, 0x9b, 0x05, 0x9b, 0x05, 0x9b, 0x05,
  0x9b, 0x05, 0x9b, 0x05, 0x9b, 0x05, 0x7b, 0x05, 0x9b, 0x05, 0x9a, 0x05,
  0xd5, 0x0c, 0x86, 0x09, 0x00, 0x00, 0x00, 0x00, 0x00, 0x00, 0x00, 0x00,
  0x00, 0x00, 0x00, 0x00, 0x00, 0x00, 0x00, 0x00, 0x00, 0x00, 0x62, 0x32,
  0xa2, 0x6d, 0x41, 0x6e, 0x40, 0x6e, 0x40, 0x6e, 0x40, 0x66, 0x60, 0x66,
  0x60, 0x66, 0x60, 0x66, 0x60, 0x66, 0x60, 0x66, 0x60, 0x66, 0x60, 0x66,
  0x60, 0x66, 0x60, 0x66, 0x40, 0x66, 0x40, 0x66, 0x40, 0x66, 0x40, 0x66,
  0x40, 0x66, 0x40, 0x66, 0x40, 0x66, 0x40, 0x66, 0x40, 0x66, 0x40, 0x66,
  0x40, 0x66, 0x40, 0x66, 0x40, 0x66, 0x40, 0x66, 0x40, 0x66, 0x40, 0x66,
  0x40, 0x66, 0x40, 0x66, 0x40, 0x66, 0x40, 0x66, 0x40, 0x66, 0x40, 0x66,
  0x40, 0x66, 0x40, 0x66, 0x40, 0x66, 0x40, 0x66, 0x40, 0x66, 0x40, 0x66,
  0x40, 0x66, 0x40, 0x66, 0x40, 0x66, 0x40, 0x66, 0x40, 0x66, 0x40, 0x66,
  0x40, 0x66, 0x40, 0x66, 0x40, 0x66, 0x40, 0x66, 0x40, 0x66, 0x40, 0x66,
  0x40, 0x66, 0x40, 0x6e, 0x40, 0x6e, 0x40, 0x6e, 0x40, 0x6e, 0x40, 0x6e,
  0x40, 0x6e, 0x40, 0x6e, 0x40, 0x6e, 0x20, 0x6e, 0x20, 0x6e, 0x40, 0x6e,
  0x40, 0x66, 0x40, 0x6e, 0x40, 0x6e, 0x40, 0x6e, 0x41, 0x6e, 0x41, 0x76,
  0x21, 0x76, 0x02, 0x76, 0x42, 0x65, 0x02, 0x43, 0xc0, 0x10, 0x00, 0x00,
  0x00, 0x00, 0x00, 0x00, 0x00, 0x00, 0x00, 0x00, 0x00, 0x00, 0x00, 0x00,
  0x00, 0x00, 0x00, 0x00, 0x00, 0x00, 0x00, 0x00, 0x00, 0x00, 0x00, 0x00,
  0x00, 0x00, 0x83, 0x72, 0x84, 0xfd, 0x81, 0xfd, 0xa0, 0xfd, 0xa0, 0xfd,
  0xa0, 0xfd, 0xa0, 0xfd, 0xa0, 0xfd, 0xa1, 0xfd, 0xa0, 0xf5, 0xa0, 0xf5,
  0xa0, 0xf5, 0xa0, 0xf5, 0xa0, 0xfd, 0xa0, 0xfd, 0xa0, 0xf5, 0xa0, 0xf5,
  0xa0, 0xf5, 0xa0, 0xfd, 0xa0, 0xfd, 0xa0, 0xf5, 0xa0, 0xf5, 0xa0, 0xfd,
  0xa0, 0xfd, 0xa0, 0xfd, 0xa0, 0xf5, 0xa0, 0xf5, 0xa0, 0xfd, 0xa0, 0xfd,
  0xa0, 0xfd, 0xa0, 0xfd, 0xa0, 0xfd, 0xa0, 0xfd, 0x80, 0xfd, 0xa0, 0xfd,
  0xa0, 0xf5, 0xc0, 0xf5, 0xa3, 0xf5, 0x03, 0xb4, 0x01, 0x29, 0x00, 0x00,
  0x00, 0x00, 0x00, 0x00, 0x00, 0x00, 0x00, 0x00, 0x00, 0x00, 0x00, 0x00,
  0x00, 0x00, 0x00, 0x00, 0x00, 0x00, 0x00, 0x00, 0x00, 0x00, 0x00, 0x00,
  0x00, 0x00, 0x00, 0x00, 0x00, 0x00, 0x00, 0x00, 0x00, 0x00, 0x00, 0x00,
  0x00, 0x00, 0x00, 0x00, 0x00, 0x00, 0x00, 0x00, 0x00, 0x00, 0x00, 0x00,
  0x00, 0x00, 0x00, 0x00, 0x00, 0x00, 0x00, 0x00, 0x00, 0x00, 0x00, 0x00,
  0x00, 0x00, 0x00, 0x00, 0x00, 0x00, 0x00, 0x00, 0x00, 0x00, 0x00, 0x00,
  0x00, 0x00, 0x00, 0x00, 0x00, 0x00, 0x00, 0x00, 0x00, 0x00, 0x00, 0x00,
  0x00, 0x00, 0x00, 0x00, 0x00, 0x00, 0x00, 0x00, 0x00, 0x00, 0x00, 0x00,
  0x02, 0x5a, 0x43, 0xed, 0xa2, 0xf5, 0x83, 0xed, 0x83, 0x6a, 0x00, 0x00,
  0x00, 0x00, 0x00, 0x00, 0x00, 0x00, 0x00, 0x00, 0x00, 0x00, 0x00, 0x00,
  0x00, 0x00, 0x00, 0x00, 0xe9, 0x01, 0xf7, 0x0c, 0x9b, 0x05, 0x9b, 0x05,
  0x9a, 0x05, 0x9a, 0x05, 0x9a, 0x05, 0x9a, 0x05, 0x9a, 0x05, 0x9a, 0x05,
  0x9a, 0x05, 0x9a, 0x05, 0x9a, 0x05, 0x9a, 0x05, 0x9a, 0x05, 0x9a, 0x05,
  0x9a, 0x05, 0x9a, 0x05, 0x9a, 0x05, 0x9a, 0x05, 0x9a, 0x05, 0x9a, 0x05,
  0x9a, 0x05, 0x9a, 0x05, 0x9a, 0x05, 0x9a, 0x05, 0x9a, 0x05, 0x9a, 0x05,
  0xbb, 0x05, 0x9b, 0x05, 0x9b, 0x05, 0x9b, 0x05, 0x9b, 0x05, 0x9b, 0x05,
  0xbb, 0x05, 0x9b, 0x05, 0x9a, 0x0d, 0xba, 0x0d, 0x54, 0x14, 0x04, 0x01,
  0x00, 0x00, 0x00, 0x00, 0x00, 0x00, 0x00, 0x00, 0x00, 0x00, 0x00, 0x00,
  0x00, 0x00, 0x00, 0x00, 0x00, 0x00, 0x00, 0x00, 0x00, 0x00, 0x00, 0x00,
  0x00, 0x00, 0x00, 0x00, 0x00, 0x00, 0x00, 0x00, 0x00, 0x00, 0x00, 0x00,
  0x00, 0x00, 0x00, 0x00, 0x00, 0x00, 0x00, 0x00, 0x00, 0x00, 0x00, 0x00,
  0x00, 0x00, 0x00, 0x00, 0x00, 0x00, 0x00, 0x00, 0x00, 0x00, 0x00, 0x00,
  0x00, 0x00, 0x00, 0x00, 0x00, 0x00, 0x00, 0x00, 0x00, 0x00, 0xa3, 0x00,
  0xf3, 0x0b, 0x9a, 0x05, 0x9a, 0x05, 0x9b, 0x05, 0x9b, 0x05, 0x9b, 0x05,
  0x9b, 0x05, 0x9a, 0x05, 0x9a, 0x05, 0x9a, 0x05, 0x9a, 0x05, 0x9b, 0x05,
  0x9b, 0x05, 0x9b, 0x05, 0x9a, 0x05, 0x9a, 0x05, 0x9a, 0x05, 0x9a, 0x05,
  0x9a, 0x05, 0x9a, 0x05, 0x9a, 0x05, 0x9a, 0x05, 0x9a, 0x05, 0x9a, 0x05,
  0x9a, 0x05, 0x9a, 0x05, 0x9a, 0x05, 0x9a, 0x05, 0x9a, 0x05, 0x9a, 0x05,
  0x9a, 0x05, 0x9a, 0x05, 0x9a, 0x05, 0x9a, 0x05, 0x9a, 0x05, 0x7b, 0x05,
  0x9b, 0x05, 0x7a, 0x05, 0x2e, 0x0b, 0x20, 0x00, 0x00, 0x00, 0x00, 0x00,
  0x00, 0x00, 0x00, 0x00, 0x00, 0x00, 0x00, 0x00, 0x00, 0x00, 0x00, 0x00,
  0x01, 0x19, 0xa2, 0x5c, 0x21, 0x6e, 0x41, 0x6e, 0x41, 0x6e, 0x20, 0x6e,
  0x40, 0x6e, 0x40, 0x6e, 0x40, 0x6e, 0x40, 0x6e, 0x40, 0x6e, 0x40, 0x6e,
  0x40, 0x6e, 0x40, 0x6e, 0x40, 0x6e, 0x40, 0x6e, 0x40, 0x6e, 0x40, 0x6e,
  0x40, 0x6e, 0x40, 0x6e, 0x40, 0x6e, 0x40, 0x6e, 0x40, 0x6e, 0x40, 0x6e,
  0x40, 0x6e, 0x40, 0x6e, 0x40, 0x6e, 0x40, 0x6e, 0x40, 0x6e, 0x40, 0x6e,
  0x40, 0x6e, 0x40, 0x6e, 0x40, 0x6e, 0x40, 0x6e, 0x40, 0x6e, 0x40, 0x6e,
  0x40, 0x6e, 0x40, 0x6e, 0x40, 0x6e, 0x40, 0x6e, 0x40, 0x6e, 0x40, 0x6e,
  0x40, 0x6e, 0x40, 0x6e, 0x40, 0x6e, 0x40, 0x6e, 0x40, 0x6e, 0x40, 0x6e,
  0x40, 0x6e, 0x40, 0x6e, 0x40, 0x6e, 0x40, 0x6e, 0x40, 0x6e, 0x40, 0x6e,
  0x40, 0x6e, 0x40, 0x6e, 0x40, 0x6e, 0x40, 0x6e, 0x40, 0x6e, 0x40, 0x6e,
  0x40, 0x6e, 0x40, 0x66, 0x40, 0x6e, 0x60, 0x66, 0x60, 0x66, 0x60, 0x66,
  0x60, 0x66, 0x40, 0x66, 0x41, 0x6e, 0x40, 0x6e, 0x40, 0x6e, 0x40, 0x6e,
  0x40, 0x6e, 0x40, 0x6e, 0x40, 0x6e, 0x40, 0x6e, 0x61, 0x6e, 0xe1, 0x75,
  0x41, 0x5c, 0xe1, 0x29, 0x20, 0x00, 0x00, 0x00, 0x00, 0x00, 0x00, 0x00,
  0x00, 0x00, 0x00, 0x00, 0x00, 0x00, 0x00, 0x00, 0x00, 0x00, 0x00, 0x00,
  0x00, 0x00, 0x00, 0x00, 0x00, 0x00, 0xa2, 0x72, 0xa2, 0xf5, 0xa1, 0xfd,
  0xa0, 0xfd, 0xa0, 0xfd, 0xa0, 0xfd, 0xa0, 0xfd, 0xa0, 0xfd, 0xa0, 0xfd,
  0xa0, 0xfd, 0xa0, 0xfd, 0xa0, 0xfd, 0xa0, 0xfd, 0xa0, 0xfd, 0xa0, 0xfd,
  0xa0, 0xfd, 0xa0, 0xfd, 0xa0, 0xfd, 0xa0, 0xfd, 0xa0, 0xfd, 0xa0, 0xfd,
  0xa0, 0xfd, 0xa0, 0xfd, 0xa0, 0xfd, 0xa0, 0xfd, 0xa0, 0xfd, 0xa0, 0xfd,
  0xa0, 0xfd, 0xa0, 0xfd, 0xa0, 0xfd, 0xa0, 0xfd, 0xa0, 0xfd, 0xa0, 0xfd,
  0x80, 0xfd, 0x80, 0xfd, 0xa0, 0xfd, 0x80, 0xf5, 0xc1, 0xfd, 0x81, 0xf5,
  0x82, 0x93, 0x81, 0x18, 0x00, 0x00, 0x00, 0x00, 0x00, 0x00, 0x00, 0x00,
  0x00, 0x00, 0x00, 0x00, 0x00, 0x00, 0x00, 0x00, 0x00, 0x00, 0x00, 0x00,
  0x00, 0x00, 0x00, 0x00, 0x00, 0x00, 0x00, 0x00, 0x00, 0x00, 0x00, 0x00,
  0x00, 0x00, 0x00, 0x00, 0x00, 0x00, 0x00, 0x00, 0x00, 0x00, 0x00, 0x00,
  0x00, 0x00, 0x00, 0x00, 0x00, 0x00, 0x00, 0x00, 0x00, 0x00, 0x00, 0x00,
  0x00, 0x00, 0x00, 0x00, 0x00, 0x00, 0x00, 0x00, 0x00, 0x00, 0x00, 0x00,
  0x00, 0x00, 0x00, 0x00, 0x00, 0x00, 0x00, 0x00, 0x00, 0x00, 0x00, 0x00,
  0x00, 0x00, 0x00, 0x00, 0x00, 0x00, 0x00, 0x00, 0x00, 0x00, 0x00, 0x00,
  0x00, 0x00, 0x00, 0x00, 0x21, 0x5a, 0x82, 0xed, 0xa1, 0xf5, 0xa2, 0xf5,
  0xa4, 0xc4, 0x21, 0x29, 0x00, 0x00, 0x00, 0x00, 0x00, 0x00, 0x00, 0x00,
  0x00, 0x00, 0x00, 0x00, 0x00, 0x00, 0x00, 0x00, 0x61, 0x00, 0x4f, 0x0b,
  0x7a, 0x05, 0x9b, 0x05, 0x9b, 0x05, 0x9a, 0x05, 0x9a, 0x05, 0x9a, 0x05,
  0x9a, 0x05, 0x9a, 0x05, 0x9a, 0x05, 0x9a, 0x05, 0x9a, 0x05, 0x9a, 0x05,
  0x9a, 0x05, 0x9b, 0x05, 0x9a, 0x05, 0x9b, 0x05, 0x9a, 0x05, 0x9a, 0x05,
  0x9a, 0x05, 0x9a, 0x05, 0x9a, 0x05, 0x9a, 0x05, 0x9a, 0x05, 0x9a, 0x05,
  0x9a, 0x05, 0x9b, 0x05, 0x9b, 0x05, 0x9b, 0x05, 0x9b, 0x05, 0x9b, 0x05,
  0x9b, 0x05, 0x9b, 0x05, 0x9b, 0x05, 0x7a, 0x05, 0x9a, 0x05, 0x9a, 0x05,
  0x79, 0x0d, 0x2e, 0x0b, 0x41, 0x00, 0x00, 0x00, 0x00, 0x00, 0x00, 0x00,
  0x00, 0x00, 0x00, 0x00, 0x00, 0x00, 0x00, 0x00, 0x00, 0x00, 0x00, 0x00,
  0x00, 0x00, 0x00, 0x00, 0x00, 0x00, 0x00, 0x00, 0x00, 0x00, 0x00, 0x00,
  0x00, 0x00, 0x00, 0x00, 0x00, 0x00, 0x00, 0x00, 0x00, 0x00, 0x00, 0x00,
  0x00, 0x00, 0x00, 0x00, 0x00, 0x00, 0x00, 0x00, 0x00, 0x00, 0x00, 0x00,
  0x00, 0x00, 0x00, 0x00, 0x00, 0x00, 0x00, 0x00, 0x00, 0x00, 0x00, 0x00,
  0x20, 0x00, 0xac, 0x0a, 0x58, 0x15, 0xba, 0x05, 0x9b, 0x05, 0x9b, 0x05,
  0x9a, 0x05, 0x9a, 0x05, 0x9a, 0x05, 0x9a, 0x05, 0x9a, 0x05, 0x9a, 0x05,
  0x9a, 0x05, 0x9a, 0x05, 0x9b, 0x05, 0x9b, 0x05, 0x9a, 0x05, 0x9a, 0x05,
  0x9a, 0x05, 0x9a, 0x05, 0x9a, 0x05, 0x9a, 0x05, 0x9a, 0x05, 0x9a, 0x05,
  0x9a, 0x05, 0x9a, 0x05, 0x9a, 0x05, 0x9a, 0x05, 0x9b, 0x05, 0x9b, 0x05,
  0xbb, 0x05, 0x9b, 0x05, 0xba, 0x05, 0x9a, 0x05, 0x9a, 0x05, 0x9a, 0x05,
  0x9a, 0x05, 0x7b, 0x05, 0x9c, 0x05, 0x34, 0x0c, 0xe4, 0x00, 0x00, 0x00,
  0x00, 0x00, 0x00, 0x00, 0x00, 0x00, 0x00, 0x00, 0x00, 0x00, 0x00, 0x00,
  0x00, 0x00, 0x40, 0x00, 0x22, 0x43, 0xe2, 0x75, 0x21, 0x76, 0x40, 0x6e,
  0x40, 0x6e, 0x40, 0x6e, 0x40, 0x6e, 0x40, 0x6e, 0x40, 0x6e, 0x40, 0x6e,
  0x40, 0x6e, 0x40, 0x6e, 0x40, 0x6e, 0x40, 0x6e, 0x40, 0x6e, 0x40, 0x6e,
  0x40, 0x6e, 0x40, 0x6e, 0x40, 0x6e, 0x40, 0x6e, 0x40, 0x6e, 0x40, 0x6e,
  0x40, 0x6e, 0x40, 0x6e, 0x40, 0x6e, 0x40, 0x6e, 0x40, 0x6e, 0x40, 0x6e,
  0x40, 0x6e, 0x40, 0x6e, 0x40, 0x6e, 0x40, 0x6e, 0x40, 0x6e, 0x40, 0x6e,
  0x40, 0x6e, 0x40, 0x6e, 0x40, 0x6e, 0x40, 0x6e, 0x40, 0x6e, 0x40, 0x6e,
  0x40, 0x6e, 0x40, 0x6e, 0x40, 0x6e, 0x40, 0x6e, 0x40, 0x6e, 0x40, 0x6e,
  0x40, 0x6e, 0x40, 0x6e, 0x40, 0x6e, 0x40, 0x6e, 0x40, 0x6e, 0x40, 0x6e,
  0x40, 0x6e, 0x40, 0x6e, 0x40, 0x6e, 0x40, 0x6e, 0x40, 0x6e, 0x40, 0x6e,
  0x40, 0x6e, 0x40, 0x6e, 0x40, 0x6e, 0x40, 0x6e, 0x40, 0x6e, 0x40, 0x6e,
  0x40, 0x6e, 0x60, 0x6e, 0x60, 0x6e, 0x40, 0x66, 0x40, 0x6e, 0x40, 0x66,
  0x40, 0x6e, 0x40, 0x6e, 0x40, 0x6e, 0x40, 0x6e, 0x40, 0x6e, 0x40, 0x6e,
  0x40, 0x66, 0x40, 0x6e, 0x42, 0x76, 0x02, 0x65, 0xc2, 0x3a, 0x80, 0x08,
  0x00, 0x00, 0x00, 0x00, 0x00, 0x00, 0x00, 0x00, 0x00, 0x00, 0x00, 0x00,
  0x00, 0x00, 0x00, 0x00, 0x00, 0x00, 0x00, 0x00, 0x00, 0x00, 0xc2, 0x72,
  0xc2, 0xf5, 0xa1, 0xfd, 0xa0, 0xfd, 0xa0, 0xf5, 0xa0, 0xfd, 0xa0, 0xfd,
  0x80, 0xfd, 0xa0, 0xfd, 0xa0, 0xfd, 0xa0, 0xfd, 0xa0, 0xfd, 0xa0, 0xfd,
  0xa0, 0xfd, 0xa0, 0xfd, 0xa0, 0xfd, 0xa0, 0xfd, 0xa0, 0xfd, 0xa0, 0xfd,
  0xa0, 0xfd, 0xa0, 0xfd, 0xa0, 0xfd, 0xa0, 0xfd, 0xa0, 0xfd, 0xa0, 0xfd,
  0xa0, 0xfd, 0xa0, 0xfd, 0xa0, 0xfd, 0xa0, 0xfd, 0xa0, 0xfd, 0xc0, 0xf5,
  0xa0, 0xfd, 0xa0, 0xfd, 0xa0, 0xfd, 0x80, 0xfd, 0x80, 0xfd, 0x80, 0xfd,
  0xa0, 0xf5, 0xc0, 0xf5, 0x62, 0xe5, 0x03, 0x7b, 0x60, 0x08, 0x00, 0x00,
  0x00, 0x00, 0x00, 0x00, 0x00, 0x00, 0x00, 0x00, 0x00, 0x00, 0x00, 0x00,
  0x00, 0x00, 0x00, 0x00, 0x00, 0x00, 0x00, 0x00, 0x00, 0x00, 0x00, 0x00,
  0x00, 0x00, 0x00, 0x00, 0x00, 0x00, 0x00, 0x00, 0x00, 0x00, 0x00, 0x00,
  0x00, 0x00, 0x00, 0x00, 0x00, 0x00, 0x00, 0x00, 0x00, 0x00, 0x00, 0x00,
  0x00, 0x00, 0x00, 0x00, 0x00, 0x00, 0x00, 0x00, 0x00, 0x00, 0x00, 0x00,
  0x00, 0x00, 0x00, 0x00, 0x00, 0x00, 0x00, 0x00, 0x00, 0x00, 0x00, 0x00,
  0x00, 0x00, 0x00, 0x00, 0x00, 0x00, 0x00, 0x00, 0x00, 0x00, 0x00, 0x00,
  0x00, 0x00, 0x00, 0x00, 0x00, 0x00, 0x00, 0x00, 0x21, 0x5a, 0x81, 0xed,
  0xc0, 0xf5, 0xa1, 0xf5, 0xa3, 0xf5, 0x23, 0x83, 0x20, 0x08, 0x00, 0x00,
  0x00, 0x00, 0x00, 0x00, 0x00, 0x00, 0x00, 0x00, 0x00, 0x00, 0x00, 0x00,
  0x00, 0x00, 0x46, 0x01, 0xb6, 0x0c, 0x9b, 0x05, 0x9a, 0x05, 0x9a, 0x0d,
  0x7a, 0x05, 0x9b, 0x05, 0x9a, 0x05, 0x9a, 0x05, 0x9a, 0x05, 0x9a, 0x05,
  0x9b, 0x05, 0x9b, 0x05, 0x9b, 0x05, 0x9b, 0x05, 0x9b, 0x05, 0x9b, 0x05,
  0x9b, 0x05, 0x9b, 0x05, 0x9b, 0x05, 0x9b, 0x05, 0x9b, 0x05, 0x9b, 0x05,
  0x9b, 0x05, 0x9b, 0x05, 0x9b, 0x05, 0x9b, 0x05, 0x9b, 0x05, 0x9b, 0x05,
  0x9b, 0x05, 0x9b, 0x05, 0x9b, 0x05, 0x9a, 0x05, 0x9b, 0x05, 0x9b, 0x05,
  0x9b, 0x05, 0x9b, 0x05, 0xbb, 0x05, 0xd7, 0x0c, 0xa8, 0x09, 0x00, 0x00,
  0x00, 0x00, 0x00, 0x00, 0x00, 0x00, 0x00, 0x00, 0x00, 0x00, 0x00, 0x00,
  0x00, 0x00, 0x00, 0x00, 0x00, 0x00, 0x00, 0x00, 0x00, 0x00, 0x00, 0x00,
  0x00, 0x00, 0x00, 0x00, 0x00, 0x00, 0x00, 0x00, 0x00, 0x00, 0x00, 0x00,
  0x00, 0x00, 0x00, 0x00, 0x00, 0x00, 0x00, 0x00, 0x00, 0x00, 0x00, 0x00,
  0x00, 0x00, 0x00, 0x00, 0x00, 0x00, 0x00, 0x00, 0x00, 0x00, 0x00, 0x00,
  0x00, 0x00, 0x00, 0x00, 0x46, 0x09, 0x74, 0x0c, 0xb9, 0x0d, 0x9a, 0x05,
  0x9b, 0x05, 0xbb, 0x05, 0x9a, 0x05, 0x9a, 0x05, 0x9a, 0x05, 0x9a, 0x05,
  0x9a, 0x05, 0x9a, 0x05, 0x9a, 0x05, 0x9a, 0x05, 0x9a, 0x05, 0x9a, 0x05,
  0x9b, 0x05, 0x9b, 0x05, 0x9b, 0x05, 0x9b, 0x05, 0x9b, 0x05, 0x9b, 0x05,
  0x9b, 0x05, 0x9b, 0x05, 0x9b, 0x05, 0x9a, 0x05, 0x9a, 0x05, 0x9a, 0x05,
  0x9b, 0x05, 0x9b, 0x05, 0xbb, 0x05, 0xbb, 0x05, 0xba, 0x05, 0xbb, 0x05,
  0x9b, 0x05, 0x7a, 0x05, 0x9a, 0x05, 0xbc, 0x05, 0x19, 0x0d, 0xe9, 0x01,
  0x00, 0x00, 0x00, 0x00, 0x00, 0x00, 0x00, 0x00, 0x00, 0x00, 0x00, 0x00,
  0x00, 0x00, 0x00, 0x00, 0x00, 0x00, 0xa2, 0x21, 0x22, 0x65, 0x21, 0x76,
  0x20, 0x6e, 0x40, 0x6e, 0x40, 0x6e, 0x40, 0x6e, 0x40, 0x6e, 0x40, 0x6e,
  0x40, 0x6e, 0x40, 0x6e, 0x40, 0x6e, 0x40, 0x6e, 0x40, 0x6e, 0x40, 0x6e,
  0x40, 0x6e, 0x40, 0x6e, 0x40, 0x6e, 0x40, 0x6e, 0x40, 0x6e, 0x40, 0x6e,
  0x40, 0x6e, 0x40, 0x6e, 0x40, 0x6e, 0x40, 0x6e, 0x40, 0x6e, 0x40, 0x6e,
  0x40, 0x6e, 0x40, 0x6e, 0x40, 0x6e, 0x40, 0x6e, 0x40, 0x6e, 0x40, 0x6e,
  0x40, 0x6e, 0x40, 0x6e, 0x40, 0x6e, 0x40, 0x6e, 0x40, 0x6e, 0x40, 0x6e,
  0x40, 0x6e, 0x40, 0x6e, 0x40, 0x6e, 0x40, 0x6e, 0x40, 0x6e, 0x40, 0x6e,
  0x40, 0x6e, 0x40, 0x6e, 0x40, 0x6e, 0x40, 0x6e, 0x40, 0x6e, 0x40, 0x6e,
  0x40, 0x6e, 0x40, 0x6e, 0x40, 0x6e, 0x40, 0x6e, 0x40, 0x6e, 0x40, 0x6e,
  0x40, 0x6e, 0x40, 0x6e, 0x40, 0x6e, 0x40, 0x6e, 0x40, 0x6e, 0x40, 0x6e,
  0x40, 0x6e, 0x40, 0x6e, 0x40, 0x6e, 0x40, 0x6e, 0x40, 0x6e, 0x40, 0x6e,
  0x40, 0x6e, 0x40, 0x6e, 0x40, 0x6e, 0x40, 0x6e, 0x40, 0x6e, 0x40, 0x6e,
  0x40, 0x6e, 0x40, 0x6e, 0x40, 0x6e, 0x60, 0x6e, 0x20, 0x6e, 0x42, 0x76,
  0x82, 0x6d, 0x43, 0x4b, 0x81, 0x08, 0x00, 0x00, 0x00, 0x00, 0x00, 0x00,
  0x00, 0x00, 0x00, 0x00, 0x00, 0x00, 0x00, 0x00, 0x00, 0x00, 0x00, 0x00,
  0x00, 0x00, 0xc2, 0x72, 0xc2, 0xf5, 0xa1, 0xfd, 0xa0, 0xfd, 0xa0, 0xf5,
  0xa0, 0xfd, 0xa0, 0xfd, 0x80, 0xfd, 0xa0, 0xfd, 0xa0, 0xfd, 0xa0, 0xfd,
  0xa0, 0xfd, 0xa0, 0xfd, 0xa0, 0xfd, 0xa0, 0xfd, 0xa0, 0xfd, 0xa0, 0xfd,
  0xa0, 0xfd, 0xa0, 0xfd, 0xa0, 0xfd, 0xa0, 0xfd, 0xa0, 0xfd, 0xa0, 0xfd,
  0xa0, 0xfd, 0xa0, 0xfd, 0xa0, 0xfd, 0xa0, 0xfd, 0xa0, 0xfd, 0xa0, 0xfd,
  0xa0, 0xfd, 0xa0, 0xfd, 0xa0, 0xfd, 0xa0, 0xfd, 0xa0, 0xfd, 0xa0, 0xfd,
  0xa0, 0xfd, 0xa0, 0xfd, 0xa0, 0xfd, 0xa0, 0xfd, 0xc1, 0xf5, 0x22, 0xdd,
  0xc2, 0x72, 0x40, 0x08, 0x00, 0x00, 0x00, 0x00, 0x00, 0x00, 0x00, 0x00,
  0x00, 0x00, 0x00, 0x00, 0x00, 0x00, 0x00, 0x00, 0x00, 0x00, 0x00, 0x00,
  0x00, 0x00, 0x00, 0x00, 0x00, 0x00, 0x00, 0x00, 0x00, 0x00, 0x00, 0x00,
  0x00, 0x00, 0x00, 0x00, 0x00, 0x00, 0x00, 0x00, 0x00, 0x00, 0x00, 0x00,
  0x00, 0x00, 0x00, 0x00, 0x00, 0x00, 0x00, 0x00, 0x00, 0x00, 0x00, 0x00,
  0x00, 0x00, 0x00, 0x00, 0x00, 0x00, 0x00, 0x00, 0x00, 0x00, 0x00, 0x00,
  0x00, 0x00, 0x00, 0x00, 0x00, 0x00, 0x00, 0x00, 0x00, 0x00, 0x00, 0x00,
  0x00, 0x00, 0x00, 0x00, 0x00, 0x00, 0x00, 0x00, 0x00, 0x00, 0x00, 0x00,
  0x21, 0x5a, 0x81, 0xed, 0xc0, 0xf5, 0xc0, 0xfd, 0x81, 0xfd, 0x04, 0xdd,
  0xc2, 0x41, 0x00, 0x00, 0x00, 0x00, 0x00, 0x00, 0x00, 0x00, 0x00, 0x00,
  0x00, 0x00, 0x00, 0x00, 0x00, 0x00, 0x20, 0x00, 0x8b, 0x0a, 0x58, 0x0d,
  0x9a, 0x05, 0x9a, 0x0d, 0x9a, 0x05, 0xbb, 0x05, 0x9b, 0x05, 0x9b, 0x05,
  0x9b, 0x05, 0x9b, 0x05, 0x9b, 0x05, 0x9b, 0x05, 0x9b, 0x05, 0x9b, 0x05,
  0x9b, 0x05, 0x9b, 0x05, 0x9b, 0x05, 0x9b, 0x05, 0x9b, 0x05, 0x9b, 0x05,
  0x9b, 0x05, 0x9b, 0x05, 0x9b, 0x05, 0x9b, 0x05, 0x9b, 0x05, 0x9b, 0x05,
  0x9b, 0x05, 0x9b, 0x05, 0x9b, 0x05, 0x9b, 0x05, 0x9b, 0x05, 0x9a, 0x05,
  0x9b, 0x05, 0x9b, 0x05, 0x9b, 0x05, 0x9b, 0x05, 0x9a, 0x05, 0x7a, 0x0d,
  0xd2, 0x0b, 0xa3, 0x00, 0x00, 0x00, 0x00, 0x00, 0x00, 0x00, 0x00, 0x00,
  0x00, 0x00, 0x00, 0x00, 0x00, 0x00, 0x00, 0x00, 0x00, 0x00, 0x00, 0x00,
  0x00, 0x00, 0x00, 0x00, 0x00, 0x00, 0x00, 0x00, 0x00, 0x00, 0x00, 0x00,
  0x00, 0x00, 0x00, 0x00, 0x00, 0x00, 0x00, 0x00, 0x00, 0x00, 0x00, 0x00,
  0x00, 0x00, 0x00, 0x00, 0x00, 0x00, 0x00, 0x00, 0x00, 0x00, 0x00, 0x00,
  0x00, 0x00, 0x00, 0x00, 0x00, 0x00, 0x61, 0x00, 0x4f, 0x0b, 0x5a, 0x0d,
  0x7a, 0x0d, 0x9a, 0x05, 0x9a, 0x05, 0x9a, 0x05, 0x9a, 0x05, 0x9a, 0x05,
  0x9a, 0x05, 0x9a, 0x05, 0x9a, 0x05, 0x9a, 0x05, 0x9a, 0x05, 0x9a, 0x05,
  0x9a, 0x05, 0x9a, 0x05, 0x9b, 0x05, 0x9b, 0x05, 0x9b, 0x05, 0x9b, 0x05,
  0x9b, 0x05, 0x9b, 0x05, 0x9b, 0x05, 0x9b, 0x05, 0x9b, 0x05, 0x9a, 0x05,
  0xba, 0x05, 0x9a, 0x05, 0x9b, 0x05, 0x9b, 0x05, 0x9b, 0x05, 0x9b, 0x05,
  0x9a, 0x05, 0x9b, 0x05, 0x9b, 0x05, 0x9a, 0x05, 0x9a, 0x05, 0x9b, 0x05,
  0x4f, 0x03, 0x61, 0x00, 0x00, 0x00, 0x00, 0x00, 0x00, 0x00, 0x00, 0x00,
  0x00, 0x00, 0x00, 0x00, 0x00, 0x00, 0x00, 0x00, 0x81, 0x08, 0xe2, 0x53,
  0x02, 0x76, 0x40, 0x76, 0x40, 0x6e, 0x40, 0x6e, 0x40, 0x6e, 0x40, 0x6e,
  0x40, 0x6e, 0x40, 0x6e, 0x40, 0x6e, 0x40, 0x6e, 0x40, 0x6e, 0x40, 0x6e,
  0x40, 0x6e, 0x40, 0x6e, 0x40, 0x6e, 0x40, 0x6e, 0x40, 0x6e, 0x40, 0x6e,
  0x40, 0x6e, 0x40, 0x6e, 0x40, 0x6e, 0x40, 0x6e, 0x40, 0x6e, 0x40, 0x6e,
  0x40, 0x6e, 0x40, 0x6e, 0x40, 0x6e, 0x40, 0x6e, 0x40, 0x6e, 0x40, 0x6e,
  0x40, 0x6e, 0x40, 0x6e, 0x40, 0x6e, 0x40, 0x6e, 0x40, 0x6e, 0x40, 0x6e,
  0x40, 0x6e, 0x40, 0x6e, 0x40, 0x6e, 0x40, 0x6e, 0x40, 0x6e, 0x40, 0x6e,
  0x40, 0x6e, 0x40, 0x6e, 0x40, 0x6e, 0x40, 0x6e, 0x40, 0x6e, 0x40, 0x6e,
  0x40, 0x6e, 0x40, 0x6e, 0x40, 0x6e, 0x40, 0x6e, 0x40, 0x6e, 0x40, 0x6e,
  0x40, 0x6e, 0x40, 0x6e, 0x40, 0x6e, 0x40, 0x6e, 0x40, 0x6e, 0x40, 0x6e,
  0x40, 0x6e, 0x40, 0x6e, 0x40, 0x6e, 0x40, 0x6e, 0x40, 0x6e, 0x40, 0x6e,
  0x40, 0x6e, 0x40, 0x6e, 0x40, 0x6e, 0x40, 0x6e, 0x40, 0x6e, 0x40, 0x6e,
  0x40, 0x6e, 0x40, 0x6e, 0x40, 0x6e, 0x40, 0x6e, 0x40, 0x6e, 0x40, 0x6e,
  0x60, 0x6e, 0x21, 0x6e, 0x22, 0x76, 0x83, 0x75, 0x02, 0x43, 0x60, 0x08,
  0x00, 0x00, 0x00, 0x00, 0x00, 0x00, 0x00, 0x00, 0x00, 0x00, 0x00, 0x00,
  0x00, 0x00, 0x00, 0x00, 0x00, 0x00, 0xc2, 0x72, 0xc2, 0xf5, 0xa1, 0xfd,
  0xa0, 0xfd, 0xa0, 0xf5, 0xa0, 0xfd, 0xa0, 0xfd, 0x80, 0xfd, 0xa0, 0xfd,
  0xa0, 0xfd, 0xa0, 0xfd, 0xa0, 0xfd, 0xa0, 0xfd, 0xa0, 0xfd, 0xa0, 0xfd,
  0xa0, 0xfd, 0xa0, 0xfd, 0xa0, 0xfd, 0xa0, 0xfd, 0xa0, 0xfd, 0xa0, 0xfd,
  0xa0, 0xfd, 0xa0, 0xfd, 0xa0, 0xfd, 0xa0, 0xfd, 0xa0, 0xfd, 0xa0, 0xfd,
  0xa0, 0xfd, 0xa0, 0xfd, 0xa0, 0xfd, 0xa0, 0xfd, 0xa0, 0xfd, 0xa0, 0xfd,
  0xa0, 0xfd, 0xa0, 0xfd, 0xa0, 0xfd, 0xa0, 0xfd, 0xa0, 0xfd, 0x80, 0xfd,
  0xa0, 0xfd, 0xc0, 0xfd, 0x02, 0xdd, 0x02, 0x52, 0x00, 0x00, 0x00, 0x00,
  0x00, 0x00, 0x00, 0x00, 0x00, 0x00, 0x00, 0x00, 0x00, 0x00, 0x00, 0x00,
  0x00, 0x00, 0x00, 0x00, 0x00, 0x00, 0x00, 0x00, 0x00, 0x00, 0x00, 0x00,
  0x00, 0x00, 0x00, 0x00, 0x00, 0x00, 0x00, 0x00, 0x00, 0x00, 0x00, 0x00,
  0x00, 0x00, 0x00, 0x00, 0x00, 0x00, 0x00, 0x00, 0x00, 0x00, 0x00, 0x00,
  0x00, 0x00, 0x00, 0x00, 0x00, 0x00, 0x00, 0x00, 0x00, 0x00, 0x00, 0x00,
  0x00, 0x00, 0x00, 0x00, 0x00, 0x00, 0x00, 0x00, 0x00, 0x00, 0x00, 0x00,
  0x00, 0x00, 0x00, 0x00, 0x00, 0x00, 0x00, 0x00, 0x00, 0x00, 0x00, 0x00,
  0x00, 0x00, 0x00, 0x00, 0x21, 0x5a, 0x81, 0xed, 0xc0, 0xf5, 0xa0, 0xfd,
  0xa0, 0xfd, 0x82, 0xfd, 0xe4, 0xa3, 0x81, 0x10, 0x00, 0x00, 0x00, 0x00,
  0x00, 0x00, 0x00, 0x00, 0x00, 0x00, 0x00, 0x00, 0x00, 0x00, 0x00, 0x00,
  0xa3, 0x00, 0xd1, 0x03, 0x9a, 0x05, 0x9a, 0x05, 0x9a, 0x05, 0x9b, 0x05,
  0x9b, 0x05, 0x9b, 0x05, 0x9b, 0x05, 0x9b, 0x05, 0x9b, 0x05, 0x9b, 0x05,
  0x9b, 0x05, 0x9b, 0x05, 0x9a, 0x05, 0x9a, 0x05, 0x9b, 0x05, 0x9b, 0x05,
  0x9b, 0x05, 0x9b, 0x05, 0x9b, 0x05, 0x9b, 0x05, 0x9b, 0x05, 0x9b, 0x05,
  0x9b, 0x05, 0x9b, 0x05, 0x9b, 0x05, 0x9b, 0x05, 0x9b, 0x05, 0x9b, 0x05,
  0x9b, 0x05, 0x9a, 0x05, 0x9b, 0x05, 0x9b, 0x05, 0x9b, 0x05, 0x9b, 0x05,
  0x9b, 0x05, 0x9a, 0x05, 0x5a, 0x0d, 0x6c, 0x0a, 0x00, 0x00, 0x00, 0x00,
  0x00, 0x00, 0x00, 0x00, 0x00, 0x00, 0x00, 0x00, 0x00, 0x00, 0x00, 0x00,
  0x00, 0x00, 0x00, 0x00, 0x00, 0x00, 0x00, 0x00, 0x00, 0x00, 0x00, 0x00,
  0x00, 0x00, 0x00, 0x00, 0x00, 0x00, 0x00, 0x00, 0x00, 0x00, 0x00, 0x00,
  0x00, 0x00, 0x00, 0x00, 0x00, 0x00, 0x00, 0x00, 0x00, 0x00, 0x00, 0x00,
  0x00, 0x00, 0x00, 0x00, 0x00, 0x00, 0x00, 0x00, 0x00, 0x00, 0xe9, 0x09,
  0xf8, 0x0c, 0x9b, 0x05, 0x7c, 0x05, 0x9b, 0x05, 0x9a, 0x05, 0x9a, 0x05,
  0x9a, 0x05, 0x9a, 0x05, 0x9a, 0x05, 0x9a, 0x05, 0x9a, 0x05, 0x9a, 0x05,
  0x9a, 0x05, 0x9a, 0x05, 0x9a, 0x05, 0x9a, 0x05, 0x9b, 0x05, 0x9b, 0x05,
  0x9b, 0x05, 0x9b, 0x05, 0x9b, 0x05, 0x9b, 0x05, 0x9b, 0x05, 0x9b, 0x05,
  0x9b, 0x05, 0xbb, 0x05, 0xba, 0x05, 0x9a, 0x05, 0x9a, 0x05, 0x9a, 0x05,
  0x9a, 0x05, 0x9a, 0x05, 0x9a, 0x05, 0x9b, 0x05, 0x9b, 0x05, 0x7a, 0x05,
  0x9b, 0x05, 0xb6, 0x04, 0x45, 0x01, 0x00, 0x00, 0x00, 0x00, 0x00, 0x00,
  0x00, 0x00, 0x00, 0x00, 0x00, 0x00, 0x00, 0x00, 0x00, 0x00, 0x00, 0x00,
  0x82, 0x3a, 0xa2, 0x6d, 0x40, 0x76, 0x40, 0x6e, 0x40, 0x6e, 0x41, 0x6e,
  0x41, 0x6e, 0x40, 0x6e, 0x40, 0x6e, 0x40, 0x6e, 0x40, 0x6e, 0x40, 0x6e,
  0x40, 0x6e, 0x40, 0x6e, 0x40, 0x6e, 0x40, 0x6e, 0x40, 0x6e, 0x40, 0x6e,
  0x40, 0x6e, 0x40, 0x6e, 0x40, 0x6e, 0x40, 0x6e, 0x40, 0x6e, 0x40, 0x6e,
  0x40, 0x6e, 0x40, 0x6e, 0x40, 0x6e, 0x40, 0x6e, 0x40, 0x6e, 0x40, 0x6e,
  0x40, 0x6e, 0x40, 0x6e, 0x40, 0x6e, 0x40, 0x6e, 0x40, 0x6e, 0x40, 0x6e,
  0x40, 0x6e, 0x40, 0x6e, 0x40, 0x6e, 0x40, 0x6e, 0x40, 0x6e, 0x40, 0x6e,
  0x40, 0x6e, 0x40, 0x6e, 0x40, 0x6e, 0x40, 0x6e, 0x40, 0x6e, 0x40, 0x6e,
  0x40, 0x6e, 0x40, 0x6e, 0x40, 0x6e, 0x40, 0x6e, 0x40, 0x6e, 0x40, 0x6e,
  0x40, 0x6e, 0x40, 0x6e, 0x40, 0x6e, 0x40, 0x6e, 0x40, 0x6e, 0x40, 0x6e,
  0x40, 0x6e, 0x40, 0x6e, 0x40, 0x6e, 0x40, 0x6e, 0x40, 0x6e, 0x40, 0x6e,
  0x40, 0x6e, 0x40, 0x6e, 0x40, 0x6e, 0x40, 0x6e, 0x40, 0x6e, 0x40, 0x6e,
  0x40, 0x6e, 0x40, 0x6e, 0x40, 0x6e, 0x40, 0x6e, 0x40, 0x6e, 0x40, 0x6e,
  0x40, 0x6e, 0x40, 0x6e, 0x40, 0x6e, 0x40, 0x6e, 0x21, 0x6e, 0x21, 0x76,
  0xa2, 0x75, 0x81, 0x32, 0x00, 0x00, 0x00, 0x00, 0x00, 0x00, 0x00, 0x00,
  0x00, 0x00, 0x00, 0x00, 0x00, 0x00, 0x00, 0x00, 0x00, 0x00, 0xc2, 0x72,
  0xc2, 0xf5, 0xa1, 0xfd, 0xa0, 0xfd, 0xa0, 0xf5, 0xa0, 0xfd, 0xa0, 0xfd,
  0x80, 0xfd, 0xa0, 0xfd, 0xa0, 0xfd, 0xa0, 0xfd, 0xa0, 0xfd, 0xa0, 0xfd,
  0xa0, 0xfd, 0xa0, 0xfd, 0xa0, 0xfd, 0xa0, 0xfd, 0xa0, 0xfd, 0xa0, 0xfd,
  0xa0, 0xfd, 0xa0, 0xfd, 0xa0, 0xfd, 0xa0, 0xfd, 0xa0, 0xfd, 0xa0, 0xfd,
  0xa0, 0xfd, 0xa0, 0xfd, 0xa0, 0xfd, 0xa0, 0xfd, 0xa0, 0xfd, 0xa0, 0xfd,
  0xa0, 0xfd, 0xa0, 0xfd, 0xa0, 0xfd, 0xa0, 0xfd, 0xa0, 0xfd, 0xa0, 0xfd,
  0xa0, 0xfd, 0x80, 0xfd, 0x80, 0xfd, 0x80, 0xfd, 0xa1, 0xf5, 0x82, 0xc4,
  0x61, 0x39, 0x00, 0x00, 0x00, 0x00, 0x00, 0x00, 0x00, 0x00, 0x00, 0x00,
  0x00, 0x00, 0x00, 0x00, 0x00, 0x00, 0x00, 0x00, 0x00, 0x00, 0x00, 0x00,
  0x00, 0x00, 0x00, 0x00, 0x00, 0x00, 0x00, 0x00, 0x00, 0x00, 0x00, 0x00,
  0x00, 0x00, 0x00, 0x00, 0x00, 0x00, 0x00, 0x00, 0x00, 0x00, 0x00, 0x00,
  0x00, 0x00, 0x00, 0x00, 0x00, 0x00, 0x00, 0x00, 0x00, 0x00, 0x00, 0x00,
  0x00, 0x00, 0x00, 0x00, 0x00, 0x00, 0x00, 0x00, 0x00, 0x00, 0x00, 0x00,
  0x00, 0x00, 0x00, 0x00, 0x00, 0x00, 0x00, 0x00, 0x00, 0x00, 0x00, 0x00,
  0x00, 0x00, 0x00, 0x00, 0x00, 0x00, 0x00, 0x00, 0x21, 0x5a, 0x62, 0xed,
  0xc1, 0xf5, 0xa0, 0xfd, 0x80, 0xfd, 0xa1, 0xfd, 0x63, 0xe5, 0x62, 0x62,
  0x00, 0x00, 0x00, 0x00, 0x00, 0x00, 0x00, 0x00, 0x00, 0x00, 0x00, 0x00,
  0x00, 0x00, 0x00, 0x00, 0x00, 0x00, 0x86, 0x01, 0xb6, 0x0c, 0xbb, 0x05,
  0x9b, 0x05, 0x9b, 0x05, 0x9b, 0x05, 0x9b, 0x05, 0x9b, 0x05, 0x9b, 0x05,
  0x9b, 0x05, 0x9b, 0x05, 0x9b, 0x05, 0x9b, 0x05, 0x9a, 0x05, 0x9a, 0x05,
  0x9b, 0x05, 0x9b, 0x05, 0x9b, 0x05, 0x9b, 0x05, 0x9b, 0x05, 0x9b, 0x05,
  0x9b, 0x05, 0x9b, 0x05, 0x9b, 0x05, 0x9b, 0x05, 0x9b, 0x05, 0x9b, 0x05,
  0x9b, 0x05, 0x9b, 0x05, 0x9b, 0x05, 0x9a, 0x05, 0x9b, 0x05, 0x9b, 0x05,
  0x9b, 0x05, 0x9b, 0x05, 0x9a, 0x05, 0x9b, 0x05, 0xbc, 0x0d, 0x55, 0x0c,
  0x45, 0x01, 0x00, 0x00, 0x00, 0x00, 0x00, 0x00, 0x00, 0x00, 0x00, 0x00,
  0x00, 0x00, 0x00, 0x00, 0x00, 0x00, 0x00, 0x00, 0x00, 0x00, 0x00, 0x00,
  0x00, 0x00, 0x00, 0x00, 0x00, 0x00, 0x00, 0x00, 0x00, 0x00, 0x00, 0x00,
  0x00, 0x00, 0x00, 0x00, 0x00, 0x00, 0x00, 0x00, 0x00, 0x00, 0x00, 0x00,
  0x00, 0x00, 0x00, 0x00, 0x00, 0x00, 0x00, 0x00, 0x00, 0x00, 0x00, 0x00,
  0xe4, 0x08, 0x54, 0x0c, 0x9b, 0x0d, 0x9c, 0x05, 0x9c, 0x05, 0x9b, 0x05,
  0x9a, 0x05, 0x9a, 0x05, 0x9b, 0x05, 0x9b, 0x05, 0x9b, 0x05, 0x9b, 0x05,
  0x9b, 0x05, 0x9b, 0x05, 0x9b, 0x05, 0x9b, 0x05, 0x9b, 0x05, 0x9b, 0x05,
  0x9b, 0x05, 0x9b, 0x05, 0x9b, 0x05, 0x9b, 0x05, 0x9b, 0x05, 0x9b, 0x05,
  0x9b, 0x05, 0x9b, 0x05, 0x9b, 0x05, 0xbb, 0x05, 0xbb, 0x05, 0x9a, 0x05,
  0x7a, 0x05, 0x7a, 0x05, 0x7a, 0x05, 0x9a, 0x05, 0x9b, 0x05, 0x9b, 0x05,
  0x9b, 0x05, 0xbb, 0x05, 0x59, 0x0d, 0x8c, 0x02, 0x20, 0x00, 0x00, 0x00,
  0x00, 0x00, 0x00, 0x00, 0x00, 0x00, 0x00, 0x00, 0x00, 0x00, 0x00, 0x00,
  0x00, 0x00, 0x21, 0x19, 0xc2, 0x64, 0x41, 0x76, 0x40, 0x6e, 0x60, 0x66,
  0x60, 0x66, 0x21, 0x66, 0x41, 0x6e, 0x40, 0x6e, 0x40, 0x6e, 0x40, 0x6e,
  0x40, 0x6e, 0x40, 0x6e, 0x40, 0x6e, 0x40, 0x6e, 0x40, 0x6e, 0x40, 0x6e,
  0x40, 0x6e, 0x40, 0x6e, 0x40, 0x6e, 0x40, 0x6e, 0x40, 0x6e, 0x40, 0x6e,
  0x40, 0x6e, 0x40, 0x6e, 0x40, 0x6e, 0x40, 0x6e, 0x40, 0x6e, 0x40, 0x6e,
  0x40, 0x6e, 0x40, 0x6e, 0x40, 0x6e, 0x40, 0x6e, 0x40, 0x6e, 0x40, 0x6e,
  0x40, 0x6e, 0x40, 0x6e, 0x40, 0x6e, 0x40, 0x6e, 0x40, 0x6e, 0x40, 0x6e,
  0x40, 0x6e, 0x40, 0x6e, 0x40, 0x6e, 0x40, 0x6e, 0x40, 0x6e, 0x40, 0x6e,
  0x40, 0x6e, 0x40, 0x6e, 0x40, 0x6e, 0x40, 0x6e, 0x40, 0x6e, 0x40, 0x6e,
  0x40, 0x6e, 0x40, 0x6e, 0x40, 0x6e, 0x40, 0x6e, 0x40, 0x6e, 0x40, 0x6e,
  0x40, 0x6e, 0x40, 0x6e, 0x40, 0x6e, 0x40, 0x6e, 0x40, 0x6e, 0x40, 0x6e,
  0x40, 0x6e, 0x40, 0x6e, 0x40, 0x6e, 0x40, 0x6e, 0x40, 0x6e, 0x40, 0x6e,
  0x40, 0x6e, 0x40, 0x6e, 0x40, 0x6e, 0x40, 0x6e, 0x40, 0x6e, 0x40, 0x6e,
  0x40, 0x6e, 0x40, 0x6e, 0x40, 0x6e, 0x40, 0x6e, 0x40, 0x6e, 0x40, 0x6e,
  0x60, 0x6e, 0x60, 0x6e, 0x40, 0x6e, 0x21, 0x65, 0xc1, 0x21, 0x00, 0x00,
  0x00, 0x00, 0x00, 0x00, 0x00, 0x00, 0x00, 0x00, 0x00, 0x00, 0x00, 0x00,
  0x00, 0x00, 0xc2, 0x72, 0xc2, 0xf5, 0xa1, 0xfd, 0xa0, 0xfd, 0xa0, 0xf5,
  0xa0, 0xfd, 0xa0, 0xfd, 0x80, 0xfd, 0xa0, 0xfd, 0xa0, 0xfd, 0xa0, 0xfd,
  0xa0, 0xfd, 0xa0, 0xfd, 0xa0, 0xfd, 0xa0, 0xfd, 0xa0, 0xfd, 0xa0, 0xfd,
  0xa0, 0xfd, 0xa0, 0xfd, 0xa0, 0xfd, 0xa0, 0xfd, 0xa0, 0xfd, 0xa0, 0xfd,
  0xa0, 0xfd, 0xa0, 0xfd, 0xa0, 0xfd, 0xa0, 0xfd, 0xa0, 0xfd, 0xa0, 0xfd,
  0xa0, 0xfd, 0xa0, 0xfd, 0xa0, 0xfd, 0xa0, 0xfd, 0xa0, 0xf5, 0xa0, 0xf5,
  0xa0, 0xfd, 0xa0, 0xfd, 0x80, 0xfd, 0x80, 0xfd, 0x80, 0xfd, 0xa0, 0xfd,
  0xa1, 0xfd, 0xa2, 0xf5, 0x02, 0xac, 0x01, 0x29, 0x00, 0x00, 0x00, 0x00,
  0x00, 0x00, 0x00, 0x00, 0x00, 0x00, 0x00, 0x00, 0x00, 0x00, 0x00, 0x00,
  0x00, 0x00, 0x00, 0x00, 0x00, 0x00, 0x00, 0x00, 0x00, 0x00, 0x00, 0x00,
  0x00, 0x00, 0x00, 0x00, 0x00, 0x00, 0x00, 0x00, 0x00, 0x00, 0x00, 0x00,
  0x00, 0x00, 0x00, 0x00, 0x00, 0x00, 0x00, 0x00, 0x00, 0x00, 0x00, 0x00,
  0x00, 0x00, 0x00, 0x00, 0x00, 0x00, 0x00, 0x00, 0x00, 0x00, 0x00, 0x00,
  0x00, 0x00, 0x00, 0x00, 0x00, 0x00, 0x00, 0x00, 0x00, 0x00, 0x00, 0x00,
  0x00, 0x00, 0x00, 0x00, 0x00, 0x00, 0x00, 0x00, 0x00, 0x00, 0x00, 0x00,
  0x21, 0x5a, 0x61, 0xed, 0xa1, 0xf5, 0xa0, 0xfd, 0x80, 0xfd, 0xa0, 0xfd,
  0xa1, 0xf5, 0x42, 0xb4, 0xe1, 0x20, 0x00, 0x00, 0x00, 0x00, 0x00, 0x00,
  0x00, 0x00, 0x00, 0x00, 0x00, 0x00, 0x00, 0x00, 0x00, 0x00, 0x20, 0x00,
  0xcd, 0x0a, 0x7a, 0x05, 0xbb, 0x05, 0x9b, 0x05, 0x9b, 0x05, 0x9b, 0x05,
  0x9b, 0x05, 0x9b, 0x05, 0x9b, 0x05, 0x9b, 0x05, 0x9b, 0x05, 0x9b, 0x05,
  0x9a, 0x05, 0xba, 0x05, 0x9b, 0x05, 0x9b, 0x05, 0x9b, 0x05, 0x9b, 0x05,
  0x9b, 0x05, 0x9b, 0x05, 0x9b, 0x05, 0x9b, 0x05, 0x9b, 0x05, 0x9b, 0x05,
  0x9b, 0x05, 0x9b, 0x05, 0x9b, 0x05, 0x9b, 0x05, 0x9b, 0x05, 0x9b, 0x05,
  0x9b, 0x05, 0x9b, 0x05, 0x9b, 0x05, 0x9b, 0x05, 0xbb, 0x05, 0xbb, 0x05,
  0x9b, 0x05, 0x7a, 0x0d, 0x4f, 0x0b, 0x41, 0x00, 0x00, 0x00, 0x00, 0x00,
  0x00, 0x00, 0x00, 0x00, 0x00, 0x00, 0x00, 0x00, 0x00, 0x00, 0x00, 0x00,
  0x00, 0x00, 0x00, 0x00, 0x00, 0x00, 0x00, 0x00, 0x00, 0x00, 0x00, 0x00,
  0x00, 0x00, 0x00, 0x00, 0x00, 0x00, 0x00, 0x00, 0x00, 0x00, 0x00, 0x00,
  0x00, 0x00, 0x00, 0x00, 0x00, 0x00, 0x00, 0x00, 0x00, 0x00, 0x00, 0x00,
  0x00, 0x00, 0x20, 0x00, 0xcd, 0x0a, 0x9a, 0x0d, 0x7b, 0x05, 0x9b, 0x05,
  0x9c, 0x05, 0x9b, 0x05, 0x9a, 0x0d, 0x9a, 0x05, 0x9b, 0x05, 0x9b, 0x05,
  0x9b, 0x05, 0x9b, 0x05, 0x9b, 0x05, 0x9b, 0x05, 0x9b, 0x05, 0x9b, 0x05,
  0x9b, 0x05, 0x9b, 0x05, 0x9b, 0x05, 0x9b, 0x05, 0x9b, 0x05, 0x9b, 0x05,
  0x9b, 0x05, 0x9b, 0x05, 0x9b, 0x05, 0x9b, 0x05, 0x9b, 0x05, 0x9b, 0x05,
  0x9b, 0x05, 0x9b, 0x05, 0x7a, 0x05, 0x7a, 0x05, 0x7a, 0x05, 0xbb, 0x05,
  0x9b, 0x05, 0x9b, 0x05, 0x9b, 0x05, 0x9b, 0x0d, 0xd3, 0x0b, 0xa3, 0x00,
  0x00, 0x00, 0x00, 0x00, 0x00, 0x00, 0x00, 0x00, 0x00, 0x00, 0x00, 0x00,
  0x00, 0x00, 0x00, 0x00, 0x40, 0x08, 0x62, 0x43, 0xe1, 0x75, 0x40, 0x6e,
  0x60, 0x6e, 0x60, 0x66, 0x60, 0x66, 0x40, 0x66, 0x40, 0x6e, 0x40, 0x6e,
  0x40, 0x6e, 0x40, 0x6e, 0x40, 0x6e, 0x40, 0x6e, 0x40, 0x6e, 0x40, 0x6e,
  0x40, 0x6e, 0x40, 0x6e, 0x40, 0x6e, 0x40, 0x6e, 0x40, 0x6e, 0x40, 0x6e,
  0x40, 0x6e, 0x40, 0x6e, 0x40, 0x6e, 0x40, 0x6e, 0x40, 0x6e, 0x40, 0x6e,
  0x40, 0x6e, 0x40, 0x6e, 0x40, 0x6e, 0x40, 0x6e, 0x40, 0x6e, 0x40, 0x6e,
  0x40, 0x6e, 0x40, 0x6e, 0x40, 0x6e, 0x40, 0x6e, 0x40, 0x6e, 0x40, 0x6e,
  0x40, 0x6e, 0x40, 0x6e, 0x40, 0x6e, 0x40, 0x6e, 0x40, 0x6e, 0x40, 0x6e,
  0x40, 0x6e, 0x40, 0x6e, 0x40, 0x6e, 0x40, 0x6e, 0x40, 0x6e, 0x40, 0x6e,
  0x40, 0x6e, 0x40, 0x6e, 0x40, 0x6e, 0x40, 0x6e, 0x40, 0x6e, 0x40, 0x6e,
  0x40, 0x6e, 0x40, 0x6e, 0x40, 0x6e, 0x40, 0x6e, 0x40, 0x6e, 0x40, 0x6e,
  0x40, 0x6e, 0x40, 0x6e, 0x40, 0x6e, 0x40, 0x6e, 0x40, 0x6e, 0x40, 0x6e,
  0x40, 0x6e, 0x40, 0x6e, 0x40, 0x6e, 0x40, 0x6e, 0x40, 0x6e, 0x40, 0x6e,
  0x40, 0x6e, 0x40, 0x6e, 0x40, 0x6e, 0x40, 0x6e, 0x40, 0x6e, 0x40, 0x6e,
  0x40, 0x6e, 0x40, 0x6e, 0x60, 0x66, 0x80, 0x66, 0x60, 0x6e, 0x41, 0x76,
  0x62, 0x5c, 0xe1, 0x10, 0x00, 0x00, 0x00, 0x00, 0x00, 0x00, 0x00, 0x00,
  0x00, 0x00, 0x00, 0x00, 0x00, 0x00, 0xc2, 0x72, 0xc2, 0xf5, 0xa1, 0xfd,
  0xa0, 0xfd, 0xa0, 0xf5, 0xa0, 0xfd, 0xa0, 0xfd, 0x80, 0xfd, 0xa0, 0xfd,
  0xa0, 0xfd, 0xa0, 0xfd, 0xa0, 0xfd, 0xa0, 0xfd, 0xa0, 0xfd, 0xa0, 0xfd,
  0xa0, 0xfd, 0xa0, 0xfd, 0xa0, 0xfd, 0xa0, 0xfd, 0xa0, 0xfd, 0xa0, 0xfd,
  0xa0, 0xfd, 0xa0, 0xfd, 0xa0, 0xfd, 0xa0, 0xfd, 0xa0, 0xfd, 0xa0, 0xfd,
  0xa0, 0xfd, 0xa0, 0xfd, 0xa0, 0xfd, 0xa0, 0xfd, 0xa0, 0xfd, 0xa0, 0xfd,
  0xa0, 0xf5, 0xa0, 0xf5, 0xa0, 0xfd, 0xa0, 0xfd, 0x80, 0xfd, 0x80, 0xfd,
  0xa0, 0xfd, 0xc0, 0xfd, 0xa0, 0xfd, 0xc1, 0xfd, 0x62, 0xf5, 0x82, 0x9b,
  0xa1, 0x18, 0x00, 0x00, 0x00, 0x00, 0x00, 0x00, 0x00, 0x00, 0x00, 0x00,
  0x00, 0x00, 0x00, 0x00, 0x00, 0x00, 0x00, 0x00, 0x00, 0x00, 0x00, 0x00,
  0x00, 0x00, 0x00, 0x00, 0x00, 0x00, 0x00, 0x00, 0x00, 0x00, 0x00, 0x00,
  0x00, 0x00, 0x00, 0x00, 0x00, 0x00, 0x00, 0x00, 0x00, 0x00, 0x00, 0x00,
  0x00, 0x00, 0x00, 0x00, 0x00, 0x00, 0x00, 0x00, 0x00, 0x00, 0x00, 0x00,
  0x00, 0x00, 0x00, 0x00, 0x00, 0x00, 0x00, 0x00, 0x00, 0x00, 0x00, 0x00,
  0x00, 0x00, 0x00, 0x00, 0x00, 0x00, 0x00, 0x00, 0x00, 0x00, 0x00, 0x00,
  0x00, 0x00, 0x00, 0x00, 0x01, 0x5a, 0x61, 0xed, 0xa0, 0xfd, 0xa0, 0xf5,
  0xa0, 0xf5, 0xa0, 0xf5, 0xc0, 0xfd, 0x82, 0xf5, 0xe3, 0x7a, 0x40, 0x08,
  0x00, 0x00, 0x00, 0x00, 0x00, 0x00, 0x00, 0x00, 0x00, 0x00, 0x00, 0x00,
  0x00, 0x00, 0x00, 0x00, 0x04, 0x01, 0x75, 0x0c, 0xbb, 0x05, 0x9a, 0x05,
  0x9a, 0x05, 0x9b, 0x05, 0x9b, 0x05, 0x9b, 0x05, 0x9b, 0x05, 0x9b, 0x05,
  0x9b, 0x05, 0x9b, 0x05, 0x9a, 0x05, 0xba, 0x05, 0x9b, 0x05, 0x9b, 0x05,
  0x9b, 0x05, 0x9b, 0x05, 0x9b, 0x05, 0x9b, 0x05, 0x9b, 0x05, 0x9b, 0x05,
  0x9b, 0x05, 0x9b, 0x05, 0x9b, 0x05, 0x9b, 0x05, 0x9b, 0x05, 0x9b, 0x05,
  0x9b, 0x05, 0x9b, 0x05, 0x9b, 0x05, 0x9b, 0x05, 0x9b, 0x05, 0x9b, 0x05,
  0x9b, 0x05, 0xbb, 0x05, 0x9a, 0x05, 0x9a, 0x0d, 0xb7, 0x0c, 0xc8, 0x09,
  0x00, 0x00, 0x00, 0x00, 0x00, 0x00, 0x00, 0x00, 0x00, 0x00, 0x00, 0x00,
  0x00, 0x00, 0x00, 0x00, 0x00, 0x00, 0x00, 0x00, 0x00, 0x00, 0x00, 0x00,
  0x00, 0x00, 0x00, 0x00, 0x00, 0x00, 0x00, 0x00, 0x00, 0x00, 0x00, 0x00,
  0x00, 0x00, 0x00, 0x00, 0x00, 0x00, 0x00, 0x00, 0x00, 0x00, 0x00, 0x00,
  0x00, 0x00, 0x00, 0x00, 0x00, 0x00, 0x86, 0x01, 0x95, 0x04, 0x9b, 0x05,
  0x7a, 0x05, 0x9a, 0x0d, 0x9b, 0x05, 0x9b, 0x05, 0x9a, 0x05, 0x9a, 0x05,
  0x9b, 0x05, 0x9b, 0x05, 0x9b, 0x05, 0x9b, 0x05, 0x9b, 0x05, 0x9b, 0x05,
  0x9b, 0x05, 0x9b, 0x05, 0x9b, 0x05, 0x9b, 0x05, 0x9b, 0x05, 0x9b, 0x05,
  0x9b, 0x05, 0x9b, 0x05, 0x9b, 0x05, 0x9b, 0x05, 0x9b, 0x05, 0x9b, 0x05,
  0x9b, 0x05, 0x9b, 0x05, 0x9b, 0x05, 0x9b, 0x05, 0x7a, 0x05, 0x7a, 0x05,
  0x9b, 0x05, 0x9b, 0x05, 0xbb, 0x05, 0x9b, 0x05, 0x9a, 0x0d, 0xf7, 0x0c,
  0xe9, 0x09, 0x00, 0x00, 0x00, 0x00, 0x00, 0x00, 0x00, 0x00, 0x00, 0x00,
  0x00, 0x00, 0x00, 0x00, 0x00, 0x00, 0x00, 0x00, 0x02, 0x2a, 0x42, 0x6d,
  0x41, 0x76, 0x40, 0x6e, 0x40, 0x66, 0x60, 0x66, 0x60, 0x66, 0x40, 0x6e,
  0x40, 0x6e, 0x40, 0x6e, 0x40, 0x6e, 0x40, 0x6e, 0x40, 0x6e, 0x40, 0x6e,
  0x40, 0x6e, 0x40, 0x6e, 0x40, 0x6e, 0x40, 0x6e, 0x40, 0x6e, 0x40, 0x6e,
  0x40, 0x6e, 0x40, 0x6e, 0x40, 0x6e, 0x40, 0x6e, 0x40, 0x6e, 0x40, 0x6e,
  0x40, 0x6e, 0x40, 0x6e, 0x40, 0x6e, 0x40, 0x6e, 0x40, 0x6e, 0x40, 0x6e,
  0x40, 0x6e, 0x40, 0x6e, 0x40, 0x6e, 0x40, 0x6e, 0x40, 0x6e, 0x40, 0x6e,
  0x40, 0x6e, 0x40, 0x6e, 0x40, 0x6e, 0x40, 0x6e, 0x40, 0x6e, 0x40, 0x6e,
  0x40, 0x6e, 0x40, 0x6e, 0x40, 0x6e, 0x40, 0x6e, 0x40, 0x6e, 0x40, 0x6e,
  0x40, 0x6e, 0x40, 0x6e, 0x40, 0x6e, 0x40, 0x6e, 0x40, 0x6e, 0x40, 0x6e,
  0x40, 0x6e, 0x40, 0x6e, 0x40, 0x6e, 0x40, 0x6e, 0x40, 0x6e, 0x40, 0x6e,
  0x40, 0x6e, 0x40, 0x6e, 0x40, 0x6e, 0x40, 0x6e, 0x40, 0x6e, 0x40, 0x6e,
  0x40, 0x6e, 0x40, 0x6e, 0x40, 0x6e, 0x40, 0x6e, 0x40, 0x6e, 0x40, 0x6e,
  0x40, 0x6e, 0x40, 0x6e, 0x40, 0x6e, 0x40, 0x6e, 0x40, 0x6e, 0x40, 0x6e,
  0x40, 0x6e, 0x40, 0x6e, 0x40, 0x6e, 0x40, 0x6e, 0x60, 0x66, 0x60, 0x66,
  0x60, 0x66, 0x40, 0x6e, 0xe2, 0x75, 0x02, 0x43, 0x40, 0x00, 0x00, 0x00,
  0x00, 0x00, 0x00, 0x00, 0x00, 0x00, 0x00, 0x00, 0x00, 0x00, 0xc2, 0x72,
  0xc2, 0xf5, 0xa1, 0xfd, 0xa0, 0xfd, 0xa0, 0xf5, 0xa0, 0xfd, 0xa0, 0xfd,
  0x80, 0xfd, 0xa0, 0xfd, 0xa0, 0xfd, 0xa0, 0xfd, 0xa0, 0xfd, 0xa0, 0xfd,
  0xa0, 0xfd, 0xa0, 0xfd, 0xa0, 0xfd, 0xa0, 0xfd, 0xa0, 0xfd, 0xa0, 0xfd,
  0xa0, 0xfd, 0xa0, 0xfd, 0xa0, 0xfd, 0xa0, 0xfd, 0xa0, 0xfd, 0xa0, 0xfd,
  0xa0, 0xfd, 0xa0, 0xfd, 0xa0, 0xfd, 0xa0, 0xfd, 0xa0, 0xfd, 0xa0, 0xfd,
  0xa0, 0xfd, 0xa0, 0xfd, 0xa0, 0xfd, 0xa0, 0xfd, 0xa0, 0xfd, 0xa0, 0xfd,
  0xa0, 0xfd, 0xa0, 0xfd, 0xa0, 0xfd, 0xc0, 0xf5, 0xa0, 0xf5, 0xa1, 0xfd,
  0xa2, 0xfd, 0x42, 0xed, 0x22, 0x8b, 0x80, 0x10, 0x00, 0x00, 0x00, 0x00,
  0x00, 0x00, 0x00, 0x00, 0x00, 0x00, 0x00, 0x00, 0x00, 0x00, 0x00, 0x00,
  0x00, 0x00, 0x00, 0x00, 0x00, 0x00, 0x00, 0x00, 0x00, 0x00, 0x00, 0x00,
  0x00, 0x00, 0x00, 0x00, 0x00, 0x00, 0x00, 0x00, 0x00, 0x00, 0x00, 0x00,
  0x00, 0x00, 0x00, 0x00, 0x00, 0x00, 0x00, 0x00, 0x00, 0x00, 0x00, 0x00,
  0x00, 0x00, 0x00, 0x00, 0x00, 0x00, 0x00, 0x00, 0x00, 0x00, 0x00, 0x00,
  0x00, 0x00, 0x00, 0x00, 0x00, 0x00, 0x00, 0x00, 0x00, 0x00, 0x00, 0x00,
  0x00, 0x00, 0x00, 0x00, 0x00, 0x00, 0x00, 0x00, 0x01, 0x5a, 0x61, 0xed,
  0xa0, 0xfd, 0xc0, 0xf5, 0xc0, 0xf5, 0xc0, 0xf5, 0xa0, 0xfd, 0xa1, 0xfd,
  0xc4, 0xd4, 0x82, 0x41, 0x00, 0x00, 0x00, 0x00, 0x00, 0x00, 0x00, 0x00,
  0x00, 0x00, 0x00, 0x00, 0x00, 0x00, 0x00, 0x00, 0x20, 0x00, 0x4a, 0x0a,
  0x18, 0x0d, 0x9a, 0x0d, 0x9a, 0x05, 0x9b, 0x05, 0xbb, 0x05, 0x9b, 0x05,
  0x9b, 0x05, 0x9b, 0x05, 0x9b, 0x05, 0x9b, 0x05, 0x9a, 0x05, 0x9a, 0x05,
  0x9b, 0x05, 0x9b, 0x05, 0x9b, 0x05, 0x9b, 0x05, 0x9b, 0x05, 0x9b, 0x05,
  0x9b, 0x05, 0x9b, 0x05, 0x9b, 0x05, 0x9b, 0x05, 0x9b, 0x05, 0x9b, 0x05,
  0x9b, 0x05, 0x9b, 0x05, 0x9b, 0x05, 0x9b, 0x05, 0x9b, 0x05, 0x9b, 0x05,
  0x9b, 0x05, 0x9b, 0x05, 0x9b, 0x05, 0x9b, 0x05, 0x9a, 0x05, 0x79, 0x0d,
  0x9a, 0x15, 0xd3, 0x0b, 0xc3, 0x00, 0x00, 0x00, 0x00, 0x00, 0x00, 0x00,
  0x00, 0x00, 0x00, 0x00, 0x00, 0x00, 0x00, 0x00, 0x00, 0x00, 0x00, 0x00,
  0x00, 0x00, 0x00, 0x00, 0x00, 0x00, 0x00, 0x00, 0x00, 0x00, 0x00, 0x00,
  0x00, 0x00, 0x00, 0x00, 0x00, 0x00, 0x00, 0x00, 0x00, 0x00, 0x00, 0x00,
  0x00, 0x00, 0x00, 0x00, 0x00, 0x00, 0x00, 0x00, 0xa2, 0x00, 0x90, 0x0b,
  0x9b, 0x05, 0x9b, 0x05, 0x7a, 0x05, 0x9a, 0x0d, 0x9a, 0x05, 0x9b, 0x05,
  0x9b, 0x05, 0x9b, 0x05, 0x9b, 0x05, 0x9b, 0x05, 0x9b, 0x05, 0x9b, 0x05,
  0x9b, 0x05, 0x9b, 0x05, 0x9b, 0x05, 0x9b, 0x05, 0x9b, 0x05, 0x9b, 0x05,
  0x9b, 0x05, 0x9b, 0x05, 0x9b, 0x05, 0x9b, 0x05, 0x9b, 0x05, 0x9b, 0x05,
  0x9b, 0x05, 0x9b, 0x05, 0x9b, 0x05, 0x9b, 0x05, 0x7b, 0x05, 0x7b, 0x05,
  0x7a, 0x05, 0x9b, 0x05, 0x9b, 0x05, 0xdc, 0x05, 0x9b, 0x05, 0x9a, 0x0d,
  0x79, 0x15, 0x4f, 0x0b, 0x62, 0x00, 0x00, 0x00, 0x00, 0x00, 0x00, 0x00,
  0x00, 0x00, 0x00, 0x00, 0x00, 0x00, 0x00, 0x00, 0x00, 0x00, 0xc1, 0x10,
  0x62, 0x5c, 0x01, 0x6e, 0x41, 0x6e, 0x40, 0x6e, 0x60, 0x6e, 0x60, 0x6e,
  0x40, 0x6e, 0x40, 0x6e, 0x40, 0x6e, 0x40, 0x6e, 0x40, 0x6e, 0x40, 0x6e,
  0x40, 0x6e, 0x40, 0x6e, 0x40, 0x6e, 0x40, 0x6e, 0x40, 0x6e, 0x40, 0x6e,
  0x40, 0x6e, 0x40, 0x6e, 0x40, 0x6e, 0x40, 0x6e, 0x40, 0x6e, 0x40, 0x6e,
  0x40, 0x6e, 0x40, 0x6e, 0x40, 0x6e, 0x40, 0x6e, 0x40, 0x6e, 0x40, 0x6e,
  0x40, 0x6e, 0x40, 0x6e, 0x40, 0x6e, 0x40, 0x6e, 0x40, 0x6e, 0x40, 0x6e,
  0x40, 0x6e, 0x40, 0x6e, 0x40, 0x6e, 0x40, 0x6e, 0x40, 0x6e, 0x40, 0x6e,
  0x40, 0x6e, 0x40, 0x6e, 0x40, 0x6e, 0x40, 0x6e, 0x40, 0x6e, 0x40, 0x6e,
  0x40, 0x6e, 0x40, 0x6e, 0x40, 0x6e, 0x40, 0x6e, 0x40, 0x6e, 0x40, 0x6e,
  0x40, 0x6e, 0x40, 0x6e, 0x40, 0x6e, 0x40, 0x6e, 0x40, 0x6e, 0x40, 0x6e,
  0x40, 0x6e, 0x40, 0x6e, 0x40, 0x6e, 0x40, 0x6e, 0x40, 0x6e, 0x40, 0x6e,
  0x40, 0x6e, 0x40, 0x6e, 0x40, 0x6e, 0x40, 0x6e, 0x40, 0x6e, 0x40, 0x6e,
  0x40, 0x6e, 0x40, 0x6e, 0x40, 0x6e, 0x40, 0x6e, 0x40, 0x6e, 0x40, 0x6e,
  0x40, 0x6e, 0x40, 0x6e, 0x40, 0x6e, 0x40, 0x6e, 0x40, 0x6e, 0x41, 0x6e,
  0x40, 0x6e, 0x60, 0x66, 0x60, 0x66, 0x40, 0x66, 0x40, 0x76, 0x22, 0x6d,
  0xa1, 0x21, 0x00, 0x00, 0x00, 0x00, 0x00, 0x00, 0x00, 0x00, 0x00, 0x00,
  0x00, 0x00, 0xc2, 0x72, 0xc2, 0xf5, 0xa1, 0xfd, 0xa0, 0xfd, 0xa0, 0xf5,
  0xa0, 0xfd, 0xa0, 0xfd, 0x80, 0xfd, 0xa0, 0xfd, 0xa0, 0xfd, 0xa0, 0xfd,
  0xa0, 0xfd, 0xa0, 0xfd, 0xa0, 0xfd, 0xa0, 0xfd, 0xa0, 0xfd, 0xa0, 0xfd,
  0xa0, 0xfd, 0xa0, 0xfd, 0xa0, 0xfd, 0xa0, 0xfd, 0xa0, 0xfd, 0xa0, 0xfd,
  0xa0, 0xfd, 0xa0, 0xfd, 0xa0, 0xfd, 0xa0, 0xfd, 0xa0, 0xfd, 0xa0, 0xfd,
  0xa0, 0xfd, 0xa0, 0xfd, 0xa0, 0xfd, 0xa0, 0xfd, 0xa0, 0xfd, 0xa0, 0xfd,
  0xa0, 0xfd, 0xa0, 0xfd, 0xa0, 0xfd, 0xa0, 0xfd, 0xa0, 0xf5, 0xc0, 0xf5,
  0xa0, 0xf5, 0x80, 0xfd, 0x80, 0xfd, 0xa1, 0xfd, 0x41, 0xe5, 0xc1, 0x72,
  0x40, 0x08, 0x00, 0x00, 0x00, 0x00, 0x00, 0x00, 0x00, 0x00, 0x00, 0x00,
  0x00, 0x00, 0x00, 0x00, 0x00, 0x00, 0x00, 0x00, 0x00, 0x00, 0x00, 0x00,
  0x00, 0x00, 0x00, 0x00, 0x00, 0x00, 0x00, 0x00, 0x00, 0x00, 0x00, 0x00,
  0x00, 0x00, 0x00, 0x00, 0x00, 0x00, 0x00, 0x00, 0x00, 0x00, 0x00, 0x00,
  0x00, 0x00, 0x00, 0x00, 0x00, 0x00, 0x00, 0x00, 0x00, 0x00, 0x00, 0x00,
  0x00, 0x00, 0x00, 0x00, 0x00, 0x00, 0x00, 0x00, 0x00, 0x00, 0x00, 0x00,
  0x00, 0x00, 0x00, 0x00, 0x00, 0x00, 0x00, 0x00, 0x00, 0x00, 0x00, 0x00,
  0x01, 0x5a, 0x61, 0xed, 0xa0, 0xfd, 0xa0, 0xf5, 0xc0, 0xf5, 0xc0, 0xf5,
  0xa0, 0xfd, 0x81, 0xfd, 0x83, 0xfd, 0xa4, 0x9b, 0x81, 0x10, 0x00, 0x00,
  0x00, 0x00, 0x00, 0x00, 0x00, 0x00, 0x00, 0x00, 0x00, 0x00, 0x00, 0x00,
  0x00, 0x00, 0x82, 0x00, 0x70, 0x0b, 0x79, 0x0d, 0xba, 0x05, 0xba, 0x05,
  0xbb, 0x05, 0x9b, 0x05, 0x9b, 0x05, 0x9b, 0x05, 0x9b, 0x05, 0x9b, 0x05,
  0x9a, 0x05, 0x9a, 0x05, 0x9b, 0x05, 0x9b, 0x05, 0x9b, 0x05, 0x9b, 0x05,
  0x9b, 0x05, 0x9b, 0x05, 0x9b, 0x05, 0x9b, 0x05, 0x9b, 0x05, 0x9b, 0x05,
  0x9b, 0x05, 0x9b, 0x05, 0x9b, 0x05, 0x9b, 0x05, 0x9b, 0x05, 0x9b, 0x05,
  0x9b, 0x05, 0x9b, 0x05, 0x9b, 0x05, 0x9b, 0x05, 0x9b, 0x05, 0x7a, 0x05,
  0x9a, 0x05, 0x99, 0x05, 0x9a, 0x05, 0x59, 0x0d, 0x8c, 0x02, 0x20, 0x00,
  0x00, 0x00, 0x00, 0x00, 0x00, 0x00, 0x00, 0x00, 0x00, 0x00, 0x00, 0x00,
  0x00, 0x00, 0x00, 0x00, 0x00, 0x00, 0x00, 0x00, 0x00, 0x00, 0x00, 0x00,
  0x00, 0x00, 0x00, 0x00, 0x00, 0x00, 0x00, 0x00, 0x00, 0x00, 0x00, 0x00,
  0x00, 0x00, 0x00, 0x00, 0x00, 0x00, 0x00, 0x00, 0x00, 0x00, 0x00, 0x00,
  0x4a, 0x0a, 0x18, 0x0d, 0x9b, 0x05, 0x9a, 0x05, 0x9a, 0x05, 0x9a, 0x05,
  0x9a, 0x05, 0x9b, 0x05, 0x9b, 0x05, 0x9b, 0x05, 0x9b, 0x05, 0x9b, 0x05,
  0x9b, 0x05, 0x9b, 0x05, 0x9b, 0x05, 0x9b, 0x05, 0x9b, 0x05, 0x9b, 0x05,
  0x9b, 0x05, 0x9b, 0x05, 0x9b, 0x05, 0x9b, 0x05, 0x9b, 0x05, 0x9b, 0x05,
  0x9b, 0x05, 0x9b, 0x05, 0x9b, 0x05, 0x9b, 0x05, 0x9b, 0x05, 0x9b, 0x05,
  0x9b, 0x05, 0x9a, 0x05, 0x9a, 0x05, 0x9b, 0x05, 0xdb, 0x05, 0xbb, 0x05,
  0x9a, 0x05, 0x79, 0x15, 0x54, 0x14, 0x46, 0x09, 0x00, 0x00, 0x00, 0x00,
  0x00, 0x00, 0x00, 0x00, 0x00, 0x00, 0x00, 0x00, 0x00, 0x00, 0x00, 0x00,
  0x20, 0x00, 0xe2, 0x3a, 0xe1, 0x6d, 0x42, 0x76, 0x41, 0x6e, 0x40, 0x6e,
  0x60, 0x6e, 0x40, 0x6e, 0x40, 0x6e, 0x40, 0x6e, 0x40, 0x6e, 0x60, 0x6e,
  0x40, 0x6e, 0x40, 0x6e, 0x40, 0x6e, 0x40, 0x6e, 0x40, 0x6e, 0x40, 0x6e,
  0x40, 0x6e, 0x40, 0x6e, 0x40, 0x6e, 0x40, 0x6e, 0x40, 0x6e, 0x40, 0x6e,
  0x40, 0x6e, 0x40, 0x6e, 0x40, 0x6e, 0x40, 0x6e, 0x40, 0x6e, 0x40, 0x6e,
  0x40, 0x6e, 0x40, 0x6e, 0x40, 0x6e, 0x40, 0x6e, 0x40, 0x6e, 0x40, 0x6e,
  0x40, 0x6e, 0x40, 0x6e, 0x40, 0x6e, 0x40, 0x6e, 0x40, 0x6e, 0x40, 0x6e,
  0x40, 0x6e, 0x40, 0x6e, 0x40, 0x6e, 0x40, 0x6e, 0x40, 0x6e, 0x40, 0x6e,
  0x40, 0x6e, 0x40, 0x6e, 0x40, 0x6e, 0x40, 0x6e, 0x40, 0x6e, 0x40, 0x6e,
  0x40, 0x6e, 0x40, 0x6e, 0x40, 0x6e, 0x40, 0x6e, 0x40, 0x6e, 0x40, 0x6e,
  0x40, 0x6e, 0x40, 0x6e, 0x40, 0x6e, 0x40, 0x6e, 0x40, 0x6e, 0x40, 0x6e,
  0x40, 0x6e, 0x40, 0x6e, 0x40, 0x6e, 0x40, 0x6e, 0x40, 0x6e, 0x40, 0x6e,
  0x40, 0x6e, 0x40, 0x6e, 0x40, 0x6e, 0x40, 0x6e, 0x40, 0x6e, 0x40, 0x6e,
  0x40, 0x6e, 0x40, 0x6e, 0x40, 0x6e, 0x40, 0x6e, 0x40, 0x6e, 0x40, 0x6e,
  0x40, 0x6e, 0x41, 0x6e, 0x41, 0x6e, 0x41, 0x6e, 0x60, 0x66, 0x60, 0x6e,
  0x40, 0x6e, 0x02, 0x7e, 0xc1, 0x53, 0x60, 0x08, 0x00, 0x00, 0x00, 0x00,
  0x00, 0x00, 0x00, 0x00, 0x00, 0x00, 0xc2, 0x72, 0xc2, 0xf5, 0xa1, 0xfd,
  0xa0, 0xfd, 0xa0, 0xf5, 0xa0, 0xfd, 0xa0, 0xfd, 0x80, 0xfd, 0xa0, 0xfd,
  0xa0, 0xfd, 0xa0, 0xfd, 0xa0, 0xfd, 0xa0, 0xfd, 0xa0, 0xfd, 0xa0, 0xfd,
  0xa0, 0xfd, 0xa0, 0xfd, 0xa0, 0xfd, 0xa0, 0xfd, 0xa0, 0xfd, 0xa0, 0xfd,
  0xa0, 0xfd, 0xa0, 0xfd, 0xa0, 0xfd, 0xa0, 0xfd, 0xa0, 0xfd, 0xa0, 0xfd,
  0xa0, 0xfd, 0xa0, 0xfd, 0xa0, 0xfd, 0xa0, 0xfd, 0xa0, 0xfd, 0xa0, 0xfd,
  0xa0, 0xfd, 0xa0, 0xfd, 0xa0, 0xfd, 0xa0, 0xfd, 0xa0, 0xf5, 0xa0, 0xf5,
  0xa0, 0xf5, 0xa1, 0xf5, 0x80, 0xfd, 0xa0, 0xfd, 0xa0, 0xfd, 0xc0, 0xfd,
  0xa0, 0xf5, 0x02, 0xd5, 0x42, 0x62, 0x20, 0x00, 0x00, 0x00, 0x00, 0x00,
  0x00, 0x00, 0x00, 0x00, 0x00, 0x00, 0x00, 0x00, 0x00, 0x00, 0x00, 0x00,
  0x00, 0x00, 0x00, 0x00, 0x00, 0x00, 0x00, 0x00, 0x00, 0x00, 0x00, 0x00,
  0x00, 0x00, 0x00, 0x00, 0x00, 0x00, 0x00, 0x00, 0x00, 0x00, 0x00, 0x00,
  0x00, 0x00, 0x00, 0x00, 0x00, 0x00, 0x00, 0x00, 0x00, 0x00, 0x00, 0x00,
  0x00, 0x00, 0x00, 0x00, 0x00, 0x00, 0x00, 0x00, 0x00, 0x00, 0x00, 0x00,
  0x00, 0x00, 0x00, 0x00, 0x00, 0x00, 0x00, 0x00, 0x00, 0x00, 0x00, 0x00,
  0x00, 0x00, 0x00, 0x00, 0x21, 0x5a, 0x61, 0xed, 0x81, 0xfd, 0xa1, 0xfd,
  0xc0, 0xfd, 0xa0, 0xfd, 0x80, 0xfd, 0x80, 0xfd, 0x82, 0xfd, 0x44, 0xe5,
  0x63, 0x62, 0x00, 0x00, 0x00, 0x00, 0x00, 0x00, 0x00, 0x00, 0x00, 0x00,
  0x00, 0x00, 0x00, 0x00, 0x00, 0x00, 0x00, 0x00, 0x87, 0x09, 0xd7, 0x0c,
  0xba, 0x05, 0x9a, 0x05, 0x9a, 0x05, 0x9b, 0x05, 0x9b, 0x05, 0x9b, 0x05,
  0x9b, 0x05, 0x9b, 0x05, 0x9b, 0x05, 0x9a, 0x05, 0x9b, 0x05, 0x9b, 0x05,
  0x9b, 0x05, 0x9b, 0x05, 0x9b, 0x05, 0x9b, 0x05, 0x9b, 0x05, 0x9b, 0x05,
  0x9b, 0x05, 0x9b, 0x05, 0x9b, 0x05, 0x9b, 0x05, 0x9b, 0x05, 0x9b, 0x05,
  0x9b, 0x05, 0x9b, 0x05, 0x9b, 0x05, 0x9b, 0x05, 0x9b, 0x05, 0x9b, 0x05,
  0x9a, 0x05, 0x9a, 0x05, 0x9a, 0x05, 0x9a, 0x05, 0xba, 0x05, 0xbb, 0x05,
  0x95, 0x0c, 0x46, 0x09, 0x00, 0x00, 0x00, 0x00, 0x00, 0x00, 0x00, 0x00,
  0x00, 0x00, 0x00, 0x00, 0x00, 0x00, 0x00, 0x00, 0x00, 0x00, 0x00, 0x00,
  0x00, 0x00, 0x00, 0x00, 0x00, 0x00, 0x00, 0x00, 0x00, 0x00, 0x00, 0x00,
  0x00, 0x00, 0x00, 0x00, 0x00, 0x00, 0x00, 0x00, 0x00, 0x00, 0x00, 0x00,
  0x00, 0x00, 0x04, 0x01, 0x14, 0x0c, 0x7b, 0x0d, 0x7a, 0x0d, 0x99, 0x05,
  0x9a, 0x05, 0x9b, 0x05, 0x9b, 0x05, 0x9b, 0x05, 0x9b, 0x05, 0x9b, 0x05,
  0x9b, 0x05, 0x9b, 0x05, 0x9b, 0x05, 0x9b, 0x05, 0x9b, 0x05, 0x9b, 0x05,
  0x9b, 0x05, 0x9b, 0x05, 0x9b, 0x05, 0x9b, 0x05, 0x9b, 0x05, 0x9b, 0x05,
  0x9b, 0x05, 0x9b, 0x05, 0x9b, 0x05, 0x9b, 0x05, 0x9b, 0x05, 0x9b, 0x05,
  0x9b, 0x05, 0x9b, 0x05, 0x9a, 0x05, 0x9a, 0x05, 0x9a, 0x05, 0xba, 0x05,
  0xdb, 0x05, 0xbb, 0x05, 0x9a, 0x0d, 0xf7, 0x1c, 0x8c, 0x12, 0x21, 0x00,
  0x00, 0x00, 0x00, 0x00, 0x00, 0x00, 0x00, 0x00, 0x00, 0x00, 0x00, 0x00,
  0x00, 0x00, 0x00, 0x00, 0x61, 0x21, 0xe1, 0x64, 0x41, 0x76, 0x01, 0x6e,
  0x41, 0x6e, 0x60, 0x6e, 0x40, 0x6e, 0x40, 0x6e, 0x41, 0x6e, 0x40, 0x6e,
  0x40, 0x6e, 0x60, 0x6e, 0x40, 0x6e, 0x40, 0x6e, 0x40, 0x6e, 0x40, 0x6e,
  0x40, 0x6e, 0x40, 0x6e, 0x40, 0x6e, 0x40, 0x6e, 0x40, 0x6e, 0x40, 0x6e,
  0x40, 0x6e, 0x40, 0x6e, 0x40, 0x6e, 0x40, 0x6e, 0x40, 0x6e, 0x40, 0x6e,
  0x40, 0x6e, 0x40, 0x6e, 0x40, 0x6e, 0x40, 0x6e, 0x40, 0x6e, 0x40, 0x6e,
  0x40, 0x6e, 0x40, 0x6e, 0x40, 0x6e, 0x40, 0x6e, 0x40, 0x6e, 0x40, 0x6e,
  0x40, 0x6e, 0x40, 0x6e, 0x40, 0x6e, 0x40, 0x6e, 0x40, 0x6e, 0x40, 0x6e,
  0x40, 0x6e, 0x40, 0x6e, 0x40, 0x6e, 0x40, 0x6e, 0x40, 0x6e, 0x40, 0x6e,
  0x40, 0x6e, 0x40, 0x6e, 0x40, 0x6e, 0x40, 0x6e, 0x40, 0x6e, 0x40, 0x6e,
  0x40, 0x6e, 0x40, 0x6e, 0x40, 0x6e, 0x40, 0x6e, 0x40, 0x6e, 0x40, 0x6e,
  0x40, 0x6e, 0x40, 0x6e, 0x40, 0x6e, 0x40, 0x6e, 0x40, 0x6e, 0x40, 0x6e,
  0x40, 0x6e, 0x40, 0x6e, 0x40, 0x6e, 0x40, 0x6e, 0x40, 0x6e, 0x40, 0x6e,
  0x40, 0x6e, 0x40, 0x6e, 0x40, 0x6e, 0x40, 0x6e, 0x40, 0x6e, 0x40, 0x6e,
  0x40, 0x6e, 0x40, 0x6e, 0x40, 0x6e, 0x20, 0x6e, 0x21, 0x6e, 0x41, 0x6e,
  0x60, 0x6e, 0x60, 0x66, 0x40, 0x6e, 0x22, 0x76, 0x62, 0x6d, 0xa1, 0x21,
  0x00, 0x00, 0x00, 0x00, 0x00, 0x00, 0x00, 0x00, 0x00, 0x00, 0xe2, 0x7a,
  0xc2, 0xf5, 0xa1, 0xfd, 0xa0, 0xfd, 0xa0, 0xf5, 0xa0, 0xfd, 0xa0, 0xfd,
  0x80, 0xfd, 0xa0, 0xfd, 0xa0, 0xfd, 0xa0, 0xfd, 0xa0, 0xfd, 0xa0, 0xfd,
  0xa0, 0xfd, 0xa0, 0xfd, 0xa0, 0xfd, 0xa0, 0xfd, 0xa0, 0xfd, 0xa0, 0xfd,
  0xa0, 0xfd, 0xa0, 0xfd, 0xa0, 0xfd, 0xa0, 0xfd, 0xa0, 0xfd, 0xa0, 0xfd,
  0xa0, 0xfd, 0xa0, 0xfd, 0xa0, 0xfd, 0xa0, 0xfd, 0xa0, 0xfd, 0xa0, 0xfd,
  0xa0, 0xfd, 0xa0, 0xfd, 0xa0, 0xfd, 0xa0, 0xfd, 0xa0, 0xfd, 0xa0, 0xfd,
  0xa0, 0xfd, 0xa0, 0xfd, 0xa0, 0xfd, 0xa0, 0xfd, 0xa0, 0xfd, 0xa0, 0xfd,
  0xa0, 0xfd, 0xa0, 0xfd, 0xa0, 0xf5, 0xc1, 0xfd, 0xc2, 0xcc, 0xe2, 0x51,
  0x00, 0x00, 0x00, 0x00, 0x00, 0x00, 0x00, 0x00, 0x00, 0x00, 0x00, 0x00,
  0x00, 0x00, 0x00, 0x00, 0x00, 0x00, 0x00, 0x00, 0x00, 0x00, 0x00, 0x00,
  0x00, 0x00, 0x00, 0x00, 0x00, 0x00, 0x00, 0x00, 0x00, 0x00, 0x00, 0x00,
  0x00, 0x00, 0x00, 0x00, 0x00, 0x00, 0x00, 0x00, 0x00, 0x00, 0x00, 0x00,
  0x00, 0x00, 0x00, 0x00, 0x00, 0x00, 0x00, 0x00, 0x00, 0x00, 0x00, 0x00,
  0x00, 0x00, 0x00, 0x00, 0x00, 0x00, 0x00, 0x00, 0x00, 0x00, 0x00, 0x00,
  0x00, 0x00, 0x00, 0x00, 0x00, 0x00, 0x00, 0x00, 0x21, 0x5a, 0x62, 0xed,
  0xa1, 0xfd, 0xa1, 0xfd, 0xa0, 0xfd, 0xa0, 0xfd, 0xa0, 0xfd, 0xa0, 0xfd,
  0x80, 0xf5, 0x82, 0xf5, 0xa3, 0xc4, 0x61, 0x39, 0x00, 0x00, 0x00, 0x00,
  0x00, 0x00, 0x00, 0x00, 0x00, 0x00, 0x00, 0x00, 0x00, 0x00, 0x00, 0x00,
  0x41, 0x00, 0xcd, 0x0a, 0x59, 0x0d, 0x9a, 0x0d, 0x7a, 0x05, 0x9b, 0x05,
  0xbb, 0x05, 0xba, 0x05, 0x9a, 0x05, 0x9b, 0x05, 0x9b, 0x05, 0x9a, 0x05,
  0x9b, 0x05, 0x9b, 0x05, 0x9b, 0x05, 0x9b, 0x05, 0x9b, 0x05, 0x9b, 0x05,
  0x9b, 0x05, 0x9b, 0x05, 0x9b, 0x05, 0x9b, 0x05, 0x9b, 0x05, 0x9b, 0x05,
  0x9b, 0x05, 0x9b, 0x05, 0x9b, 0x05, 0x9b, 0x05, 0x9b, 0x05, 0x9b, 0x05,
  0x9b, 0x05, 0x9b, 0x05, 0x9a, 0x05, 0xba, 0x05, 0x9b, 0x05, 0x9a, 0x05,
  0x9a, 0x05, 0xba, 0x05, 0x9a, 0x0d, 0xb1, 0x0b, 0xa3, 0x00, 0x00, 0x00,
  0x00, 0x00, 0x00, 0x00, 0x00, 0x00, 0x00, 0x00, 0x00, 0x00, 0x00, 0x00,
  0x00, 0x00, 0x00, 0x00, 0x00, 0x00, 0x00, 0x00, 0x00, 0x00, 0x00, 0x00,
  0x00, 0x00, 0x00, 0x00, 0x00, 0x00, 0x00, 0x00, 0x00, 0x00, 0x00, 0x00,
  0x00, 0x00, 0x00, 0x00, 0x41, 0x00, 0x2e, 0x03, 0x5a, 0x0d, 0x7b, 0x0d,
  0x9a, 0x05, 0x9a, 0x05, 0xba, 0x05, 0xbb, 0x05, 0x9b, 0x05, 0x9b, 0x05,
  0x9b, 0x05, 0x9b, 0x05, 0x9b, 0x05, 0x9b, 0x05, 0x9b, 0x05, 0x9b, 0x05,
  0x9b, 0x05, 0x9b, 0x05, 0x9b, 0x05, 0x9b, 0x05, 0x9b, 0x05, 0x9b, 0x05,
  0x9b, 0x05, 0x9b, 0x05, 0x9b, 0x05, 0x9b, 0x05, 0x9b, 0x05, 0x9b, 0x05,
  0x9b, 0x05, 0x9b, 0x05, 0x9b, 0x05, 0x9b, 0x05, 0x9b, 0x05, 0x9a, 0x05,
  0x9a, 0x05, 0xbb, 0x05, 0xbb, 0x05, 0x9a, 0x05, 0x59, 0x0d, 0xd2, 0x1b,
  0xc3, 0x08, 0x00, 0x00, 0x00, 0x00, 0x00, 0x00, 0x00, 0x00, 0x00, 0x00,
  0x00, 0x00, 0x00, 0x00, 0x00, 0x00, 0x40, 0x08, 0x82, 0x4b, 0x22, 0x76,
  0x41, 0x6e, 0x41, 0x6e, 0x21, 0x6e, 0x40, 0x6e, 0x60, 0x6e, 0x40, 0x6e,
  0x40, 0x6e, 0x41, 0x6e, 0x40, 0x6e, 0x40, 0x6e, 0x40, 0x6e, 0x40, 0x6e,
  0x40, 0x6e, 0x40, 0x6e, 0x40, 0x6e, 0x40, 0x6e, 0x40, 0x6e, 0x40, 0x6e,
  0x40, 0x6e, 0x40, 0x6e, 0x40, 0x6e, 0x40, 0x6e, 0x40, 0x6e, 0x40, 0x6e,
  0x40, 0x6e, 0x40, 0x6e, 0x40, 0x6e, 0x40, 0x6e, 0x40, 0x6e, 0x40, 0x6e,
  0x40, 0x6e, 0x40, 0x6e, 0x40, 0x6e, 0x40, 0x6e, 0x40, 0x6e, 0x40, 0x6e,
  0x40, 0x6e, 0x40, 0x6e, 0x40, 0x6e, 0x40, 0x6e, 0x40, 0x6e, 0x40, 0x6e,
  0x40, 0x6e, 0x40, 0x6e, 0x40, 0x6e, 0x40, 0x6e, 0x40, 0x6e, 0x40, 0x6e,
  0x40, 0x6e, 0x40, 0x6e, 0x40, 0x6e, 0x60, 0x66, 0x40, 0x6e, 0x40, 0x6e,
  0x60, 0x66, 0x40, 0x6e, 0x40, 0x6e, 0x40, 0x6e, 0x40, 0x6e, 0x40, 0x6e,
  0x40, 0x6e, 0x40, 0x6e, 0x40, 0x6e, 0x40, 0x6e, 0x40, 0x6e, 0x40, 0x6e,
  0x40, 0x6e, 0x40, 0x6e, 0x40, 0x6e, 0x40, 0x6e, 0x40, 0x6e, 0x40, 0x6e,
  0x40, 0x6e, 0x40, 0x6e, 0x40, 0x6e, 0x40, 0x6e, 0x40, 0x6e, 0x40, 0x6e,
  0x40, 0x6e, 0x40, 0x6e, 0x40, 0x6e, 0x40, 0x6e, 0x40, 0x6e, 0x40, 0x6e,
  0x20, 0x6e, 0x40, 0x6e, 0x40, 0x6e, 0x60, 0x6e, 0x40, 0x6e, 0x21, 0x6e,
  0x21, 0x76, 0x61, 0x43, 0x40, 0x00, 0x00, 0x00, 0x00, 0x00, 0x00, 0x00,
  0x00, 0x00, 0xe2, 0x7a, 0xa2, 0xf5, 0x81, 0xfd, 0xa0, 0xfd, 0xa0, 0xf5,
  0xa0, 0xfd, 0xa0, 0xfd, 0xa0, 0xfd, 0xa0, 0xfd, 0xa0, 0xfd, 0xa0, 0xfd,
  0xa0, 0xfd, 0xa0, 0xfd, 0xa0, 0xfd, 0xa0, 0xfd, 0xa0, 0xfd, 0xa0, 0xfd,
  0xa0, 0xfd, 0xa0, 0xfd, 0xa0, 0xfd, 0xa0, 0xfd, 0xa0, 0xfd, 0xa0, 0xfd,
  0xa0, 0xfd, 0xa0, 0xfd, 0xa0, 0xfd, 0xa0, 0xfd, 0xa0, 0xfd, 0xa0, 0xfd,
  0xa0, 0xfd, 0xa0, 0xfd, 0xa0, 0xfd, 0xa0, 0xfd, 0xa0, 0xfd, 0xa0, 0xfd,
  0xa0, 0xfd, 0xa0, 0xfd, 0xa0, 0xfd, 0xa0, 0xfd, 0xa0, 0xfd, 0xa0, 0xf5,
  0xc0, 0xfd, 0xa0, 0xfd, 0xa0, 0xfd, 0x80, 0xfd, 0xa0, 0xfd, 0xa1, 0xfd,
  0xa2, 0xf5, 0x83, 0xc4, 0xa2, 0x41, 0x00, 0x00, 0x00, 0x00, 0x00, 0x00,
  0x00, 0x00, 0x00, 0x00, 0x00, 0x00, 0x00, 0x00, 0x00, 0x00, 0x00, 0x00,
  0x00, 0x00, 0x00, 0x00, 0x00, 0x00, 0x00, 0x00, 0x00, 0x00, 0x00, 0x00,
  0x00, 0x00, 0x00, 0x00, 0x00, 0x00, 0x00, 0x00, 0x00, 0x00, 0x00, 0x00,
  0x00, 0x00, 0x00, 0x00, 0x00, 0x00, 0x00, 0x00, 0x00, 0x00, 0x00, 0x00,
  0x00, 0x00, 0x00, 0x00, 0x00, 0x00, 0x00, 0x00, 0x00, 0x00, 0x00, 0x00,
  0x00, 0x00, 0x00, 0x00, 0x00, 0x00, 0x00, 0x00, 0x00, 0x00, 0x00, 0x00,
  0x21, 0x5a, 0x61, 0xed, 0xa1, 0xfd, 0xa0, 0xfd, 0xa0, 0xfd, 0xa0, 0xfd,
  0xa0, 0xfd, 0xa0, 0xfd, 0xa1, 0xf5, 0xa2, 0xfd, 0xa2, 0xfd, 0x83, 0x9b,
  0x40, 0x08, 0x00, 0x00, 0x00, 0x00, 0x00, 0x00, 0x00, 0x00, 0x00, 0x00,
  0x00, 0x00, 0x00, 0x00, 0x00, 0x00, 0xc4, 0x00, 0x54, 0x0c, 0x7a, 0x0d,
  0x9a, 0x0d, 0x9b, 0x05, 0xbb, 0x05, 0xba, 0x05, 0xba, 0x05, 0x9b, 0x05,
  0x9b, 0x05, 0x9b, 0x05, 0x9b, 0x05, 0x9b, 0x05, 0x9b, 0x05, 0x9b, 0x05,
  0x9b, 0x05, 0x9b, 0x05, 0x9b, 0x05, 0x9b, 0x05, 0x9b, 0x05, 0x9b, 0x05,
  0x9b, 0x05, 0x9b, 0x05, 0x9b, 0x05, 0x9b, 0x05, 0x9b, 0x05, 0x9b, 0x05,
  0x9b, 0x05, 0x9b, 0x05, 0x9b, 0x05, 0x9b, 0x05, 0x9a, 0x05, 0xba, 0x05,
  0x9b, 0x05, 0x9b, 0x05, 0x9a, 0x0d, 0x99, 0x05, 0xba, 0x05, 0x7a, 0x0d,
  0x8c, 0x0a, 0x00, 0x00, 0x00, 0x00, 0x00, 0x00, 0x00, 0x00, 0x00, 0x00,
  0x00, 0x00, 0x00, 0x00, 0x00, 0x00, 0x00, 0x00, 0x00, 0x00, 0x00, 0x00,
  0x00, 0x00, 0x00, 0x00, 0x00, 0x00, 0x00, 0x00, 0x00, 0x00, 0x00, 0x00,
  0x00, 0x00, 0x00, 0x00, 0x00, 0x00, 0x00, 0x00, 0xa7, 0x01, 0xd7, 0x04,
  0x9a, 0x05, 0x9a, 0x05, 0x9b, 0x05, 0x9a, 0x05, 0xbb, 0x05, 0xbb, 0x05,
  0xbb, 0x05, 0x9b, 0x05, 0x9b, 0x05, 0x9b, 0x05, 0x9b, 0x05, 0x9b, 0x05,
  0x9b, 0x05, 0x9b, 0x05, 0x9b, 0x05, 0x9b, 0x05, 0x9b, 0x05, 0x9b, 0x05,
  0x9b, 0x05, 0x9b, 0x05, 0x9b, 0x05, 0x9b, 0x05, 0x9b, 0x05, 0x9b, 0x05,
  0x9b, 0x05, 0x9b, 0x05, 0x9b, 0x05, 0x9b, 0x05, 0x9b, 0x05, 0x9b, 0x05,
  0x9b, 0x05, 0x7a, 0x05, 0x9a, 0x05, 0xba, 0x05, 0xba, 0x05, 0x9a, 0x0d,
  0xb7, 0x14, 0xc8, 0x09, 0x00, 0x00, 0x00, 0x00, 0x00, 0x00, 0x00, 0x00,
  0x00, 0x00, 0x00, 0x00, 0x00, 0x00, 0x00, 0x00, 0x00, 0x00, 0xe1, 0x29,
  0x42, 0x65, 0x42, 0x6e, 0x40, 0x6e, 0x40, 0x6e, 0x41, 0x6e, 0x40, 0x6e,
  0x60, 0x6e, 0x40, 0x6e, 0x40, 0x6e, 0x21, 0x6e, 0x40, 0x6e, 0x40, 0x6e,
  0x40, 0x6e, 0x40, 0x6e, 0x40, 0x6e, 0x40, 0x6e, 0x40, 0x6e, 0x40, 0x6e,
  0x40, 0x6e, 0x40, 0x6e, 0x40, 0x6e, 0x40, 0x6e, 0x40, 0x6e, 0x40, 0x6e,
  0x40, 0x6e, 0x40, 0x6e, 0x40, 0x6e, 0x40, 0x6e, 0x40, 0x6e, 0x40, 0x6e,
  0x40, 0x6e, 0x40, 0x6e, 0x40, 0x6e, 0x40, 0x6e, 0x40, 0x6e, 0x40, 0x6e,
  0x40, 0x6e, 0x40, 0x6e, 0x40, 0x6e, 0x40, 0x6e, 0x40, 0x6e, 0x40, 0x6e,
  0x40, 0x6e, 0x40, 0x6e, 0x40, 0x6e, 0x40, 0x6e, 0x40, 0x6e, 0x40, 0x6e,
  0x40, 0x6e, 0x40, 0x6e, 0x40, 0x6e, 0x40, 0x6e, 0x40, 0x6e, 0x40, 0x6e,
  0x40, 0x6e, 0x40, 0x6e, 0x40, 0x6e, 0x40, 0x6e, 0x40, 0x6e, 0x40, 0x6e,
  0x40, 0x6e, 0x40, 0x6e, 0x40, 0x6e, 0x40, 0x6e, 0x40, 0x6e, 0x40, 0x6e,
  0x40, 0x6e, 0x40, 0x6e, 0x40, 0x6e, 0x40, 0x6e, 0x40, 0x6e, 0x40, 0x6e,
  0x40, 0x6e, 0x40, 0x6e, 0x40, 0x6e, 0x40, 0x6e, 0x40, 0x6e, 0x40, 0x6e,
  0x40, 0x6e, 0x40, 0x6e, 0x40, 0x6e, 0x40, 0x6e, 0x40, 0x6e, 0x40, 0x6e,
  0x40, 0x6e, 0x40, 0x6e, 0x40, 0x6e, 0x40, 0x6e, 0x40, 0x6e, 0x40, 0x6e,
  0x40, 0x6e, 0x40, 0x6e, 0x40, 0x6e, 0x41, 0x65, 0x40, 0x19, 0x00, 0x00,
  0x00, 0x00, 0x00, 0x00, 0x00, 0x00, 0xe2, 0x7a, 0xa2, 0xf5, 0x81, 0xfd,
  0xa0, 0xfd, 0xa0, 0xf5, 0xa0, 0xfd, 0xa0, 0xfd, 0xa0, 0xfd, 0xa0, 0xfd,
  0xa0, 0xfd, 0xa0, 0xfd, 0xa0, 0xfd, 0xa0, 0xfd, 0xa0, 0xfd, 0xa0, 0xfd,
  0xa0, 0xfd, 0xa0, 0xfd, 0xa0, 0xfd, 0xa0, 0xfd, 0xa0, 0xfd, 0xa0, 0xfd,
  0xa0, 0xfd, 0xa0, 0xfd, 0xa0, 0xfd, 0xa0, 0xfd, 0xa0, 0xfd, 0xa0, 0xfd,
  0xa0, 0xfd, 0xa0, 0xfd, 0xa0, 0xfd, 0xa0, 0xfd, 0xa0, 0xfd, 0xa0, 0xfd,
  0xa0, 0xfd, 0xa0, 0xfd, 0xa0, 0xfd, 0xa0, 0xfd, 0xa0, 0xfd, 0xa0, 0xfd,
  0xa0, 0xfd, 0xa0, 0xfd, 0xa0, 0xfd, 0xa0, 0xfd, 0xa0, 0xfd, 0xa0, 0xfd,
  0xa0, 0xfd, 0xa0, 0xfd, 0xa1, 0xf5, 0xa3, 0xf5, 0x03, 0xac, 0x21, 0x29,
  0x00, 0x00, 0x00, 0x00, 0x00, 0x00, 0x00, 0x00, 0x00, 0x00, 0x00, 0x00,
  0x00, 0x00, 0x00, 0x00, 0x00, 0x00, 0x00, 0x00, 0x00, 0x00, 0x00, 0x00,
  0x00, 0x00, 0x00, 0x00, 0x00, 0x00, 0x00, 0x00, 0x00, 0x00, 0x00, 0x00,
  0x00, 0x00, 0x00, 0x00, 0x00, 0x00, 0x00, 0x00, 0x00, 0x00, 0x00, 0x00,
  0x00, 0x00, 0x00, 0x00, 0x00, 0x00, 0x00, 0x00, 0x00, 0x00, 0x00, 0x00,
  0x00, 0x00, 0x00, 0x00, 0x00, 0x00, 0x00, 0x00, 0x00, 0x00, 0x00, 0x00,
  0x00, 0x00, 0x00, 0x00, 0x21, 0x5a, 0x61, 0xed, 0xa1, 0xfd, 0xa0, 0xfd,
  0xa0, 0xfd, 0xa0, 0xfd, 0xa0, 0xfd, 0x80, 0xf5, 0xa0, 0xfd, 0xa1, 0xfd,
  0xa2, 0xfd, 0xc2, 0xcc, 0xc2, 0x49, 0x00, 0x00, 0x00, 0x00, 0x00, 0x00,
  0x00, 0x00, 0x00, 0x00, 0x00, 0x00, 0x00, 0x00, 0x00, 0x00, 0x00, 0x00,
  0x29, 0x0a, 0x18, 0x15, 0x9b, 0x05, 0x9b, 0x05, 0x9b, 0x05, 0x9b, 0x05,
  0x9b, 0x05, 0x9b, 0x05, 0x9b, 0x05, 0x9b, 0x05, 0x9b, 0x05, 0x9b, 0x05,
  0x9b, 0x05, 0x9b, 0x05, 0x9b, 0x05, 0x9b, 0x05, 0x9b, 0x05, 0x9b, 0x05,
  0x9b, 0x05, 0x9b, 0x05, 0x9b, 0x05, 0x9b, 0x05, 0x9b, 0x05, 0x9b, 0x05,
  0x9b, 0x05, 0x9b, 0x05, 0x9b, 0x05, 0x9b, 0x05, 0x9b, 0x05, 0x9b, 0x05,
  0x9a, 0x05, 0x9a, 0x05, 0x9b, 0x05, 0x9b, 0x05, 0x9a, 0x05, 0x99, 0x05,
  0x9a, 0x05, 0x9b, 0x05, 0x34, 0x14, 0x05, 0x09, 0x00, 0x00, 0x00, 0x00,
  0x00, 0x00, 0x00, 0x00, 0x00, 0x00, 0x00, 0x00, 0x00, 0x00, 0x00, 0x00,
  0x00, 0x00, 0x00, 0x00, 0x00, 0x00, 0x00, 0x00, 0x00, 0x00, 0x00, 0x00,
  0x00, 0x00, 0x00, 0x00, 0x00, 0x00, 0x00, 0x00, 0x00, 0x00, 0x82, 0x00,
  0x90, 0x0b, 0x9a, 0x0d, 0x9a, 0x05, 0x7a, 0x05, 0x9a, 0x05, 0x9a, 0x05,
  0xbb, 0x05, 0x9b, 0x05, 0x9b, 0x05, 0x9b, 0x05, 0x9b, 0x05, 0x9b, 0x05,
  0x9b, 0x05, 0x9b, 0x05, 0x9b, 0x05, 0x9b, 0x05, 0x9b, 0x05, 0x9b, 0x05,
  0x9b, 0x05, 0x9b, 0x05, 0x9b, 0x05, 0x9b, 0x05, 0x9b, 0x05, 0x9b, 0x05,
  0x9b, 0x05, 0x9b, 0x05, 0x9b, 0x05, 0x9b, 0x05, 0x9b, 0x05, 0x9b, 0x05,
  0x9b, 0x05, 0xba, 0x05, 0x9a, 0x05, 0x7b, 0x05, 0x7a, 0x05, 0x9a, 0x05,
  0xba, 0x05, 0x99, 0x0d, 0x2e, 0x13, 0x61, 0x00, 0x00, 0x00, 0x00, 0x00,
  0x00, 0x00, 0x00, 0x00, 0x00, 0x00, 0x00, 0x00, 0x00, 0x00, 0x00, 0x00,
  0xa1, 0x10, 0x02, 0x54, 0x22, 0x76, 0x40, 0x66, 0x40, 0x6e, 0x40, 0x6e,
  0x40, 0x6e, 0x40, 0x6e, 0x40, 0x6e, 0x40, 0x6e, 0x40, 0x6e, 0x41, 0x6e,
  0x40, 0x6e, 0x40, 0x6e, 0x40, 0x6e, 0x40, 0x6e, 0x40, 0x6e, 0x40, 0x6e,
  0x40, 0x6e, 0x40, 0x6e, 0x40, 0x6e, 0x40, 0x6e, 0x40, 0x6e, 0x40, 0x6e,
  0x40, 0x6e, 0x40, 0x6e, 0x40, 0x6e, 0x40, 0x6e, 0x40, 0x6e, 0x40, 0x6e,
  0x40, 0x6e, 0x40, 0x6e, 0x40, 0x6e, 0x40, 0x6e, 0x40, 0x6e, 0x40, 0x6e,
  0x40, 0x6e, 0x40, 0x6e, 0x40, 0x6e, 0x40, 0x6e, 0x40, 0x6e, 0x40, 0x6e,
  0x40, 0x6e, 0x40, 0x6e, 0x40, 0x6e, 0x40, 0x6e, 0x40, 0x6e, 0x40, 0x6e,
  0x40, 0x6e, 0x40, 0x6e, 0x40, 0x6e, 0x40, 0x6e, 0x40, 0x6e, 0x40, 0x6e,
  0x40, 0x6e, 0x40, 0x6e, 0x40, 0x6e, 0x40, 0x6e, 0x40, 0x6e, 0x40, 0x6e,
  0x40, 0x6e, 0x40, 0x6e, 0x40, 0x6e, 0x40, 0x6e, 0x40, 0x6e, 0x40, 0x6e,
  0x40, 0x6e, 0x40, 0x6e, 0x40, 0x6e, 0x40, 0x6e, 0x40, 0x6e, 0x40, 0x6e,
  0x40, 0x6e, 0x40, 0x6e, 0x40, 0x6e, 0x40, 0x6e, 0x40, 0x6e, 0x40, 0x6e,
  0x40, 0x6e, 0x40, 0x6e, 0x40, 0x6e, 0x40, 0x6e, 0x40, 0x6e, 0x40, 0x6e,
  0x40, 0x6e, 0x40, 0x6e, 0x40, 0x6e, 0x40, 0x6e, 0x40, 0x6e, 0x40, 0x6e,
  0x40, 0x6e, 0x40, 0x6e, 0x40, 0x6e, 0x40, 0x6e, 0x40, 0x6e, 0xe1, 0x75,
  0x81, 0x32, 0x00, 0x00, 0x00, 0x00, 0x00, 0x00, 0x00, 0x00, 0xe2, 0x7a,
  0xc2, 0xf5, 0x81, 0xfd, 0xa0, 0xfd, 0xa0, 0xf5, 0xa0, 0xfd, 0xa0, 0xfd,
  0xa0, 0xfd, 0xa0, 0xfd, 0xa0, 0xfd, 0xa0, 0xfd, 0xa0, 0xfd, 0xa0, 0xfd,
  0xa0, 0xfd, 0xa0, 0xfd, 0xa0, 0xfd, 0xa0, 0xfd, 0xa0, 0xfd, 0xa0, 0xfd,
  0xa0, 0xfd, 0xa0, 0xfd, 0xa0, 0xfd, 0xa0, 0xfd, 0xa0, 0xfd, 0xa0, 0xfd,
  0xa0, 0xfd, 0xa0, 0xfd, 0xa0, 0xfd, 0xa0, 0xfd, 0xa0, 0xfd, 0xa0, 0xfd,
  0xa0, 0xfd, 0xa0, 0xfd, 0xa0, 0xfd, 0xa0, 0xfd, 0xa0, 0xfd, 0xa0, 0xfd,
  0xa0, 0xfd, 0xa0, 0xfd, 0xa0, 0xfd, 0xa0, 0xfd, 0xa0, 0xfd, 0xa0, 0xfd,
  0xa0, 0xf5, 0xa0, 0xfd, 0xa0, 0xfd, 0xc0, 0xfd, 0xa0, 0xf5, 0xc1, 0xf5,
  0x82, 0xed, 0xc2, 0x9b, 0xc1, 0x20, 0x00, 0x00, 0x00, 0x00, 0x00, 0x00,
  0x00, 0x00, 0x00, 0x00, 0x00, 0x00, 0x00, 0x00, 0x00, 0x00, 0x00, 0x00,
  0x00, 0x00, 0x00, 0x00, 0x00, 0x00, 0x00, 0x00, 0x00, 0x00, 0x00, 0x00,
  0x00, 0x00, 0x00, 0x00, 0x00, 0x00, 0x00, 0x00, 0x00, 0x00, 0x00, 0x00,
  0x00, 0x00, 0x00, 0x00, 0x00, 0x00, 0x00, 0x00, 0x00, 0x00, 0x00, 0x00,
  0x00, 0x00, 0x00, 0x00, 0x00, 0x00, 0x00, 0x00, 0x00, 0x00, 0x00, 0x00,
  0x00, 0x00, 0x00, 0x00, 0x00, 0x00, 0x00, 0x00, 0x21, 0x5a, 0x61, 0xed,
  0xa0, 0xfd, 0xa0, 0xfd, 0xa0, 0xfd, 0xa0, 0xfd, 0xa0, 0xfd, 0xa0, 0xfd,
  0xa0, 0xfd, 0xa1, 0xf5, 0xa1, 0xfd, 0x82, 0xf5, 0x03, 0xb4, 0x01, 0x29,
  0x00, 0x00, 0x00, 0x00, 0x00, 0x00, 0x00, 0x00, 0x00, 0x00, 0x00, 0x00,
  0x00, 0x00, 0x00, 0x00, 0x61, 0x00, 0x50, 0x0b, 0x9b, 0x0d, 0x9b, 0x05,
  0x7a, 0x0d, 0x7b, 0x0d, 0x9b, 0x05, 0x9b, 0x05, 0x9a, 0x05, 0x9b, 0x05,
  0x9b, 0x05, 0x9b, 0x05, 0x9b, 0x05, 0x9b, 0x05, 0x9b, 0x05, 0x9b, 0x05,
  0x9b, 0x05, 0x9b, 0x05, 0x9b, 0x05, 0x9b, 0x05, 0x9b, 0x05, 0x9b, 0x05,
  0x9b, 0x05, 0x9b, 0x05, 0x9b, 0x05, 0x9b, 0x05, 0x9b, 0x05, 0x9b, 0x05,
  0x9b, 0x05, 0x9b, 0x05, 0x9a, 0x05, 0x9a, 0x05, 0xbb, 0x05, 0x9b, 0x05,
  0x9a, 0x05, 0x9a, 0x05, 0x9b, 0x05, 0x9c, 0x05, 0x5a, 0x0d, 0x2f, 0x0b,
  0x61, 0x00, 0x00, 0x00, 0x00, 0x00, 0x00, 0x00, 0x00, 0x00, 0x00, 0x00,
  0x00, 0x00, 0x00, 0x00, 0x00, 0x00, 0x00, 0x00, 0x00, 0x00, 0x00, 0x00,
  0x00, 0x00, 0x00, 0x00, 0x00, 0x00, 0x00, 0x00, 0x00, 0x00, 0x00, 0x00,
  0x00, 0x00, 0x4b, 0x0a, 0x39, 0x15, 0x9a, 0x0d, 0x9a, 0x05, 0x9a, 0x05,
  0x9a, 0x05, 0x9a, 0x05, 0xbb, 0x05, 0x9b, 0x05, 0x9b, 0x05, 0x9b, 0x05,
  0x9b, 0x05, 0x9b, 0x05, 0x9b, 0x05, 0x9b, 0x05, 0x9b, 0x05, 0x9b, 0x05,
  0x9b, 0x05, 0x9b, 0x05, 0x9b, 0x05, 0x9b, 0x05, 0x9b, 0x05, 0x9b, 0x05,
  0x9b, 0x05, 0x9b, 0x05, 0x9b, 0x05, 0x9b, 0x05, 0x9b, 0x05, 0x9b, 0x05,
  0x9b, 0x05, 0x9b, 0x05, 0x9b, 0x05, 0xba, 0x05, 0xba, 0x05, 0x9b, 0x05,
  0x7a, 0x0d, 0x9a, 0x05, 0x99, 0x05, 0x94, 0x0c, 0x25, 0x09, 0x00, 0x00,
  0x00, 0x00, 0x00, 0x00, 0x00, 0x00, 0x00, 0x00, 0x00, 0x00, 0x00, 0x00,
  0x00, 0x00, 0x00, 0x00, 0x81, 0x32, 0xa1, 0x6d, 0x41, 0x6e, 0x40, 0x66,
  0x40, 0x6e, 0x40, 0x6e, 0x40, 0x6e, 0x40, 0x6e, 0x40, 0x6e, 0x40, 0x6e,
  0x40, 0x6e, 0x41, 0x6e, 0x40, 0x66, 0x40, 0x66, 0x40, 0x6e, 0x40, 0x6e,
  0x40, 0x6e, 0x40, 0x6e, 0x40, 0x6e, 0x40, 0x6e, 0x40, 0x6e, 0x40, 0x6e,
  0x40, 0x6e, 0x40, 0x6e, 0x40, 0x6e, 0x40, 0x6e, 0x40, 0x6e, 0x40, 0x6e,
  0x40, 0x6e, 0x40, 0x6e, 0x40, 0x6e, 0x40, 0x6e, 0x40, 0x6e, 0x40, 0x6e,
  0x40, 0x6e, 0x40, 0x6e, 0x40, 0x6e, 0x40, 0x6e, 0x40, 0x6e, 0x40, 0x6e,
  0x40, 0x6e, 0x40, 0x6e, 0x40, 0x6e, 0x40, 0x6e, 0x40, 0x6e, 0x40, 0x6e,
  0x40, 0x6e, 0x40, 0x6e, 0x40, 0x6e, 0x40, 0x6e, 0x40, 0x6e, 0x40, 0x6e,
  0x40, 0x6e, 0x40, 0x6e, 0x40, 0x6e, 0x40, 0x6e, 0x40, 0x6e, 0x40, 0x6e,
  0x40, 0x6e, 0x40, 0x6e, 0x40, 0x6e, 0x40, 0x6e, 0x40, 0x6e, 0x40, 0x6e,
  0x40, 0x6e, 0x40, 0x6e, 0x40, 0x6e, 0x40, 0x6e, 0x40, 0x6e, 0x40, 0x6e,
  0x40, 0x6e, 0x40, 0x6e, 0x40, 0x6e, 0x40, 0x6e, 0x40, 0x6e, 0x40, 0x6e,
  0x40, 0x6e, 0x40, 0x6e, 0x40, 0x6e, 0x40, 0x6e, 0x40, 0x6e, 0x40, 0x6e,
  0x40, 0x6e, 0x40, 0x6e, 0x40, 0x6e, 0x40, 0x6e, 0x40, 0x6e, 0x40, 0x6e,
  0x40, 0x6e, 0x40, 0x6e, 0x40, 0x6e, 0x40, 0x6e, 0x40, 0x6e, 0x40, 0x6e,
  0x40, 0x6e, 0x21, 0x76, 0xc1, 0x4b, 0x20, 0x00, 0x00, 0x00, 0x00, 0x00,
  0x00, 0x00, 0xe2, 0x7a, 0xc2, 0xf5, 0x81, 0xfd, 0xa0, 0xfd, 0xa0, 0xf5,
  0xa0, 0xfd, 0xa0, 0xfd, 0xa0, 0xfd, 0xa0, 0xfd, 0xa0, 0xfd, 0xa0, 0xfd,
  0xa0, 0xfd, 0xa0, 0xfd, 0xa0, 0xfd, 0xa0, 0xfd, 0xa0, 0xfd, 0xa0, 0xfd,
  0xa0, 0xfd, 0xa0, 0xfd, 0xa0, 0xfd, 0xa0, 0xfd, 0xa0, 0xfd, 0xa0, 0xfd,
  0xa0, 0xfd, 0xa0, 0xfd, 0xa0, 0xfd, 0xa0, 0xfd, 0xa0, 0xfd, 0xa0, 0xfd,
  0xa0, 0xfd, 0xa0, 0xfd, 0xa0, 0xfd, 0xa0, 0xfd, 0xa0, 0xfd, 0xa0, 0xfd,
  0xa0, 0xfd, 0xa0, 0xfd, 0xa0, 0xfd, 0xa0, 0xfd, 0xa0, 0xfd, 0xa0, 0xfd,
  0xa0, 0xfd, 0xa0, 0xfd, 0xa0, 0xf5, 0xa0, 0xf5, 0xa0, 0xf5, 0xa0, 0xfd,
  0xa0, 0xfd, 0xa0, 0xfd, 0xc1, 0xfd, 0x62, 0xed, 0x22, 0x83, 0x60, 0x10,
  0x00, 0x00, 0x00, 0x00, 0x00, 0x00, 0x00, 0x00, 0x00, 0x00, 0x00, 0x00,
  0x00, 0x00, 0x00, 0x00, 0x00, 0x00, 0x00, 0x00, 0x00, 0x00, 0x00, 0x00,
  0x00, 0x00, 0x00, 0x00, 0x00, 0x00, 0x00, 0x00, 0x00, 0x00, 0x00, 0x00,
  0x00, 0x00, 0x00, 0x00, 0x00, 0x00, 0x00, 0x00, 0x00, 0x00, 0x00, 0x00,
  0x00, 0x00, 0x00, 0x00, 0x00, 0x00, 0x00, 0x00, 0x00, 0x00, 0x00, 0x00,
  0x00, 0x00, 0x00, 0x00, 0x00, 0x00, 0x00, 0x00, 0x00, 0x00, 0x00, 0x00,
  0x21, 0x5a, 0x61, 0xed, 0xa0, 0xfd, 0xa0, 0xfd, 0xa0, 0xfd, 0xa0, 0xfd,
  0xa0, 0xfd, 0xa0, 0xfd, 0x80, 0xf5, 0xa0, 0xfd, 0xa0, 0xf5, 0xa1, 0xfd,
  0x43, 0xed, 0xe3, 0x82, 0x40, 0x08, 0x00, 0x00, 0x00, 0x00, 0x00, 0x00,
  0x00, 0x00, 0x00, 0x00, 0x00, 0x00, 0x00, 0x00, 0x00, 0x00, 0x67, 0x09,
  0xb7, 0x0c, 0x9b, 0x05, 0x9a, 0x0d, 0x7b, 0x05, 0x7b, 0x05, 0x9b, 0x05,
  0x9a, 0x05, 0x9a, 0x05, 0x9b, 0x05, 0x9b, 0x05, 0x9b, 0x05, 0x9b, 0x05,
  0x9b, 0x05, 0x9b, 0x05, 0x9b, 0x05, 0x9b, 0x05, 0x9b, 0x05, 0x9b, 0x05,
  0x9b, 0x05, 0x9b, 0x05, 0x9b, 0x05, 0x9b, 0x05, 0x9b, 0x05, 0x9b, 0x05,
  0x9b, 0x05, 0x9b, 0x05, 0x9b, 0x05, 0x9b, 0x05, 0x9a, 0x05, 0x9a, 0x05,
  0x9b, 0x05, 0xbb, 0x05, 0x9a, 0x05, 0x9a, 0x05, 0x7b, 0x05, 0x9c, 0x05,
  0x9b, 0x05, 0x18, 0x0d, 0xc8, 0x09, 0x00, 0x00, 0x00, 0x00, 0x00, 0x00,
  0x00, 0x00, 0x00, 0x00, 0x00, 0x00, 0x00, 0x00, 0x00, 0x00, 0x00, 0x00,
  0x00, 0x00, 0x00, 0x00, 0x00, 0x00, 0x00, 0x00, 0x00, 0x00, 0x00, 0x00,
  0x00, 0x00, 0x00, 0x00, 0x25, 0x01, 0x95, 0x0c, 0x9b, 0x0d, 0x9a, 0x05,
  0x9a, 0x05, 0x9a, 0x05, 0x9a, 0x05, 0x9b, 0x05, 0x9b, 0x05, 0x9b, 0x05,
  0x9b, 0x05, 0x9b, 0x05, 0x9b, 0x05, 0x9b, 0x05, 0x9b, 0x05, 0x9b, 0x05,
  0x9b, 0x05, 0x9b, 0x05, 0x9b, 0x05, 0x9b, 0x05, 0x9b, 0x05, 0x9b, 0x05,
  0x9b, 0x05, 0x9b, 0x05, 0x9b, 0x05, 0x9b, 0x05, 0x9b, 0x05, 0x9b, 0x05,
  0x9b, 0x05, 0x9b, 0x05, 0x9b, 0x05, 0x9b, 0x05, 0x9b, 0x05, 0x9a, 0x05,
  0xba, 0x05, 0x9b, 0x05, 0x9a, 0x05, 0x9a, 0x05, 0x38, 0x0d, 0x6b, 0x0a,
  0x00, 0x00, 0x00, 0x00, 0x00, 0x00, 0x00, 0x00, 0x00, 0x00, 0x00, 0x00,
  0x00, 0x00, 0x00, 0x00, 0x00, 0x00, 0x21, 0x19, 0xc1, 0x5c, 0x40, 0x6e,
  0x40, 0x6e, 0x40, 0x6e, 0x60, 0x6e, 0x40, 0x6e, 0x40, 0x6e, 0x40, 0x6e,
  0x40, 0x6e, 0x40, 0x6e, 0x40, 0x6e, 0x40, 0x66, 0x60, 0x66, 0x60, 0x66,
  0x40, 0x6e, 0x40, 0x6e, 0x40, 0x6e, 0x40, 0x6e, 0x40, 0x6e, 0x40, 0x6e,
  0x40, 0x6e, 0x40, 0x6e, 0x40, 0x6e, 0x40, 0x6e, 0x40, 0x6e, 0x40, 0x6e,
  0x40, 0x6e, 0x40, 0x6e, 0x40, 0x6e, 0x40, 0x6e, 0x40, 0x6e, 0x40, 0x6e,
  0x40, 0x6e, 0x40, 0x6e, 0x40, 0x6e, 0x40, 0x6e, 0x40, 0x6e, 0x40, 0x6e,
  0x40, 0x6e, 0x40, 0x6e, 0x40, 0x6e, 0x40, 0x6e, 0x40, 0x6e, 0x40, 0x6e,
  0x40, 0x6e, 0x40, 0x6e, 0x40, 0x6e, 0x40, 0x6e, 0x40, 0x6e, 0x40, 0x6e,
  0x40, 0x6e, 0x40, 0x6e, 0x40, 0x6e, 0x40, 0x6e, 0x40, 0x6e, 0x60, 0x6e,
  0x40, 0x6e, 0x40, 0x6e, 0x40, 0x6e, 0x40, 0x6e, 0x40, 0x6e, 0x40, 0x6e,
  0x40, 0x6e, 0x40, 0x6e, 0x40, 0x6e, 0x40, 0x6e, 0x40, 0x6e, 0x40, 0x6e,
  0x40, 0x6e, 0x40, 0x6e, 0x40, 0x6e, 0x40, 0x6e, 0x40, 0x6e, 0x40, 0x6e,
  0x40, 0x6e, 0x40, 0x6e, 0x40, 0x6e, 0x40, 0x6e, 0x40, 0x6e, 0x40, 0x6e,
  0x40, 0x6e, 0x40, 0x6e, 0x40, 0x6e, 0x40, 0x6e, 0x40, 0x6e, 0x40, 0x6e,
  0x40, 0x6e, 0x40, 0x6e, 0x40, 0x6e, 0x40, 0x6e, 0x40, 0x6e, 0x40, 0x6e,
  0x40, 0x6e, 0x40, 0x6e, 0x40, 0x6e, 0x40, 0x76, 0xa1, 0x64, 0xc0, 0x10,
  0x00, 0x00, 0x00, 0x00, 0x00, 0x00, 0xe2, 0x7a, 0xc2, 0xf5, 0x81, 0xfd,
  0xa0, 0xfd, 0xa0, 0xf5, 0xa0, 0xfd, 0xa0, 0xfd, 0xa0, 0xfd, 0xa0, 0xfd,
  0xa0, 0xfd, 0xa0, 0xfd, 0xa0, 0xfd, 0xa0, 0xfd, 0xa0, 0xfd, 0xa0, 0xfd,
  0xa0, 0xfd, 0xa0, 0xfd, 0xa0, 0xfd, 0xa0, 0xfd, 0xa0, 0xfd, 0xa0, 0xfd,
  0xa0, 0xfd, 0xa0, 0xfd, 0xa0, 0xfd, 0xa0, 0xfd, 0xa0, 0xfd, 0xa0, 0xfd,
  0xa0, 0xfd, 0xa0, 0xfd, 0xa0, 0xfd, 0xa0, 0xfd, 0xa0, 0xfd, 0xa0, 0xfd,
  0xa0, 0xfd, 0xa0, 0xfd, 0xa0, 0xfd, 0xa0, 0xfd, 0xa0, 0xfd, 0xa0, 0xfd,
  0xa0, 0xfd, 0xa0, 0xfd, 0xa0, 0xfd, 0xc0, 0xfd, 0xa0, 0xf5, 0xa0, 0xf5,
  0xa0, 0xf5, 0xa0, 0xfd, 0xa0, 0xfd, 0xa0, 0xfd, 0xa0, 0xfd, 0xc1, 0xf5,
  0x22, 0xe5, 0xa2, 0x7a, 0x40, 0x08, 0x00, 0x00, 0x00, 0x00, 0x00, 0x00,
  0x00, 0x00, 0x00, 0x00, 0x00, 0x00, 0x00, 0x00, 0x00, 0x00, 0x00, 0x00,
  0x00, 0x00, 0x00, 0x00, 0x00, 0x00, 0x00, 0x00, 0x00, 0x00, 0x00, 0x00,
  0x00, 0x00, 0x00, 0x00, 0x00, 0x00, 0x00, 0x00, 0x00, 0x00, 0x00, 0x00,
  0x00, 0x00, 0x00, 0x00, 0x00, 0x00, 0x00, 0x00, 0x00, 0x00, 0x00, 0x00,
  0x00, 0x00, 0x00, 0x00, 0x00, 0x00, 0x00, 0x00, 0x00, 0x00, 0x00, 0x00,
  0x00, 0x00, 0x00, 0x00, 0x21, 0x5a, 0x61, 0xed, 0xa0, 0xfd, 0xa0, 0xfd,
  0xa0, 0xfd, 0xa0, 0xfd, 0xa0, 0xfd, 0xa0, 0xfd, 0xa0, 0xfd, 0xa0, 0xfd,
  0xa0, 0xf5, 0xc1, 0xfd, 0xa2, 0xfd, 0x83, 0xd4, 0x82, 0x41, 0x00, 0x00,
  0x00, 0x00, 0x00, 0x00, 0x00, 0x00, 0x00, 0x00, 0x00, 0x00, 0x00, 0x00,
  0x00, 0x00, 0x20, 0x00, 0xad, 0x0a, 0x5a, 0x0d, 0xbb, 0x05, 0x9b, 0x05,
  0x9b, 0x05, 0x9b, 0x05, 0x9b, 0x05, 0x9a, 0x05, 0x9a, 0x05, 0x9b, 0x05,
  0x9b, 0x05, 0x9b, 0x05, 0x9b, 0x05, 0x9b, 0x05, 0x9b, 0x05, 0x9b, 0x05,
  0x9b, 0x05, 0x9b, 0x05, 0x9b, 0x05, 0x9b, 0x05, 0x9b, 0x05, 0x9b, 0x05,
  0x9b, 0x05, 0x9b, 0x05, 0x9b, 0x05, 0x9b, 0x05, 0x9b, 0x05, 0x9b, 0x05,
  0x9b, 0x05, 0x9b, 0x05, 0xbb, 0x05, 0xbb, 0x05, 0x9a, 0x05, 0x7a, 0x05,
  0x9b, 0x05, 0x7b, 0x05, 0x9b, 0x05, 0xbb, 0x05, 0xf2, 0x0b, 0xa3, 0x00,
  0x00, 0x00, 0x00, 0x00, 0x00, 0x00, 0x00, 0x00, 0x00, 0x00, 0x00, 0x00,
  0x00, 0x00, 0x00, 0x00, 0x00, 0x00, 0x00, 0x00, 0x00, 0x00, 0x00, 0x00,
  0x00, 0x00, 0x00, 0x00, 0x00, 0x00, 0x41, 0x00, 0x2f, 0x0b, 0x7a, 0x05,
  0x9b, 0x05, 0x9b, 0x05, 0x9a, 0x05, 0x9a, 0x05, 0x9a, 0x05, 0x9b, 0x05,
  0x9b, 0x05, 0x9b, 0x05, 0x9b, 0x05, 0x9b, 0x05, 0x9b, 0x05, 0x9b, 0x05,
  0x9b, 0x05, 0x9b, 0x05, 0x9b, 0x05, 0x9b, 0x05, 0x9b, 0x05, 0x9b, 0x05,
  0x9b, 0x05, 0x9b, 0x05, 0x9b, 0x05, 0x9b, 0x05, 0x9b, 0x05, 0x9b, 0x05,
  0x9b, 0x05, 0x9b, 0x05, 0x9b, 0x05, 0x9b, 0x05, 0x9b, 0x05, 0x9b, 0x05,
  0x9b, 0x05, 0x9b, 0x05, 0x9b, 0x05, 0xbb, 0x05, 0xba, 0x05, 0x9a, 0x05,
  0xd1, 0x0b, 0xa3, 0x00, 0x00, 0x00, 0x00, 0x00, 0x00, 0x00, 0x00, 0x00,
  0x00, 0x00, 0x00, 0x00, 0x00, 0x00, 0x00, 0x00, 0x40, 0x08, 0x81, 0x43,
  0x00, 0x6e, 0x40, 0x6e, 0x20, 0x66, 0x40, 0x6e, 0x40, 0x6e, 0x40, 0x6e,
  0x40, 0x6e, 0x40, 0x6e, 0x40, 0x6e, 0x40, 0x6e, 0x40, 0x66, 0x40, 0x66,
  0x40, 0x66, 0x60, 0x6e, 0x40, 0x6e, 0x40, 0x6e, 0x40, 0x6e, 0x40, 0x6e,
  0x40, 0x6e, 0x40, 0x6e, 0x40, 0x6e, 0x40, 0x6e, 0x40, 0x6e, 0x40, 0x6e,
  0x40, 0x6e, 0x40, 0x6e, 0x40, 0x6e, 0x40, 0x6e, 0x40, 0x6e, 0x40, 0x6e,
  0x40, 0x6e, 0x40, 0x6e, 0x40, 0x6e, 0x40, 0x6e, 0x40, 0x6e, 0x40, 0x6e,
  0x40, 0x6e, 0x40, 0x6e, 0x40, 0x6e, 0x40, 0x6e, 0x40, 0x6e, 0x40, 0x6e,
  0x40, 0x6e, 0x40, 0x6e, 0x40, 0x6e, 0x40, 0x66, 0x40, 0x66, 0x40, 0x66,
  0x40, 0x66, 0x40, 0x66, 0x40, 0x66, 0x40, 0x66, 0x40, 0x66, 0x40, 0x66,
  0x40, 0x66, 0x40, 0x66, 0x40, 0x66, 0x60, 0x66, 0x40, 0x6e, 0x40, 0x66,
  0x40, 0x6e, 0x40, 0x6e, 0x60, 0x6e, 0x40, 0x6e, 0x60, 0x6e, 0x40, 0x6e,
  0x40, 0x6e, 0x40, 0x6e, 0x40, 0x6e, 0x40, 0x6e, 0x40, 0x6e, 0x40, 0x6e,
  0x40, 0x6e, 0x40, 0x6e, 0x40, 0x6e, 0x40, 0x6e, 0x40, 0x6e, 0x40, 0x6e,
  0x40, 0x6e, 0x40, 0x6e, 0x40, 0x6e, 0x40, 0x6e, 0x40, 0x6e, 0x40, 0x6e,
  0x40, 0x6e, 0x40, 0x6e, 0x40, 0x6e, 0x40, 0x6e, 0x40, 0x6e, 0x40, 0x6e,
  0x40, 0x6e, 0x40, 0x6e, 0x40, 0x6e, 0x40, 0x6e, 0x40, 0x6e, 0x40, 0x6e,
  0x61, 0x6d, 0xe1, 0x29, 0x00, 0x00, 0x00, 0x00, 0x00, 0x00, 0xe2, 0x7a,
  0xc2, 0xfd, 0xa1, 0xfd, 0xa0, 0xfd, 0xa0, 0xf5, 0xa0, 0xfd, 0xa0, 0xfd,
  0xa0, 0xfd, 0xa0, 0xfd, 0xa0, 0xfd, 0xa0, 0xfd, 0xa0, 0xfd, 0xa0, 0xfd,
  0xa0, 0xfd, 0xa0, 0xfd, 0xa0, 0xfd, 0xa0, 0xfd, 0xa0, 0xfd, 0xa0, 0xfd,
  0xa0, 0xfd, 0xa0, 0xfd, 0xa0, 0xfd, 0xa0, 0xfd, 0xa0, 0xfd, 0xa0, 0xfd,
  0xa0, 0xfd, 0xa0, 0xfd, 0xa0, 0xfd, 0xa0, 0xfd, 0xa0, 0xfd, 0xa0, 0xfd,
  0xa0, 0xfd, 0xa0, 0xfd, 0xa0, 0xfd, 0xa0, 0xfd, 0xa0, 0xfd, 0xa0, 0xfd,
  0xa0, 0xfd, 0xa0, 0xfd, 0xa0, 0xfd, 0xa0, 0xfd, 0xa0, 0xfd, 0xc0, 0xfd,
  0xc0, 0xf5, 0xa0, 0xf5, 0xa0, 0xfd, 0xa0, 0xfd, 0xa0, 0xfd, 0xa0, 0xfd,
  0xa0, 0xfd, 0xa0, 0xf5, 0xa1, 0xfd, 0x02, 0xed, 0x62, 0x6a, 0x20, 0x00,
  0x00, 0x00, 0x00, 0x00, 0x00, 0x00, 0x00, 0x00, 0x00, 0x00, 0x00, 0x00,
  0x00, 0x00, 0x00, 0x00, 0x00, 0x00, 0x00, 0x00, 0x00, 0x00, 0x00, 0x00,
  0x00, 0x00, 0x00, 0x00, 0x00, 0x00, 0x00, 0x00, 0x00, 0x00, 0x00, 0x00,
  0x00, 0x00, 0x00, 0x00, 0x00, 0x00, 0x00, 0x00, 0x00, 0x00, 0x00, 0x00,
  0x00, 0x00, 0x00, 0x00, 0x00, 0x00, 0x00, 0x00, 0x00, 0x00, 0x00, 0x00,
  0x00, 0x00, 0x00, 0x00, 0x00, 0x00, 0x00, 0x00, 0x21, 0x5a, 0x61, 0xed,
  0xa0, 0xfd, 0xa0, 0xfd, 0xa0, 0xfd, 0xa0, 0xfd, 0xa0, 0xfd, 0xa0, 0xfd,
  0xa0, 0xfd, 0xa0, 0xfd, 0xc0, 0xfd, 0xa0, 0xf5, 0xa2, 0xfd, 0x62, 0xfd,
  0x63, 0x9b, 0x81, 0x10, 0x00, 0x00, 0x00, 0x00, 0x00, 0x00, 0x00, 0x00,
  0x00, 0x00, 0x00, 0x00, 0x00, 0x00, 0x00, 0x00, 0xe4, 0x08, 0x13, 0x0c,
  0xba, 0x05, 0xba, 0x05, 0xbb, 0x05, 0x9b, 0x05, 0x9b, 0x05, 0x9a, 0x05,
  0x9a, 0x05, 0x9b, 0x05, 0x9b, 0x05, 0x9b, 0x05, 0x9b, 0x05, 0x9b, 0x05,
  0x9b, 0x05, 0x9b, 0x05, 0x9b, 0x05, 0x9b, 0x05, 0x9b, 0x05, 0x9b, 0x05,
  0x9b, 0x05, 0x9b, 0x05, 0x9b, 0x05, 0x9b, 0x05, 0x9b, 0x05, 0x9b, 0x05,
  0x9b, 0x05, 0x9b, 0x05, 0x9b, 0x05, 0x9b, 0x05, 0xbb, 0x05, 0xbb, 0x05,
  0x9a, 0x05, 0x9a, 0x05, 0x7a, 0x05, 0x7b, 0x05, 0x9b, 0x05, 0xba, 0x05,
  0x59, 0x0d, 0x8c, 0x0a, 0x20, 0x00, 0x00, 0x00, 0x00, 0x00, 0x00, 0x00,
  0x00, 0x00, 0x00, 0x00, 0x00, 0x00, 0x00, 0x00, 0x00, 0x00, 0x00, 0x00,
  0x00, 0x00, 0x00, 0x00, 0x00, 0x00, 0x00, 0x00, 0x00, 0x00, 0xc8, 0x01,
  0xf8, 0x0c, 0xbb, 0x0d, 0x9a, 0x05, 0x9a, 0x05, 0x9a, 0x05, 0x9a, 0x05,
  0x9a, 0x05, 0x9b, 0x05, 0x9b, 0x05, 0x9b, 0x05, 0x9b, 0x05, 0x9b, 0x05,
  0x9b, 0x05, 0x9b, 0x05, 0x9b, 0x05, 0x9b, 0x05, 0x9b, 0x05, 0x9b, 0x05,
  0x9b, 0x05, 0x9b, 0x05, 0x9b, 0x05, 0x9b, 0x05, 0x9b, 0x05, 0x9b, 0x05,
  0x9b, 0x05, 0x9b, 0x05, 0x9b, 0x05, 0x9b, 0x05, 0x9b, 0x05, 0x9b, 0x05,
  0x9b, 0x05, 0x9b, 0x05, 0x9b, 0x05, 0x9b, 0x05, 0x9b, 0x05, 0xda, 0x05,
  0xba, 0x05, 0xf7, 0x0c, 0xa7, 0x09, 0x00, 0x00, 0x00, 0x00, 0x00, 0x00,
  0x00, 0x00, 0x00, 0x00, 0x00, 0x00, 0x00, 0x00, 0x00, 0x00, 0x00, 0x00,
  0xc1, 0x29, 0x60, 0x65, 0x40, 0x6e, 0x40, 0x6e, 0x40, 0x6e, 0x40, 0x6e,
  0x40, 0x6e, 0x40, 0x6e, 0x40, 0x6e, 0x40, 0x6e, 0x40, 0x6e, 0x40, 0x6e,
  0x60, 0x6e, 0x60, 0x6e, 0x60, 0x6e, 0x40, 0x6e, 0x40, 0x6e, 0x40, 0x6e,
  0x40, 0x6e, 0x40, 0x6e, 0x40, 0x6e, 0x40, 0x6e, 0x40, 0x6e, 0x40, 0x6e,
  0x40, 0x6e, 0x40, 0x6e, 0x40, 0x6e, 0x40, 0x6e, 0x40, 0x6e, 0x40, 0x6e,
  0x40, 0x6e, 0x40, 0x6e, 0x40, 0x6e, 0x40, 0x6e, 0x40, 0x6e, 0x40, 0x6e,
  0x40, 0x6e, 0x40, 0x6e, 0x60, 0x6e, 0x40, 0x6e, 0x40, 0x66, 0x40, 0x6e,
  0x40, 0x6e, 0x40, 0x6e, 0x40, 0x6e, 0x60, 0x6e, 0x40, 0x6e, 0x40, 0x6e,
  0x40, 0x6e, 0x40, 0x6e, 0x40, 0x6e, 0x40, 0x6e, 0x40, 0x6e, 0x40, 0x6e,
  0x40, 0x6e, 0x40, 0x6e, 0x40, 0x6e, 0x60, 0x66, 0x61, 0x66, 0x40, 0x66,
  0x40, 0x66, 0x60, 0x6e, 0x40, 0x6e, 0x40, 0x6e, 0x40, 0x6e, 0x40, 0x6e,
  0x60, 0x6e, 0x40, 0x6e, 0x40, 0x6e, 0x40, 0x6e, 0x40, 0x6e, 0x40, 0x6e,
  0x40, 0x6e, 0x40, 0x6e, 0x40, 0x6e, 0x40, 0x6e, 0x40, 0x6e, 0x40, 0x6e,
  0x40, 0x6e, 0x40, 0x6e, 0x40, 0x6e, 0x40, 0x6e, 0x40, 0x6e, 0x40, 0x6e,
  0x40, 0x6e, 0x40, 0x6e, 0x40, 0x6e, 0x40, 0x6e, 0x40, 0x6e, 0x40, 0x6e,
  0x40, 0x6e, 0x40, 0x6e, 0x40, 0x6e, 0x40, 0x6e, 0x40, 0x6e, 0x40, 0x6e,
  0x40, 0x6e, 0x40, 0x6e, 0x01, 0x76, 0xe1, 0x3a, 0x00, 0x00, 0x00, 0x00,
  0x00, 0x00, 0xe2, 0x7a, 0xc2, 0xfd, 0xa1, 0xfd, 0xa0, 0xfd, 0xa0, 0xf5,
  0xa0, 0xfd, 0xa0, 0xfd, 0xa0, 0xfd, 0xa0, 0xfd, 0xa0, 0xfd, 0xa0, 0xfd,
  0xa0, 0xfd, 0xa0, 0xfd, 0xa0, 0xfd, 0xa0, 0xfd, 0xa0, 0xfd, 0xa0, 0xfd,
  0xa0, 0xfd, 0xa0, 0xfd, 0xa0, 0xfd, 0xa0, 0xfd, 0xa0, 0xfd, 0xa0, 0xfd,
  0xa0, 0xfd, 0xa0, 0xfd, 0xa0, 0xfd, 0xa0, 0xfd, 0xa0, 0xfd, 0xa0, 0xfd,
  0xa0, 0xfd, 0xa0, 0xfd, 0xa0, 0xfd, 0xa0, 0xfd, 0xa0, 0xfd, 0xa0, 0xfd,
  0xa0, 0xfd, 0xa0, 0xfd, 0xa0, 0xfd, 0xa0, 0xfd, 0xa0, 0xfd, 0xa0, 0xfd,
  0xa0, 0xfd, 0xc0, 0xf5, 0xc0, 0xf5, 0xa0, 0xfd, 0x80, 0xfd, 0xa0, 0xfd,
  0xa0, 0xfd, 0xa0, 0xfd, 0xa0, 0xfd, 0xa0, 0xf5, 0xa1, 0xfd, 0xa2, 0xfd,
  0x62, 0xc4, 0xc2, 0x49, 0x00, 0x00, 0x00, 0x00, 0x00, 0x00, 0x00, 0x00,
  0x00, 0x00, 0x00, 0x00, 0x00, 0x00, 0x00, 0x00, 0x00, 0x00, 0x00, 0x00,
  0x00, 0x00, 0x00, 0x00, 0x00, 0x00, 0x00, 0x00, 0x00, 0x00, 0x00, 0x00,
  0x00, 0x00, 0x00, 0x00, 0x00, 0x00, 0x00, 0x00, 0x00, 0x00, 0x00, 0x00,
  0x00, 0x00, 0x00, 0x00, 0x00, 0x00, 0x00, 0x00, 0x00, 0x00, 0x00, 0x00,
  0x00, 0x00, 0x00, 0x00, 0x00, 0x00, 0x00, 0x00, 0x00, 0x00, 0x00, 0x00,
  0x21, 0x5a, 0x81, 0xed, 0xa0, 0xfd, 0xa0, 0xfd, 0xa0, 0xfd, 0xa0, 0xfd,
  0xa0, 0xfd, 0xa0, 0xfd, 0xa0, 0xfd, 0xa0, 0xfd, 0xa0, 0xfd, 0xa0, 0xf5,
  0xc1, 0xf5, 0x80, 0xfd, 0xe3, 0xe4, 0x03, 0x52, 0x00, 0x00, 0x00, 0x00,
  0x00, 0x00, 0x00, 0x00, 0x00, 0x00, 0x00, 0x00, 0x00, 0x00, 0x00, 0x00,
  0x00, 0x00, 0x09, 0x0a, 0x58, 0x0d, 0xba, 0x05, 0xba, 0x05, 0x9b, 0x05,
  0x9b, 0x05, 0x9a, 0x05, 0x9a, 0x05, 0x9b, 0x05, 0x9b, 0x05, 0x9b, 0x05,
  0x9b, 0x05, 0x9b, 0x05, 0x9b, 0x05, 0x9b, 0x05, 0x9b, 0x05, 0x9b, 0x05,
  0x9b, 0x05, 0x9b, 0x05, 0x9b, 0x05, 0x9b, 0x05, 0x9b, 0x05, 0x9b, 0x05,
  0x9b, 0x05, 0x9b, 0x05, 0x9b, 0x05, 0x9b, 0x05, 0x9b, 0x05, 0x9b, 0x05,
  0x9b, 0x05, 0x9b, 0x05, 0x9a, 0x05, 0x9a, 0x05, 0x7a, 0x05, 0x9a, 0x05,
  0x9a, 0x05, 0x9a, 0x05, 0xbb, 0x05, 0x96, 0x0c, 0x25, 0x01, 0x00, 0x00,
  0x00, 0x00, 0x00, 0x00, 0x00, 0x00, 0x00, 0x00, 0x00, 0x00, 0x00, 0x00,
  0x00, 0x00, 0x00, 0x00, 0x00, 0x00, 0x00, 0x00, 0x00, 0x00, 0x00, 0x00,
  0xc3, 0x00, 0x13, 0x04, 0x9b, 0x0d, 0x9b, 0x0d, 0xba, 0x05, 0x9a, 0x05,
  0x9b, 0x05, 0x9b, 0x05, 0x9b, 0x05, 0x9b, 0x05, 0x9b, 0x05, 0x9b, 0x05,
  0x9b, 0x05, 0x9b, 0x05, 0x9b, 0x05, 0x9b, 0x05, 0x9b, 0x05, 0x9b, 0x05,
  0x9b, 0x05, 0x9b, 0x05, 0x9b, 0x05, 0x9b, 0x05, 0x9b, 0x05, 0x9b, 0x05,
  0x9b, 0x05, 0x9b, 0x05, 0x9b, 0x05, 0x9b, 0x05, 0x9b, 0x05, 0x9b, 0x05,
  0x9b, 0x05, 0x9b, 0x05, 0x9b, 0x05, 0x9b, 0x05, 0x9b, 0x05, 0x9b, 0x05,
  0x7b, 0x05, 0xba, 0x05, 0x99, 0x0d, 0x0e, 0x0b, 0x21, 0x00, 0x00, 0x00,
  0x00, 0x00, 0x00, 0x00, 0x00, 0x00, 0x00, 0x00, 0x00, 0x00, 0x00, 0x00,
  0x00, 0x00, 0xa0, 0x08, 0x20, 0x54, 0x40, 0x76, 0x40, 0x6e, 0x40, 0x66,
  0x40, 0x6e, 0x40, 0x6e, 0x40, 0x6e, 0x40, 0x6e, 0x40, 0x6e, 0x40, 0x6e,
  0x40, 0x6e, 0x60, 0x6e, 0x40, 0x6e, 0x40, 0x6e, 0x40, 0x76, 0x41, 0x76,
  0x41, 0x76, 0x41, 0x76, 0x41, 0x76, 0x41, 0x6e, 0x41, 0x6e, 0x41, 0x76,
  0x41, 0x76, 0x41, 0x76, 0x41, 0x76, 0x41, 0x76, 0x41, 0x6e, 0x61, 0x6e,
  0x61, 0x6e, 0x61, 0x6e, 0x61, 0x6e, 0x61, 0x6e, 0x61, 0x6e, 0x61, 0x6e,
  0x61, 0x6e, 0x61, 0x6e, 0x41, 0x6e, 0x41, 0x6e, 0x41, 0x6e, 0x41, 0x6e,
  0x41, 0x6e, 0x61, 0x6e, 0x41, 0x6e, 0x41, 0x6e, 0x40, 0x6e, 0x40, 0x6e,
  0x40, 0x76, 0x40, 0x76, 0x40, 0x76, 0x40, 0x76, 0x40, 0x76, 0x40, 0x76,
  0x40, 0x76, 0x40, 0x76, 0x40, 0x76, 0x40, 0x76, 0x40, 0x76, 0x60, 0x6e,
  0x40, 0x6e, 0x60, 0x76, 0x40, 0x76, 0x20, 0x6e, 0x40, 0x76, 0x20, 0x6e,
  0x40, 0x6e, 0x60, 0x6e, 0x40, 0x6e, 0x40, 0x6e, 0x40, 0x6e, 0x40, 0x6e,
  0x60, 0x6e, 0x40, 0x6e, 0x40, 0x6e, 0x40, 0x6e, 0x40, 0x6e, 0x40, 0x6e,
  0x40, 0x6e, 0x40, 0x6e, 0x40, 0x6e, 0x40, 0x6e, 0x40, 0x6e, 0x40, 0x6e,
  0x40, 0x6e, 0x40, 0x6e, 0x40, 0x6e, 0x40, 0x6e, 0x40, 0x6e, 0x40, 0x6e,
  0x40, 0x6e, 0x40, 0x6e, 0x40, 0x6e, 0x40, 0x6e, 0x40, 0x6e, 0x40, 0x6e,
  0x40, 0x6e, 0x40, 0x6e, 0x40, 0x6e, 0x40, 0x6e, 0x00, 0x6e, 0x41, 0x54,
  0x80, 0x08, 0x00, 0x00, 0x00, 0x00, 0xe2, 0x7a, 0xc2, 0xfd, 0xa1, 0xfd,
  0xa0, 0xfd, 0xa0, 0xf5, 0xa0, 0xfd, 0xa0, 0xfd, 0xa0, 0xfd, 0xa0, 0xfd,
  0xa0, 0xfd, 0xa0, 0xfd, 0xa0, 0xfd, 0xa0, 0xfd, 0xa0, 0xfd, 0xa0, 0xfd,
  0xa0, 0xfd, 0xa0, 0xfd, 0xa0, 0xfd, 0xa0, 0xfd, 0xa0, 0xfd, 0xa0, 0xfd,
  0xa0, 0xfd, 0xa0, 0xfd, 0xa0, 0xfd, 0xa0, 0xfd, 0xa0, 0xfd, 0xa0, 0xfd,
  0xa0, 0xfd, 0xa0, 0xfd, 0xa0, 0xfd, 0xa0, 0xfd, 0xa0, 0xfd, 0xa0, 0xfd,
  0xa0, 0xfd, 0xa0, 0xfd, 0xa0, 0xfd, 0xa0, 0xfd, 0xa0, 0xfd, 0xa0, 0xfd,
  0xa0, 0xfd, 0xa0, 0xfd, 0xa0, 0xfd, 0xa0, 0xfd, 0xa0, 0xfd, 0xa0, 0xfd,
  0x80, 0xfd, 0xa0, 0xfd, 0xa0, 0xfd, 0xa0, 0xfd, 0xa0, 0xfd, 0xa0, 0xfd,
  0xa0, 0xf5, 0x81, 0xf5, 0x82, 0xf5, 0x42, 0xbc, 0x81, 0x41, 0x00, 0x00,
  0x00, 0x00, 0x00, 0x00, 0x00, 0x00, 0x00, 0x00, 0x00, 0x00, 0x00, 0x00,
  0x00, 0x00, 0x00, 0x00, 0x00, 0x00, 0x00, 0x00, 0x00, 0x00, 0x00, 0x00,
  0x00, 0x00, 0x00, 0x00, 0x00, 0x00, 0x00, 0x00, 0x00, 0x00, 0x00, 0x00,
  0x00, 0x00, 0x00, 0x00, 0x00, 0x00, 0x00, 0x00, 0x00, 0x00, 0x00, 0x00,
  0x00, 0x00, 0x00, 0x00, 0x00, 0x00, 0x00, 0x00, 0x00, 0x00, 0x00, 0x00,
  0x00, 0x00, 0x00, 0x00, 0x21, 0x5a, 0x81, 0xed, 0xa0, 0xfd, 0xa0, 0xfd,
  0xa0, 0xfd, 0xa0, 0xfd, 0xa0, 0xfd, 0xa0, 0xfd, 0xa0, 0xfd, 0xa0, 0xfd,
  0xa0, 0xfd, 0xa0, 0xfd, 0xc0, 0xf5, 0x80, 0xfd, 0x82, 0xfd, 0xe3, 0xab,
  0xc1, 0x20, 0x00, 0x00, 0x00, 0x00, 0x00, 0x00, 0x00, 0x00, 0x00, 0x00,
  0x00, 0x00, 0x00, 0x00, 0x00, 0x00, 0x62, 0x00, 0x4f, 0x0b, 0x59, 0x0d,
  0xba, 0x05, 0x7a, 0x05, 0x7b, 0x05, 0x9b, 0x05, 0x9b, 0x05, 0x9b, 0x05,
  0x9b, 0x05, 0x9b, 0x05, 0x9b, 0x05, 0x9b, 0x05, 0x9b, 0x05, 0x9b, 0x05,
  0x9b, 0x05, 0x9b, 0x05, 0x9b, 0x05, 0x9b, 0x05, 0x9b, 0x05, 0x9b, 0x05,
  0x9b, 0x05, 0x9b, 0x05, 0x9b, 0x05, 0x9b, 0x05, 0x9b, 0x05, 0x9b, 0x05,
  0x9b, 0x05, 0x9b, 0x05, 0x9b, 0x05, 0x9a, 0x05, 0x9a, 0x05, 0x9a, 0x05,
  0x9b, 0x05, 0x9a, 0x05, 0x9a, 0x05, 0x9a, 0x05, 0x9b, 0x05, 0x7b, 0x0d,
  0x50, 0x0b, 0x61, 0x00, 0x00, 0x00, 0x00, 0x00, 0x00, 0x00, 0x00, 0x00,
  0x00, 0x00, 0x00, 0x00, 0x00, 0x00, 0x00, 0x00, 0x00, 0x00, 0x00, 0x00,
  0x00, 0x00, 0x20, 0x00, 0xac, 0x0a, 0x59, 0x0d, 0x9b, 0x0d, 0x7a, 0x05,
  0xba, 0x05, 0x9a, 0x05, 0x9b, 0x05, 0x9b, 0x05, 0x9b, 0x05, 0x9b, 0x05,
  0x9b, 0x05, 0x9b, 0x05, 0x9b, 0x05, 0x9b, 0x05, 0x9b, 0x05, 0x9b, 0x05,
  0x9b, 0x05, 0x9b, 0x05, 0x9b, 0x05, 0x9b, 0x05, 0x9b, 0x05, 0x9b, 0x05,
  0x9b, 0x05, 0x9b, 0x05, 0x9b, 0x05, 0x9b, 0x05, 0x9b, 0x05, 0x9b, 0x05,
  0x9b, 0x05, 0x9b, 0x05, 0x9b, 0x05, 0x9b, 0x05, 0x9b, 0x05, 0x9b, 0x05,
  0x9b, 0x05, 0x9a, 0x05, 0x7a, 0x05, 0xba, 0x0d, 0x53, 0x14, 0xe4, 0x00,
  0x00, 0x00, 0x00, 0x00, 0x00, 0x00, 0x00, 0x00, 0x00, 0x00, 0x00, 0x00,
  0x00, 0x00, 0x00, 0x00, 0x00, 0x00, 0xa1, 0x3a, 0xc0, 0x75, 0x40, 0x6e,
  0x40, 0x6e, 0x60, 0x6e, 0x40, 0x6e, 0x40, 0x6e, 0x40, 0x6e, 0x40, 0x6e,
  0x40, 0x6e, 0x40, 0x66, 0x40, 0x66, 0x40, 0x66, 0x40, 0x6e, 0x40, 0x76,
  0x81, 0x6d, 0xc2, 0x5c, 0xa1, 0x5c, 0xe1, 0x64, 0xe1, 0x64, 0xe1, 0x64,
  0xc1, 0x5c, 0xe1, 0x5c, 0xe1, 0x64, 0xe1, 0x64, 0xe1, 0x64, 0xe1, 0x64,
  0xe1, 0x64, 0xe1, 0x5c, 0xc1, 0x5c, 0xc0, 0x5c, 0xc0, 0x5c, 0xc0, 0x5c,
  0xc0, 0x5c, 0xc0, 0x5c, 0xc0, 0x5c, 0xc0, 0x5c, 0xa0, 0x5c, 0xc0, 0x5c,
  0xa0, 0x5c, 0xc0, 0x5c, 0xa0, 0x5c, 0xa0, 0x5c, 0xa0, 0x5c, 0x81, 0x5c,
  0x81, 0x5c, 0x81, 0x5c, 0x81, 0x5c, 0x80, 0x5c, 0x80, 0x5c, 0x80, 0x5c,
  0x80, 0x5c, 0x80, 0x5c, 0x80, 0x5c, 0xa0, 0x5c, 0xa0, 0x5c, 0xa0, 0x5c,
  0xa0, 0x5c, 0xc0, 0x64, 0xe1, 0x64, 0x00, 0x65, 0x41, 0x6d, 0xc1, 0x75,
  0x02, 0x7e, 0x21, 0x76, 0x21, 0x76, 0x20, 0x6e, 0x40, 0x6e, 0x40, 0x6e,
  0x40, 0x6e, 0x40, 0x6e, 0x40, 0x6e, 0x40, 0x6e, 0x40, 0x6e, 0x40, 0x6e,
  0x40, 0x6e, 0x40, 0x6e, 0x40, 0x6e, 0x40, 0x6e, 0x40, 0x6e, 0x40, 0x6e,
  0x40, 0x6e, 0x40, 0x6e, 0x40, 0x6e, 0x40, 0x6e, 0x40, 0x6e, 0x40, 0x6e,
  0x40, 0x6e, 0x40, 0x6e, 0x40, 0x6e, 0x40, 0x6e, 0x40, 0x6e, 0x40, 0x6e,
  0x40, 0x6e, 0x40, 0x6e, 0x40, 0x6e, 0x40, 0x6e, 0x40, 0x6e, 0x40, 0x6e,
  0x41, 0x76, 0xe1, 0x64, 0xe0, 0x10, 0x00, 0x00, 0x00, 0x00, 0xe2, 0x7a,
  0xc2, 0xfd, 0xa1, 0xfd, 0xa0, 0xfd, 0xa0, 0xf5, 0xa0, 0xfd, 0xa0, 0xfd,
  0xa0, 0xfd, 0xa0, 0xfd, 0xa0, 0xfd, 0xa0, 0xfd, 0xa0, 0xfd, 0xa0, 0xfd,
  0xa0, 0xfd, 0xa0, 0xfd, 0xa0, 0xfd, 0xa0, 0xfd, 0xa0, 0xfd, 0xa0, 0xfd,
  0xa0, 0xfd, 0xa0, 0xfd, 0xa0, 0xfd, 0xa0, 0xfd, 0xa0, 0xfd, 0xa0, 0xfd,
  0xa0, 0xfd, 0xa0, 0xfd, 0xa0, 0xfd, 0xa0, 0xfd, 0xa0, 0xfd, 0xa0, 0xfd,
  0xa0, 0xfd, 0xa0, 0xfd, 0xa0, 0xfd, 0xa0, 0xfd, 0xa0, 0xfd, 0xa0, 0xfd,
  0xa0, 0xfd, 0xa0, 0xfd, 0xa0, 0xfd, 0xa1, 0xfd, 0xa0, 0xfd, 0xa0, 0xfd,
  0xa0, 0xfd, 0x80, 0xfd, 0x80, 0xfd, 0x80, 0xfd, 0xa0, 0xfd, 0xa0, 0xfd,
  0xa0, 0xf5, 0xc0, 0xfd, 0xc1, 0xfd, 0x81, 0xf5, 0xa1, 0xfd, 0x81, 0xfd,
  0xc1, 0xab, 0xe1, 0x20, 0x00, 0x00, 0x00, 0x00, 0x00, 0x00, 0x00, 0x00,
  0x00, 0x00, 0x00, 0x00, 0x00, 0x00, 0x00, 0x00, 0x00, 0x00, 0x00, 0x00,
  0x00, 0x00, 0x00, 0x00, 0x00, 0x00, 0x00, 0x00, 0x00, 0x00, 0x00, 0x00,
  0x00, 0x00, 0x00, 0x00, 0x00, 0x00, 0x00, 0x00, 0x00, 0x00, 0x00, 0x00,
  0x00, 0x00, 0x00, 0x00, 0x00, 0x00, 0x00, 0x00, 0x00, 0x00, 0x00, 0x00,
  0x00, 0x00, 0x00, 0x00, 0x00, 0x00, 0x00, 0x00, 0x21, 0x5a, 0x81, 0xed,
  0xa0, 0xfd, 0xa0, 0xfd, 0xa0, 0xfd, 0xa0, 0xfd, 0xa0, 0xfd, 0xa0, 0xfd,
  0xa0, 0xfd, 0xa0, 0xfd, 0xa0, 0xfd, 0xa0, 0xfd, 0xc0, 0xfd, 0xa1, 0xf5,
  0x82, 0xfd, 0x22, 0xed, 0xc2, 0x7a, 0x20, 0x00, 0x00, 0x00, 0x00, 0x00,
  0x00, 0x00, 0x00, 0x00, 0x00, 0x00, 0x00, 0x00, 0x00, 0x00, 0x00, 0x00,
  0x46, 0x09, 0x96, 0x0c, 0xbb, 0x0d, 0x9a, 0x05, 0x9a, 0x05, 0x7b, 0x05,
  0x9b, 0x05, 0x9b, 0x05, 0x9b, 0x05, 0x9b, 0x05, 0x9b, 0x05, 0x9b, 0x05,
  0x9b, 0x05, 0x9b, 0x05, 0x9b, 0x05, 0x9b, 0x05, 0x9b, 0x05, 0x9b, 0x05,
  0x9b, 0x05, 0x9b, 0x05, 0x9b, 0x05, 0x9b, 0x05, 0x9b, 0x05, 0x9b, 0x05,
  0x9b, 0x05, 0x9b, 0x05, 0x9b, 0x05, 0x9b, 0x05, 0x9a, 0x05, 0x7a, 0x05,
  0x9b, 0x05, 0x9b, 0x05, 0xbb, 0x05, 0xbb, 0x05, 0x9b, 0x05, 0x9b, 0x05,
  0x9b, 0x05, 0x9b, 0x05, 0x38, 0x05, 0xe9, 0x01, 0x00, 0x00, 0x00, 0x00,
  0x00, 0x00, 0x00, 0x00, 0x00, 0x00, 0x00, 0x00, 0x00, 0x00, 0x00, 0x00,
  0x00, 0x00, 0x00, 0x00, 0x00, 0x00, 0x25, 0x01, 0x96, 0x14, 0x9b, 0x0d,
  0x9b, 0x0d, 0x7a, 0x05, 0x9b, 0x05, 0x9b, 0x05, 0x9b, 0x05, 0x9b, 0x05,
  0x9b, 0x05, 0x9b, 0x05, 0x9b, 0x05, 0x9b, 0x05, 0x9b, 0x05, 0x9b, 0x05,
  0x9a, 0x05, 0x9b, 0x05, 0x9b, 0x05, 0x9b, 0x05, 0x9b, 0x05, 0x9b, 0x05,
  0x9b, 0x05, 0x9b, 0x05, 0x9b, 0x05, 0x9b, 0x05, 0x9b, 0x05, 0x9b, 0x05,
  0x9b, 0x05, 0x9b, 0x05, 0x9b, 0x05, 0x9b, 0x05, 0x9b, 0x05, 0x9b, 0x05,
  0x9b, 0x05, 0x9b, 0x05, 0x9b, 0x05, 0x9a, 0x05, 0xba, 0x0d, 0x38, 0x0d,
  0x09, 0x0a, 0x00, 0x00, 0x00, 0x00, 0x00, 0x00, 0x00, 0x00, 0x00, 0x00,
  0x00, 0x00, 0x00, 0x00, 0x00, 0x00, 0x00, 0x00, 0x01, 0x19, 0xe2, 0x64,
  0x20, 0x76, 0x40, 0x6e, 0x40, 0x6e, 0x40, 0x6e, 0x40, 0x66, 0x40, 0x6e,
  0x40, 0x6e, 0x40, 0x6e, 0x40, 0x6e, 0x40, 0x66, 0x40, 0x66, 0x60, 0x6e,
  0x40, 0x6e, 0xe0, 0x75, 0xc1, 0x4b, 0x40, 0x19, 0xc0, 0x10, 0xc0, 0x10,
  0xc0, 0x10, 0xc0, 0x10, 0xc0, 0x10, 0xc0, 0x10, 0xe0, 0x10, 0xe0, 0x10,
  0xe0, 0x10, 0xe0, 0x10, 0xe0, 0x10, 0xe0, 0x10, 0xe0, 0x10, 0xe0, 0x10,
  0xe0, 0x10, 0xe0, 0x10, 0xe0, 0x10, 0xc0, 0x10, 0xc0, 0x10, 0xc0, 0x10,
  0xc0, 0x10, 0xc0, 0x10, 0xa0, 0x08, 0xa0, 0x08, 0xa0, 0x08, 0xa0, 0x08,
  0xa0, 0x08, 0xa0, 0x08, 0x80, 0x08, 0x80, 0x08, 0x80, 0x08, 0x80, 0x08,
  0x80, 0x08, 0x80, 0x08, 0x80, 0x08, 0x80, 0x08, 0x80, 0x08, 0x80, 0x08,
  0xa0, 0x08, 0xa0, 0x08, 0xa0, 0x08, 0xa0, 0x10, 0xe0, 0x10, 0x20, 0x19,
  0xa1, 0x21, 0x41, 0x32, 0x61, 0x43, 0xa2, 0x5c, 0xa2, 0x6d, 0x22, 0x76,
  0x41, 0x76, 0x40, 0x6e, 0x40, 0x6e, 0x40, 0x6e, 0x40, 0x6e, 0x40, 0x6e,
  0x40, 0x6e, 0x40, 0x6e, 0x40, 0x6e, 0x40, 0x6e, 0x40, 0x6e, 0x40, 0x6e,
  0x40, 0x6e, 0x40, 0x6e, 0x40, 0x6e, 0x40, 0x6e, 0x40, 0x6e, 0x40, 0x6e,
  0x40, 0x6e, 0x40, 0x6e, 0x40, 0x6e, 0x40, 0x6e, 0x40, 0x6e, 0x40, 0x6e,
  0x40, 0x6e, 0x40, 0x6e, 0x40, 0x6e, 0x40, 0x6e, 0x40, 0x6e, 0x40, 0x6e,
  0x40, 0x66, 0x40, 0x6e, 0x40, 0x6e, 0x41, 0x65, 0x40, 0x19, 0x00, 0x00,
  0x00, 0x00, 0xe2, 0x72, 0xc2, 0xf5, 0xa1, 0xfd, 0xa0, 0xfd, 0xa0, 0xf5,
  0xa0, 0xfd, 0xa0, 0xfd, 0x80, 0xfd, 0xa0, 0xfd, 0xa0, 0xfd, 0xa0, 0xfd,
  0xa0, 0xfd, 0xa0, 0xfd, 0xa0, 0xfd, 0xa0, 0xfd, 0xa0, 0xfd, 0xa0, 0xfd,
  0xa0, 0xfd, 0xa0, 0xfd, 0xa0, 0xfd, 0xa0, 0xfd, 0xa0, 0xfd, 0xa0, 0xfd,
  0xa0, 0xfd, 0xa0, 0xfd, 0xa0, 0xfd, 0xa0, 0xfd, 0xa0, 0xfd, 0xa0, 0xfd,
  0xa0, 0xfd, 0xa0, 0xfd, 0xa0, 0xfd, 0xa0, 0xfd, 0xa0, 0xfd, 0xa0, 0xfd,
  0xa0, 0xfd, 0xa0, 0xfd, 0xa0, 0xfd, 0xa0, 0xfd, 0xa0, 0xfd, 0xa0, 0xfd,
  0xa0, 0xfd, 0xa0, 0xfd, 0xa0, 0xfd, 0x80, 0xfd, 0xa0, 0xfd, 0xa0, 0xfd,
  0xa0, 0xfd, 0xa0, 0xfd, 0xc0, 0xfd, 0xa0, 0xfd, 0x80, 0xf5, 0xa0, 0xfd,
  0xa0, 0xfd, 0xa0, 0xfd, 0x61, 0xf5, 0x62, 0x93, 0xa1, 0x18, 0x00, 0x00,
  0x00, 0x00, 0x00, 0x00, 0x00, 0x00, 0x00, 0x00, 0x00, 0x00, 0x00, 0x00,
  0x00, 0x00, 0x00, 0x00, 0x00, 0x00, 0x00, 0x00, 0x00, 0x00, 0x00, 0x00,
  0x00, 0x00, 0x00, 0x00, 0x00, 0x00, 0x00, 0x00, 0x00, 0x00, 0x00, 0x00,
  0x00, 0x00, 0x00, 0x00, 0x00, 0x00, 0x00, 0x00, 0x00, 0x00, 0x00, 0x00,
  0x00, 0x00, 0x00, 0x00, 0x00, 0x00, 0x00, 0x00, 0x00, 0x00, 0x00, 0x00,
  0x21, 0x5a, 0x81, 0xed, 0xa0, 0xfd, 0xa0, 0xfd, 0xa0, 0xfd, 0xa0, 0xfd,
  0xa0, 0xfd, 0xa0, 0xfd, 0xa0, 0xfd, 0xa0, 0xfd, 0x80, 0xfd, 0xa0, 0xfd,
  0xa0, 0xfd, 0xa0, 0xf5, 0x81, 0xfd, 0x82, 0xfd, 0xa2, 0xcc, 0xa2, 0x41,
  0x00, 0x00, 0x00, 0x00, 0x00, 0x00, 0x00, 0x00, 0x00, 0x00, 0x00, 0x00,
  0x00, 0x00, 0x00, 0x00, 0x20, 0x00, 0xac, 0x0a, 0x39, 0x0d, 0x9a, 0x05,
  0x9a, 0x05, 0x9b, 0x05, 0x9b, 0x05, 0x9b, 0x05, 0x9a, 0x05, 0x9a, 0x05,
  0x9b, 0x05, 0xbb, 0x05, 0x9b, 0x05, 0x9b, 0x05, 0x9b, 0x05, 0x9a, 0x05,
  0x9b, 0x05, 0x9b, 0x05, 0x9b, 0x05, 0x9b, 0x05, 0x9b, 0x05, 0x9b, 0x05,
  0x9b, 0x05, 0x9b, 0x05, 0x9b, 0x05, 0x9b, 0x05, 0x9b, 0x05, 0x9b, 0x05,
  0x9a, 0x05, 0x9a, 0x05, 0x9b, 0x05, 0x9b, 0x05, 0xbb, 0x05, 0x9b, 0x05,
  0x9b, 0x05, 0x9b, 0x05, 0x7b, 0x05, 0x9b, 0x0d, 0xbb, 0x05, 0x33, 0x0c,
  0xc3, 0x00, 0x00, 0x00, 0x00, 0x00, 0x00, 0x00, 0x00, 0x00, 0x00, 0x00,
  0x00, 0x00, 0x00, 0x00, 0x00, 0x00, 0x00, 0x00, 0x62, 0x00, 0x70, 0x0b,
  0x7b, 0x0d, 0x7b, 0x0d, 0x5a, 0x05, 0xba, 0x05, 0xba, 0x05, 0x9a, 0x05,
  0x9b, 0x05, 0x9b, 0x05, 0x9b, 0x05, 0x9b, 0x05, 0x9b, 0x05, 0x9b, 0x05,
  0x9b, 0x05, 0x9b, 0x05, 0x9a, 0x05, 0x9b, 0x05, 0x9b, 0x05, 0x9b, 0x05,
  0x9b, 0x05, 0x9b, 0x05, 0x9b, 0x05, 0x9b, 0x05, 0x9b, 0x05, 0x9b, 0x05,
  0x9b, 0x05, 0x9b, 0x05, 0x9b, 0x05, 0x9b, 0x05, 0xba, 0x05, 0xba, 0x05,
  0x9a, 0x05, 0x9b, 0x05, 0x9b, 0x05, 0x7a, 0x05, 0x9a, 0x05, 0xba, 0x05,
  0x99, 0x05, 0x90, 0x0b, 0x62, 0x00, 0x00, 0x00, 0x00, 0x00, 0x00, 0x00,
  0x00, 0x00, 0x00, 0x00, 0x00, 0x00, 0x00, 0x00, 0x00, 0x00, 0x60, 0x08,
  0x82, 0x4b, 0x01, 0x76, 0x41, 0x6e, 0x41, 0x6e, 0x40, 0x6e, 0x40, 0x6e,
  0x40, 0x6e, 0x60, 0x6e, 0x40, 0x6e, 0x40, 0x6e, 0x40, 0x6e, 0x40, 0x66,
  0x40, 0x66, 0x40, 0x6e, 0x40, 0x6e, 0x01, 0x6e, 0x01, 0x3b, 0x00, 0x00,
  0x00, 0x00, 0x00, 0x00, 0x00, 0x00, 0x00, 0x00, 0x00, 0x00, 0x00, 0x00,
  0x00, 0x00, 0x00, 0x00, 0x00, 0x00, 0x00, 0x00, 0x00, 0x00, 0x00, 0x00,
  0x00, 0x00, 0x00, 0x00, 0x00, 0x00, 0x00, 0x00, 0x00, 0x00, 0x00, 0x00,
  0x00, 0x00, 0x00, 0x00, 0x00, 0x00, 0x00, 0x00, 0x00, 0x00, 0x00, 0x00,
  0x00, 0x00, 0x00, 0x00, 0x00, 0x00, 0x00, 0x00, 0x00, 0x00, 0x00, 0x00,
  0x00, 0x00, 0x00, 0x00, 0x00, 0x00, 0x00, 0x00, 0x00, 0x00, 0x00, 0x00,
  0x00, 0x00, 0x00, 0x00, 0x00, 0x00, 0x00, 0x00, 0x00, 0x00, 0x00, 0x00,
  0x00, 0x00, 0x00, 0x00, 0x00, 0x00, 0x00, 0x00, 0x20, 0x00, 0xc0, 0x10,
  0x01, 0x2a, 0xc1, 0x4b, 0x61, 0x65, 0x41, 0x76, 0x40, 0x6e, 0x20, 0x6e,
  0x40, 0x6e, 0x40, 0x6e, 0x40, 0x6e, 0x40, 0x6e, 0x40, 0x6e, 0x40, 0x6e,
  0x40, 0x6e, 0x40, 0x6e, 0x40, 0x6e, 0x40, 0x6e, 0x40, 0x6e, 0x40, 0x6e,
  0x40, 0x6e, 0x40, 0x6e, 0x40, 0x6e, 0x40, 0x6e, 0x40, 0x6e, 0x40, 0x6e,
  0x40, 0x6e, 0x40, 0x6e, 0x40, 0x6e, 0x40, 0x6e, 0x40, 0x6e, 0x40, 0x6e,
  0x40, 0x6e, 0x40, 0x6e, 0x40, 0x6e, 0x40, 0x6e, 0x40, 0x6e, 0x81, 0x6d,
  0xe0, 0x21, 0x00, 0x00, 0x00, 0x00, 0xe2, 0x7a, 0xc2, 0xf5, 0xa1, 0xfd,
  0xa0, 0xf5, 0xa0, 0xf5, 0xa0, 0xfd, 0xa0, 0xfd, 0x80, 0xfd, 0xa0, 0xfd,
  0xa0, 0xfd, 0xa0, 0xfd, 0xa0, 0xfd, 0xa0, 0xfd, 0xa0, 0xfd, 0xa0, 0xfd,
  0xa0, 0xfd, 0xa0, 0xfd, 0xa0, 0xfd, 0xa0, 0xfd, 0xa0, 0xfd, 0xa0, 0xfd,
  0xa0, 0xfd, 0xa0, 0xfd, 0xa0, 0xfd, 0xa0, 0xfd, 0xa0, 0xfd, 0xa0, 0xfd,
  0xa0, 0xfd, 0xa0, 0xfd, 0xa0, 0xfd, 0xa0, 0xfd, 0xa0, 0xfd, 0xa0, 0xfd,
  0xa0, 0xfd, 0xa0, 0xfd, 0xa0, 0xfd, 0xa0, 0xfd, 0xa0, 0xfd, 0xa0, 0xfd,
  0xa0, 0xfd, 0xa0, 0xfd, 0xa0, 0xfd, 0xa0, 0xfd, 0xa0, 0xfd, 0xa0, 0xfd,
  0xa0, 0xfd, 0xa0, 0xfd, 0xa0, 0xfd, 0xa0, 0xfd, 0xa0, 0xfd, 0xa0, 0xfd,
  0xa0, 0xfd, 0xc0, 0xfd, 0xa0, 0xfd, 0x81, 0xfd, 0xa1, 0xfd, 0x41, 0xe5,
  0xe2, 0x7a, 0x40, 0x08, 0x00, 0x00, 0x00, 0x00, 0x00, 0x00, 0x00, 0x00,
  0x00, 0x00, 0x00, 0x00, 0x00, 0x00, 0x00, 0x00, 0x00, 0x00, 0x00, 0x00,
  0x00, 0x00, 0x00, 0x00, 0x00, 0x00, 0x00, 0x00, 0x00, 0x00, 0x00, 0x00,
  0x00, 0x00, 0x00, 0x00, 0x00, 0x00, 0x00, 0x00, 0x00, 0x00, 0x00, 0x00,
  0x00, 0x00, 0x00, 0x00, 0x00, 0x00, 0x00, 0x00, 0x00, 0x00, 0x00, 0x00,
  0x00, 0x00, 0x00, 0x00, 0x41, 0x5a, 0x81, 0xed, 0xa0, 0xfd, 0xa0, 0xfd,
  0xa0, 0xfd, 0xa0, 0xfd, 0xa0, 0xfd, 0xa0, 0xfd, 0xa0, 0xfd, 0xa0, 0xfd,
  0xa0, 0xfd, 0xa0, 0xfd, 0xa0, 0xfd, 0xa0, 0xfd, 0xa1, 0xfd, 0x81, 0xfd,
  0x82, 0xf5, 0xc2, 0x9b, 0x80, 0x10, 0x00, 0x00, 0x00, 0x00, 0x00, 0x00,
  0x00, 0x00, 0x00, 0x00, 0x00, 0x00, 0x00, 0x00, 0x00, 0x00, 0xa2, 0x00,
  0xb1, 0x0b, 0x9b, 0x05, 0x9b, 0x05, 0x9a, 0x05, 0x9a, 0x05, 0x9b, 0x05,
  0x9a, 0x05, 0x9a, 0x05, 0xba, 0x05, 0xbb, 0x05, 0xbb, 0x05, 0x7b, 0x05,
  0x7b, 0x05, 0x9a, 0x05, 0x9a, 0x05, 0x9b, 0x05, 0x9b, 0x05, 0x9b, 0x05,
  0x9b, 0x05, 0x9b, 0x05, 0x9b, 0x05, 0x9b, 0x05, 0x9b, 0x05, 0x9b, 0x05,
  0x9b, 0x05, 0x9b, 0x05, 0x9b, 0x05, 0x9b, 0x05, 0x9b, 0x05, 0x9b, 0x05,
  0x9b, 0x05, 0x9b, 0x05, 0x9b, 0x05, 0x9b, 0x05, 0x9b, 0x05, 0x7b, 0x0d,
  0x7b, 0x05, 0x79, 0x05, 0xac, 0x02, 0x20, 0x00, 0x00, 0x00, 0x00, 0x00,
  0x00, 0x00, 0x00, 0x00, 0x00, 0x00, 0x00, 0x00, 0x00, 0x00, 0x00, 0x00,
  0x29, 0x0a, 0x58, 0x0d, 0x9c, 0x05, 0x7c, 0x05, 0x7b, 0x05, 0x9a, 0x05,
  0xba, 0x05, 0x9a, 0x05, 0x9b, 0x05, 0x9b, 0x05, 0x9b, 0x05, 0x9b, 0x05,
  0x9b, 0x05, 0x9b, 0x05, 0x9b, 0x05, 0x9b, 0x05, 0x9b, 0x05, 0x9b, 0x05,
  0x9b, 0x05, 0x9b, 0x05, 0x9b, 0x05, 0x9b, 0x05, 0x9b, 0x05, 0x9b, 0x05,
  0x9b, 0x05, 0x9b, 0x05, 0x9b, 0x05, 0x9b, 0x05, 0x9b, 0x05, 0xbb, 0x05,
  0xba, 0x05, 0xb9, 0x05, 0xbb, 0x05, 0x9c, 0x05, 0x7b, 0x05, 0x7a, 0x0d,
  0x9a, 0x05, 0xda, 0x05, 0xb5, 0x04, 0x46, 0x09, 0x00, 0x00, 0x00, 0x00,
  0x00, 0x00, 0x00, 0x00, 0x00, 0x00, 0x00, 0x00, 0x00, 0x00, 0x00, 0x00,
  0x00, 0x00, 0x01, 0x2a, 0xa1, 0x6d, 0x40, 0x6e, 0x41, 0x66, 0x40, 0x6e,
  0x40, 0x6e, 0x40, 0x6e, 0x40, 0x6e, 0x60, 0x6e, 0x40, 0x6e, 0x40, 0x6e,
  0x40, 0x6e, 0x40, 0x6e, 0x40, 0x6e, 0x40, 0x6e, 0x40, 0x6e, 0x21, 0x6e,
  0x21, 0x3b, 0x00, 0x00, 0x00, 0x00, 0x00, 0x00, 0x00, 0x00, 0x00, 0x00,
  0x00, 0x00, 0x00, 0x00, 0x00, 0x00, 0x00, 0x00, 0x00, 0x00, 0x00, 0x00,
  0x00, 0x00, 0x00, 0x00, 0x00, 0x00, 0x00, 0x00, 0x00, 0x00, 0x00, 0x00,
  0x00, 0x00, 0x00, 0x00, 0x00, 0x00, 0x00, 0x00, 0x00, 0x00, 0x00, 0x00,
  0x00, 0x00, 0x00, 0x00, 0x00, 0x00, 0x00, 0x00, 0x00, 0x00, 0x00, 0x00,
  0x00, 0x00, 0x00, 0x00, 0x00, 0x00, 0x00, 0x00, 0x00, 0x00, 0x00, 0x00,
  0x00, 0x00, 0x00, 0x00, 0x00, 0x00, 0x00, 0x00, 0x00, 0x00, 0x00, 0x00,
  0x00, 0x00, 0x00, 0x00, 0x00, 0x00, 0x00, 0x00, 0x00, 0x00, 0x00, 0x00,
  0x00, 0x00, 0x00, 0x00, 0x00, 0x00, 0x60, 0x08, 0xe1, 0x29, 0xa1, 0x5c,
  0xe1, 0x75, 0x21, 0x76, 0x21, 0x6e, 0x41, 0x6e, 0x60, 0x6e, 0x60, 0x6e,
  0x40, 0x6e, 0x20, 0x6e, 0x20, 0x6e, 0x40, 0x6e, 0x40, 0x6e, 0x40, 0x6e,
  0x40, 0x6e, 0x40, 0x6e, 0x40, 0x6e, 0x40, 0x6e, 0x40, 0x6e, 0x40, 0x6e,
  0x40, 0x6e, 0x40, 0x6e, 0x40, 0x6e, 0x40, 0x6e, 0x40, 0x6e, 0x40, 0x6e,
  0x40, 0x6e, 0x40, 0x6e, 0x40, 0x6e, 0x40, 0x6e, 0x40, 0x6e, 0x40, 0x6e,
  0x40, 0x6e, 0xc1, 0x6d, 0xa1, 0x32, 0x00, 0x00, 0x00, 0x00, 0xe2, 0x7a,
  0xc2, 0xf5, 0xa1, 0xfd, 0xa0, 0xf5, 0xa0, 0xf5, 0xa0, 0xfd, 0xa0, 0xfd,
  0x80, 0xfd, 0xa0, 0xfd, 0xa0, 0xfd, 0xa0, 0xfd, 0xa0, 0xfd, 0xa0, 0xfd,
  0xa0, 0xfd, 0xa0, 0xfd, 0xa0, 0xfd, 0xa0, 0xfd, 0xa0, 0xfd, 0xa0, 0xfd,
  0xa0, 0xfd, 0xa0, 0xfd, 0xa0, 0xfd, 0xa0, 0xfd, 0xa0, 0xfd, 0xa0, 0xfd,
  0xa0, 0xfd, 0xa0, 0xfd, 0xa0, 0xfd, 0xa0, 0xfd, 0xa0, 0xfd, 0xa0, 0xfd,
  0xa0, 0xfd, 0xa0, 0xfd, 0xa0, 0xfd, 0xa0, 0xfd, 0xa0, 0xfd, 0xa0, 0xfd,
  0xa0, 0xfd, 0xa0, 0xfd, 0xa0, 0xfd, 0xa0, 0xfd, 0xa0, 0xfd, 0xa0, 0xfd,
  0xa0, 0xfd, 0xa0, 0xfd, 0xa0, 0xfd, 0xa0, 0xfd, 0xa0, 0xfd, 0xa0, 0xfd,
  0xa0, 0xfd, 0xa0, 0xfd, 0xa0, 0xfd, 0xc0, 0xfd, 0xa0, 0xfd, 0x81, 0xfd,
  0xa0, 0xfd, 0xa0, 0xfd, 0xe2, 0xd4, 0x22, 0x52, 0x00, 0x00, 0x00, 0x00,
  0x00, 0x00, 0x00, 0x00, 0x00, 0x00, 0x00, 0x00, 0x00, 0x00, 0x00, 0x00,
  0x00, 0x00, 0x00, 0x00, 0x00, 0x00, 0x00, 0x00, 0x00, 0x00, 0x00, 0x00,
  0x00, 0x00, 0x00, 0x00, 0x00, 0x00, 0x00, 0x00, 0x00, 0x00, 0x00, 0x00,
  0x00, 0x00, 0x00, 0x00, 0x00, 0x00, 0x00, 0x00, 0x00, 0x00, 0x00, 0x00,
  0x00, 0x00, 0x00, 0x00, 0x00, 0x00, 0x00, 0x00, 0x41, 0x5a, 0x81, 0xed,
  0xa0, 0xfd, 0xa0, 0xfd, 0xa0, 0xfd, 0xa0, 0xfd, 0xa0, 0xfd, 0xa0, 0xfd,
  0xa0, 0xfd, 0xa0, 0xfd, 0xa0, 0xfd, 0xa0, 0xfd, 0xa0, 0xfd, 0xa0, 0xfd,
  0xa1, 0xfd, 0x81, 0xfd, 0xa1, 0xfd, 0x22, 0xd5, 0x02, 0x52, 0x00, 0x00,
  0x00, 0x00, 0x00, 0x00, 0x00, 0x00, 0x00, 0x00, 0x00, 0x00, 0x00, 0x00,
  0x00, 0x00, 0x00, 0x00, 0xa8, 0x09, 0x17, 0x0d, 0xbb, 0x05, 0x9a, 0x05,
  0x9a, 0x05, 0x9b, 0x05, 0x9b, 0x0d, 0x9b, 0x05, 0xbb, 0x05, 0xbb, 0x05,
  0x9b, 0x05, 0x9b, 0x05, 0x9b, 0x05, 0x9a, 0x05, 0x9a, 0x05, 0x9b, 0x05,
  0x9b, 0x05, 0x9b, 0x05, 0x9b, 0x05, 0x9b, 0x05, 0x9b, 0x05, 0x9b, 0x05,
  0x9b, 0x05, 0x9b, 0x05, 0x9b, 0x05, 0x9b, 0x05, 0x9b, 0x05, 0x9b, 0x05,
  0x9b, 0x05, 0x9b, 0x05, 0x9b, 0x05, 0x9b, 0x05, 0x9b, 0x05, 0x9a, 0x05,
  0xbb, 0x05, 0x7b, 0x05, 0x9b, 0x05, 0x9a, 0x05, 0xb5, 0x0c, 0x25, 0x01,
  0x00, 0x00, 0x00, 0x00, 0x00, 0x00, 0x00, 0x00, 0x00, 0x00, 0x00, 0x00,
  0x00, 0x00, 0xc3, 0x00, 0x53, 0x0c, 0x9a, 0x05, 0x9b, 0x05, 0x7b, 0x05,
  0x7b, 0x05, 0x9a, 0x05, 0x9a, 0x05, 0x9a, 0x05, 0x9b, 0x05, 0x9b, 0x05,
  0x9b, 0x05, 0x9b, 0x05, 0x9b, 0x05, 0x9b, 0x05, 0x9b, 0x05, 0x9b, 0x05,
  0x9b, 0x05, 0x9b, 0x05, 0x9b, 0x05, 0x9b, 0x05, 0x9b, 0x05, 0x9b, 0x05,
  0x9b, 0x05, 0x9b, 0x05, 0x9b, 0x05, 0x9b, 0x05, 0x9b, 0x05, 0x9b, 0x05,
  0x9b, 0x05, 0x9b, 0x05, 0xbb, 0x05, 0x9a, 0x05, 0x9b, 0x05, 0x7b, 0x05,
  0x5b, 0x0d, 0x7a, 0x0d, 0x9a, 0x05, 0x79, 0x0d, 0x8c, 0x0a, 0x00, 0x00,
  0x00, 0x00, 0x00, 0x00, 0x00, 0x00, 0x00, 0x00, 0x00, 0x00, 0x00, 0x00,
  0x00, 0x00, 0x00, 0x00, 0x81, 0x08, 0x21, 0x54, 0x20, 0x76, 0x40, 0x6e,
  0x41, 0x66, 0x40, 0x6e, 0x40, 0x6e, 0x40, 0x6e, 0x40, 0x6e, 0x60, 0x6e,
  0x40, 0x6e, 0x40, 0x6e, 0x40, 0x6e, 0x40, 0x6e, 0x40, 0x6e, 0x40, 0x6e,
  0x40, 0x6e, 0x21, 0x6e, 0x41, 0x43, 0x00, 0x00, 0x00, 0x00, 0x00, 0x00,
  0x00, 0x00, 0x00, 0x00, 0x00, 0x00, 0x00, 0x00, 0x00, 0x00, 0x00, 0x00,
  0x00, 0x00, 0x00, 0x00, 0x00, 0x00, 0x00, 0x00, 0x00, 0x00, 0x00, 0x00,
  0x00, 0x00, 0x00, 0x00, 0x00, 0x00, 0x00, 0x00, 0x00, 0x00, 0x00, 0x00,
  0x00, 0x00, 0x00, 0x00, 0x00, 0x00, 0x00, 0x00, 0x00, 0x00, 0x00, 0x00,
  0x00, 0x00, 0x00, 0x00, 0x00, 0x00, 0x00, 0x00, 0x00, 0x00, 0x00, 0x00,
  0x00, 0x00, 0x00, 0x00, 0x00, 0x00, 0x00, 0x00, 0x00, 0x00, 0x00, 0x00,
  0x00, 0x00, 0x00, 0x00, 0x00, 0x00, 0x00, 0x00, 0x00, 0x00, 0x00, 0x00,
  0x00, 0x00, 0x00, 0x00, 0x00, 0x00, 0x00, 0x00, 0x00, 0x00, 0x00, 0x00,
  0x00, 0x00, 0x40, 0x19, 0x41, 0x54, 0x01, 0x76, 0x20, 0x6e, 0x41, 0x6e,
  0x60, 0x66, 0x60, 0x6e, 0x40, 0x6e, 0x40, 0x6e, 0x40, 0x6e, 0x40, 0x6e,
  0x40, 0x6e, 0x40, 0x6e, 0x40, 0x6e, 0x40, 0x6e, 0x40, 0x6e, 0x40, 0x6e,
  0x40, 0x6e, 0x40, 0x6e, 0x40, 0x6e, 0x40, 0x6e, 0x40, 0x6e, 0x40, 0x6e,
  0x40, 0x6e, 0x40, 0x6e, 0x40, 0x6e, 0x40, 0x6e, 0x40, 0x6e, 0x40, 0x6e,
  0x40, 0x6e, 0x40, 0x6e, 0x41, 0x6e, 0x01, 0x6e, 0x21, 0x3b, 0x20, 0x00,
  0x00, 0x00, 0xe2, 0x7a, 0xc2, 0xf5, 0xa1, 0xfd, 0xa0, 0xf5, 0xa0, 0xf5,
  0xa0, 0xfd, 0xa0, 0xfd, 0x80, 0xfd, 0xa0, 0xfd, 0xa0, 0xfd, 0xa0, 0xfd,
  0xa0, 0xfd, 0xa0, 0xfd, 0xa0, 0xfd, 0xa0, 0xfd, 0xa0, 0xfd, 0xa0, 0xfd,
  0xa0, 0xfd, 0xa0, 0xfd, 0xa0, 0xfd, 0xa0, 0xfd, 0xa0, 0xfd, 0xa0, 0xfd,
  0xa0, 0xfd, 0xa0, 0xfd, 0xa0, 0xfd, 0xa0, 0xfd, 0xa0, 0xfd, 0xa0, 0xfd,
  0xa0, 0xfd, 0xa0, 0xfd, 0xa0, 0xfd, 0xa0, 0xfd, 0xa0, 0xfd, 0xa0, 0xfd,
  0xa0, 0xfd, 0xa0, 0xfd, 0xa0, 0xfd, 0xa0, 0xfd, 0xa0, 0xfd, 0xa0, 0xfd,
  0xa0, 0xfd, 0xa0, 0xfd, 0xa0, 0xfd, 0xa0, 0xfd, 0xa0, 0xfd, 0xa0, 0xfd,
  0xa0, 0xfd, 0xa0, 0xfd, 0xa0, 0xfd, 0xa0, 0xfd, 0xa0, 0xf5, 0xc0, 0xf5,
  0xa0, 0xfd, 0x81, 0xfd, 0x80, 0xfd, 0xa0, 0xfd, 0xa0, 0xfd, 0x81, 0xc4,
  0xe2, 0x51, 0x00, 0x00, 0x00, 0x00, 0x00, 0x00, 0x00, 0x00, 0x00, 0x00,
  0x00, 0x00, 0x00, 0x00, 0x00, 0x00, 0x00, 0x00, 0x00, 0x00, 0x00, 0x00,
  0x00, 0x00, 0x00, 0x00, 0x00, 0x00, 0x00, 0x00, 0x00, 0x00, 0x00, 0x00,
  0x00, 0x00, 0x00, 0x00, 0x00, 0x00, 0x00, 0x00, 0x00, 0x00, 0x00, 0x00,
  0x00, 0x00, 0x00, 0x00, 0x00, 0x00, 0x00, 0x00, 0x00, 0x00, 0x00, 0x00,
  0x41, 0x62, 0x81, 0xf5, 0xa0, 0xfd, 0xa0, 0xfd, 0xa0, 0xfd, 0xa0, 0xfd,
  0xa0, 0xfd, 0xa0, 0xfd, 0xa0, 0xfd, 0xa0, 0xfd, 0xa0, 0xfd, 0xa0, 0xfd,
  0x80, 0xfd, 0xa0, 0xfd, 0xa0, 0xfd, 0xa0, 0xfd, 0xa0, 0xfd, 0xc2, 0xf5,
  0x03, 0xa4, 0xe1, 0x20, 0x00, 0x00, 0x00, 0x00, 0x00, 0x00, 0x00, 0x00,
  0x00, 0x00, 0x00, 0x00, 0x00, 0x00, 0x00, 0x00, 0x41, 0x00, 0x4e, 0x0b,
  0x99, 0x05, 0x9a, 0x05, 0x9b, 0x05, 0x9b, 0x05, 0x7b, 0x0d, 0x9b, 0x05,
  0x9a, 0x05, 0x9a, 0x05, 0x9a, 0x05, 0x9a, 0x05, 0x9a, 0x05, 0x9b, 0x05,
  0x9b, 0x05, 0x9b, 0x05, 0x9b, 0x05, 0x9b, 0x05, 0x9b, 0x05, 0x9b, 0x05,
  0x9b, 0x05, 0x9b, 0x05, 0x9b, 0x05, 0x9b, 0x05, 0x9b, 0x05, 0x9b, 0x05,
  0x9b, 0x05, 0x9b, 0x05, 0x9b, 0x05, 0x9b, 0x05, 0x9b, 0x05, 0x9b, 0x05,
  0x9b, 0x05, 0x9b, 0x05, 0x9a, 0x05, 0xbb, 0x05, 0x9b, 0x05, 0x7b, 0x05,
  0x79, 0x0d, 0x4f, 0x0b, 0x61, 0x00, 0x00, 0x00, 0x00, 0x00, 0x00, 0x00,
  0x00, 0x00, 0x00, 0x00, 0x41, 0x00, 0x0e, 0x0b, 0x79, 0x0d, 0x9b, 0x05,
  0x9a, 0x05, 0x9a, 0x05, 0x9a, 0x05, 0x9a, 0x05, 0x9b, 0x05, 0x9b, 0x05,
  0x9b, 0x05, 0x9b, 0x05, 0x9b, 0x05, 0x9b, 0x05, 0x9b, 0x05, 0x9b, 0x05,
  0x9b, 0x05, 0x9b, 0x05, 0x9b, 0x05, 0x9b, 0x05, 0x9b, 0x05, 0x9b, 0x05,
  0x9b, 0x05, 0x9b, 0x05, 0x9b, 0x05, 0x9b, 0x05, 0x9b, 0x05, 0x9b, 0x05,
  0x9b, 0x05, 0x9a, 0x05, 0xba, 0x05, 0x9a, 0x05, 0x9b, 0x05, 0x9b, 0x05,
  0x9b, 0x05, 0x7a, 0x0d, 0x9a, 0x15, 0x7a, 0x0d, 0xbb, 0x0d, 0xf2, 0x0b,
  0xa3, 0x00, 0x00, 0x00, 0x00, 0x00, 0x00, 0x00, 0x00, 0x00, 0x00, 0x00,
  0x00, 0x00, 0x00, 0x00, 0x00, 0x00, 0x20, 0x00, 0x82, 0x32, 0xc1, 0x75,
  0x40, 0x6e, 0x40, 0x6e, 0x40, 0x66, 0x40, 0x6e, 0x40, 0x6e, 0x40, 0x6e,
  0x40, 0x6e, 0x40, 0x66, 0x40, 0x6e, 0x40, 0x6e, 0x40, 0x6e, 0x40, 0x6e,
  0x40, 0x6e, 0x40, 0x6e, 0x40, 0x6e, 0x41, 0x76, 0x61, 0x43, 0x00, 0x00,
  0x00, 0x00, 0x00, 0x00, 0x00, 0x00, 0x00, 0x00, 0x00, 0x00, 0x00, 0x00,
  0x00, 0x00, 0x00, 0x00, 0x00, 0x00, 0x00, 0x00, 0x00, 0x00, 0x00, 0x00,
  0x00, 0x00, 0x00, 0x00, 0x00, 0x00, 0x00, 0x00, 0x00, 0x00, 0x00, 0x00,
  0x00, 0x00, 0x00, 0x00, 0x00, 0x00, 0x00, 0x00, 0x00, 0x00, 0x00, 0x00,
  0x00, 0x00, 0x00, 0x00, 0x00, 0x00, 0x00, 0x00, 0x00, 0x00, 0x00, 0x00,
  0x00, 0x00, 0x00, 0x00, 0x00, 0x00, 0x00, 0x00, 0x00, 0x00, 0x00, 0x00,
  0x00, 0x00, 0x00, 0x00, 0x00, 0x00, 0x00, 0x00, 0x00, 0x00, 0x00, 0x00,
  0x00, 0x00, 0x00, 0x00, 0x00, 0x00, 0x00, 0x00, 0x00, 0x00, 0x00, 0x00,
  0x00, 0x00, 0x00, 0x00, 0x00, 0x00, 0x00, 0x00, 0xc1, 0x21, 0x21, 0x65,
  0x40, 0x6e, 0x40, 0x66, 0x41, 0x6e, 0x40, 0x6e, 0x40, 0x6e, 0x40, 0x6e,
  0x40, 0x6e, 0x40, 0x6e, 0x40, 0x6e, 0x40, 0x6e, 0x40, 0x6e, 0x40, 0x6e,
  0x40, 0x6e, 0x40, 0x6e, 0x40, 0x6e, 0x40, 0x6e, 0x40, 0x6e, 0x40, 0x6e,
  0x40, 0x6e, 0x40, 0x6e, 0x40, 0x6e, 0x40, 0x6e, 0x40, 0x6e, 0x40, 0x6e,
  0x40, 0x6e, 0x40, 0x6e, 0x40, 0x6e, 0x40, 0x6e, 0x20, 0x6e, 0x22, 0x76,
  0x62, 0x43, 0x20, 0x00, 0x00, 0x00, 0xe2, 0x72, 0xc2, 0xf5, 0xa1, 0xfd,
  0xa0, 0xf5, 0xa0, 0xf5, 0xa0, 0xfd, 0xa0, 0xfd, 0x80, 0xfd, 0xa0, 0xfd,
  0xa0, 0xfd, 0xa0, 0xfd, 0xa0, 0xfd, 0xa0, 0xfd, 0xa0, 0xfd, 0xa0, 0xfd,
  0xa0, 0xfd, 0xa0, 0xfd, 0xa0, 0xfd, 0xa0, 0xfd, 0xa0, 0xfd, 0xa0, 0xfd,
  0xa0, 0xfd, 0xa0, 0xfd, 0xa0, 0xfd, 0xa0, 0xfd, 0xa0, 0xfd, 0xa0, 0xfd,
  0xa0, 0xfd, 0xa0, 0xfd, 0xa0, 0xfd, 0xa0, 0xfd, 0xa0, 0xfd, 0xa0, 0xfd,
  0xa0, 0xfd, 0xa0, 0xfd, 0xa0, 0xfd, 0xa0, 0xfd, 0xa0, 0xfd, 0xa0, 0xfd,
  0xa0, 0xfd, 0xa0, 0xfd, 0xa0, 0xfd, 0xa0, 0xfd, 0xa0, 0xfd, 0xa0, 0xfd,
  0xa0, 0xfd, 0xa0, 0xfd, 0xa0, 0xfd, 0xa0, 0xfd, 0xa0, 0xfd, 0xa0, 0xfd,
  0xa0, 0xf5, 0xc0, 0xf5, 0xa0, 0xf5, 0xa1, 0xfd, 0x80, 0xfd, 0xa0, 0xfd,
  0xa0, 0xfd, 0xc0, 0xfd, 0x61, 0xbc, 0x41, 0x39, 0x00, 0x00, 0x00, 0x00,
  0x00, 0x00, 0x00, 0x00, 0x00, 0x00, 0x00, 0x00, 0x00, 0x00, 0x00, 0x00,
  0x00, 0x00, 0x00, 0x00, 0x00, 0x00, 0x00, 0x00, 0x00, 0x00, 0x00, 0x00,
  0x00, 0x00, 0x00, 0x00, 0x00, 0x00, 0x00, 0x00, 0x00, 0x00, 0x00, 0x00,
  0x00, 0x00, 0x00, 0x00, 0x00, 0x00, 0x00, 0x00, 0x00, 0x00, 0x00, 0x00,
  0x00, 0x00, 0x00, 0x00, 0x42, 0x62, 0x81, 0xf5, 0xa0, 0xfd, 0xa0, 0xfd,
  0xa0, 0xfd, 0xa0, 0xfd, 0xa0, 0xfd, 0xa0, 0xfd, 0xa0, 0xfd, 0xa0, 0xfd,
  0xa0, 0xfd, 0xa0, 0xfd, 0x81, 0xfd, 0x80, 0xfd, 0x80, 0xfd, 0xa0, 0xfd,
  0xa0, 0xfd, 0xc0, 0xfd, 0x63, 0xed, 0xa3, 0x72, 0x20, 0x00, 0x00, 0x00,
  0x00, 0x00, 0x00, 0x00, 0x00, 0x00, 0x00, 0x00, 0x00, 0x00, 0x00, 0x00,
  0x00, 0x00, 0x25, 0x01, 0x74, 0x0c, 0x9b, 0x0d, 0x9b, 0x05, 0x9b, 0x05,
  0x7b, 0x05, 0x9b, 0x05, 0x9a, 0x05, 0x9a, 0x05, 0x9a, 0x05, 0x9a, 0x05,
  0x9a, 0x05, 0x9b, 0x05, 0x9b, 0x05, 0x9b, 0x05, 0x9b, 0x05, 0x9b, 0x05,
  0x9b, 0x05, 0x9b, 0x05, 0x9b, 0x05, 0x9b, 0x05, 0x9b, 0x05, 0x9b, 0x05,
  0x9b, 0x05, 0x9b, 0x05, 0x9b, 0x05, 0x9b, 0x05, 0x9b, 0x05, 0x9b, 0x05,
  0x9b, 0x05, 0x9b, 0x05, 0x9b, 0x05, 0x9b, 0x05, 0xbb, 0x05, 0xba, 0x05,
  0xbb, 0x05, 0x7b, 0x05, 0x7b, 0x05, 0x38, 0x0d, 0x09, 0x02, 0x00, 0x00,
  0x00, 0x00, 0x00, 0x00, 0x00, 0x00, 0x00, 0x00, 0xc7, 0x09, 0x17, 0x0d,
  0x9b, 0x05, 0x9b, 0x05, 0x9a, 0x05, 0x99, 0x05, 0x99, 0x05, 0x9a, 0x05,
  0x7b, 0x05, 0x9b, 0x05, 0x9b, 0x05, 0x9b, 0x05, 0x9b, 0x05, 0x9b, 0x05,
  0x9b, 0x05, 0x9b, 0x05, 0x9b, 0x05, 0x9b, 0x05, 0x9b, 0x05, 0x9b, 0x05,
  0x9b, 0x05, 0x9b, 0x05, 0x9b, 0x05, 0x9b, 0x05, 0x9b, 0x05, 0x9b, 0x05,
  0x9b, 0x05, 0x9b, 0x05, 0x9b, 0x05, 0xba, 0x05, 0xba, 0x05, 0x7a, 0x05,
  0x7b, 0x05, 0x9c, 0x05, 0xbc, 0x05, 0x7a, 0x05, 0x7a, 0x0d, 0x9a, 0x0d,
  0xf7, 0x0c, 0xc8, 0x09, 0x00, 0x00, 0x00, 0x00, 0x00, 0x00, 0x00, 0x00,
  0x00, 0x00, 0x00, 0x00, 0x00, 0x00, 0x00, 0x00, 0x00, 0x00, 0x41, 0x19,
  0x02, 0x65, 0x40, 0x76, 0x60, 0x6e, 0x40, 0x6e, 0x41, 0x6e, 0x40, 0x6e,
  0x40, 0x6e, 0x40, 0x6e, 0x40, 0x6e, 0x40, 0x66, 0x40, 0x6e, 0x40, 0x6e,
  0x40, 0x6e, 0x40, 0x6e, 0x40, 0x6e, 0x40, 0x6e, 0x40, 0x6e, 0x41, 0x76,
  0x61, 0x43, 0x00, 0x00, 0x00, 0x00, 0x00, 0x00, 0x00, 0x00, 0x00, 0x00,
  0x00, 0x00, 0x00, 0x00, 0x00, 0x00, 0x00, 0x00, 0x00, 0x00, 0x00, 0x00,
  0x00, 0x00, 0x00, 0x00, 0x00, 0x00, 0x00, 0x00, 0x00, 0x00, 0x00, 0x00,
  0x00, 0x00, 0x00, 0x00, 0x00, 0x00, 0x00, 0x00, 0x00, 0x00, 0x00, 0x00,
  0x00, 0x00, 0x00, 0x00, 0x00, 0x00, 0x00, 0x00, 0x00, 0x00, 0x00, 0x00,
  0x00, 0x00, 0x00, 0x00, 0x00, 0x00, 0x00, 0x00, 0x00, 0x00, 0x00, 0x00,
  0x00, 0x00, 0x00, 0x00, 0x00, 0x00, 0x00, 0x00, 0x00, 0x00, 0x00, 0x00,
  0x00, 0x00, 0x00, 0x00, 0x00, 0x00, 0x00, 0x00, 0x00, 0x00, 0x00, 0x00,
  0x00, 0x00, 0x00, 0x00, 0x00, 0x00, 0x00, 0x00, 0x00, 0x00, 0x00, 0x00,
  0x20, 0x00, 0x41, 0x43, 0xe0, 0x6d, 0x40, 0x66, 0x40, 0x6e, 0x40, 0x6e,
  0x40, 0x6e, 0x40, 0x6e, 0x60, 0x66, 0x40, 0x6e, 0x40, 0x6e, 0x40, 0x6e,
  0x40, 0x6e, 0x40, 0x6e, 0x40, 0x6e, 0x40, 0x6e, 0x40, 0x6e, 0x40, 0x6e,
  0x40, 0x6e, 0x40, 0x6e, 0x40, 0x6e, 0x40, 0x6e, 0x40, 0x6e, 0x40, 0x6e,
  0x40, 0x6e, 0x40, 0x6e, 0x40, 0x6e, 0x40, 0x6e, 0x40, 0x6e, 0x40, 0x6e,
  0x40, 0x6e, 0x41, 0x76, 0xc2, 0x4b, 0x40, 0x00, 0x00, 0x00, 0xe2, 0x7a,
  0xc2, 0xf5, 0xa1, 0xfd, 0xa0, 0xf5, 0xa0, 0xf5, 0xa0, 0xfd, 0xa0, 0xfd,
  0x80, 0xfd, 0xa0, 0xfd, 0xa0, 0xfd, 0xa0, 0xfd, 0xa0, 0xfd, 0xa0, 0xfd,
  0xa0, 0xfd, 0xa0, 0xfd, 0xa0, 0xfd, 0xa0, 0xfd, 0xa0, 0xfd, 0xa0, 0xfd,
  0xa0, 0xfd, 0xa0, 0xfd, 0xa0, 0xfd, 0xa0, 0xfd, 0xa0, 0xfd, 0xa0, 0xfd,
  0xa0, 0xfd, 0xa0, 0xfd, 0xa0, 0xfd, 0xa0, 0xfd, 0xa0, 0xfd, 0xa0, 0xfd,
  0xa0, 0xfd, 0xa0, 0xfd, 0xa0, 0xfd, 0xa0, 0xfd, 0xa0, 0xfd, 0xa0, 0xfd,
  0xa0, 0xfd, 0xa0, 0xfd, 0xa0, 0xfd, 0xa0, 0xfd, 0xa0, 0xfd, 0xa0, 0xfd,
  0xa0, 0xfd, 0xa0, 0xfd, 0xa0, 0xfd, 0xa0, 0xfd, 0xa0, 0xfd, 0xa0, 0xfd,
  0xa0, 0xfd, 0xa0, 0xfd, 0xa0, 0xfd, 0xc0, 0xfd, 0xc0, 0xf5, 0xa0, 0xfd,
  0xa0, 0xfd, 0x80, 0xfd, 0xa0, 0xfd, 0xc0, 0xfd, 0xa0, 0xf5, 0xe1, 0xab,
  0x01, 0x29, 0x00, 0x00, 0x00, 0x00, 0x00, 0x00, 0x00, 0x00, 0x00, 0x00,
  0x00, 0x00, 0x00, 0x00, 0x00, 0x00, 0x00, 0x00, 0x00, 0x00, 0x00, 0x00,
  0x00, 0x00, 0x00, 0x00, 0x00, 0x00, 0x00, 0x00, 0x00, 0x00, 0x00, 0x00,
  0x00, 0x00, 0x00, 0x00, 0x00, 0x00, 0x00, 0x00, 0x00, 0x00, 0x00, 0x00,
  0x00, 0x00, 0x00, 0x00, 0x00, 0x00, 0x00, 0x00, 0x42, 0x62, 0x81, 0xf5,
  0xa0, 0xfd, 0xa0, 0xfd, 0xa0, 0xfd, 0xa0, 0xfd, 0xa0, 0xfd, 0xa0, 0xfd,
  0xa0, 0xfd, 0xa0, 0xfd, 0xa0, 0xfd, 0xa0, 0xfd, 0xa0, 0xfd, 0xa0, 0xfd,
  0x80, 0xfd, 0xa0, 0xfd, 0xa0, 0xfd, 0xa0, 0xfd, 0x81, 0xfd, 0x83, 0xcc,
  0x62, 0x39, 0x00, 0x00, 0x00, 0x00, 0x00, 0x00, 0x00, 0x00, 0x00, 0x00,
  0x00, 0x00, 0x00, 0x00, 0x00, 0x00, 0x20, 0x00, 0x6b, 0x0a, 0x1a, 0x0d,
  0x9b, 0x05, 0x9b, 0x05, 0x9b, 0x05, 0x9b, 0x05, 0x9a, 0x05, 0x9a, 0x05,
  0x9a, 0x05, 0x9a, 0x05, 0x9a, 0x05, 0x9b, 0x05, 0x9b, 0x05, 0x9b, 0x05,
  0x9b, 0x05, 0x9b, 0x05, 0x9b, 0x05, 0x9b, 0x05, 0x9b, 0x05, 0x9b, 0x05,
  0x9b, 0x05, 0x9b, 0x05, 0x9b, 0x05, 0x9b, 0x05, 0x9b, 0x05, 0x9b, 0x05,
  0x9b, 0x05, 0x9b, 0x05, 0x9b, 0x05, 0x9b, 0x05, 0x9b, 0x05, 0x9b, 0x05,
  0x9a, 0x05, 0xba, 0x05, 0x9b, 0x05, 0x9b, 0x05, 0x7b, 0x05, 0xbb, 0x0d,
  0x54, 0x0c, 0xe4, 0x00, 0x00, 0x00, 0x00, 0x00, 0x00, 0x00, 0x82, 0x00,
  0xd1, 0x0b, 0x9a, 0x05, 0x9c, 0x05, 0x9c, 0x05, 0x9a, 0x05, 0xba, 0x05,
  0x9a, 0x05, 0x9b, 0x05, 0x9b, 0x05, 0x9b, 0x05, 0x9b, 0x05, 0x9b, 0x05,
  0x9b, 0x05, 0x9b, 0x05, 0x9b, 0x05, 0x9b, 0x05, 0x9b, 0x05, 0x9b, 0x05,
  0x9b, 0x05, 0x9b, 0x05, 0x9b, 0x05, 0x9b, 0x05, 0x9b, 0x05, 0x9b, 0x05,
  0x9b, 0x05, 0x9b, 0x05, 0x9b, 0x05, 0x9b, 0x05, 0x9b, 0x05, 0x9b, 0x05,
  0x9a, 0x05, 0x9a, 0x05, 0x9b, 0x05, 0x9c, 0x05, 0x9b, 0x05, 0x9a, 0x05,
  0xba, 0x05, 0x79, 0x0d, 0x0e, 0x0b, 0x41, 0x00, 0x00, 0x00, 0x00, 0x00,
  0x00, 0x00, 0x00, 0x00, 0x00, 0x00, 0x00, 0x00, 0x00, 0x00, 0x00, 0x00,
  0x80, 0x08, 0xa2, 0x4b, 0x21, 0x76, 0x40, 0x6e, 0x40, 0x6e, 0x41, 0x6e,
  0x21, 0x6e, 0x40, 0x6e, 0x40, 0x6e, 0x40, 0x6e, 0x40, 0x6e, 0x40, 0x66,
  0x40, 0x6e, 0x40, 0x6e, 0x40, 0x6e, 0x40, 0x6e, 0x40, 0x6e, 0x40, 0x6e,
  0x40, 0x6e, 0x41, 0x76, 0x61, 0x43, 0x00, 0x00, 0x00, 0x00, 0x00, 0x00,
  0x00, 0x00, 0x00, 0x00, 0x00, 0x00, 0x00, 0x00, 0x00, 0x00, 0x00, 0x00,
  0x00, 0x00, 0x00, 0x00, 0x00, 0x00, 0x00, 0x00, 0x00, 0x00, 0x00, 0x00,
  0x00, 0x00, 0x00, 0x00, 0x00, 0x00, 0x00, 0x00, 0x00, 0x00, 0x00, 0x00,
  0x00, 0x00, 0x00, 0x00, 0x00, 0x00, 0x00, 0x00, 0x00, 0x00, 0x00, 0x00,
  0x00, 0x00, 0x00, 0x00, 0x00, 0x00, 0x00, 0x00, 0x00, 0x00, 0x00, 0x00,
  0x00, 0x00, 0x00, 0x00, 0x00, 0x00, 0x00, 0x00, 0x00, 0x00, 0x00, 0x00,
  0x00, 0x00, 0x00, 0x00, 0x00, 0x00, 0x00, 0x00, 0x00, 0x00, 0x00, 0x00,
  0x00, 0x00, 0x00, 0x00, 0x00, 0x00, 0x00, 0x00, 0x00, 0x00, 0x00, 0x00,
  0x00, 0x00, 0x00, 0x00, 0x00, 0x00, 0x80, 0x19, 0x42, 0x65, 0x40, 0x6e,
  0x40, 0x6e, 0x40, 0x6e, 0x40, 0x6e, 0x40, 0x6e, 0x60, 0x66, 0x40, 0x6e,
  0x40, 0x6e, 0x40, 0x6e, 0x40, 0x6e, 0x40, 0x6e, 0x40, 0x6e, 0x40, 0x6e,
  0x40, 0x6e, 0x40, 0x6e, 0x40, 0x6e, 0x40, 0x6e, 0x40, 0x6e, 0x40, 0x6e,
  0x40, 0x6e, 0x40, 0x6e, 0x40, 0x6e, 0x40, 0x6e, 0x40, 0x6e, 0x40, 0x6e,
  0x40, 0x6e, 0x40, 0x6e, 0x40, 0x6e, 0x41, 0x76, 0x21, 0x54, 0x80, 0x08,
  0x00, 0x00, 0xe2, 0x7a, 0xc2, 0xf5, 0xa1, 0xfd, 0xa0, 0xfd, 0xa0, 0xf5,
  0xa0, 0xfd, 0xa0, 0xfd, 0x80, 0xfd, 0xa0, 0xfd, 0xa0, 0xfd, 0xa0, 0xfd,
  0xa0, 0xfd, 0xa0, 0xfd, 0xa0, 0xfd, 0xa0, 0xfd, 0xa0, 0xfd, 0xa0, 0xfd,
  0xa0, 0xfd, 0xa0, 0xfd, 0xa0, 0xfd, 0xa0, 0xfd, 0xa0, 0xfd, 0xa0, 0xfd,
  0xa0, 0xfd, 0xa0, 0xfd, 0xa0, 0xfd, 0xa0, 0xfd, 0xa0, 0xfd, 0xa0, 0xfd,
  0xa0, 0xfd, 0xa0, 0xfd, 0xa0, 0xfd, 0xa0, 0xfd, 0xa0, 0xfd, 0xa0, 0xfd,
  0xa0, 0xfd, 0xa0, 0xfd, 0xa0, 0xfd, 0xa0, 0xfd, 0xa0, 0xfd, 0xa0, 0xfd,
  0xa0, 0xfd, 0xa0, 0xfd, 0xa0, 0xfd, 0xa0, 0xfd, 0xa0, 0xfd, 0xa0, 0xfd,
  0xa0, 0xfd, 0xa0, 0xfd, 0xa0, 0xfd, 0x80, 0xfd, 0xa0, 0xfd, 0xc0, 0xfd,
  0xc0, 0xfd, 0xa0, 0xf5, 0xa0, 0xf5, 0xa0, 0xfd, 0xa0, 0xfd, 0xa0, 0xfd,
  0xa0, 0xfd, 0x60, 0xf5, 0x81, 0xa3, 0xa0, 0x18, 0x00, 0x00, 0x00, 0x00,
  0x00, 0x00, 0x00, 0x00, 0x00, 0x00, 0x00, 0x00, 0x00, 0x00, 0x00, 0x00,
  0x00, 0x00, 0x00, 0x00, 0x00, 0x00, 0x00, 0x00, 0x00, 0x00, 0x00, 0x00,
  0x00, 0x00, 0x00, 0x00, 0x00, 0x00, 0x00, 0x00, 0x00, 0x00, 0x00, 0x00,
  0x00, 0x00, 0x00, 0x00, 0x00, 0x00, 0x00, 0x00, 0x00, 0x00, 0x00, 0x00,
  0x42, 0x62, 0x81, 0xf5, 0xa0, 0xfd, 0xa0, 0xfd, 0xa0, 0xfd, 0xa0, 0xfd,
  0xa0, 0xfd, 0xa0, 0xfd, 0xa0, 0xfd, 0xa0, 0xfd, 0xa0, 0xfd, 0xa0, 0xfd,
  0xa0, 0xfd, 0xa0, 0xfd, 0xa0, 0xfd, 0xa0, 0xfd, 0xa0, 0xfd, 0x80, 0xfd,
  0xa0, 0xfd, 0x82, 0xf5, 0x63, 0x93, 0x80, 0x10, 0x00, 0x00, 0x00, 0x00,
  0x00, 0x00, 0x00, 0x00, 0x00, 0x00, 0x00, 0x00, 0x00, 0x00, 0x00, 0x00,
  0xa3, 0x00, 0xf4, 0x13, 0x7a, 0x0d, 0xba, 0x05, 0xbb, 0x05, 0xba, 0x05,
  0xbb, 0x05, 0x9a, 0x05, 0x9a, 0x05, 0x9a, 0x05, 0x7a, 0x05, 0x9b, 0x05,
  0x9b, 0x05, 0x9b, 0x05, 0x9b, 0x05, 0x9b, 0x05, 0x9b, 0x05, 0x9b, 0x05,
  0x9b, 0x05, 0x9b, 0x05, 0x9b, 0x05, 0x9b, 0x05, 0x9b, 0x05, 0x9b, 0x05,
  0x9b, 0x05, 0x9b, 0x05, 0x9b, 0x05, 0x9b, 0x05, 0x9b, 0x05, 0x9b, 0x05,
  0x9b, 0x05, 0x9b, 0x05, 0x9a, 0x05, 0x9a, 0x05, 0x9b, 0x05, 0x9b, 0x05,
  0x9c, 0x05, 0x9b, 0x05, 0x9a, 0x0d, 0x0e, 0x0b, 0x41, 0x00, 0x00, 0x00,
  0x20, 0x00, 0x6b, 0x02, 0x38, 0x0d, 0x9a, 0x05, 0x9b, 0x05, 0x9b, 0x05,
  0x9b, 0x05, 0x9a, 0x05, 0x9a, 0x05, 0x9b, 0x05, 0xbb, 0x05, 0x9b, 0x05,
  0x9b, 0x05, 0x9b, 0x05, 0x9b, 0x05, 0x9b, 0x05, 0x9b, 0x05, 0x9b, 0x05,
  0x9b, 0x05, 0x9b, 0x05, 0x9b, 0x05, 0x9b, 0x05, 0x9b, 0x05, 0x9b, 0x05,
  0x9b, 0x05, 0x9b, 0x05, 0x9b, 0x05, 0x9b, 0x05, 0x9b, 0x05, 0x9b, 0x05,
  0x9b, 0x05, 0x9b, 0x05, 0x9a, 0x05, 0x9a, 0x05, 0x9a, 0x05, 0x9b, 0x05,
  0x9b, 0x05, 0xba, 0x05, 0xda, 0x05, 0x54, 0x0c, 0x05, 0x09, 0x00, 0x00,
  0x00, 0x00, 0x00, 0x00, 0x00, 0x00, 0x00, 0x00, 0x00, 0x00, 0x00, 0x00,
  0x00, 0x00, 0x00, 0x00, 0x61, 0x32, 0xa1, 0x6d, 0x40, 0x6e, 0x60, 0x6e,
  0x40, 0x6e, 0x41, 0x6e, 0x21, 0x6e, 0x40, 0x6e, 0x40, 0x6e, 0x40, 0x6e,
  0x40, 0x6e, 0x40, 0x6e, 0x40, 0x6e, 0x40, 0x6e, 0x40, 0x6e, 0x40, 0x6e,
  0x40, 0x6e, 0x40, 0x6e, 0x40, 0x6e, 0x41, 0x76, 0x61, 0x43, 0x00, 0x00,
  0x00, 0x00, 0x00, 0x00, 0x00, 0x00, 0x00, 0x00, 0x00, 0x00, 0x00, 0x00,
  0x00, 0x00, 0x00, 0x00, 0x00, 0x00, 0x00, 0x00, 0x00, 0x00, 0x00, 0x00,
  0x00, 0x00, 0x00, 0x00, 0x00, 0x00, 0x00, 0x00, 0x00, 0x00, 0x00, 0x00,
  0x00, 0x00, 0x00, 0x00, 0x00, 0x00, 0x00, 0x00, 0x00, 0x00, 0x00, 0x00,
  0x00, 0x00, 0x00, 0x00, 0x00, 0x00, 0x00, 0x00, 0x00, 0x00, 0x00, 0x00,
  0x00, 0x00, 0x00, 0x00, 0x00, 0x00, 0x00, 0x00, 0x00, 0x00, 0x00, 0x00,
  0x00, 0x00, 0x00, 0x00, 0x00, 0x00, 0x00, 0x00, 0x00, 0x00, 0x00, 0x00,
  0x00, 0x00, 0x00, 0x00, 0x00, 0x00, 0x00, 0x00, 0x00, 0x00, 0x00, 0x00,
  0x00, 0x00, 0x00, 0x00, 0x00, 0x00, 0x00, 0x00, 0x00, 0x00, 0x80, 0x08,
  0x22, 0x4c, 0x61, 0x76, 0x40, 0x6e, 0x40, 0x6e, 0x41, 0x6e, 0x40, 0x6e,
  0x40, 0x66, 0x40, 0x6e, 0x40, 0x6e, 0x40, 0x6e, 0x40, 0x6e, 0x40, 0x6e,
  0x40, 0x6e, 0x40, 0x6e, 0x40, 0x6e, 0x40, 0x6e, 0x40, 0x6e, 0x40, 0x6e,
  0x40, 0x6e, 0x40, 0x6e, 0x40, 0x6e, 0x40, 0x6e, 0x40, 0x6e, 0x40, 0x6e,
  0x40, 0x6e, 0x40, 0x6e, 0x40, 0x6e, 0x60, 0x6e, 0x40, 0x6e, 0x41, 0x76,
  0x81, 0x5c, 0xc0, 0x10, 0x00, 0x00, 0xe2, 0x7a, 0xc2, 0xf5, 0xa1, 0xfd,
  0xa0, 0xfd, 0xa0, 0xf5, 0xa0, 0xfd, 0xa0, 0xfd, 0x80, 0xfd, 0xa0, 0xfd,
  0xa0, 0xfd, 0xa0, 0xfd, 0xa0, 0xfd, 0xa0, 0xfd, 0xa0, 0xfd, 0xa0, 0xfd,
  0xa0, 0xfd, 0xa0, 0xfd, 0xa0, 0xfd, 0xa0, 0xfd, 0xa0, 0xfd, 0xa0, 0xfd,
  0xa0, 0xfd, 0xa0, 0xfd, 0xa0, 0xfd, 0xa0, 0xfd, 0xa0, 0xfd, 0xa0, 0xfd,
  0xa0, 0xfd, 0xa0, 0xfd, 0xa0, 0xfd, 0xa0, 0xfd, 0xa0, 0xfd, 0xa0, 0xfd,
  0xa0, 0xfd, 0xa0, 0xfd, 0xa0, 0xfd, 0xa0, 0xfd, 0xa0, 0xfd, 0xa0, 0xfd,
  0xa0, 0xfd, 0xa0, 0xfd, 0xa0, 0xfd, 0xa0, 0xfd, 0xa0, 0xfd, 0xa0, 0xfd,
  0xa0, 0xfd, 0xa0, 0xfd, 0xa0, 0xfd, 0xa0, 0xfd, 0xa0, 0xfd, 0x80, 0xfd,
  0xa0, 0xfd, 0xa0, 0xfd, 0xa0, 0xfd, 0xa0, 0xfd, 0xa0, 0xf5, 0xa0, 0xf5,
  0xa0, 0xf5, 0xa1, 0xf5, 0xa0, 0xfd, 0x80, 0xfd, 0x40, 0xf5, 0x01, 0x8b,
  0x60, 0x10, 0x00, 0x00, 0x00, 0x00, 0x00, 0x00, 0x00, 0x00, 0x00, 0x00,
  0x00, 0x00, 0x00, 0x00, 0x00, 0x00, 0x00, 0x00, 0x00, 0x00, 0x00, 0x00,
  0x00, 0x00, 0x00, 0x00, 0x00, 0x00, 0x00, 0x00, 0x00, 0x00, 0x00, 0x00,
  0x00, 0x00, 0x00, 0x00, 0x00, 0x00, 0x00, 0x00, 0x00, 0x00, 0x00, 0x00,
  0x00, 0x00, 0x00, 0x00, 0x42, 0x62, 0x81, 0xf5, 0xa0, 0xfd, 0xa0, 0xfd,
  0xa0, 0xfd, 0xa0, 0xfd, 0xa0, 0xfd, 0xa0, 0xfd, 0xa0, 0xfd, 0xa0, 0xfd,
  0xa0, 0xfd, 0xa0, 0xfd, 0xc0, 0xfd, 0xa0, 0xfd, 0xa0, 0xfd, 0xa0, 0xfd,
  0x81, 0xfd, 0x81, 0xfd, 0x80, 0xfd, 0xc1, 0xfd, 0x02, 0xd5, 0x22, 0x5a,
  0x00, 0x00, 0x00, 0x00, 0x00, 0x00, 0x00, 0x00, 0x00, 0x00, 0x00, 0x00,
  0x00, 0x00, 0x00, 0x00, 0x00, 0x00, 0xc8, 0x09, 0xf6, 0x14, 0x99, 0x05,
  0xba, 0x05, 0xbb, 0x05, 0xbb, 0x05, 0x9a, 0x05, 0x9a, 0x05, 0xba, 0x05,
  0x9a, 0x05, 0x9b, 0x05, 0x9b, 0x05, 0x9b, 0x05, 0x9b, 0x05, 0x9b, 0x05,
  0x9b, 0x05, 0x9b, 0x05, 0x9b, 0x05, 0x9b, 0x05, 0x9b, 0x05, 0x9b, 0x05,
  0x9b, 0x05, 0x9b, 0x05, 0x9b, 0x05, 0x9b, 0x05, 0x9b, 0x05, 0x9b, 0x05,
  0x9b, 0x05, 0x9b, 0x05, 0x9b, 0x05, 0x9b, 0x05, 0x9a, 0x05, 0x7a, 0x05,
  0xbb, 0x05, 0xbb, 0x05, 0x9b, 0x05, 0x9b, 0x05, 0xba, 0x05, 0x17, 0x0d,
  0x09, 0x02, 0x20, 0x00, 0x05, 0x01, 0xb5, 0x04, 0xba, 0x05, 0x9a, 0x0d,
  0x7b, 0x0d, 0x9b, 0x05, 0x9b, 0x05, 0x9b, 0x05, 0x9b, 0x05, 0x9b, 0x05,
  0xbb, 0x05, 0x9b, 0x05, 0x9b, 0x05, 0x9b, 0x05, 0x9b, 0x05, 0x9b, 0x05,
  0x9b, 0x05, 0x9b, 0x05, 0x9b, 0x05, 0x9b, 0x05, 0x9b, 0x05, 0x9b, 0x05,
  0x9b, 0x05, 0x9b, 0x05, 0x9b, 0x05, 0x9b, 0x05, 0x9b, 0x05, 0x9b, 0x05,
  0x9b, 0x05, 0x9b, 0x05, 0x9b, 0x05, 0x9b, 0x05, 0x9b, 0x05, 0x9a, 0x05,
  0x9a, 0x05, 0x9b, 0x05, 0x9b, 0x05, 0xda, 0x05, 0x78, 0x0d, 0x4a, 0x0a,
  0x00, 0x00, 0x00, 0x00, 0x00, 0x00, 0x00, 0x00, 0x00, 0x00, 0x00, 0x00,
  0x00, 0x00, 0x00, 0x00, 0x00, 0x00, 0x01, 0x11, 0xa1, 0x5c, 0x40, 0x6e,
  0x40, 0x66, 0x40, 0x66, 0x40, 0x6e, 0x21, 0x6e, 0x41, 0x6e, 0x40, 0x6e,
  0x40, 0x6e, 0x40, 0x6e, 0x40, 0x6e, 0x40, 0x6e, 0x40, 0x6e, 0x40, 0x6e,
  0x40, 0x6e, 0x40, 0x6e, 0x40, 0x6e, 0x40, 0x6e, 0x40, 0x6e, 0x41, 0x76,
  0x61, 0x43, 0x00, 0x00, 0x00, 0x00, 0x00, 0x00, 0x00, 0x00, 0x00, 0x00,
  0x00, 0x00, 0x00, 0x00, 0x00, 0x00, 0x00, 0x00, 0x00, 0x00, 0x00, 0x00,
  0x00, 0x00, 0x00, 0x00, 0x00, 0x00, 0x00, 0x00, 0x00, 0x00, 0x00, 0x00,
  0x00, 0x00, 0x00, 0x00, 0x00, 0x00, 0x00, 0x00, 0x00, 0x00, 0x00, 0x00,
  0x00, 0x00, 0x00, 0x00, 0x00, 0x00, 0x00, 0x00, 0x00, 0x00, 0x00, 0x00,
  0x00, 0x00, 0x00, 0x00, 0x00, 0x00, 0x00, 0x00, 0x00, 0x00, 0x00, 0x00,
  0x00, 0x00, 0x00, 0x00, 0x00, 0x00, 0x00, 0x00, 0x00, 0x00, 0x00, 0x00,
  0x00, 0x00, 0x00, 0x00, 0x00, 0x00, 0x00, 0x00, 0x00, 0x00, 0x00, 0x00,
  0x00, 0x00, 0x00, 0x00, 0x00, 0x00, 0x00, 0x00, 0x00, 0x00, 0x00, 0x00,
  0x00, 0x00, 0x00, 0x00, 0x22, 0x3b, 0x21, 0x76, 0x40, 0x6e, 0x40, 0x6e,
  0x40, 0x6e, 0x40, 0x6e, 0x40, 0x6e, 0x40, 0x6e, 0x40, 0x6e, 0x40, 0x6e,
  0x40, 0x6e, 0x40, 0x6e, 0x40, 0x6e, 0x40, 0x6e, 0x40, 0x6e, 0x40, 0x6e,
  0x40, 0x6e, 0x40, 0x6e, 0x40, 0x6e, 0x40, 0x6e, 0x40, 0x6e, 0x40, 0x6e,
  0x40, 0x6e, 0x40, 0x6e, 0x40, 0x6e, 0x40, 0x6e, 0x40, 0x6e, 0x60, 0x6e,
  0x40, 0x6e, 0x40, 0x76, 0xc1, 0x5c, 0xe0, 0x10, 0x00, 0x00, 0xe2, 0x7a,
  0xc2, 0xf5, 0xa1, 0xfd, 0xa0, 0xfd, 0xa0, 0xf5, 0xa0, 0xfd, 0xa0, 0xfd,
  0x80, 0xfd, 0xa0, 0xfd, 0xa0, 0xfd, 0xa0, 0xfd, 0xa0, 0xfd, 0xa0, 0xfd,
  0xa0, 0xfd, 0xa0, 0xfd, 0xa0, 0xfd, 0xa0, 0xfd, 0xa0, 0xfd, 0xa0, 0xfd,
  0xa0, 0xfd, 0xa0, 0xfd, 0xa0, 0xfd, 0xa0, 0xfd, 0xa0, 0xfd, 0xa0, 0xfd,
  0xa0, 0xfd, 0xa0, 0xfd, 0xa0, 0xfd, 0xa0, 0xfd, 0xa0, 0xfd, 0xa0, 0xfd,
  0xa0, 0xfd, 0xa0, 0xfd, 0xa0, 0xfd, 0xa0, 0xfd, 0xa0, 0xfd, 0xa0, 0xfd,
  0xa0, 0xfd, 0xa0, 0xfd, 0xa0, 0xfd, 0xa0, 0xfd, 0xa0, 0xfd, 0xa0, 0xfd,
  0xa0, 0xfd, 0xa0, 0xfd, 0xa0, 0xfd, 0xa0, 0xfd, 0xa0, 0xfd, 0xa0, 0xfd,
  0xa0, 0xfd, 0xa0, 0xfd, 0xa0, 0xfd, 0xa0, 0xfd, 0xa0, 0xfd, 0xa0, 0xfd,
  0xa0, 0xfd, 0xa0, 0xf5, 0xa0, 0xf5, 0xa0, 0xf5, 0xa0, 0xfd, 0x80, 0xfd,
  0x80, 0xfd, 0x20, 0xe5, 0xa1, 0x72, 0x40, 0x08, 0x00, 0x00, 0x00, 0x00,
  0x00, 0x00, 0x00, 0x00, 0x00, 0x00, 0x00, 0x00, 0x00, 0x00, 0x00, 0x00,
  0x00, 0x00, 0x00, 0x00, 0x00, 0x00, 0x00, 0x00, 0x00, 0x00, 0x00, 0x00,
  0x00, 0x00, 0x00, 0x00, 0x00, 0x00, 0x00, 0x00, 0x00, 0x00, 0x00, 0x00,
  0x00, 0x00, 0x00, 0x00, 0x00, 0x00, 0x00, 0x00, 0x42, 0x62, 0xa1, 0xf5,
  0xa0, 0xfd, 0xa0, 0xfd, 0xa0, 0xfd, 0xa0, 0xfd, 0xa0, 0xfd, 0xa0, 0xfd,
  0xa0, 0xfd, 0xa0, 0xfd, 0xa0, 0xfd, 0xa0, 0xfd, 0xa0, 0xfd, 0xa0, 0xfd,
  0xa0, 0xfd, 0xa0, 0xfd, 0xa0, 0xfd, 0x81, 0xfd, 0xa0, 0xfd, 0xc0, 0xfd,
  0xa1, 0xf5, 0x03, 0xb4, 0xe1, 0x20, 0x00, 0x00, 0x00, 0x00, 0x00, 0x00,
  0x00, 0x00, 0x00, 0x00, 0x00, 0x00, 0x00, 0x00, 0x00, 0x00, 0x41, 0x00,
  0x2d, 0x13, 0x57, 0x15, 0x99, 0x0d, 0xbb, 0x05, 0x9b, 0x05, 0x9b, 0x05,
  0xba, 0x05, 0xba, 0x05, 0xba, 0x05, 0x9b, 0x05, 0x9b, 0x05, 0x9b, 0x05,
  0x9b, 0x05, 0x9b, 0x05, 0x9b, 0x05, 0x9b, 0x05, 0x9b, 0x05, 0x9b, 0x05,
  0x9b, 0x05, 0x9b, 0x05, 0x9b, 0x05, 0x9b, 0x05, 0x9b, 0x05, 0x9b, 0x05,
  0x9b, 0x05, 0x9b, 0x05, 0x9b, 0x05, 0x9b, 0x05, 0x9b, 0x05, 0x9b, 0x05,
  0x9b, 0x05, 0x9a, 0x05, 0xba, 0x05, 0xbb, 0x05, 0x9b, 0x05, 0x9b, 0x05,
  0x9a, 0x05, 0xba, 0x0d, 0x54, 0x04, 0x0a, 0x02, 0x2f, 0x03, 0xba, 0x05,
  0x9a, 0x05, 0x9a, 0x0d, 0x7a, 0x0d, 0x9b, 0x05, 0x9b, 0x05, 0x9b, 0x05,
  0x9b, 0x05, 0x9b, 0x05, 0x9b, 0x05, 0x9b, 0x05, 0x9b, 0x05, 0x9b, 0x05,
  0x9b, 0x05, 0x9b, 0x05, 0x9b, 0x05, 0x9b, 0x05, 0x9b, 0x05, 0x9b, 0x05,
  0x9b, 0x05, 0x9b, 0x05, 0x9b, 0x05, 0x9b, 0x05, 0x9b, 0x05, 0x9b, 0x05,
  0x9b, 0x05, 0x9b, 0x05, 0x9b, 0x05, 0x9b, 0x05, 0x9b, 0x05, 0xbb, 0x05,
  0x9b, 0x05, 0x9a, 0x05, 0x9a, 0x05, 0x9a, 0x05, 0x9a, 0x05, 0x99, 0x0d,
  0xb0, 0x0b, 0x82, 0x00, 0x00, 0x00, 0x00, 0x00, 0x00, 0x00, 0x00, 0x00,
  0x00, 0x00, 0x00, 0x00, 0x00, 0x00, 0x00, 0x00, 0x20, 0x00, 0x21, 0x43,
  0x00, 0x6e, 0x60, 0x6e, 0x40, 0x66, 0x40, 0x66, 0x40, 0x6e, 0x40, 0x6e,
  0x40, 0x6e, 0x40, 0x6e, 0x40, 0x6e, 0x40, 0x6e, 0x40, 0x6e, 0x40, 0x6e,
  0x40, 0x6e, 0x40, 0x6e, 0x40, 0x6e, 0x60, 0x6e, 0x40, 0x6e, 0x40, 0x6e,
  0x40, 0x6e, 0x41, 0x6e, 0x41, 0x43, 0x00, 0x00, 0x00, 0x00, 0x00, 0x00,
  0x00, 0x00, 0x00, 0x00, 0x00, 0x00, 0x00, 0x00, 0x00, 0x00, 0x00, 0x00,
  0x00, 0x00, 0x00, 0x00, 0x00, 0x00, 0x00, 0x00, 0x00, 0x00, 0x00, 0x00,
  0x00, 0x00, 0x00, 0x00, 0x00, 0x00, 0x00, 0x00, 0x00, 0x00, 0x00, 0x00,
  0x00, 0x00, 0x00, 0x00, 0x00, 0x00, 0x00, 0x00, 0x00, 0x00, 0x00, 0x00,
  0x00, 0x00, 0x00, 0x00, 0x00, 0x00, 0x00, 0x00, 0x00, 0x00, 0x00, 0x00,
  0x00, 0x00, 0x00, 0x00, 0x00, 0x00, 0x00, 0x00, 0x00, 0x00, 0x00, 0x00,
  0x00, 0x00, 0x00, 0x00, 0x00, 0x00, 0x00, 0x00, 0x00, 0x00, 0x00, 0x00,
  0x00, 0x00, 0x00, 0x00, 0x00, 0x00, 0x00, 0x00, 0x00, 0x00, 0x00, 0x00,
  0x00, 0x00, 0x00, 0x00, 0x00, 0x00, 0x00, 0x00, 0xa2, 0x3a, 0xe2, 0x75,
  0x40, 0x6e, 0x40, 0x66, 0x40, 0x66, 0x40, 0x6e, 0x40, 0x6e, 0x40, 0x6e,
  0x40, 0x6e, 0x40, 0x6e, 0x40, 0x6e, 0x40, 0x6e, 0x40, 0x6e, 0x40, 0x6e,
  0x40, 0x6e, 0x40, 0x6e, 0x40, 0x6e, 0x40, 0x6e, 0x40, 0x6e, 0x40, 0x6e,
  0x40, 0x6e, 0x40, 0x6e, 0x40, 0x6e, 0x40, 0x6e, 0x40, 0x6e, 0x40, 0x6e,
  0x40, 0x6e, 0x40, 0x6e, 0x40, 0x6e, 0x41, 0x76, 0xc1, 0x64, 0xe0, 0x10,
  0x00, 0x00, 0xe2, 0x7a, 0xc2, 0xf5, 0xa1, 0xfd, 0xa0, 0xfd, 0xa0, 0xf5,
  0xa0, 0xfd, 0xa0, 0xfd, 0x80, 0xfd, 0xa0, 0xfd, 0xa0, 0xfd, 0xa0, 0xfd,
  0xa0, 0xfd, 0xa0, 0xfd, 0xa0, 0xfd, 0xa0, 0xfd, 0xa0, 0xfd, 0xa0, 0xfd,
  0xa0, 0xfd, 0xa0, 0xfd, 0xa0, 0xfd, 0xa0, 0xfd, 0xa0, 0xfd, 0xa0, 0xfd,
  0xa0, 0xfd, 0xa0, 0xfd, 0xa0, 0xfd, 0xa0, 0xfd, 0xa0, 0xfd, 0xa0, 0xfd,
  0xa0, 0xfd, 0xa0, 0xfd, 0xa0, 0xfd, 0xa0, 0xfd, 0xa0, 0xfd, 0xa0, 0xfd,
  0xa0, 0xfd, 0xa0, 0xfd, 0xa0, 0xfd, 0xa0, 0xfd, 0xa0, 0xfd, 0xa0, 0xfd,
  0xa0, 0xfd, 0xa0, 0xfd, 0xa0, 0xfd, 0xa0, 0xfd, 0xa0, 0xfd, 0xa0, 0xfd,
  0xa0, 0xfd, 0xa0, 0xfd, 0xa0, 0xfd, 0xa0, 0xf5, 0xa0, 0xfd, 0x80, 0xfd,
  0xa0, 0xfd, 0xa0, 0xfd, 0xa0, 0xfd, 0xa0, 0xfd, 0xa0, 0xfd, 0xa0, 0xfd,
  0xa0, 0xfd, 0xa0, 0xfd, 0xa1, 0xf5, 0xa1, 0xf5, 0xe1, 0xd4, 0x41, 0x62,
  0x20, 0x08, 0x00, 0x00, 0x00, 0x00, 0x00, 0x00, 0x00, 0x00, 0x00, 0x00,
  0x00, 0x00, 0x00, 0x00, 0x00, 0x00, 0x00, 0x00, 0x00, 0x00, 0x00, 0x00,
  0x00, 0x00, 0x00, 0x00, 0x00, 0x00, 0x00, 0x00, 0x00, 0x00, 0x00, 0x00,
  0x00, 0x00, 0x00, 0x00, 0x00, 0x00, 0x00, 0x00, 0x00, 0x00, 0x00, 0x00,
  0x62, 0x62, 0xa1, 0xf5, 0xa0, 0xfd, 0xa0, 0xfd, 0xa0, 0xfd, 0xa0, 0xfd,
  0xa0, 0xfd, 0xa0, 0xfd, 0xa0, 0xfd, 0xa0, 0xfd, 0xa0, 0xfd, 0xa0, 0xfd,
  0xa0, 0xfd, 0xa1, 0xfd, 0xa0, 0xf5, 0xa0, 0xfd, 0xa0, 0xfd, 0x80, 0xf5,
  0xc0, 0xf5, 0xc0, 0xf5, 0x80, 0xf5, 0x63, 0xf5, 0xe2, 0x82, 0x40, 0x08,
  0x00, 0x00, 0x00, 0x00, 0x00, 0x00, 0x00, 0x00, 0x00, 0x00, 0x00, 0x00,
  0x00, 0x00, 0x00, 0x00, 0x04, 0x01, 0x53, 0x14, 0xba, 0x15, 0x7a, 0x05,
  0x7b, 0x05, 0x9b, 0x05, 0x9b, 0x05, 0xba, 0x05, 0xba, 0x05, 0x9b, 0x05,
  0x9b, 0x05, 0x9b, 0x05, 0x9b, 0x05, 0x9b, 0x05, 0x9b, 0x05, 0x9b, 0x05,
  0x9b, 0x05, 0x9b, 0x05, 0x9b, 0x05, 0x9b, 0x05, 0x9b, 0x05, 0x9b, 0x05,
  0x9b, 0x05, 0x9b, 0x05, 0x9b, 0x05, 0x9b, 0x05, 0x9b, 0x05, 0x9b, 0x05,
  0x9b, 0x05, 0x9b, 0x05, 0x9b, 0x05, 0x9b, 0x05, 0xba, 0x05, 0xba, 0x05,
  0xba, 0x05, 0xba, 0x05, 0xbb, 0x05, 0x9a, 0x05, 0x7a, 0x05, 0x18, 0x05,
  0x59, 0x05, 0xba, 0x05, 0x7a, 0x05, 0x7b, 0x0d, 0x7a, 0x05, 0x9a, 0x05,
  0x9a, 0x05, 0x9a, 0x05, 0x9b, 0x05, 0x9b, 0x05, 0x7b, 0x05, 0x9b, 0x05,
  0x9b, 0x05, 0x9b, 0x05, 0x9b, 0x05, 0x9b, 0x05, 0x9b, 0x05, 0x9b, 0x05,
  0x9b, 0x05, 0x9b, 0x05, 0x9b, 0x05, 0x9b, 0x05, 0x9b, 0x05, 0x9b, 0x05,
  0x9b, 0x05, 0x9b, 0x05, 0x9b, 0x05, 0x9b, 0x05, 0x9b, 0x05, 0x9b, 0x05,
  0x9b, 0x05, 0xba, 0x05, 0x9a, 0x05, 0x7b, 0x05, 0x7b, 0x0d, 0x9a, 0x05,
  0x9a, 0x0d, 0xb5, 0x14, 0x66, 0x09, 0x00, 0x00, 0x00, 0x00, 0x00, 0x00,
  0x00, 0x00, 0x00, 0x00, 0x00, 0x00, 0x00, 0x00, 0x00, 0x00, 0x00, 0x00,
  0x81, 0x21, 0x21, 0x65, 0x60, 0x76, 0x40, 0x6e, 0x60, 0x6e, 0x40, 0x6e,
  0x40, 0x6e, 0x40, 0x6e, 0x60, 0x6e, 0x40, 0x66, 0x40, 0x66, 0x40, 0x6e,
  0x40, 0x6e, 0x40, 0x6e, 0x40, 0x6e, 0x40, 0x6e, 0x40, 0x6e, 0x60, 0x6e,
  0x40, 0x6e, 0x40, 0x6e, 0x40, 0x6e, 0x41, 0x6e, 0x41, 0x43, 0x00, 0x00,
  0x00, 0x00, 0x00, 0x00, 0x00, 0x00, 0x00, 0x00, 0x00, 0x00, 0x00, 0x00,
  0x00, 0x00, 0x00, 0x00, 0x00, 0x00, 0x00, 0x00, 0x00, 0x00, 0x00, 0x00,
  0x00, 0x00, 0x00, 0x00, 0x00, 0x00, 0x00, 0x00, 0x00, 0x00, 0x00, 0x00,
  0x00, 0x00, 0x00, 0x00, 0x00, 0x00, 0x00, 0x00, 0x00, 0x00, 0x00, 0x00,
  0x00, 0x00, 0x00, 0x00, 0x00, 0x00, 0x00, 0x00, 0x00, 0x00, 0x00, 0x00,
  0x00, 0x00, 0x00, 0x00, 0x00, 0x00, 0x00, 0x00, 0x00, 0x00, 0x00, 0x00,
  0x00, 0x00, 0x00, 0x00, 0x00, 0x00, 0x00, 0x00, 0x00, 0x00, 0x00, 0x00,
  0x00, 0x00, 0x00, 0x00, 0x00, 0x00, 0x00, 0x00, 0x00, 0x00, 0x00, 0x00,
  0x00, 0x00, 0x00, 0x00, 0x00, 0x00, 0x00, 0x00, 0x00, 0x00, 0x00, 0x00,
  0x01, 0x32, 0x82, 0x75, 0x41, 0x76, 0x40, 0x66, 0x60, 0x66, 0x40, 0x6e,
  0x40, 0x6e, 0x40, 0x6e, 0x40, 0x6e, 0x40, 0x6e, 0x40, 0x6e, 0x40, 0x6e,
  0x40, 0x6e, 0x40, 0x6e, 0x40, 0x6e, 0x40, 0x6e, 0x40, 0x6e, 0x40, 0x6e,
  0x40, 0x6e, 0x40, 0x6e, 0x40, 0x6e, 0x40, 0x6e, 0x40, 0x6e, 0x40, 0x6e,
  0x40, 0x6e, 0x40, 0x6e, 0x40, 0x6e, 0x40, 0x6e, 0x40, 0x6e, 0x41, 0x6e,
  0xe1, 0x64, 0x00, 0x11, 0x00, 0x00, 0xe2, 0x7a, 0xc2, 0xf5, 0xa1, 0xfd,
  0xa0, 0xfd, 0xa0, 0xf5, 0xa0, 0xfd, 0xa0, 0xfd, 0x80, 0xfd, 0xa0, 0xfd,
  0xa0, 0xfd, 0xa0, 0xfd, 0xa0, 0xfd, 0xa0, 0xfd, 0xa0, 0xfd, 0xa0, 0xfd,
  0xa0, 0xfd, 0xa0, 0xfd, 0xa0, 0xfd, 0xa0, 0xfd, 0xa0, 0xfd, 0xa0, 0xfd,
  0xa0, 0xfd, 0xa0, 0xfd, 0xa0, 0xfd, 0xa0, 0xfd, 0xa0, 0xfd, 0xa0, 0xfd,
  0xa0, 0xfd, 0xa0, 0xfd, 0xa0, 0xfd, 0xa0, 0xfd, 0xa0, 0xfd, 0xa0, 0xfd,
  0xa0, 0xfd, 0xa0, 0xfd, 0xa0, 0xfd, 0xa0, 0xfd, 0xa0, 0xfd, 0xa0, 0xfd,
  0xa0, 0xfd, 0xa0, 0xfd, 0xa0, 0xfd, 0xa0, 0xfd, 0xa0, 0xfd, 0xa0, 0xfd,
  0xa0, 0xfd, 0xa0, 0xfd, 0xa0, 0xfd, 0xa0, 0xfd, 0xa0, 0xfd, 0xa0, 0xf5,
  0xa0, 0xfd, 0x80, 0xfd, 0x80, 0xfd, 0xa0, 0xfd, 0xa0, 0xfd, 0xa0, 0xfd,
  0xa0, 0xfd, 0xa0, 0xfd, 0xc0, 0xfd, 0xa0, 0xf5, 0xc1, 0xf5, 0x81, 0xf5,
  0x81, 0xfd, 0x81, 0xcc, 0xa1, 0x41, 0x00, 0x00, 0x00, 0x00, 0x00, 0x00,
  0x00, 0x00, 0x00, 0x00, 0x00, 0x00, 0x00, 0x00, 0x00, 0x00, 0x00, 0x00,
  0x00, 0x00, 0x00, 0x00, 0x00, 0x00, 0x00, 0x00, 0x00, 0x00, 0x00, 0x00,
  0x00, 0x00, 0x00, 0x00, 0x00, 0x00, 0x00, 0x00, 0x00, 0x00, 0x00, 0x00,
  0x00, 0x00, 0x00, 0x00, 0x62, 0x62, 0xa1, 0xf5, 0xa0, 0xfd, 0xa0, 0xfd,
  0xa0, 0xfd, 0xa0, 0xfd, 0xa0, 0xfd, 0xa0, 0xfd, 0xa0, 0xfd, 0xa0, 0xfd,
  0xa0, 0xfd, 0xa0, 0xfd, 0xa0, 0xfd, 0xa0, 0xf5, 0xa0, 0xf5, 0xa0, 0xfd,
  0xa0, 0xfd, 0xa0, 0xfd, 0xa0, 0xf5, 0xc0, 0xf5, 0xa1, 0xfd, 0x81, 0xfd,
  0xa2, 0xd4, 0xa1, 0x41, 0x00, 0x00, 0x00, 0x00, 0x00, 0x00, 0x00, 0x00,
  0x00, 0x00, 0x00, 0x00, 0x00, 0x00, 0x00, 0x00, 0x20, 0x00, 0x4a, 0x0a,
  0xf7, 0x14, 0x9a, 0x0d, 0x9b, 0x05, 0x9b, 0x05, 0xbb, 0x05, 0xba, 0x05,
  0xba, 0x05, 0x9b, 0x05, 0x9b, 0x05, 0x9b, 0x05, 0x9b, 0x05, 0x9b, 0x05,
  0x9b, 0x05, 0x9b, 0x05, 0x9b, 0x05, 0x9b, 0x05, 0x9b, 0x05, 0x9b, 0x05,
  0x9b, 0x05, 0x9b, 0x05, 0x9b, 0x05, 0x9b, 0x05, 0x9b, 0x05, 0x9b, 0x05,
  0x9b, 0x05, 0x9b, 0x05, 0x9b, 0x05, 0x9b, 0x05, 0x9b, 0x05, 0x9b, 0x05,
  0xbb, 0x05, 0xba, 0x05, 0xba, 0x05, 0x9a, 0x05, 0x9a, 0x05, 0x9b, 0x05,
  0x9b, 0x05, 0xbc, 0x05, 0xbb, 0x05, 0x9a, 0x05, 0x9b, 0x0d, 0x7a, 0x05,
  0x9b, 0x05, 0x9a, 0x05, 0x9a, 0x05, 0x9a, 0x05, 0x9a, 0x05, 0x9b, 0x05,
  0x7b, 0x05, 0x9b, 0x05, 0x9b, 0x05, 0x9b, 0x05, 0x9b, 0x05, 0x9b, 0x05,
  0x9b, 0x05, 0x9b, 0x05, 0x9b, 0x05, 0x9b, 0x05, 0x9b, 0x05, 0x9b, 0x05,
  0x9b, 0x05, 0x9b, 0x05, 0x9b, 0x05, 0x9b, 0x05, 0x9b, 0x05, 0x9b, 0x05,
  0x9b, 0x05, 0x9b, 0x05, 0x9a, 0x05, 0xba, 0x05, 0x9a, 0x05, 0x7b, 0x05,
  0x7b, 0x0d, 0x7b, 0x05, 0x79, 0x0d, 0xcc, 0x0a, 0x20, 0x00, 0x00, 0x00,
  0x00, 0x00, 0x00, 0x00, 0x00, 0x00, 0x00, 0x00, 0x00, 0x00, 0x00, 0x00,
  0x00, 0x00, 0x81, 0x08, 0xe3, 0x53, 0x01, 0x76, 0x20, 0x6e, 0x60, 0x6e,
  0x40, 0x6e, 0x40, 0x6e, 0x40, 0x6e, 0x40, 0x6e, 0x60, 0x6e, 0x60, 0x66,
  0x40, 0x6e, 0x40, 0x6e, 0x40, 0x6e, 0x40, 0x6e, 0x40, 0x6e, 0x40, 0x6e,
  0x40, 0x6e, 0x40, 0x6e, 0x40, 0x6e, 0x40, 0x6e, 0x40, 0x6e, 0x21, 0x6e,
  0x41, 0x3b, 0x00, 0x00, 0x00, 0x00, 0x00, 0x00, 0x00, 0x00, 0x00, 0x00,
  0x00, 0x00, 0x00, 0x00, 0x00, 0x00, 0x00, 0x00, 0x00, 0x00, 0x00, 0x00,
  0x00, 0x00, 0x00, 0x00, 0x00, 0x00, 0x00, 0x00, 0x00, 0x00, 0x00, 0x00,
  0x00, 0x00, 0x00, 0x00, 0x00, 0x00, 0x00, 0x00, 0x00, 0x00, 0x00, 0x00,
  0x00, 0x00, 0x00, 0x00, 0x00, 0x00, 0x00, 0x00, 0x00, 0x00, 0x00, 0x00,
  0x00, 0x00, 0x00, 0x00, 0x00, 0x00, 0x00, 0x00, 0x00, 0x00, 0x00, 0x00,
  0x00, 0x00, 0x00, 0x00, 0x00, 0x00, 0x00, 0x00, 0x00, 0x00, 0x00, 0x00,
  0x00, 0x00, 0x00, 0x00, 0x00, 0x00, 0x00, 0x00, 0x00, 0x00, 0x00, 0x00,
  0x00, 0x00, 0x00, 0x00, 0x00, 0x00, 0x00, 0x00, 0x00, 0x00, 0x00, 0x00,
  0x00, 0x00, 0x00, 0x00, 0x81, 0x21, 0x42, 0x6d, 0x41, 0x76, 0x40, 0x66,
  0x60, 0x66, 0x60, 0x6e, 0x40, 0x6e, 0x40, 0x6e, 0x40, 0x6e, 0x40, 0x6e,
  0x40, 0x6e, 0x40, 0x6e, 0x40, 0x6e, 0x40, 0x6e, 0x40, 0x6e, 0x40, 0x6e,
  0x40, 0x6e, 0x40, 0x6e, 0x40, 0x6e, 0x40, 0x6e, 0x40, 0x6e, 0x40, 0x6e,
  0x40, 0x6e, 0x40, 0x6e, 0x40, 0x6e, 0x40, 0x6e, 0x40, 0x6e, 0x40, 0x6e,
  0x40, 0x6e, 0x41, 0x6e, 0x02, 0x65, 0x00, 0x11, 0x00, 0x00, 0xe2, 0x7a,
  0xc2, 0xf5, 0xa1, 0xf5, 0xa0, 0xfd, 0xa0, 0xfd, 0xa0, 0xf5, 0xa0, 0xfd,
  0x80, 0xfd, 0xa0, 0xfd, 0xa0, 0xfd, 0xa0, 0xfd, 0xa0, 0xfd, 0xa0, 0xfd,
  0xa0, 0xfd, 0xa0, 0xfd, 0xa0, 0xfd, 0xa0, 0xfd, 0xa0, 0xfd, 0xa0, 0xfd,
  0xa0, 0xfd, 0xa0, 0xfd, 0xa0, 0xfd, 0xa0, 0xfd, 0xa0, 0xfd, 0xa0, 0xfd,
  0xa0, 0xfd, 0xa0, 0xfd, 0xa0, 0xfd, 0xa0, 0xfd, 0xa0, 0xfd, 0xa0, 0xfd,
  0x80, 0xf5, 0xa0, 0xf5, 0xa0, 0xf5, 0xa0, 0xfd, 0xa0, 0xfd, 0xa0, 0xfd,
  0xa0, 0xfd, 0xa0, 0xfd, 0x80, 0xfd, 0xa0, 0xfd, 0xa0, 0xfd, 0xa0, 0xfd,
  0xa0, 0xfd, 0xa0, 0xfd, 0xa0, 0xfd, 0xa0, 0xfd, 0xa0, 0xfd, 0xa0, 0xfd,
  0xa0, 0xfd, 0xa0, 0xfd, 0xa0, 0xfd, 0xa0, 0xfd, 0xa0, 0xfd, 0xa0, 0xfd,
  0xa0, 0xfd, 0xa0, 0xfd, 0xa0, 0xfd, 0xa0, 0xfd, 0xa0, 0xfd, 0xa0, 0xf5,
  0xa0, 0xf5, 0x81, 0xfd, 0x81, 0xfd, 0xa1, 0xfd, 0x00, 0xb4, 0x21, 0x31,
  0x00, 0x00, 0x00, 0x00, 0x00, 0x00, 0x00, 0x00, 0x00, 0x00, 0x00, 0x00,
  0x00, 0x00, 0x00, 0x00, 0x00, 0x00, 0x00, 0x00, 0x00, 0x00, 0x00, 0x00,
  0x00, 0x00, 0x00, 0x00, 0x00, 0x00, 0x00, 0x00, 0x00, 0x00, 0x00, 0x00,
  0x00, 0x00, 0x00, 0x00, 0x00, 0x00, 0x00, 0x00, 0x62, 0x62, 0xa1, 0xf5,
  0xa0, 0xf5, 0xa0, 0xf5, 0xa0, 0xfd, 0xa0, 0xfd, 0xa0, 0xfd, 0xa0, 0xfd,
  0xa0, 0xfd, 0xa0, 0xfd, 0xa0, 0xfd, 0xa0, 0xfd, 0xa0, 0xfd, 0xa0, 0xfd,
  0xa0, 0xfd, 0xa0, 0xfd, 0xa0, 0xfd, 0xa0, 0xfd, 0xa0, 0xfd, 0xa0, 0xfd,
  0xa0, 0xfd, 0xa0, 0xfd, 0xc2, 0xf5, 0xc2, 0xa3, 0x81, 0x18, 0x00, 0x00,
  0x00, 0x00, 0x00, 0x00, 0x00, 0x00, 0x00, 0x00, 0x00, 0x00, 0x00, 0x00,
  0x00, 0x00, 0x61, 0x00, 0xb1, 0x13, 0x9b, 0x15, 0x9b, 0x05, 0xbb, 0x05,
  0xbb, 0x05, 0x9b, 0x05, 0x7b, 0x05, 0x9a, 0x05, 0x9a, 0x05, 0x9b, 0x05,
  0x9b, 0x05, 0x9b, 0x05, 0x9b, 0x05, 0x9b, 0x05, 0x9b, 0x05, 0x9b, 0x05,
  0x9b, 0x05, 0x9b, 0x05, 0x9b, 0x05, 0x9b, 0x05, 0x9b, 0x05, 0x9b, 0x05,
  0x9b, 0x05, 0x9b, 0x05, 0x9b, 0x05, 0x9b, 0x05, 0x9b, 0x05, 0x9b, 0x05,
  0x9b, 0x05, 0x9b, 0x05, 0xbb, 0x05, 0x9b, 0x05, 0x9b, 0x05, 0x9a, 0x05,
  0x9a, 0x05, 0x9b, 0x05, 0x9b, 0x05, 0x9b, 0x05, 0x9b, 0x05, 0x9a, 0x05,
  0x9b, 0x05, 0x9b, 0x05, 0x9b, 0x05, 0x9b, 0x05, 0x9b, 0x05, 0x9a, 0x05,
  0x9a, 0x05, 0x9b, 0x05, 0x9b, 0x05, 0x9b, 0x05, 0x9b, 0x05, 0x9b, 0x05,
  0x9b, 0x05, 0x9b, 0x05, 0x9b, 0x05, 0x9b, 0x05, 0x9b, 0x05, 0x9b, 0x05,
  0x9b, 0x05, 0x9b, 0x05, 0x9b, 0x05, 0x9b, 0x05, 0x9b, 0x05, 0x9b, 0x05,
  0x9b, 0x05, 0x9b, 0x05, 0x9b, 0x05, 0x9b, 0x05, 0x9b, 0x05, 0x9b, 0x05,
  0x9a, 0x05, 0x9a, 0x0d, 0x7b, 0x05, 0xbc, 0x0d, 0x33, 0x0c, 0xc3, 0x08,
  0x00, 0x00, 0x00, 0x00, 0x00, 0x00, 0x00, 0x00, 0x00, 0x00, 0x00, 0x00,
  0x00, 0x00, 0x00, 0x00, 0x00, 0x00, 0x81, 0x32, 0xa2, 0x6d, 0x21, 0x6e,
  0x40, 0x6e, 0x40, 0x6e, 0x40, 0x6e, 0x40, 0x6e, 0x40, 0x6e, 0x40, 0x6e,
  0x40, 0x6e, 0x40, 0x6e, 0x40, 0x6e, 0x40, 0x6e, 0x40, 0x6e, 0x40, 0x6e,
  0x40, 0x6e, 0x40, 0x6e, 0x40, 0x6e, 0x40, 0x6e, 0x40, 0x6e, 0x40, 0x6e,
  0x40, 0x6e, 0x21, 0x6e, 0x21, 0x3b, 0x00, 0x00, 0x00, 0x00, 0x00, 0x00,
  0x00, 0x00, 0x00, 0x00, 0x00, 0x00, 0x00, 0x00, 0x00, 0x00, 0x00, 0x00,
  0x00, 0x00, 0x00, 0x00, 0x00, 0x00, 0x00, 0x00, 0x00, 0x00, 0x00, 0x00,
  0x00, 0x00, 0x00, 0x00, 0x00, 0x00, 0x00, 0x00, 0x00, 0x00, 0x00, 0x00,
  0x00, 0x00, 0x00, 0x00, 0x00, 0x00, 0x00, 0x00, 0x00, 0x00, 0x00, 0x00,
  0x00, 0x00, 0x00, 0x00, 0x00, 0x00, 0x00, 0x00, 0x00, 0x00, 0x00, 0x00,
  0x00, 0x00, 0x00, 0x00, 0x00, 0x00, 0x00, 0x00, 0x00, 0x00, 0x00, 0x00,
  0x00, 0x00, 0x00, 0x00, 0x00, 0x00, 0x00, 0x00, 0x00, 0x00, 0x00, 0x00,
  0x00, 0x00, 0x00, 0x00, 0x00, 0x00, 0x00, 0x00, 0x00, 0x00, 0x00, 0x00,
  0x00, 0x00, 0x00, 0x00, 0x00, 0x00, 0x00, 0x00, 0x61, 0x19, 0x62, 0x65,
  0x41, 0x6e, 0x40, 0x6e, 0x60, 0x6e, 0x40, 0x6e, 0x40, 0x6e, 0x40, 0x6e,
  0x40, 0x6e, 0x40, 0x6e, 0x40, 0x6e, 0x40, 0x6e, 0x40, 0x6e, 0x40, 0x6e,
  0x40, 0x6e, 0x40, 0x6e, 0x40, 0x6e, 0x40, 0x6e, 0x40, 0x6e, 0x40, 0x6e,
  0x40, 0x6e, 0x40, 0x6e, 0x40, 0x6e, 0x40, 0x6e, 0x40, 0x6e, 0x40, 0x6e,
  0x40, 0x6e, 0x40, 0x6e, 0x40, 0x66, 0x40, 0x6e, 0x01, 0x65, 0x00, 0x19,
  0x00, 0x00, 0xe2, 0x7a, 0xc2, 0xf5, 0xa1, 0xf5, 0xa0, 0xfd, 0xa0, 0xfd,
  0xa0, 0xf5, 0xa0, 0xfd, 0x80, 0xfd, 0xa0, 0xfd, 0xa0, 0xfd, 0xa0, 0xfd,
  0xa0, 0xfd, 0xa0, 0xfd, 0xa0, 0xfd, 0xa0, 0xfd, 0xa0, 0xfd, 0xa0, 0xfd,
  0xa0, 0xfd, 0xa0, 0xfd, 0xa0, 0xfd, 0xa0, 0xfd, 0xa0, 0xfd, 0xa0, 0xfd,
  0xa0, 0xfd, 0xa0, 0xfd, 0xa0, 0xfd, 0xa0, 0xfd, 0xa0, 0xfd, 0xa0, 0xfd,
  0xa0, 0xfd, 0xa0, 0xfd, 0x81, 0xfd, 0x81, 0xfd, 0xa0, 0xfd, 0xa0, 0xfd,
  0xa0, 0xfd, 0xa0, 0xfd, 0xc0, 0xfd, 0xa0, 0xfd, 0x80, 0xfd, 0xa0, 0xfd,
  0xa0, 0xfd, 0xa0, 0xfd, 0xa0, 0xfd, 0xa0, 0xfd, 0xa0, 0xfd, 0xa0, 0xfd,
  0xa0, 0xfd, 0xa0, 0xfd, 0xa0, 0xfd, 0xa0, 0xfd, 0xa0, 0xfd, 0xa0, 0xfd,
  0xa0, 0xfd, 0xa0, 0xfd, 0xa0, 0xfd, 0xa0, 0xfd, 0xa0, 0xfd, 0xa0, 0xfd,
  0xa0, 0xfd, 0xa0, 0xf5, 0xa0, 0xf5, 0x81, 0xfd, 0x81, 0xfd, 0xa0, 0xfd,
  0xa0, 0xf5, 0xc1, 0x9b, 0xe1, 0x20, 0x00, 0x00, 0x00, 0x00, 0x00, 0x00,
  0x00, 0x00, 0x00, 0x00, 0x00, 0x00, 0x00, 0x00, 0x00, 0x00, 0x00, 0x00,
  0x00, 0x00, 0x00, 0x00, 0x00, 0x00, 0x00, 0x00, 0x00, 0x00, 0x00, 0x00,
  0x00, 0x00, 0x00, 0x00, 0x00, 0x00, 0x00, 0x00, 0x00, 0x00, 0x00, 0x00,
  0x62, 0x6a, 0xa1, 0xf5, 0xa0, 0xf5, 0xa0, 0xf5, 0xa0, 0xfd, 0xa0, 0xfd,
  0xa0, 0xfd, 0xa0, 0xfd, 0xa0, 0xfd, 0xa0, 0xfd, 0xa0, 0xfd, 0xa0, 0xfd,
  0xa0, 0xfd, 0xa0, 0xfd, 0xa0, 0xfd, 0xa0, 0xfd, 0xa0, 0xfd, 0xa0, 0xfd,
  0xa0, 0xfd, 0xa0, 0xfd, 0xa0, 0xfd, 0xa0, 0xfd, 0xc1, 0xf5, 0x23, 0xe5,
  0x22, 0x62, 0x00, 0x00, 0x00, 0x00, 0x00, 0x00, 0x00, 0x00, 0x00, 0x00,
  0x00, 0x00, 0x00, 0x00, 0x00, 0x00, 0x00, 0x00, 0x87, 0x09, 0xd6, 0x14,
  0xba, 0x0d, 0x9a, 0x05, 0x9a, 0x05, 0x9b, 0x05, 0x9b, 0x05, 0x9a, 0x05,
  0x9a, 0x05, 0x9b, 0x05, 0x9b, 0x05, 0x9b, 0x05, 0x9b, 0x05, 0x9b, 0x05,
  0x9b, 0x05, 0x9b, 0x05, 0x9b, 0x05, 0x9b, 0x05, 0x9b, 0x05, 0x9b, 0x05,
  0x9b, 0x05, 0x9b, 0x05, 0x9b, 0x05, 0x9b, 0x05, 0x9b, 0x05, 0x9b, 0x05,
  0x9b, 0x05, 0x9b, 0x05, 0x9b, 0x05, 0x9b, 0x05, 0x9b, 0x05, 0x9b, 0x05,
  0x9b, 0x05, 0x9b, 0x05, 0x9b, 0x05, 0x9b, 0x05, 0x9b, 0x05, 0x9b, 0x05,
  0x9b, 0x05, 0x9b, 0x05, 0x9b, 0x05, 0x9b, 0x05, 0x9b, 0x05, 0x9b, 0x05,
  0x9b, 0x05, 0x9b, 0x05, 0x9b, 0x05, 0x9b, 0x05, 0x9b, 0x05, 0x9b, 0x05,
  0x9b, 0x05, 0x9b, 0x05, 0x9b, 0x05, 0x9b, 0x05, 0x9b, 0x05, 0x9b, 0x05,
  0x9b, 0x05, 0x9b, 0x05, 0x9b, 0x05, 0x9b, 0x05, 0x9b, 0x05, 0x9b, 0x05,
  0x9b, 0x05, 0x9b, 0x05, 0x9b, 0x05, 0x9b, 0x05, 0x9b, 0x05, 0x9b, 0x05,
  0x9b, 0x05, 0x9b, 0x05, 0x9b, 0x05, 0x7a, 0x05, 0xbb, 0x05, 0x18, 0x0d,
  0x09, 0x0a, 0x00, 0x00, 0x00, 0x00, 0x00, 0x00, 0x00, 0x00, 0x00, 0x00,
  0x00, 0x00, 0x00, 0x00, 0x00, 0x00, 0x00, 0x00, 0x21, 0x19, 0xc2, 0x5c,
  0x21, 0x76, 0x41, 0x6e, 0x40, 0x6e, 0x40, 0x6e, 0x40, 0x6e, 0x40, 0x6e,
  0x40, 0x6e, 0x40, 0x6e, 0x40, 0x6e, 0x40, 0x6e, 0x40, 0x6e, 0x40, 0x6e,
  0x40, 0x6e, 0x40, 0x6e, 0x40, 0x6e, 0x40, 0x6e, 0x40, 0x6e, 0x40, 0x6e,
  0x40, 0x6e, 0x40, 0x6e, 0x40, 0x6e, 0x21, 0x6e, 0x41, 0x3b, 0x00, 0x00,
  0x00, 0x00, 0x00, 0x00, 0x00, 0x00, 0x00, 0x00, 0x00, 0x00, 0x00, 0x00,
  0x00, 0x00, 0x00, 0x00, 0x00, 0x00, 0x00, 0x00, 0x00, 0x00, 0x00, 0x00,
  0x00, 0x00, 0x00, 0x00, 0x00, 0x00, 0x00, 0x00, 0x00, 0x00, 0x00, 0x00,
  0x00, 0x00, 0x00, 0x00, 0x00, 0x00, 0x00, 0x00, 0x00, 0x00, 0x00, 0x00,
  0x00, 0x00, 0x00, 0x00, 0x00, 0x00, 0x00, 0x00, 0x00, 0x00, 0x00, 0x00,
  0x00, 0x00, 0x00, 0x00, 0x00, 0x00, 0x00, 0x00, 0x00, 0x00, 0x00, 0x00,
  0x00, 0x00, 0x00, 0x00, 0x00, 0x00, 0x00, 0x00, 0x00, 0x00, 0x00, 0x00,
  0x00, 0x00, 0x00, 0x00, 0x00, 0x00, 0x00, 0x00, 0x00, 0x00, 0x00, 0x00,
  0x00, 0x00, 0x00, 0x00, 0x00, 0x00, 0x00, 0x00, 0x00, 0x00, 0x00, 0x00,
  0x61, 0x19, 0x62, 0x65, 0x41, 0x6e, 0x40, 0x6e, 0x40, 0x6e, 0x40, 0x6e,
  0x40, 0x6e, 0x40, 0x6e, 0x40, 0x6e, 0x40, 0x6e, 0x40, 0x6e, 0x40, 0x6e,
  0x40, 0x6e, 0x40, 0x6e, 0x40, 0x6e, 0x40, 0x6e, 0x40, 0x6e, 0x40, 0x6e,
  0x40, 0x6e, 0x40, 0x6e, 0x40, 0x6e, 0x40, 0x6e, 0x40, 0x6e, 0x40, 0x6e,
  0x40, 0x6e, 0x40, 0x6e, 0x40, 0x6e, 0x40, 0x6e, 0x40, 0x66, 0x40, 0x6e,
  0x21, 0x65, 0x20, 0x19, 0x00, 0x00, 0xe2, 0x7a, 0xc2, 0xf5, 0xa1, 0xf5,
  0xa0, 0xfd, 0xa0, 0xfd, 0xa0, 0xf5, 0xa0, 0xfd, 0x80, 0xfd, 0xa0, 0xfd,
  0xa0, 0xfd, 0xa0, 0xfd, 0xa0, 0xfd, 0xa0, 0xfd, 0xa0, 0xfd, 0xa0, 0xfd,
  0xa0, 0xfd, 0xa0, 0xfd, 0xa0, 0xfd, 0xa0, 0xfd, 0xa0, 0xfd, 0xa0, 0xfd,
  0xa0, 0xfd, 0xa0, 0xfd, 0xa0, 0xfd, 0xa0, 0xfd, 0xa0, 0xfd, 0xa0, 0xfd,
  0xa0, 0xfd, 0xa0, 0xfd, 0xa0, 0xfd, 0xa1, 0xf5, 0xa1, 0xfd, 0x81, 0xfd,
  0x80, 0xfd, 0xa0, 0xfd, 0xc0, 0xf5, 0xc0, 0xf5, 0xa0, 0xf5, 0xa0, 0xfd,
  0xa0, 0xfd, 0xa0, 0xfd, 0xa0, 0xfd, 0xa0, 0xfd, 0xa0, 0xfd, 0xa0, 0xfd,
  0xa0, 0xfd, 0xa0, 0xfd, 0xa0, 0xfd, 0xa0, 0xfd, 0xa0, 0xfd, 0xa0, 0xfd,
  0xa0, 0xfd, 0xa0, 0xfd, 0xa0, 0xfd, 0xa0, 0xfd, 0xa0, 0xfd, 0xa0, 0xfd,
  0xa0, 0xfd, 0xa0, 0xfd, 0xa0, 0xfd, 0xc0, 0xf5, 0xa0, 0xf5, 0xa1, 0xfd,
  0x81, 0xfd, 0x80, 0xfd, 0xc0, 0xfd, 0xa0, 0xe5, 0x81, 0x8b, 0xc1, 0x18,
  0x00, 0x00, 0x00, 0x00, 0x00, 0x00, 0x00, 0x00, 0x00, 0x00, 0x00, 0x00,
  0x00, 0x00, 0x00, 0x00, 0x00, 0x00, 0x00, 0x00, 0x00, 0x00, 0x00, 0x00,
  0x00, 0x00, 0x00, 0x00, 0x00, 0x00, 0x00, 0x00, 0x00, 0x00, 0x00, 0x00,
  0x00, 0x00, 0x00, 0x00, 0x82, 0x6a, 0xa1, 0xf5, 0xa0, 0xf5, 0xa0, 0xf5,
  0xa0, 0xfd, 0xa0, 0xfd, 0xa0, 0xfd, 0xa0, 0xfd, 0xa0, 0xfd, 0xa0, 0xfd,
  0xa0, 0xfd, 0xa0, 0xfd, 0xa0, 0xfd, 0xa0, 0xfd, 0xa0, 0xfd, 0xa0, 0xfd,
  0xa0, 0xfd, 0xa0, 0xfd, 0xa0, 0xfd, 0xa0, 0xfd, 0xa0, 0xfd, 0xa0, 0xfd,
  0xa1, 0xfd, 0xa2, 0xf5, 0x43, 0xbc, 0x21, 0x29, 0x00, 0x00, 0x00, 0x00,
  0x00, 0x00, 0x00, 0x00, 0x00, 0x00, 0x00, 0x00, 0x00, 0x00, 0x00, 0x00,
  0x21, 0x00, 0xec, 0x0a, 0x58, 0x0d, 0x7a, 0x0d, 0x7b, 0x0d, 0x7b, 0x05,
  0x9a, 0x05, 0x9a, 0x05, 0x9a, 0x05, 0x9b, 0x05, 0x9b, 0x05, 0x9b, 0x05,
  0x9b, 0x05, 0x9b, 0x05, 0x9b, 0x05, 0x9b, 0x05, 0x9b, 0x05, 0x9b, 0x05,
  0x9b, 0x05, 0x9b, 0x05, 0x9b, 0x05, 0x9b, 0x05, 0x9b, 0x05, 0x9b, 0x05,
  0x9b, 0x05, 0x9b, 0x05, 0x9b, 0x05, 0x9b, 0x05, 0x9b, 0x05, 0x9b, 0x05,
  0x9b, 0x05, 0x9b, 0x05, 0x9b, 0x05, 0x9b, 0x05, 0x9b, 0x05, 0x9b, 0x05,
  0x9b, 0x05, 0x9b, 0x05, 0x9b, 0x05, 0x9b, 0x05, 0x9b, 0x05, 0x9b, 0x05,
  0x9b, 0x05, 0x9b, 0x05, 0x9b, 0x05, 0x9b, 0x05, 0x9b, 0x05, 0x9b, 0x05,
  0x9b, 0x05, 0x9b, 0x05, 0x9b, 0x05, 0x9b, 0x05, 0x9b, 0x05, 0x9b, 0x05,
  0x9b, 0x05, 0x9b, 0x05, 0x9b, 0x05, 0x9b, 0x05, 0x9b, 0x05, 0x9b, 0x05,
  0x9b, 0x05, 0x9b, 0x05, 0x9b, 0x05, 0x9b, 0x05, 0xbb, 0x05, 0xbb, 0x05,
  0x9b, 0x05, 0x9b, 0x05, 0x9b, 0x05, 0x7a, 0x05, 0x9b, 0x05, 0x9a, 0x05,
  0xba, 0x0d, 0x4f, 0x0b, 0x61, 0x00, 0x00, 0x00, 0x00, 0x00, 0x00, 0x00,
  0x00, 0x00, 0x00, 0x00, 0x00, 0x00, 0x00, 0x00, 0x00, 0x00, 0x40, 0x00,
  0x41, 0x43, 0x02, 0x76, 0x40, 0x6e, 0x60, 0x6e, 0x40, 0x6e, 0x40, 0x6e,
  0x40, 0x6e, 0x40, 0x6e, 0x40, 0x6e, 0x40, 0x6e, 0x40, 0x6e, 0x40, 0x6e,
  0x40, 0x6e, 0x40, 0x6e, 0x40, 0x6e, 0x40, 0x6e, 0x40, 0x6e, 0x40, 0x6e,
  0x40, 0x6e, 0x40, 0x6e, 0x40, 0x6e, 0x40, 0x6e, 0x40, 0x6e, 0x21, 0x6e,
  0x41, 0x3b, 0x00, 0x00, 0x00, 0x00, 0x00, 0x00, 0x00, 0x00, 0x00, 0x00,
  0x00, 0x00, 0x00, 0x00, 0x00, 0x00, 0x00, 0x00, 0x00, 0x00, 0x00, 0x00,
  0x00, 0x00, 0x00, 0x00, 0x00, 0x00, 0x00, 0x00, 0x00, 0x00, 0x00, 0x00,
  0x00, 0x00, 0x00, 0x00, 0x00, 0x00, 0x00, 0x00, 0x00, 0x00, 0x00, 0x00,
  0x00, 0x00, 0x00, 0x00, 0x00, 0x00, 0x00, 0x00, 0x00, 0x00, 0x00, 0x00,
  0x00, 0x00, 0x00, 0x00, 0x00, 0x00, 0x00, 0x00, 0x00, 0x00, 0x00, 0x00,
  0x00, 0x00, 0x00, 0x00, 0x00, 0x00, 0x00, 0x00, 0x00, 0x00, 0x00, 0x00,
  0x00, 0x00, 0x00, 0x00, 0x00, 0x00, 0x00, 0x00, 0x00, 0x00, 0x00, 0x00,
  0x00, 0x00, 0x00, 0x00, 0x00, 0x00, 0x00, 0x00, 0x00, 0x00, 0x00, 0x00,
  0x00, 0x00, 0x00, 0x00, 0x61, 0x19, 0x42, 0x65, 0x41, 0x6e, 0x40, 0x6e,
  0x40, 0x6e, 0x40, 0x6e, 0x40, 0x6e, 0x40, 0x6e, 0x40, 0x6e, 0x40, 0x6e,
  0x40, 0x6e, 0x40, 0x6e, 0x40, 0x6e, 0x40, 0x6e, 0x40, 0x6e, 0x40, 0x6e,
  0x40, 0x6e, 0x40, 0x6e, 0x40, 0x6e, 0x40, 0x6e, 0x40, 0x6e, 0x40, 0x6e,
  0x40, 0x6e, 0x40, 0x6e, 0x40, 0x6e, 0x40, 0x6e, 0x40, 0x6e, 0x40, 0x6e,
  0x40, 0x66, 0x60, 0x6e, 0x21, 0x65, 0x20, 0x19, 0x00, 0x00, 0xe2, 0x7a,
  0xc2, 0xf5, 0xa1, 0xf5, 0xa0, 0xfd, 0xa0, 0xfd, 0xa0, 0xf5, 0xa0, 0xfd,
  0x80, 0xfd, 0xa0, 0xfd, 0xa0, 0xfd, 0xa0, 0xfd, 0xa0, 0xfd, 0xa0, 0xfd,
  0xa0, 0xfd, 0xa0, 0xfd, 0xa0, 0xfd, 0xa0, 0xfd, 0xa0, 0xfd, 0xa0, 0xfd,
  0xa0, 0xfd, 0xa0, 0xfd, 0xa0, 0xfd, 0xa0, 0xfd, 0xa0, 0xfd, 0xa0, 0xfd,
  0xa0, 0xfd, 0xa0, 0xfd, 0xa0, 0xfd, 0xa0, 0xfd, 0xa0, 0xf5, 0xa1, 0xf5,
  0xa0, 0xfd, 0xa0, 0xfd, 0xa1, 0xfd, 0xa1, 0xfd, 0xa0, 0xfd, 0xa0, 0xfd,
  0x80, 0xfd, 0xa0, 0xfd, 0xa0, 0xfd, 0xa0, 0xfd, 0xa0, 0xfd, 0xa0, 0xfd,
  0xa0, 0xfd, 0xa0, 0xfd, 0xa0, 0xfd, 0xa0, 0xfd, 0xa0, 0xfd, 0xa0, 0xfd,
  0xa0, 0xfd, 0xa0, 0xfd, 0xa0, 0xfd, 0xa0, 0xfd, 0xa0, 0xfd, 0xa0, 0xfd,
  0xa0, 0xfd, 0xa0, 0xfd, 0xa0, 0xfd, 0xa0, 0xfd, 0xa0, 0xfd, 0xc0, 0xf5,
  0xa0, 0xf5, 0xa0, 0xfd, 0xa0, 0xfd, 0xa1, 0xfd, 0xa0, 0xfd, 0xc0, 0xf5,
  0x81, 0xe5, 0x42, 0x83, 0x80, 0x10, 0x00, 0x00, 0x00, 0x00, 0x00, 0x00,
  0x00, 0x00, 0x00, 0x00, 0x00, 0x00, 0x00, 0x00, 0x00, 0x00, 0x00, 0x00,
  0x00, 0x00, 0x00, 0x00, 0x00, 0x00, 0x00, 0x00, 0x00, 0x00, 0x00, 0x00,
  0x00, 0x00, 0x00, 0x00, 0x00, 0x00, 0x00, 0x00, 0x82, 0x6a, 0xa1, 0xf5,
  0xa0, 0xf5, 0xa0, 0xf5, 0xa0, 0xfd, 0xa0, 0xfd, 0xa0, 0xfd, 0xa0, 0xfd,
  0xa0, 0xfd, 0xa0, 0xfd, 0xa0, 0xfd, 0xa0, 0xfd, 0xa0, 0xfd, 0xa0, 0xfd,
  0xa0, 0xfd, 0xa0, 0xfd, 0xa0, 0xfd, 0xa0, 0xfd, 0xa0, 0xfd, 0xa0, 0xfd,
  0xa0, 0xfd, 0xa0, 0xfd, 0x80, 0xfd, 0xa2, 0xf5, 0x82, 0xed, 0x22, 0x8b,
  0x40, 0x08, 0x00, 0x00, 0x00, 0x00, 0x00, 0x00, 0x00, 0x00, 0x00, 0x00,
  0x00, 0x00, 0x00, 0x00, 0x00, 0x00, 0xc3, 0x00, 0x12, 0x0c, 0x7a, 0x15,
  0x5b, 0x0d, 0x9a, 0x05, 0xba, 0x05, 0x9a, 0x05, 0x9a, 0x05, 0x9b, 0x05,
  0x9b, 0x05, 0x9b, 0x05, 0x9b, 0x05, 0x9b, 0x05, 0x9b, 0x05, 0x9b, 0x05,
  0x9b, 0x05, 0x9b, 0x05, 0x9b, 0x05, 0x9b, 0x05, 0x9b, 0x05, 0x9b, 0x05,
  0x9b, 0x05, 0x9b, 0x05, 0x9b, 0x05, 0x9b, 0x05, 0x9b, 0x05, 0x9b, 0x05,
  0x9b, 0x05, 0x9b, 0x05, 0x9b, 0x05, 0x9b, 0x05, 0x9b, 0x05, 0x9b, 0x05,
  0x9b, 0x05, 0x9b, 0x05, 0x9b, 0x05, 0x9b, 0x05, 0x9b, 0x05, 0x9b, 0x05,
  0x9b, 0x05, 0x9b, 0x05, 0x9b, 0x05, 0x9b, 0x05, 0x9b, 0x05, 0x9b, 0x05,
  0x9b, 0x05, 0x9b, 0x05, 0x9b, 0x05, 0x9b, 0x05, 0x9b, 0x05, 0x9b, 0x05,
  0x9b, 0x05, 0x9b, 0x05, 0x9b, 0x05, 0x9b, 0x05, 0x9b, 0x05, 0x9b, 0x05,
  0x9b, 0x05, 0x9b, 0x05, 0x9b, 0x05, 0x9b, 0x05, 0x9b, 0x05, 0xbb, 0x05,
  0xbb, 0x05, 0xbb, 0x05, 0xbb, 0x05, 0x9b, 0x05, 0x9b, 0x05, 0x9b, 0x05,
  0x9b, 0x05, 0x9b, 0x05, 0x94, 0x0c, 0x25, 0x01, 0x00, 0x00, 0x00, 0x00,
  0x00, 0x00, 0x00, 0x00, 0x00, 0x00, 0x00, 0x00, 0x00, 0x00, 0x00, 0x00,
  0x00, 0x00, 0xc1, 0x21, 0x61, 0x65, 0x40, 0x6e, 0x60, 0x66, 0x60, 0x66,
  0x40, 0x6e, 0x40, 0x6e, 0x40, 0x6e, 0x40, 0x6e, 0x40, 0x6e, 0x40, 0x6e,
  0x40, 0x6e, 0x40, 0x6e, 0x40, 0x6e, 0x40, 0x6e, 0x40, 0x6e, 0x40, 0x6e,
  0x40, 0x6e, 0x40, 0x6e, 0x40, 0x6e, 0x40, 0x6e, 0x40, 0x6e, 0x40, 0x6e,
  0x40, 0x6e, 0x21, 0x6e, 0x41, 0x3b, 0x00, 0x00, 0x00, 0x00, 0x00, 0x00,
  0x00, 0x00, 0x00, 0x00, 0x00, 0x00, 0x00, 0x00, 0x00, 0x00, 0x00, 0x00,
  0x00, 0x00, 0x00, 0x00, 0x00, 0x00, 0x00, 0x00, 0x00, 0x00, 0x00, 0x00,
  0x00, 0x00, 0x00, 0x00, 0x00, 0x00, 0x00, 0x00, 0x00, 0x00, 0x00, 0x00,
  0x00, 0x00, 0x00, 0x00, 0x00, 0x00, 0x00, 0x00, 0x00, 0x00, 0x00, 0x00,
  0x00, 0x00, 0x00, 0x00, 0x00, 0x00, 0x00, 0x00, 0x00, 0x00, 0x00, 0x00,
  0x00, 0x00, 0x00, 0x00, 0x00, 0x00, 0x00, 0x00, 0x00, 0x00, 0x00, 0x00,
  0x00, 0x00, 0x00, 0x00, 0x00, 0x00, 0x00, 0x00, 0x00, 0x00, 0x00, 0x00,
  0x00, 0x00, 0x00, 0x00, 0x00, 0x00, 0x00, 0x00, 0x00, 0x00, 0x00, 0x00,
  0x00, 0x00, 0x00, 0x00, 0x00, 0x00, 0x00, 0x00, 0x61, 0x19, 0x42, 0x65,
  0x41, 0x6e, 0x40, 0x6e, 0x40, 0x6e, 0x40, 0x6e, 0x40, 0x6e, 0x40, 0x6e,
  0x40, 0x6e, 0x40, 0x6e, 0x40, 0x6e, 0x40, 0x6e, 0x40, 0x6e, 0x40, 0x6e,
  0x40, 0x6e, 0x40, 0x6e, 0x40, 0x6e, 0x40, 0x6e, 0x40, 0x6e, 0x40, 0x6e,
  0x40, 0x6e, 0x40, 0x6e, 0x40, 0x6e, 0x40, 0x6e, 0x40, 0x6e, 0x40, 0x6e,
  0x40, 0x6e, 0x40, 0x6e, 0x40, 0x66, 0x60, 0x6e, 0x41, 0x65, 0x20, 0x19,
  0x00, 0x00, 0xe2, 0x7a, 0xc2, 0xf5, 0xa1, 0xf5, 0xa0, 0xfd, 0xa0, 0xfd,
  0xa0, 0xf5, 0xa0, 0xfd, 0x80, 0xfd, 0xa0, 0xfd, 0xa0, 0xfd, 0xa0, 0xfd,
  0xa0, 0xfd, 0xa0, 0xfd, 0xa0, 0xfd, 0xa0, 0xfd, 0xa0, 0xfd, 0xa0, 0xfd,
  0xa0, 0xfd, 0xa0, 0xfd, 0xa0, 0xfd, 0xa0, 0xfd, 0xa0, 0xfd, 0xa0, 0xfd,
  0xa0, 0xfd, 0xa0, 0xfd, 0xa0, 0xfd, 0xa0, 0xfd, 0xa0, 0xfd, 0xa0, 0xfd,
  0xa0, 0xf5, 0xa0, 0xf5, 0xa0, 0xfd, 0x80, 0xf5, 0xe2, 0xdc, 0x22, 0xe5,
  0xa1, 0xfd, 0x80, 0xfd, 0x81, 0xfd, 0x81, 0xfd, 0xa0, 0xf5, 0xa0, 0xfd,
  0xa0, 0xfd, 0xa0, 0xfd, 0xa0, 0xfd, 0xa0, 0xfd, 0xa0, 0xfd, 0xa0, 0xfd,
  0xa0, 0xfd, 0xa0, 0xfd, 0xa0, 0xfd, 0xa0, 0xfd, 0xa0, 0xfd, 0xa0, 0xfd,
  0xa0, 0xfd, 0xa0, 0xfd, 0xa0, 0xfd, 0xa0, 0xfd, 0xa0, 0xfd, 0xa0, 0xfd,
  0xa0, 0xfd, 0xc0, 0xfd, 0xa0, 0xf5, 0xc0, 0xfd, 0xa0, 0xfd, 0xa0, 0xfd,
  0x81, 0xfd, 0xa1, 0xfd, 0xc0, 0xfd, 0x20, 0xdd, 0xc2, 0x72, 0x40, 0x08,
  0x00, 0x00, 0x00, 0x00, 0x00, 0x00, 0x00, 0x00, 0x00, 0x00, 0x00, 0x00,
  0x00, 0x00, 0x00, 0x00, 0x00, 0x00, 0x00, 0x00, 0x00, 0x00, 0x00, 0x00,
  0x00, 0x00, 0x00, 0x00, 0x00, 0x00, 0x00, 0x00, 0x00, 0x00, 0x00, 0x00,
  0x82, 0x6a, 0xa2, 0xf5, 0xa0, 0xf5, 0xa0, 0xf5, 0xa0, 0xfd, 0xa0, 0xfd,
  0xa0, 0xfd, 0xa0, 0xfd, 0xa0, 0xfd, 0xa0, 0xfd, 0xa0, 0xfd, 0xa0, 0xfd,
  0xa0, 0xfd, 0xa0, 0xfd, 0xa0, 0xfd, 0xa0, 0xfd, 0xa0, 0xfd, 0xa0, 0xfd,
  0xa0, 0xfd, 0xa0, 0xfd, 0xa0, 0xfd, 0xa0, 0xfd, 0x80, 0xfd, 0xa1, 0xfd,
  0xc1, 0xf5, 0xc1, 0xd4, 0x81, 0x41, 0x00, 0x00, 0x00, 0x00, 0x00, 0x00,
  0x00, 0x00, 0x00, 0x00, 0x00, 0x00, 0x00, 0x00, 0x00, 0x00, 0x00, 0x00,
  0xe8, 0x09, 0xd7, 0x14, 0x7a, 0x0d, 0x9a, 0x05, 0xba, 0x05, 0xbb, 0x05,
  0x9b, 0x05, 0x9b, 0x05, 0x9b, 0x05, 0x9b, 0x05, 0x9b, 0x05, 0x9b, 0x05,
  0x9b, 0x05, 0x9b, 0x05, 0x9b, 0x05, 0x9b, 0x05, 0x9b, 0x05, 0x9b, 0x05,
  0x9b, 0x05, 0x9b, 0x05, 0x9b, 0x05, 0x9b, 0x05, 0x9b, 0x05, 0x9b, 0x05,
  0x9b, 0x05, 0x9b, 0x05, 0x9b, 0x05, 0x9b, 0x05, 0x9b, 0x05, 0x9a, 0x05,
  0x9b, 0x05, 0x9b, 0x05, 0x9b, 0x05, 0x9b, 0x05, 0x9b, 0x05, 0x9b, 0x05,
  0x9b, 0x05, 0x9b, 0x05, 0x9b, 0x05, 0x9b, 0x05, 0x9b, 0x05, 0x9b, 0x05,
  0x9b, 0x05, 0x9b, 0x05, 0x9b, 0x05, 0x9b, 0x05, 0x9b, 0x05, 0x9b, 0x05,
  0x9b, 0x05, 0x9b, 0x05, 0x9b, 0x05, 0x9b, 0x05, 0x9b, 0x05, 0x9b, 0x05,
  0x9b, 0x05, 0x9b, 0x05, 0x9b, 0x05, 0x9b, 0x05, 0x9b, 0x05, 0x9b, 0x05,
  0xbb, 0x05, 0xbb, 0x05, 0xbb, 0x05, 0xbb, 0x05, 0xbb, 0x05, 0xbb, 0x05,
  0x9b, 0x05, 0x7a, 0x05, 0x9b, 0x05, 0x7a, 0x0d, 0x4b, 0x0a, 0x00, 0x00,
  0x00, 0x00, 0x00, 0x00, 0x00, 0x00, 0x00, 0x00, 0x00, 0x00, 0x00, 0x00,
  0x00, 0x00, 0x00, 0x00, 0xa0, 0x08, 0x21, 0x54, 0x41, 0x76, 0x40, 0x66,
  0x60, 0x66, 0x40, 0x66, 0x60, 0x6e, 0x40, 0x6e, 0x40, 0x6e, 0x40, 0x6e,
  0x40, 0x6e, 0x40, 0x6e, 0x40, 0x6e, 0x40, 0x6e, 0x40, 0x6e, 0x40, 0x6e,
  0x40, 0x6e, 0x40, 0x6e, 0x40, 0x6e, 0x40, 0x6e, 0x40, 0x6e, 0x40, 0x6e,
  0x40, 0x6e, 0x40, 0x6e, 0x40, 0x6e, 0x21, 0x6e, 0x41, 0x3b, 0x00, 0x00,
  0x00, 0x00, 0x00, 0x00, 0x00, 0x00, 0x00, 0x00, 0x00, 0x00, 0x00, 0x00,
  0x00, 0x00, 0x00, 0x00, 0x00, 0x00, 0x00, 0x00, 0x00, 0x00, 0x00, 0x00,
  0x00, 0x00, 0x00, 0x00, 0x00, 0x00, 0x00, 0x00, 0x00, 0x00, 0x00, 0x00,
  0x00, 0x00, 0x00, 0x00, 0x00, 0x00, 0x00, 0x00, 0x00, 0x00, 0x00, 0x00,
  0x00, 0x00, 0x00, 0x00, 0x00, 0x00, 0x00, 0x00, 0x00, 0x00, 0x00, 0x00,
  0x00, 0x00, 0x00, 0x00, 0x00, 0x00, 0x00, 0x00, 0x00, 0x00, 0x00, 0x00,
  0x00, 0x00, 0x00, 0x00, 0x00, 0x00, 0x00, 0x00, 0x00, 0x00, 0x00, 0x00,
  0x00, 0x00, 0x00, 0x00, 0x00, 0x00, 0x00, 0x00, 0x00, 0x00, 0x00, 0x00,
  0x00, 0x00, 0x00, 0x00, 0x00, 0x00, 0x00, 0x00, 0x00, 0x00, 0x00, 0x00,
  0x61, 0x19, 0x42, 0x65, 0x21, 0x6e, 0x40, 0x6e, 0x40, 0x6e, 0x40, 0x6e,
  0x40, 0x6e, 0x40, 0x6e, 0x40, 0x6e, 0x40, 0x6e, 0x40, 0x6e, 0x40, 0x6e,
  0x40, 0x6e, 0x40, 0x6e, 0x40, 0x6e, 0x40, 0x6e, 0x40, 0x6e, 0x40, 0x6e,
  0x40, 0x6e, 0x40, 0x6e, 0x40, 0x6e, 0x40, 0x6e, 0x40, 0x6e, 0x40, 0x6e,
  0x40, 0x6e, 0x40, 0x6e, 0x40, 0x6e, 0x40, 0x6e, 0x40, 0x66, 0x60, 0x6e,
  0x41, 0x65, 0x40, 0x19, 0x00, 0x00, 0xe2, 0x7a, 0xc2, 0xf5, 0xa1, 0xf5,
  0xa0, 0xfd, 0xa0, 0xfd, 0xa0, 0xf5, 0xa0, 0xfd, 0x80, 0xfd, 0xa0, 0xfd,
  0xa0, 0xfd, 0xa0, 0xfd, 0xa0, 0xfd, 0xa0, 0xfd, 0xa0, 0xfd, 0xa0, 0xfd,
  0xa0, 0xfd, 0xa0, 0xfd, 0xa0, 0xfd, 0xa0, 0xfd, 0xa0, 0xfd, 0xa0, 0xfd,
  0xa0, 0xfd, 0xa0, 0xfd, 0xa0, 0xfd, 0xa0, 0xfd, 0xa0, 0xfd, 0xa0, 0xfd,
  0xa0, 0xfd, 0xa0, 0xfd, 0xa0, 0xfd, 0xc0, 0xfd, 0xc0, 0xfd, 0x21, 0xdd,
  0x81, 0x6a, 0x82, 0x72, 0x22, 0xe5, 0x80, 0xfd, 0x61, 0xfd, 0x81, 0xfd,
  0xc0, 0xfd, 0xa0, 0xfd, 0xa0, 0xfd, 0xa0, 0xfd, 0xa0, 0xfd, 0xa0, 0xfd,
  0xa0, 0xfd, 0xa0, 0xfd, 0xa0, 0xfd, 0xa0, 0xfd, 0xa0, 0xfd, 0xa0, 0xfd,
  0xa0, 0xfd, 0xa0, 0xfd, 0xa0, 0xfd, 0xa0, 0xfd, 0xa0, 0xfd, 0xa0, 0xfd,
  0xa0, 0xfd, 0xa0, 0xfd, 0xa0, 0xfd, 0xa0, 0xfd, 0xa0, 0xfd, 0xa0, 0xfd,
  0xa0, 0xfd, 0xa0, 0xfd, 0x81, 0xfd, 0x81, 0xfd, 0xa0, 0xfd, 0xc0, 0xfd,
  0xe1, 0xd4, 0x01, 0x52, 0x00, 0x00, 0x00, 0x00, 0x00, 0x00, 0x00, 0x00,
  0x00, 0x00, 0x00, 0x00, 0x00, 0x00, 0x00, 0x00, 0x00, 0x00, 0x00, 0x00,
  0x00, 0x00, 0x00, 0x00, 0x00, 0x00, 0x00, 0x00, 0x00, 0x00, 0x00, 0x00,
  0x00, 0x00, 0x00, 0x00, 0x82, 0x6a, 0xa2, 0xf5, 0xc0, 0xfd, 0xc0, 0xfd,
  0xa0, 0xf5, 0xa0, 0xfd, 0xa0, 0xfd, 0xa0, 0xfd, 0xa0, 0xfd, 0xa0, 0xfd,
  0xa0, 0xfd, 0xa0, 0xfd, 0xa0, 0xfd, 0xa0, 0xfd, 0xa0, 0xfd, 0xa0, 0xfd,
  0xa0, 0xfd, 0xa0, 0xfd, 0xa0, 0xfd, 0xa0, 0xfd, 0xa0, 0xfd, 0xa0, 0xfd,
  0x80, 0xfd, 0xa1, 0xfd, 0xc0, 0xf5, 0xa1, 0xf5, 0xa2, 0xa3, 0x60, 0x10,
  0x00, 0x00, 0x00, 0x00, 0x00, 0x00, 0x00, 0x00, 0x00, 0x00, 0x00, 0x00,
  0x00, 0x00, 0x00, 0x00, 0x61, 0x00, 0x70, 0x13, 0x9a, 0x0d, 0xba, 0x05,
  0xdb, 0x05, 0x9b, 0x05, 0x9b, 0x05, 0x9b, 0x05, 0x9b, 0x05, 0x9b, 0x05,
  0x9b, 0x05, 0x9b, 0x05, 0x9b, 0x05, 0x9b, 0x05, 0x9b, 0x05, 0x9b, 0x05,
  0x9b, 0x05, 0x9b, 0x05, 0x9b, 0x05, 0x9b, 0x05, 0x9b, 0x05, 0x9b, 0x05,
  0x9b, 0x05, 0x9b, 0x05, 0x9b, 0x05, 0x9b, 0x05, 0x9b, 0x05, 0x9b, 0x05,
  0x9b, 0x05, 0x9b, 0x05, 0x9b, 0x05, 0x9b, 0x05, 0x9b, 0x05, 0x9b, 0x05,
  0x9b, 0x05, 0x9b, 0x05, 0x9b, 0x05, 0x9b, 0x05, 0x9b, 0x05, 0x9b, 0x05,
  0x9b, 0x05, 0x9b, 0x05, 0x9b, 0x05, 0x9b, 0x05, 0x9b, 0x05, 0x9b, 0x05,
  0x9b, 0x05, 0x9b, 0x05, 0x9b, 0x05, 0x9b, 0x05, 0x9b, 0x05, 0x9b, 0x05,
  0x9b, 0x05, 0x9b, 0x05, 0x9b, 0x05, 0x9b, 0x05, 0x9b, 0x05, 0x9b, 0x05,
  0x9b, 0x05, 0x9b, 0x05, 0xbb, 0x05, 0xbb, 0x05, 0xbb, 0x05, 0x9b, 0x05,
  0xbb, 0x05, 0xbb, 0x05, 0xbb, 0x05, 0x9b, 0x05, 0x9a, 0x05, 0xd2, 0x0b,
  0x82, 0x00, 0x00, 0x00, 0x00, 0x00, 0x00, 0x00, 0x00, 0x00, 0x00, 0x00,
  0x00, 0x00, 0x00, 0x00, 0x00, 0x00, 0x00, 0x00, 0x61, 0x32, 0xa1, 0x6d,
  0x60, 0x6e, 0x60, 0x66, 0x40, 0x66, 0x40, 0x66, 0x40, 0x6e, 0x40, 0x6e,
  0x40, 0x6e, 0x40, 0x6e, 0x40, 0x6e, 0x40, 0x6e, 0x40, 0x6e, 0x40, 0x6e,
  0x40, 0x6e, 0x40, 0x6e, 0x40, 0x6e, 0x40, 0x6e, 0x40, 0x6e, 0x40, 0x6e,
  0x40, 0x6e, 0x40, 0x6e, 0x40, 0x6e, 0x40, 0x6e, 0x40, 0x6e, 0x21, 0x6e,
  0x41, 0x3b, 0x00, 0x00, 0x00, 0x00, 0x00, 0x00, 0x00, 0x00, 0x00, 0x00,
  0x00, 0x00, 0x00, 0x00, 0x00, 0x00, 0x00, 0x00, 0x00, 0x00, 0x00, 0x00,
  0x00, 0x00, 0x00, 0x00, 0x00, 0x00, 0x00, 0x00, 0x00, 0x00, 0x00, 0x00,
  0x00, 0x00, 0x00, 0x00, 0x00, 0x00, 0x00, 0x00, 0x00, 0x00, 0x00, 0x00,
  0x00, 0x00, 0x00, 0x00, 0x00, 0x00, 0x00, 0x00, 0x00, 0x00, 0x00, 0x00,
  0x00, 0x00, 0x00, 0x00, 0x00, 0x00, 0x00, 0x00, 0x00, 0x00, 0x00, 0x00,
  0x00, 0x00, 0x00, 0x00, 0x00, 0x00, 0x00, 0x00, 0x00, 0x00, 0x00, 0x00,
  0x00, 0x00, 0x00, 0x00, 0x00, 0x00, 0x00, 0x00, 0x00, 0x00, 0x00, 0x00,
  0x00, 0x00, 0x00, 0x00, 0x00, 0x00, 0x00, 0x00, 0x00, 0x00, 0x00, 0x00,
  0x00, 0x00, 0x00, 0x00, 0x81, 0x21, 0x62, 0x65, 0x21, 0x6e, 0x40, 0x6e,
  0x40, 0x6e, 0x40, 0x6e, 0x40, 0x6e, 0x40, 0x6e, 0x40, 0x6e, 0x40, 0x6e,
  0x40, 0x6e, 0x40, 0x6e, 0x40, 0x6e, 0x40, 0x6e, 0x40, 0x6e, 0x40, 0x6e,
  0x40, 0x6e, 0x40, 0x6e, 0x40, 0x6e, 0x40, 0x6e, 0x40, 0x6e, 0x40, 0x6e,
  0x40, 0x6e, 0x40, 0x6e, 0x40, 0x6e, 0x40, 0x6e, 0x40, 0x6e, 0x40, 0x6e,
  0x40, 0x6e, 0x60, 0x6e, 0x41, 0x65, 0x40, 0x19, 0x00, 0x00, 0xe2, 0x7a,
  0xc2, 0xf5, 0xa1, 0xf5, 0xa0, 0xfd, 0xa0, 0xfd, 0xa0, 0xf5, 0xa0, 0xfd,
  0x80, 0xfd, 0xa0, 0xfd, 0xa0, 0xfd, 0xa0, 0xfd, 0xa0, 0xfd, 0xa0, 0xfd,
  0xa0, 0xfd, 0xa0, 0xfd, 0xa0, 0xfd, 0xa0, 0xfd, 0xa0, 0xfd, 0xa0, 0xfd,
  0xa0, 0xfd, 0xa0, 0xfd, 0xa0, 0xfd, 0xa0, 0xfd, 0xa0, 0xfd, 0xa0, 0xfd,
  0xa0, 0xfd, 0xa0, 0xfd, 0xa0, 0xfd, 0xa0, 0xfd, 0xa0, 0xfd, 0xa0, 0xfd,
  0xa1, 0xfd, 0xe2, 0xd4, 0x61, 0x39, 0x60, 0x10, 0xe2, 0x82, 0x62, 0xf5,
  0x81, 0xfd, 0xa0, 0xfd, 0xa0, 0xf5, 0xa0, 0xfd, 0xa0, 0xfd, 0xa0, 0xfd,
  0xa0, 0xfd, 0xa0, 0xfd, 0xa0, 0xfd, 0xa0, 0xfd, 0xa0, 0xfd, 0xa0, 0xfd,
  0xa0, 0xfd, 0xa0, 0xfd, 0xa0, 0xfd, 0xa0, 0xfd, 0xa0, 0xfd, 0xa0, 0xfd,
  0xa0, 0xfd, 0xa0, 0xfd, 0xa0, 0xfd, 0xa0, 0xfd, 0xa0, 0xfd, 0xa0, 0xfd,
  0xa0, 0xfd, 0xa0, 0xfd, 0xa0, 0xf5, 0xa0, 0xfd, 0xa0, 0xfd, 0x80, 0xfd,
  0x80, 0xfd, 0x80, 0xfd, 0xa1, 0xfd, 0x82, 0xc4, 0xc1, 0x49, 0x00, 0x00,
  0x00, 0x00, 0x00, 0x00, 0x00, 0x00, 0x00, 0x00, 0x00, 0x00, 0x00, 0x00,
  0x00, 0x00, 0x00, 0x00, 0x00, 0x00, 0x00, 0x00, 0x00, 0x00, 0x00, 0x00,
  0x00, 0x00, 0x00, 0x00, 0x00, 0x00, 0x00, 0x00, 0x82, 0x6a, 0xa2, 0xf5,
  0xc0, 0xfd, 0xc0, 0xfd, 0xa0, 0xf5, 0xa0, 0xfd, 0xa0, 0xfd, 0xa0, 0xfd,
  0xa0, 0xfd, 0xa0, 0xfd, 0xa0, 0xfd, 0xa0, 0xfd, 0xa0, 0xfd, 0xa0, 0xfd,
  0xa0, 0xfd, 0xa0, 0xfd, 0xa0, 0xfd, 0xa0, 0xfd, 0xa0, 0xfd, 0xa0, 0xfd,
  0xa0, 0xfd, 0xa0, 0xfd, 0x81, 0xfd, 0xc0, 0xfd, 0xa0, 0xf5, 0xc1, 0xfd,
  0x02, 0xdd, 0x02, 0x5a, 0x00, 0x00, 0x00, 0x00, 0x00, 0x00, 0x00, 0x00,
  0x00, 0x00, 0x00, 0x00, 0x00, 0x00, 0x00, 0x00, 0x00, 0x00, 0x46, 0x09,
  0xd5, 0x14, 0xba, 0x05, 0xba, 0x05, 0x9b, 0x05, 0x9b, 0x05, 0x9b, 0x05,
  0x9b, 0x05, 0x9b, 0x05, 0x9b, 0x05, 0x9b, 0x05, 0x9b, 0x05, 0x9b, 0x05,
  0x9b, 0x05, 0x9b, 0x05, 0x9b, 0x05, 0x9b, 0x05, 0x9b, 0x05, 0x9b, 0x05,
  0x9b, 0x05, 0x9b, 0x05, 0x9b, 0x05, 0x9b, 0x05, 0x9b, 0x05, 0x9b, 0x05,
  0x9b, 0x05, 0x9b, 0x05, 0x9b, 0x05, 0x9b, 0x05, 0x9b, 0x05, 0x9b, 0x05,
  0x9b, 0x05, 0x9b, 0x05, 0x9b, 0x05, 0x9b, 0x05, 0x9b, 0x05, 0x9b, 0x05,
  0x9b, 0x05, 0x9b, 0x05, 0x9b, 0x05, 0x9b, 0x05, 0x9b, 0x05, 0x9b, 0x05,
  0x9b, 0x05, 0x9b, 0x05, 0x9b, 0x05, 0x9b, 0x05, 0x9b, 0x05, 0x9b, 0x05,
  0x9b, 0x05, 0x9b, 0x05, 0x9b, 0x05, 0x9b, 0x05, 0x9b, 0x05, 0x9b, 0x05,
  0x9b, 0x05, 0x9b, 0x05, 0x9b, 0x05, 0xbb, 0x05, 0xbb, 0x05, 0xbb, 0x05,
  0xbb, 0x05, 0x9b, 0x05, 0x9b, 0x05, 0x9b, 0x05, 0x9b, 0x05, 0x9a, 0x05,
  0xd7, 0x0c, 0xa7, 0x09, 0x00, 0x00, 0x00, 0x00, 0x00, 0x00, 0x00, 0x00,
  0x00, 0x00, 0x00, 0x00, 0x00, 0x00, 0x00, 0x00, 0x00, 0x00, 0x01, 0x11,
  0xa1, 0x5c, 0x61, 0x76, 0x40, 0x66, 0x40, 0x6e, 0x40, 0x6e, 0x40, 0x6e,
  0x40, 0x6e, 0x40, 0x6e, 0x40, 0x6e, 0x40, 0x6e, 0x40, 0x6e, 0x40, 0x6e,
  0x40, 0x6e, 0x40, 0x6e, 0x40, 0x6e, 0x40, 0x6e, 0x40, 0x6e, 0x40, 0x6e,
  0x40, 0x6e, 0x40, 0x6e, 0x40, 0x6e, 0x40, 0x6e, 0x40, 0x6e, 0x40, 0x6e,
  0x40, 0x6e, 0x21, 0x6e, 0x41, 0x3b, 0x00, 0x00, 0x00, 0x00, 0x00, 0x00,
  0x00, 0x00, 0x00, 0x00, 0x00, 0x00, 0x00, 0x00, 0x00, 0x00, 0x00, 0x00,
  0x00, 0x00, 0x00, 0x00, 0x00, 0x00, 0x00, 0x00, 0x00, 0x00, 0x00, 0x00,
  0x00, 0x00, 0x00, 0x00, 0x00, 0x00, 0x00, 0x00, 0x00, 0x00, 0x00, 0x00,
  0x00, 0x00, 0x00, 0x00, 0x00, 0x00, 0x00, 0x00, 0x00, 0x00, 0x00, 0x00,
  0x00, 0x00, 0x00, 0x00, 0x00, 0x00, 0x00, 0x00, 0x00, 0x00, 0x00, 0x00,
  0x00, 0x00, 0x00, 0x00, 0x00, 0x00, 0x00, 0x00, 0x00, 0x00, 0x00, 0x00,
  0x00, 0x00, 0x00, 0x00, 0x00, 0x00, 0x00, 0x00, 0x00, 0x00, 0x00, 0x00,
  0x00, 0x00, 0x00, 0x00, 0x00, 0x00, 0x00, 0x00, 0x00, 0x00, 0x00, 0x00,
  0x00, 0x00, 0x00, 0x00, 0x00, 0x00, 0x00, 0x00, 0xa1, 0x21, 0x61, 0x65,
  0x40, 0x6e, 0x40, 0x6e, 0x40, 0x6e, 0x40, 0x6e, 0x40, 0x6e, 0x40, 0x6e,
  0x40, 0x6e, 0x40, 0x6e, 0x40, 0x6e, 0x40, 0x6e, 0x40, 0x6e, 0x40, 0x6e,
  0x40, 0x6e, 0x40, 0x6e, 0x40, 0x6e, 0x40, 0x6e, 0x40, 0x6e, 0x40, 0x6e,
  0x40, 0x6e, 0x40, 0x6e, 0x40, 0x6e, 0x40, 0x6e, 0x40, 0x6e, 0x40, 0x6e,
  0x40, 0x6e, 0x40, 0x6e, 0x40, 0x6e, 0x61, 0x6e, 0x41, 0x65, 0x40, 0x19,
  0x00, 0x00, 0xe2, 0x7a, 0xc2, 0xf5, 0xa1, 0xf5, 0xa0, 0xfd, 0xa0, 0xfd,
  0xa0, 0xf5, 0xa0, 0xfd, 0x80, 0xfd, 0xa0, 0xfd, 0xa0, 0xfd, 0xa0, 0xfd,
  0xa0, 0xfd, 0xa0, 0xfd, 0xa0, 0xfd, 0xa0, 0xfd, 0xa0, 0xfd, 0xa0, 0xfd,
  0xa0, 0xfd, 0xa0, 0xfd, 0xa0, 0xfd, 0xa0, 0xfd, 0xa0, 0xfd, 0xa0, 0xfd,
  0xa0, 0xfd, 0xa0, 0xfd, 0xa0, 0xfd, 0xa0, 0xfd, 0xa0, 0xfd, 0xa0, 0xfd,
  0xa0, 0xfd, 0x80, 0xf5, 0xa2, 0xfd, 0xc2, 0xd4, 0x21, 0x31, 0x00, 0x00,
  0x81, 0x10, 0x62, 0x93, 0x83, 0xf5, 0xa0, 0xfd, 0xa0, 0xf5, 0xa0, 0xfd,
  0xa0, 0xfd, 0xa0, 0xfd, 0xa0, 0xfd, 0xa0, 0xfd, 0xa0, 0xfd, 0xa0, 0xfd,
  0xa0, 0xfd, 0xa0, 0xfd, 0xa0, 0xfd, 0xa0, 0xfd, 0xa0, 0xfd, 0xa0, 0xfd,
  0xa0, 0xfd, 0xa0, 0xfd, 0xa0, 0xfd, 0xa0, 0xfd, 0xa0, 0xfd, 0xa0, 0xfd,
  0xa0, 0xfd, 0xa0, 0xfd, 0x80, 0xfd, 0xa1, 0xfd, 0xa0, 0xf5, 0xa0, 0xfd,
  0xa0, 0xfd, 0xc0, 0xfd, 0x80, 0xfd, 0xa1, 0xfd, 0xa1, 0xfd, 0xa1, 0xfd,
  0x42, 0xb4, 0x41, 0x31, 0x00, 0x00, 0x00, 0x00, 0x00, 0x00, 0x00, 0x00,
  0x00, 0x00, 0x00, 0x00, 0x00, 0x00, 0x00, 0x00, 0x00, 0x00, 0x00, 0x00,
  0x00, 0x00, 0x00, 0x00, 0x00, 0x00, 0x00, 0x00, 0x00, 0x00, 0x00, 0x00,
  0x82, 0x6a, 0xa2, 0xf5, 0xc0, 0xfd, 0xc0, 0xfd, 0xa0, 0xf5, 0xa0, 0xfd,
  0xa0, 0xfd, 0xa0, 0xfd, 0xa0, 0xfd, 0xa0, 0xfd, 0xa0, 0xfd, 0xa0, 0xfd,
  0xa0, 0xfd, 0xa0, 0xfd, 0xa0, 0xfd, 0xa0, 0xfd, 0xa0, 0xfd, 0xa0, 0xfd,
  0xa0, 0xfd, 0xa0, 0xfd, 0xa0, 0xfd, 0xa0, 0xfd, 0xa1, 0xfd, 0xa0, 0xf5,
  0xa0, 0xf5, 0xa1, 0xf5, 0xa2, 0xfd, 0x22, 0xb4, 0x01, 0x29, 0x00, 0x00,
  0x00, 0x00, 0x00, 0x00, 0x00, 0x00, 0x00, 0x00, 0x00, 0x00, 0x00, 0x00,
  0x00, 0x00, 0x20, 0x00, 0xab, 0x0a, 0x98, 0x0d, 0x9a, 0x05, 0x7b, 0x05,
  0x7b, 0x05, 0x9b, 0x05, 0x9b, 0x05, 0x9b, 0x05, 0x9b, 0x05, 0x9b, 0x05,
  0x9b, 0x05, 0x9b, 0x05, 0x9b, 0x05, 0x9b, 0x05, 0x9b, 0x05, 0x9b, 0x05,
  0x9b, 0x05, 0x9b, 0x05, 0x9b, 0x05, 0x9b, 0x05, 0x9b, 0x05, 0x9b, 0x05,
  0x9b, 0x05, 0x9b, 0x05, 0x9b, 0x05, 0x9b, 0x05, 0x9b, 0x05, 0x9b, 0x05,
  0x9b, 0x05, 0x9b, 0x05, 0x9b, 0x05, 0x9b, 0x05, 0x9b, 0x05, 0x9b, 0x05,
  0x9b, 0x05, 0x9b, 0x05, 0x9b, 0x05, 0x9b, 0x05, 0x9b, 0x05, 0x9b, 0x05,
  0x9b, 0x05, 0x9b, 0x05, 0x9b, 0x05, 0x9b, 0x05, 0x9b, 0x05, 0x9b, 0x05,
  0x9b, 0x05, 0x9b, 0x05, 0x9b, 0x05, 0x9b, 0x05, 0x9b, 0x05, 0x9b, 0x05,
  0x9b, 0x05, 0x9b, 0x05, 0x9b, 0x05, 0x9b, 0x05, 0xbb, 0x05, 0xbb, 0x05,
  0xbb, 0x05, 0xbb, 0x05, 0xbb, 0x05, 0x9b, 0x05, 0x9b, 0x05, 0x9b, 0x05,
  0x9b, 0x05, 0x9a, 0x0d, 0xed, 0x0a, 0x20, 0x00, 0x00, 0x00, 0x00, 0x00,
  0x00, 0x00, 0x00, 0x00, 0x00, 0x00, 0x00, 0x00, 0x00, 0x00, 0x00, 0x00,
  0x40, 0x00, 0x22, 0x43, 0x01, 0x76, 0x40, 0x6e, 0x40, 0x66, 0x40, 0x6e,
  0x40, 0x6e, 0x20, 0x6e, 0x40, 0x6e, 0x40, 0x6e, 0x40, 0x6e, 0x40, 0x6e,
  0x40, 0x6e, 0x40, 0x6e, 0x40, 0x6e, 0x40, 0x6e, 0x40, 0x6e, 0x40, 0x6e,
  0x40, 0x6e, 0x40, 0x6e, 0x40, 0x6e, 0x40, 0x6e, 0x40, 0x6e, 0x40, 0x6e,
  0x40, 0x6e, 0x40, 0x6e, 0x40, 0x6e, 0x21, 0x6e, 0x41, 0x3b, 0x00, 0x00,
  0x00, 0x00, 0x00, 0x00, 0x00, 0x00, 0x00, 0x00, 0x00, 0x00, 0x00, 0x00,
  0x00, 0x00, 0x00, 0x00, 0x00, 0x00, 0x00, 0x00, 0x00, 0x00, 0x00, 0x00,
  0x00, 0x00, 0x00, 0x00, 0x00, 0x00, 0x00, 0x00, 0x00, 0x00, 0x00, 0x00,
  0x00, 0x00, 0x00, 0x00, 0x00, 0x00, 0x00, 0x00, 0x00, 0x00, 0x00, 0x00,
  0x00, 0x00, 0x00, 0x00, 0x00, 0x00, 0x00, 0x00, 0x00, 0x00, 0x00, 0x00,
  0x00, 0x00, 0x00, 0x00, 0x00, 0x00, 0x00, 0x00, 0x00, 0x00, 0x00, 0x00,
  0x00, 0x00, 0x00, 0x00, 0x00, 0x00, 0x00, 0x00, 0x00, 0x00, 0x00, 0x00,
  0x00, 0x00, 0x00, 0x00, 0x00, 0x00, 0x00, 0x00, 0x00, 0x00, 0x00, 0x00,
  0x00, 0x00, 0x00, 0x00, 0x00, 0x00, 0x00, 0x00, 0x00, 0x00, 0x00, 0x00,
  0x01, 0x2a, 0xa1, 0x6d, 0x40, 0x6e, 0x40, 0x6e, 0x40, 0x6e, 0x40, 0x6e,
  0x40, 0x6e, 0x40, 0x6e, 0x40, 0x6e, 0x40, 0x6e, 0x40, 0x6e, 0x40, 0x6e,
  0x40, 0x6e, 0x40, 0x6e, 0x40, 0x6e, 0x40, 0x6e, 0x40, 0x6e, 0x40, 0x6e,
  0x40, 0x6e, 0x40, 0x6e, 0x40, 0x6e, 0x40, 0x6e, 0x40, 0x6e, 0x40, 0x6e,
  0x40, 0x6e, 0x40, 0x6e, 0x40, 0x6e, 0x40, 0x6e, 0x40, 0x6e, 0x61, 0x6e,
  0x41, 0x65, 0x40, 0x19, 0x00, 0x00, 0xe2, 0x7a, 0xc2, 0xf5, 0xa1, 0xf5,
  0xa0, 0xfd, 0xa0, 0xfd, 0xa0, 0xf5, 0xa0, 0xfd, 0x80, 0xfd, 0xa0, 0xfd,
  0xa0, 0xfd, 0xa0, 0xfd, 0xa0, 0xfd, 0xa0, 0xfd, 0xa0, 0xfd, 0xa0, 0xfd,
  0xa0, 0xfd, 0xa0, 0xfd, 0xa0, 0xfd, 0xa0, 0xfd, 0xa0, 0xfd, 0xa0, 0xfd,
  0xa0, 0xfd, 0xa0, 0xfd, 0xa0, 0xfd, 0xa0, 0xfd, 0xa0, 0xfd, 0xa0, 0xfd,
  0xa0, 0xfd, 0xa0, 0xfd, 0xc0, 0xfd, 0xa0, 0xfd, 0x82, 0xfd, 0xe3, 0xdc,
  0x41, 0x31, 0x00, 0x00, 0x00, 0x00, 0xc1, 0x18, 0xa3, 0x9b, 0xa2, 0xf5,
  0xa0, 0xfd, 0xa0, 0xfd, 0xa0, 0xfd, 0xa0, 0xfd, 0xa0, 0xfd, 0xa0, 0xfd,
  0xa0, 0xfd, 0xa0, 0xfd, 0xa0, 0xfd, 0xa0, 0xfd, 0xa0, 0xfd, 0xa0, 0xfd,
  0xa0, 0xfd, 0xa0, 0xfd, 0xa0, 0xfd, 0xa0, 0xfd, 0xa0, 0xfd, 0xa0, 0xfd,
  0xa0, 0xfd, 0xa0, 0xfd, 0xa0, 0xfd, 0xa0, 0xfd, 0xa0, 0xfd, 0xa0, 0xfd,
  0xa0, 0xf5, 0xa0, 0xfd, 0xc0, 0xfd, 0xa0, 0xfd, 0xc1, 0xfd, 0xa1, 0xf5,
  0xa0, 0xf5, 0xc0, 0xfd, 0x61, 0xf5, 0xc2, 0xab, 0xe1, 0x28, 0x00, 0x00,
  0x00, 0x00, 0x00, 0x00, 0x00, 0x00, 0x00, 0x00, 0x00, 0x00, 0x00, 0x00,
  0x00, 0x00, 0x00, 0x00, 0x00, 0x00, 0x00, 0x00, 0x00, 0x00, 0x00, 0x00,
  0x00, 0x00, 0x00, 0x00, 0x82, 0x6a, 0xa2, 0xf5, 0xc0, 0xfd, 0xc0, 0xfd,
  0xa0, 0xf5, 0xa0, 0xfd, 0xa0, 0xfd, 0xa0, 0xfd, 0xa0, 0xfd, 0xa0, 0xfd,
  0xa0, 0xfd, 0xa0, 0xfd, 0xa0, 0xfd, 0xa0, 0xfd, 0xa0, 0xfd, 0xa0, 0xfd,
  0xa0, 0xfd, 0xa0, 0xfd, 0xa0, 0xfd, 0xa0, 0xfd, 0xa0, 0xfd, 0xa0, 0xfd,
  0xc0, 0xf5, 0xa0, 0xf5, 0xa1, 0xfd, 0x80, 0xfd, 0xa0, 0xfd, 0x61, 0xed,
  0xe2, 0x7a, 0x40, 0x08, 0x00, 0x00, 0x00, 0x00, 0x00, 0x00, 0x00, 0x00,
  0x00, 0x00, 0x00, 0x00, 0x00, 0x00, 0x00, 0x00, 0xc3, 0x00, 0x12, 0x0c,
  0xba, 0x0d, 0x7a, 0x05, 0x9b, 0x05, 0x9b, 0x05, 0x9b, 0x05, 0x9b, 0x05,
  0x9b, 0x05, 0x9b, 0x05, 0x9b, 0x05, 0x9b, 0x05, 0x9b, 0x05, 0x9b, 0x05,
  0x9b, 0x05, 0x9b, 0x05, 0x9b, 0x05, 0x9b, 0x05, 0x9b, 0x05, 0x9b, 0x05,
  0x9b, 0x05, 0x9b, 0x05, 0x9b, 0x05, 0x9b, 0x05, 0x9b, 0x05, 0x9b, 0x05,
  0x9b, 0x05, 0x9b, 0x05, 0x9b, 0x05, 0x9b, 0x05, 0x9b, 0x05, 0x9b, 0x05,
  0x9b, 0x05, 0x9b, 0x05, 0x9b, 0x05, 0x9b, 0x05, 0x9b, 0x05, 0x9b, 0x05,
  0x9b, 0x05, 0x9b, 0x05, 0x9b, 0x05, 0x9b, 0x05, 0x9b, 0x05, 0x9b, 0x05,
  0x9b, 0x05, 0x9b, 0x05, 0x9b, 0x05, 0x9b, 0x05, 0x9b, 0x05, 0x9b, 0x05,
  0x9b, 0x05, 0x9b, 0x05, 0x9b, 0x05, 0x9b, 0x05, 0x9b, 0x05, 0xbb, 0x05,
  0xbb, 0x05, 0xbb, 0x05, 0xbb, 0x05, 0xbb, 0x05, 0x9b, 0x05, 0x9b, 0x05,
  0x9b, 0x05, 0x9b, 0x05, 0x9b, 0x05, 0x75, 0x0c, 0x05, 0x09, 0x00, 0x00,
  0x00, 0x00, 0x00, 0x00, 0x00, 0x00, 0x00, 0x00, 0x00, 0x00, 0x00, 0x00,
  0x00, 0x00, 0x00, 0x00, 0xa1, 0x21, 0x22, 0x65, 0x40, 0x6e, 0x60, 0x66,
  0x60, 0x6e, 0x40, 0x6e, 0x40, 0x6e, 0x40, 0x6e, 0x40, 0x66, 0x60, 0x66,
  0x40, 0x6e, 0x40, 0x6e, 0x40, 0x6e, 0x40, 0x6e, 0x40, 0x6e, 0x40, 0x6e,
  0x40, 0x6e, 0x40, 0x6e, 0x40, 0x6e, 0x40, 0x6e, 0x40, 0x6e, 0x40, 0x6e,
  0x40, 0x6e, 0x40, 0x6e, 0x40, 0x6e, 0x40, 0x6e, 0x40, 0x6e, 0x21, 0x6e,
  0x41, 0x3b, 0x00, 0x00, 0x00, 0x00, 0x00, 0x00, 0x00, 0x00, 0x00, 0x00,
  0x00, 0x00, 0x00, 0x00, 0x00, 0x00, 0x00, 0x00, 0x00, 0x00, 0x00, 0x00,
  0x00, 0x00, 0x00, 0x00, 0x00, 0x00, 0x00, 0x00, 0x00, 0x00, 0x00, 0x00,
  0x00, 0x00, 0x00, 0x00, 0x00, 0x00, 0x00, 0x00, 0x00, 0x00, 0x00, 0x00,
  0x00, 0x00, 0x00, 0x00, 0x00, 0x00, 0x00, 0x00, 0x00, 0x00, 0x00, 0x00,
  0x00, 0x00, 0x00, 0x00, 0x00, 0x00, 0x00, 0x00, 0x00, 0x00, 0x00, 0x00,
  0x00, 0x00, 0x00, 0x00, 0x00, 0x00, 0x00, 0x00, 0x00, 0x00, 0x00, 0x00,
  0x00, 0x00, 0x00, 0x00, 0x00, 0x00, 0x00, 0x00, 0x00, 0x00, 0x00, 0x00,
  0x00, 0x00, 0x00, 0x00, 0x00, 0x00, 0x00, 0x00, 0x00, 0x00, 0x00, 0x00,
  0x00, 0x00, 0x00, 0x00, 0x81, 0x32, 0xc1, 0x6d, 0x40, 0x6e, 0x40, 0x6e,
  0x40, 0x6e, 0x40, 0x6e, 0x40, 0x6e, 0x40, 0x6e, 0x40, 0x6e, 0x40, 0x6e,
  0x40, 0x6e, 0x40, 0x6e, 0x40, 0x6e, 0x40, 0x6e, 0x40, 0x6e, 0x40, 0x6e,
  0x40, 0x6e, 0x40, 0x6e, 0x40, 0x6e, 0x40, 0x6e, 0x40, 0x6e, 0x40, 0x6e,
  0x40, 0x6e, 0x40, 0x6e, 0x40, 0x6e, 0x40, 0x6e, 0x40, 0x6e, 0x40, 0x6e,
  0x40, 0x6e, 0x61, 0x6e, 0x21, 0x65, 0x20, 0x19, 0x00, 0x00, 0xe2, 0x7a,
  0xc2, 0xf5, 0xa1, 0xf5, 0xa0, 0xfd, 0xa0, 0xf5, 0xa0, 0xf5, 0xa0, 0xfd,
  0x80, 0xfd, 0xa0, 0xfd, 0xa0, 0xfd, 0xa0, 0xfd, 0xa0, 0xfd, 0xa0, 0xfd,
  0xa0, 0xfd, 0xa0, 0xfd, 0xa0, 0xfd, 0xa0, 0xfd, 0xa0, 0xfd, 0xa0, 0xfd,
  0xa0, 0xfd, 0xa0, 0xfd, 0xa0, 0xfd, 0xa0, 0xfd, 0xa0, 0xfd, 0xa0, 0xfd,
  0xa0, 0xfd, 0xa0, 0xfd, 0xa0, 0xfd, 0xa0, 0xfd, 0xa0, 0xf5, 0xa0, 0xfd,
  0x81, 0xfd, 0x02, 0xe5, 0x61, 0x39, 0x00, 0x00, 0x00, 0x00, 0x00, 0x00,
  0x01, 0x29, 0x43, 0xb4, 0xa1, 0xf5, 0xa0, 0xfd, 0xa0, 0xfd, 0xa0, 0xfd,
  0xa0, 0xfd, 0xa0, 0xfd, 0xa0, 0xfd, 0xa0, 0xfd, 0xa0, 0xfd, 0xa0, 0xfd,
  0xa0, 0xfd, 0xa0, 0xfd, 0xa0, 0xfd, 0xa0, 0xfd, 0xa0, 0xfd, 0xa0, 0xfd,
  0xa0, 0xfd, 0xa0, 0xfd, 0xa0, 0xfd, 0xa0, 0xfd, 0xa0, 0xfd, 0xa0, 0xfd,
  0xa0, 0xfd, 0xa0, 0xfd, 0xa0, 0xfd, 0xa0, 0xfd, 0xc0, 0xfd, 0xa0, 0xfd,
  0xa0, 0xfd, 0xc0, 0xf5, 0xc0, 0xf5, 0xa0, 0xf5, 0x81, 0xfd, 0x42, 0xfd,
  0x82, 0x9b, 0xc1, 0x18, 0x00, 0x00, 0x00, 0x00, 0x00, 0x00, 0x00, 0x00,
  0x00, 0x00, 0x00, 0x00, 0x00, 0x00, 0x00, 0x00, 0x00, 0x00, 0x00, 0x00,
  0x00, 0x00, 0x00, 0x00, 0x00, 0x00, 0x00, 0x00, 0xa2, 0x6a, 0xa2, 0xf5,
  0xa0, 0xfd, 0xa0, 0xfd, 0xa0, 0xf5, 0xa0, 0xfd, 0xa0, 0xfd, 0xa0, 0xfd,
  0xa0, 0xfd, 0xa0, 0xfd, 0xa0, 0xfd, 0xa0, 0xfd, 0xa0, 0xfd, 0xa0, 0xfd,
  0xa0, 0xfd, 0xa0, 0xfd, 0xa0, 0xfd, 0xa0, 0xfd, 0xa0, 0xfd, 0xa0, 0xfd,
  0xa0, 0xfd, 0xa0, 0xfd, 0xc0, 0xf5, 0xa1, 0xfd, 0x81, 0xfd, 0xa0, 0xfd,
  0xa0, 0xfd, 0xa1, 0xfd, 0xe2, 0xd4, 0x81, 0x41, 0x00, 0x00, 0x00, 0x00,
  0x00, 0x00, 0x00, 0x00, 0x00, 0x00, 0x00, 0x00, 0x00, 0x00, 0x00, 0x00,
  0x00, 0x00, 0x09, 0x0a, 0x37, 0x0d, 0x7a, 0x0d, 0x9b, 0x05, 0x9b, 0x05,
  0x9b, 0x05, 0x9b, 0x05, 0x9b, 0x05, 0x9b, 0x05, 0x9a, 0x05, 0x9b, 0x05,
  0x9b, 0x05, 0x9b, 0x05, 0x9b, 0x05, 0x9b, 0x05, 0x9b, 0x05, 0x9b, 0x05,
  0x9b, 0x05, 0x9b, 0x05, 0x9b, 0x05, 0x9b, 0x05, 0x9b, 0x05, 0x9b, 0x05,
  0x9b, 0x05, 0x9b, 0x05, 0x9b, 0x05, 0x9b, 0x05, 0x9b, 0x05, 0x9b, 0x05,
  0x9b, 0x05, 0x9b, 0x05, 0x9b, 0x05, 0x9b, 0x05, 0x9b, 0x05, 0x9b, 0x05,
  0x9b, 0x05, 0x9b, 0x05, 0x9b, 0x05, 0x9b, 0x05, 0x9b, 0x05, 0x9b, 0x05,
  0x9b, 0x05, 0x9b, 0x05, 0x9b, 0x05, 0x9b, 0x05, 0x9b, 0x05, 0x9b, 0x05,
  0x9b, 0x05, 0x9b, 0x05, 0x9b, 0x05, 0x9b, 0x05, 0x9b, 0x05, 0x9b, 0x05,
  0x9b, 0x05, 0x9b, 0x05, 0xbb, 0x05, 0x9b, 0x05, 0x9b, 0x05, 0xbb, 0x05,
  0x9a, 0x05, 0x9b, 0x05, 0x7b, 0x05, 0x9b, 0x05, 0x59, 0x05, 0x8c, 0x0a,
  0x20, 0x00, 0x00, 0x00, 0x00, 0x00, 0x00, 0x00, 0x00, 0x00, 0x00, 0x00,
  0x00, 0x00, 0x00, 0x00, 0x00, 0x00, 0x80, 0x08, 0x01, 0x54, 0x22, 0x76,
  0x40, 0x6e, 0x60, 0x66, 0x40, 0x66, 0x40, 0x6e, 0x40, 0x6e, 0x40, 0x6e,
  0x60, 0x66, 0x60, 0x66, 0x40, 0x6e, 0x40, 0x6e, 0x40, 0x6e, 0x40, 0x6e,
  0x40, 0x6e, 0x40, 0x6e, 0x40, 0x6e, 0x40, 0x6e, 0x40, 0x6e, 0x40, 0x6e,
  0x40, 0x6e, 0x40, 0x6e, 0x40, 0x6e, 0x60, 0x6e, 0x40, 0x6e, 0x40, 0x6e,
  0x40, 0x6e, 0x41, 0x6e, 0x41, 0x3b, 0x00, 0x00, 0x00, 0x00, 0x00, 0x00,
  0x00, 0x00, 0x00, 0x00, 0x00, 0x00, 0x00, 0x00, 0x00, 0x00, 0x00, 0x00,
  0x00, 0x00, 0x00, 0x00, 0x00, 0x00, 0x00, 0x00, 0x00, 0x00, 0x00, 0x00,
  0x00, 0x00, 0x00, 0x00, 0x00, 0x00, 0x00, 0x00, 0x00, 0x00, 0x00, 0x00,
  0x00, 0x00, 0x00, 0x00, 0x00, 0x00, 0x00, 0x00, 0x00, 0x00, 0x00, 0x00,
  0x00, 0x00, 0x00, 0x00, 0x00, 0x00, 0x00, 0x00, 0x00, 0x00, 0x00, 0x00,
  0x00, 0x00, 0x00, 0x00, 0x00, 0x00, 0x00, 0x00, 0x00, 0x00, 0x00, 0x00,
  0x00, 0x00, 0x00, 0x00, 0x00, 0x00, 0x00, 0x00, 0x00, 0x00, 0x00, 0x00,
  0x00, 0x00, 0x00, 0x00, 0x00, 0x00, 0x00, 0x00, 0x00, 0x00, 0x00, 0x00,
  0x00, 0x00, 0x00, 0x00, 0x00, 0x00, 0x00, 0x00, 0x21, 0x43, 0x01, 0x76,
  0x40, 0x6e, 0x40, 0x6e, 0x40, 0x6e, 0x40, 0x6e, 0x40, 0x6e, 0x40, 0x6e,
  0x40, 0x6e, 0x40, 0x6e, 0x40, 0x6e, 0x40, 0x6e, 0x40, 0x6e, 0x40, 0x6e,
  0x40, 0x6e, 0x40, 0x6e, 0x40, 0x6e, 0x40, 0x6e, 0x40, 0x6e, 0x40, 0x6e,
  0x40, 0x6e, 0x40, 0x6e, 0x40, 0x6e, 0x40, 0x6e, 0x40, 0x6e, 0x40, 0x6e,
  0x40, 0x6e, 0x40, 0x6e, 0x40, 0x6e, 0x61, 0x6e, 0x21, 0x65, 0x20, 0x19,
  0x00, 0x00, 0xe2, 0x7a, 0xc2, 0xf5, 0xa1, 0xfd, 0xa0, 0xfd, 0xa0, 0xf5,
  0xa0, 0xfd, 0xa0, 0xfd, 0x80, 0xfd, 0xa0, 0xfd, 0xa0, 0xfd, 0xa0, 0xfd,
  0xa0, 0xfd, 0xa0, 0xfd, 0xa0, 0xfd, 0xa0, 0xfd, 0xa0, 0xfd, 0xa0, 0xfd,
  0xa0, 0xfd, 0xa0, 0xfd, 0xa0, 0xfd, 0xa0, 0xfd, 0xa0, 0xfd, 0xa0, 0xfd,
  0xa0, 0xfd, 0xa0, 0xfd, 0xa0, 0xfd, 0xa0, 0xfd, 0xa0, 0xfd, 0xa0, 0xfd,
  0xa0, 0xfd, 0xa0, 0xfd, 0xa1, 0xfd, 0x22, 0xed, 0x81, 0x41, 0x00, 0x00,
  0x00, 0x00, 0x00, 0x00, 0x00, 0x00, 0x82, 0x39, 0x82, 0xc4, 0xc1, 0xf5,
  0xa0, 0xf5, 0xa0, 0xfd, 0xa0, 0xfd, 0xa0, 0xfd, 0xa0, 0xfd, 0xa0, 0xfd,
  0xa0, 0xfd, 0xa0, 0xfd, 0xa0, 0xfd, 0xa0, 0xfd, 0xa0, 0xfd, 0xa0, 0xfd,
  0xa0, 0xfd, 0xa0, 0xfd, 0xa0, 0xfd, 0xa0, 0xfd, 0xa0, 0xfd, 0xa0, 0xfd,
  0xa0, 0xfd, 0xa0, 0xfd, 0xa0, 0xfd, 0xa0, 0xfd, 0xa0, 0xfd, 0xa0, 0xfd,
  0xa0, 0xfd, 0xa0, 0xfd, 0xa0, 0xfd, 0xa0, 0xfd, 0xa0, 0xf5, 0xa0, 0xf5,
  0xa1, 0xfd, 0x81, 0xfd, 0x61, 0xf5, 0x61, 0x8b, 0xa0, 0x18, 0x00, 0x00,
  0x00, 0x00, 0x00, 0x00, 0x00, 0x00, 0x00, 0x00, 0x00, 0x00, 0x00, 0x00,
  0x00, 0x00, 0x00, 0x00, 0x00, 0x00, 0x00, 0x00, 0x00, 0x00, 0x00, 0x00,
  0xa2, 0x72, 0xa2, 0xfd, 0xa0, 0xfd, 0xa0, 0xfd, 0xa0, 0xfd, 0xa0, 0xfd,
  0xa0, 0xfd, 0xa0, 0xfd, 0xa0, 0xfd, 0xa0, 0xfd, 0xa0, 0xfd, 0xa0, 0xfd,
  0xa0, 0xfd, 0xa0, 0xfd, 0xa0, 0xfd, 0xa0, 0xfd, 0xa0, 0xfd, 0xa0, 0xfd,
  0xa0, 0xfd, 0xa0, 0xfd, 0xa0, 0xfd, 0xa0, 0xfd, 0xa0, 0xfd, 0xa0, 0xfd,
  0xa0, 0xfd, 0xa0, 0xfd, 0xa0, 0xfd, 0xa1, 0xf5, 0xc2, 0xf5, 0xc2, 0xa3,
  0x80, 0x18, 0x00, 0x00, 0x00, 0x00, 0x00, 0x00, 0x00, 0x00, 0x00, 0x00,
  0x00, 0x00, 0x00, 0x00, 0x00, 0x00, 0x62, 0x00, 0x70, 0x0b, 0x9a, 0x05,
  0xdb, 0x05, 0xbb, 0x05, 0x7b, 0x05, 0x7b, 0x05, 0x9a, 0x05, 0xba, 0x05,
  0xba, 0x05, 0x9a, 0x05, 0x9b, 0x05, 0x9b, 0x05, 0x9b, 0x05, 0x9b, 0x05,
  0x9b, 0x05, 0x9b, 0x05, 0x9b, 0x05, 0x9b, 0x05, 0x9b, 0x05, 0x9b, 0x05,
  0x9b, 0x05, 0x9b, 0x05, 0x9b, 0x05, 0x9b, 0x05, 0x9b, 0x05, 0x9b, 0x05,
  0x9b, 0x05, 0x9b, 0x05, 0x9b, 0x05, 0x9b, 0x05, 0x9b, 0x05, 0x9b, 0x05,
  0x9b, 0x05, 0x9b, 0x05, 0x9b, 0x05, 0x9b, 0x05, 0x9b, 0x05, 0x9b, 0x05,
  0x9b, 0x05, 0x9b, 0x05, 0x9b, 0x05, 0x9b, 0x05, 0x9b, 0x05, 0x9b, 0x05,
  0x9b, 0x05, 0x9b, 0x05, 0x9b, 0x05, 0x9b, 0x05, 0x9b, 0x05, 0x9b, 0x05,
  0x9b, 0x05, 0x9b, 0x05, 0x9b, 0x05, 0x9b, 0x05, 0xbb, 0x05, 0x9a, 0x05,
  0x9a, 0x05, 0xba, 0x05, 0xba, 0x05, 0x9a, 0x05, 0x9b, 0x0d, 0x7b, 0x05,
  0xd2, 0x0b, 0x82, 0x00, 0x00, 0x00, 0x00, 0x00, 0x00, 0x00, 0x00, 0x00,
  0x00, 0x00, 0x00, 0x00, 0x00, 0x00, 0x00, 0x00, 0x00, 0x00, 0xa1, 0x32,
  0xc1, 0x6d, 0x40, 0x6e, 0x40, 0x6e, 0x40, 0x6e, 0x40, 0x6e, 0x40, 0x6e,
  0x40, 0x6e, 0x40, 0x6e, 0x60, 0x66, 0x40, 0x66, 0x40, 0x6e, 0x40, 0x6e,
  0x40, 0x6e, 0x40, 0x6e, 0x40, 0x6e, 0x40, 0x6e, 0x40, 0x6e, 0x40, 0x6e,
  0x40, 0x6e, 0x40, 0x6e, 0x40, 0x6e, 0x40, 0x6e, 0x60, 0x66, 0x60, 0x66,
  0x60, 0x66, 0x40, 0x6e, 0x40, 0x6e, 0x21, 0x6e, 0x42, 0x43, 0x00, 0x00,
  0x00, 0x00, 0x00, 0x00, 0x00, 0x00, 0x00, 0x00, 0x00, 0x00, 0x00, 0x00,
  0x00, 0x00, 0x00, 0x00, 0x00, 0x00, 0x00, 0x00, 0x00, 0x00, 0x00, 0x00,
  0x00, 0x00, 0x00, 0x00, 0x00, 0x00, 0x00, 0x00, 0x00, 0x00, 0x00, 0x00,
  0x00, 0x00, 0x00, 0x00, 0x00, 0x00, 0x00, 0x00, 0x00, 0x00, 0x00, 0x00,
  0x00, 0x00, 0x00, 0x00, 0x00, 0x00, 0x00, 0x00, 0x00, 0x00, 0x00, 0x00,
  0x00, 0x00, 0x00, 0x00, 0x00, 0x00, 0x00, 0x00, 0x00, 0x00, 0x00, 0x00,
  0x00, 0x00, 0x00, 0x00, 0x00, 0x00, 0x00, 0x00, 0x00, 0x00, 0x00, 0x00,
  0x00, 0x00, 0x00, 0x00, 0x00, 0x00, 0x00, 0x00, 0x00, 0x00, 0x00, 0x00,
  0x00, 0x00, 0x00, 0x00, 0x00, 0x00, 0x00, 0x00, 0x00, 0x00, 0x40, 0x08,
  0x22, 0x54, 0x60, 0x6e, 0x40, 0x6e, 0x40, 0x6e, 0x40, 0x6e, 0x40, 0x6e,
  0x40, 0x6e, 0x40, 0x6e, 0x40, 0x6e, 0x40, 0x6e, 0x40, 0x6e, 0x40, 0x6e,
  0x40, 0x6e, 0x40, 0x6e, 0x40, 0x6e, 0x40, 0x6e, 0x40, 0x6e, 0x40, 0x6e,
  0x40, 0x6e, 0x40, 0x6e, 0x40, 0x6e, 0x40, 0x6e, 0x40, 0x6e, 0x40, 0x6e,
  0x40, 0x6e, 0x40, 0x6e, 0x40, 0x6e, 0x60, 0x66, 0x60, 0x66, 0x41, 0x76,
  0x21, 0x6d, 0x20, 0x19, 0x00, 0x00, 0xe2, 0x7a, 0xc2, 0xf5, 0xa1, 0xfd,
  0xa0, 0xfd, 0xa0, 0xf5, 0xa0, 0xfd, 0xa0, 0xfd, 0x80, 0xfd, 0xa0, 0xfd,
  0xa0, 0xfd, 0xa0, 0xfd, 0xa0, 0xfd, 0xa0, 0xfd, 0xa0, 0xfd, 0xa0, 0xfd,
  0xa0, 0xfd, 0xa0, 0xfd, 0xa0, 0xfd, 0xa0, 0xfd, 0xa0, 0xfd, 0xa0, 0xfd,
  0xa0, 0xfd, 0xa0, 0xfd, 0xa0, 0xfd, 0xa0, 0xfd, 0xa0, 0xfd, 0xa0, 0xfd,
  0xa0, 0xfd, 0xa0, 0xfd, 0xa0, 0xfd, 0xa0, 0xfd, 0xa1, 0xfd, 0x03, 0xe5,
  0x61, 0x39, 0x00, 0x00, 0x00, 0x00, 0x00, 0x00, 0x00, 0x00, 0x00, 0x00,
  0x22, 0x5a, 0x02, 0xd5, 0xc2, 0xfd, 0x80, 0xf5, 0xa0, 0xfd, 0xa0, 0xfd,
  0xa0, 0xfd, 0xa0, 0xf5, 0xa0, 0xfd, 0xa0, 0xfd, 0xa0, 0xfd, 0xa0, 0xfd,
  0xa0, 0xfd, 0xa0, 0xfd, 0xa0, 0xfd, 0xa0, 0xfd, 0xa0, 0xfd, 0xa0, 0xfd,
  0xa0, 0xfd, 0xa0, 0xfd, 0xa0, 0xfd, 0xa0, 0xfd, 0xa0, 0xfd, 0xa0, 0xfd,
  0xa0, 0xfd, 0xa0, 0xfd, 0xa0, 0xfd, 0xa0, 0xfd, 0xa0, 0xfd, 0xa0, 0xfd,
  0xa0, 0xfd, 0xa0, 0xf5, 0xa0, 0xfd, 0xa0, 0xfd, 0xa1, 0xfd, 0x42, 0xe5,
  0x03, 0x7b, 0x60, 0x08, 0x00, 0x00, 0x00, 0x00, 0x00, 0x00, 0x00, 0x00,
  0x00, 0x00, 0x00, 0x00, 0x00, 0x00, 0x00, 0x00, 0x00, 0x00, 0x00, 0x00,
  0x00, 0x00, 0x00, 0x00, 0xa2, 0x72, 0xa2, 0xf5, 0xa0, 0xfd, 0xa0, 0xfd,
  0xa0, 0xfd, 0xa0, 0xfd, 0xa0, 0xfd, 0xa0, 0xfd, 0xa0, 0xfd, 0xa0, 0xfd,
  0xa0, 0xfd, 0xa0, 0xfd, 0xa0, 0xfd, 0xa0, 0xfd, 0xa0, 0xfd, 0xa0, 0xfd,
  0xa0, 0xfd, 0xa0, 0xfd, 0xa0, 0xfd, 0xa0, 0xfd, 0xa0, 0xfd, 0xa0, 0xfd,
  0xa0, 0xfd, 0xa0, 0xfd, 0xa0, 0xfd, 0xa0, 0xfd, 0xa0, 0xfd, 0xc0, 0xf5,
  0xa0, 0xf5, 0x62, 0xe5, 0x62, 0x62, 0x00, 0x00, 0x00, 0x00, 0x00, 0x00,
  0x00, 0x00, 0x00, 0x00, 0x00, 0x00, 0x00, 0x00, 0x00, 0x00, 0x00, 0x00,
  0x46, 0x09, 0xd6, 0x0c, 0xba, 0x05, 0xbb, 0x05, 0x9b, 0x05, 0x7b, 0x05,
  0x9b, 0x05, 0xbb, 0x05, 0xba, 0x05, 0x9a, 0x05, 0x9b, 0x05, 0x9b, 0x05,
  0x9b, 0x05, 0x9b, 0x05, 0x9b, 0x05, 0x9b, 0x05, 0x9b, 0x05, 0x9b, 0x05,
  0x9b, 0x05, 0x9b, 0x05, 0x9b, 0x05, 0x9b, 0x05, 0x9b, 0x05, 0x9b, 0x05,
  0x9b, 0x05, 0x9b, 0x05, 0x9b, 0x05, 0x9b, 0x05, 0x9b, 0x05, 0x9b, 0x05,
  0x9b, 0x05, 0x9b, 0x05, 0x9b, 0x05, 0x9b, 0x05, 0x9b, 0x05, 0x9b, 0x05,
  0x9b, 0x05, 0x9b, 0x05, 0x9b, 0x05, 0x9b, 0x05, 0x9b, 0x05, 0x9b, 0x05,
  0x9b, 0x05, 0x9b, 0x05, 0x9b, 0x05, 0x9b, 0x05, 0x9b, 0x05, 0x9b, 0x05,
  0x9b, 0x05, 0x9b, 0x05, 0x9b, 0x05, 0x9b, 0x05, 0x9a, 0x05, 0xbb, 0x05,
  0xba, 0x05, 0xba, 0x05, 0x9a, 0x05, 0x9b, 0x05, 0x9a, 0x05, 0x9b, 0x05,
  0x9b, 0x05, 0xf7, 0x0c, 0x87, 0x01, 0x00, 0x00, 0x00, 0x00, 0x00, 0x00,
  0x00, 0x00, 0x00, 0x00, 0x00, 0x00, 0x00, 0x00, 0x00, 0x00, 0x00, 0x00,
  0x41, 0x19, 0x02, 0x65, 0x41, 0x6e, 0x40, 0x6e, 0x40, 0x6e, 0x40, 0x6e,
  0x60, 0x6e, 0x40, 0x6e, 0x40, 0x6e, 0x40, 0x6e, 0x40, 0x6e, 0x40, 0x6e,
  0x40, 0x6e, 0x40, 0x6e, 0x40, 0x6e, 0x40, 0x6e, 0x40, 0x6e, 0x40, 0x6e,
  0x40, 0x6e, 0x40, 0x6e, 0x40, 0x6e, 0x40, 0x6e, 0x40, 0x6e, 0x40, 0x6e,
  0x40, 0x6e, 0x60, 0x66, 0x60, 0x66, 0x40, 0x6e, 0x40, 0x6e, 0x41, 0x76,
  0x41, 0x43, 0x00, 0x00, 0x00, 0x00, 0x00, 0x00, 0x00, 0x00, 0x00, 0x00,
  0x00, 0x00, 0x00, 0x00, 0x00, 0x00, 0x00, 0x00, 0x00, 0x00, 0x00, 0x00,
  0x00, 0x00, 0x00, 0x00, 0x00, 0x00, 0x00, 0x00, 0x00, 0x00, 0x00, 0x00,
  0x00, 0x00, 0x00, 0x00, 0x00, 0x00, 0x00, 0x00, 0x00, 0x00, 0x00, 0x00,
  0x00, 0x00, 0x00, 0x00, 0x00, 0x00, 0x00, 0x00, 0x00, 0x00, 0x00, 0x00,
  0x00, 0x00, 0x00, 0x00, 0x00, 0x00, 0x00, 0x00, 0x00, 0x00, 0x00, 0x00,
  0x00, 0x00, 0x00, 0x00, 0x00, 0x00, 0x00, 0x00, 0x00, 0x00, 0x00, 0x00,
  0x00, 0x00, 0x00, 0x00, 0x00, 0x00, 0x00, 0x00, 0x00, 0x00, 0x00, 0x00,
  0x00, 0x00, 0x00, 0x00, 0x00, 0x00, 0x00, 0x00, 0x00, 0x00, 0x00, 0x00,
  0x00, 0x00, 0x00, 0x11, 0xe1, 0x5c, 0x60, 0x6e, 0x40, 0x6e, 0x40, 0x6e,
  0x40, 0x6e, 0x40, 0x6e, 0x40, 0x6e, 0x40, 0x6e, 0x40, 0x6e, 0x40, 0x6e,
  0x40, 0x6e, 0x40, 0x6e, 0x40, 0x6e, 0x40, 0x6e, 0x40, 0x6e, 0x40, 0x6e,
  0x40, 0x6e, 0x40, 0x6e, 0x40, 0x6e, 0x40, 0x6e, 0x40, 0x6e, 0x40, 0x6e,
  0x40, 0x6e, 0x40, 0x6e, 0x40, 0x6e, 0x40, 0x6e, 0x40, 0x6e, 0x60, 0x66,
  0x40, 0x66, 0x40, 0x76, 0x01, 0x6d, 0x20, 0x19, 0x00, 0x00, 0xe2, 0x7a,
  0xc2, 0xf5, 0xa1, 0xfd, 0xa0, 0xfd, 0xa0, 0xf5, 0xa0, 0xfd, 0xa0, 0xfd,
  0x80, 0xfd, 0xa0, 0xfd, 0xa0, 0xfd, 0xa0, 0xfd, 0xa0, 0xfd, 0xa0, 0xfd,
  0xa0, 0xfd, 0xa0, 0xfd, 0xa0, 0xfd, 0xa0, 0xfd, 0xa0, 0xfd, 0xa0, 0xfd,
  0xa0, 0xfd, 0xa0, 0xfd, 0xa0, 0xfd, 0xa0, 0xfd, 0xa0, 0xfd, 0xa0, 0xfd,
  0xa0, 0xfd, 0xa0, 0xfd, 0xa0, 0xfd, 0xa0, 0xfd, 0xa0, 0xfd, 0xa0, 0xfd,
  0xa1, 0xfd, 0x03, 0xdd, 0x61, 0x39, 0x00, 0x00, 0x00, 0x00, 0x00, 0x00,
  0x00, 0x00, 0x00, 0x00, 0x20, 0x00, 0x62, 0x62, 0x04, 0xdd, 0xa2, 0xfd,
  0x80, 0xfd, 0xa0, 0xfd, 0xa0, 0xf5, 0xa0, 0xf5, 0xa1, 0xf5, 0xa0, 0xfd,
  0xa0, 0xfd, 0xa0, 0xfd, 0xa0, 0xfd, 0xa0, 0xfd, 0xa0, 0xfd, 0xa0, 0xfd,
  0xa0, 0xfd, 0xa0, 0xfd, 0xa0, 0xfd, 0xa0, 0xfd, 0xa0, 0xfd, 0xa0, 0xfd,
  0xa0, 0xfd, 0xa0, 0xfd, 0xa0, 0xfd, 0xa0, 0xfd, 0xa0, 0xfd, 0xa0, 0xfd,
  0xa0, 0xfd, 0xa0, 0xfd, 0xa0, 0xfd, 0xc0, 0xf5, 0xa0, 0xf5, 0xa0, 0xfd,
  0x81, 0xfd, 0x82, 0xfd, 0x03, 0xdd, 0x82, 0x62, 0x40, 0x08, 0x00, 0x00,
  0x00, 0x00, 0x00, 0x00, 0x00, 0x00, 0x00, 0x00, 0x00, 0x00, 0x00, 0x00,
  0x00, 0x00, 0x00, 0x00, 0x00, 0x00, 0x00, 0x00, 0x82, 0x6a, 0x82, 0xf5,
  0xa0, 0xfd, 0xa0, 0xfd, 0xa0, 0xfd, 0xa0, 0xfd, 0xa0, 0xfd, 0xa0, 0xfd,
  0xa0, 0xfd, 0xa0, 0xfd, 0xa0, 0xfd, 0xa0, 0xfd, 0xa0, 0xfd, 0xa0, 0xfd,
  0xa0, 0xfd, 0xa0, 0xfd, 0xa0, 0xfd, 0xa0, 0xfd, 0xa0, 0xfd, 0xa0, 0xfd,
  0xa0, 0xfd, 0xa0, 0xfd, 0xa0, 0xfd, 0xa1, 0xfd, 0xa0, 0xfd, 0x80, 0xfd,
  0xa0, 0xfd, 0xc0, 0xfd, 0xa0, 0xf5, 0xc1, 0xfd, 0x42, 0xbc, 0x21, 0x29,
  0x00, 0x00, 0x00, 0x00, 0x00, 0x00, 0x00, 0x00, 0x00, 0x00, 0x00, 0x00,
  0x00, 0x00, 0x00, 0x00, 0x20, 0x00, 0x6b, 0x0a, 0x38, 0x0d, 0x7a, 0x0d,
  0x7a, 0x05, 0x9b, 0x05, 0x9b, 0x05, 0xbb, 0x05, 0x9a, 0x05, 0x9a, 0x05,
  0x9b, 0x05, 0x9b, 0x05, 0x9b, 0x05, 0x9b, 0x05, 0x9b, 0x05, 0x9b, 0x05,
  0x9b, 0x05, 0x9b, 0x05, 0x9b, 0x05, 0x9b, 0x05, 0x9b, 0x05, 0x9b, 0x05,
  0x9b, 0x05, 0x9b, 0x05, 0x9b, 0x05, 0x9b, 0x05, 0x9b, 0x05, 0x9b, 0x05,
  0x9b, 0x05, 0x9b, 0x05, 0x9b, 0x05, 0x9b, 0x05, 0x9b, 0x05, 0x9b, 0x05,
  0x9b, 0x05, 0x9b, 0x05, 0x9b, 0x05, 0x9b, 0x05, 0x9b, 0x05, 0x9b, 0x05,
  0x9b, 0x05, 0x9b, 0x05, 0x9b, 0x05, 0x9b, 0x05, 0x9b, 0x05, 0x9b, 0x05,
  0x9b, 0x05, 0x9b, 0x05, 0x9b, 0x05, 0x9b, 0x05, 0x9b, 0x05, 0x9b, 0x05,
  0x9a, 0x05, 0xba, 0x05, 0xba, 0x05, 0xbb, 0x05, 0x9b, 0x05, 0x7b, 0x0d,
  0x7b, 0x05, 0x9b, 0x05, 0x59, 0x0d, 0xac, 0x0a, 0x20, 0x00, 0x00, 0x00,
  0x00, 0x00, 0x00, 0x00, 0x00, 0x00, 0x00, 0x00, 0x00, 0x00, 0x00, 0x00,
  0x00, 0x00, 0x60, 0x08, 0xa1, 0x4b, 0x21, 0x76, 0x41, 0x6e, 0x40, 0x6e,
  0x40, 0x6e, 0x40, 0x6e, 0x60, 0x6e, 0x40, 0x6e, 0x40, 0x6e, 0x40, 0x66,
  0x40, 0x6e, 0x40, 0x6e, 0x40, 0x6e, 0x40, 0x6e, 0x40, 0x6e, 0x40, 0x6e,
  0x40, 0x6e, 0x40, 0x6e, 0x40, 0x6e, 0x40, 0x6e, 0x40, 0x6e, 0x40, 0x6e,
  0x40, 0x6e, 0x40, 0x6e, 0x40, 0x6e, 0x40, 0x66, 0x40, 0x66, 0x40, 0x6e,
  0x40, 0x6e, 0x41, 0x76, 0x61, 0x43, 0x00, 0x00, 0x00, 0x00, 0x00, 0x00,
  0x00, 0x00, 0x00, 0x00, 0x00, 0x00, 0x00, 0x00, 0x00, 0x00, 0x00, 0x00,
  0x00, 0x00, 0x00, 0x00, 0x00, 0x00, 0x00, 0x00, 0x00, 0x00, 0x00, 0x00,
  0x00, 0x00, 0x00, 0x00, 0x00, 0x00, 0x00, 0x00, 0x00, 0x00, 0x00, 0x00,
  0x00, 0x00, 0x00, 0x00, 0x00, 0x00, 0x00, 0x00, 0x00, 0x00, 0x00, 0x00,
  0x00, 0x00, 0x00, 0x00, 0x00, 0x00, 0x00, 0x00, 0x00, 0x00, 0x00, 0x00,
  0x00, 0x00, 0x00, 0x00, 0x00, 0x00, 0x00, 0x00, 0x00, 0x00, 0x00, 0x00,
  0x00, 0x00, 0x00, 0x00, 0x00, 0x00, 0x00, 0x00, 0x00, 0x00, 0x00, 0x00,
  0x00, 0x00, 0x00, 0x00, 0x00, 0x00, 0x00, 0x00, 0x00, 0x00, 0x00, 0x00,
  0x00, 0x00, 0x00, 0x00, 0x00, 0x00, 0x61, 0x32, 0xc1, 0x6d, 0x40, 0x6e,
  0x40, 0x6e, 0x40, 0x6e, 0x40, 0x6e, 0x40, 0x6e, 0x40, 0x6e, 0x40, 0x6e,
  0x40, 0x6e, 0x40, 0x6e, 0x40, 0x6e, 0x40, 0x6e, 0x40, 0x6e, 0x40, 0x6e,
  0x40, 0x6e, 0x40, 0x6e, 0x40, 0x6e, 0x40, 0x6e, 0x40, 0x6e, 0x40, 0x6e,
  0x40, 0x6e, 0x40, 0x6e, 0x40, 0x6e, 0x40, 0x6e, 0x40, 0x6e, 0x40, 0x6e,
  0x40, 0x6e, 0x60, 0x66, 0x60, 0x66, 0x41, 0x76, 0xe1, 0x64, 0x00, 0x11,
  0x00, 0x00, 0xe2, 0x7a, 0xc2, 0xf5, 0xa1, 0xfd, 0xa0, 0xfd, 0xa0, 0xf5,
  0xa0, 0xfd, 0xa0, 0xfd, 0x80, 0xfd, 0xa0, 0xfd, 0xa0, 0xfd, 0xa0, 0xfd,
  0xa0, 0xfd, 0xa0, 0xfd, 0xa0, 0xfd, 0xa0, 0xfd, 0xa0, 0xfd, 0xa0, 0xfd,
  0xa0, 0xfd, 0xa0, 0xfd, 0xa0, 0xfd, 0xa0, 0xfd, 0xa0, 0xfd, 0xa0, 0xfd,
  0xa0, 0xfd, 0xa0, 0xfd, 0xa0, 0xfd, 0xa0, 0xfd, 0xa0, 0xfd, 0xa0, 0xfd,
  0xa0, 0xf5, 0xa0, 0xf5, 0xa2, 0xfd, 0xe4, 0xdc, 0x41, 0x39, 0x00, 0x00,
  0x00, 0x00, 0x00, 0x00, 0x00, 0x00, 0x00, 0x00, 0x00, 0x00, 0x20, 0x08,
  0xa3, 0x72, 0x63, 0xed, 0xa0, 0xfd, 0xc0, 0xfd, 0xa0, 0xf5, 0xa0, 0xf5,
  0xa0, 0xfd, 0xa0, 0xfd, 0xa0, 0xfd, 0xa0, 0xfd, 0xa0, 0xfd, 0xa0, 0xfd,
  0xa0, 0xfd, 0xa0, 0xfd, 0xa0, 0xfd, 0xa0, 0xfd, 0xa0, 0xfd, 0xa0, 0xfd,
  0xa0, 0xfd, 0xa0, 0xfd, 0xa0, 0xfd, 0xa0, 0xfd, 0xa0, 0xfd, 0xa0, 0xfd,
  0xa0, 0xfd, 0xa0, 0xfd, 0xa0, 0xfd, 0xa0, 0xfd, 0xa0, 0xfd, 0xc0, 0xf5,
  0xc0, 0xfd, 0xa0, 0xfd, 0x80, 0xfd, 0x81, 0xfd, 0xa2, 0xfd, 0xc2, 0xcc,
  0x02, 0x52, 0x00, 0x00, 0x00, 0x00, 0x00, 0x00, 0x00, 0x00, 0x00, 0x00,
  0x00, 0x00, 0x00, 0x00, 0x00, 0x00, 0x00, 0x00, 0x00, 0x00, 0x00, 0x00,
  0x62, 0x62, 0x82, 0xf5, 0xa0, 0xfd, 0xa0, 0xfd, 0xa0, 0xfd, 0xa0, 0xfd,
  0xa0, 0xfd, 0xa0, 0xfd, 0xa0, 0xfd, 0xa0, 0xfd, 0xa0, 0xfd, 0xa0, 0xfd,
  0xa0, 0xfd, 0xa0, 0xfd, 0xa0, 0xfd, 0xa0, 0xfd, 0xa0, 0xfd, 0xa0, 0xfd,
  0xa0, 0xfd, 0xa0, 0xfd, 0xa0, 0xfd, 0xa0, 0xfd, 0xa0, 0xf5, 0xa0, 0xfd,
  0x81, 0xfd, 0x80, 0xfd, 0xa0, 0xfd, 0xc0, 0xf5, 0xc0, 0xfd, 0xa0, 0xfd,
  0x62, 0xf5, 0x02, 0x83, 0x40, 0x08, 0x00, 0x00, 0x00, 0x00, 0x00, 0x00,
  0x00, 0x00, 0x00, 0x00, 0x00, 0x00, 0x00, 0x00, 0x00, 0x00, 0x82, 0x00,
  0x50, 0x0b, 0x7a, 0x15, 0x9a, 0x05, 0xbb, 0x05, 0xbb, 0x05, 0x9b, 0x05,
  0x9b, 0x05, 0x9b, 0x05, 0x9b, 0x05, 0x9b, 0x05, 0x9b, 0x05, 0x9b, 0x05,
  0x9b, 0x05, 0x9b, 0x05, 0x9b, 0x05, 0x9b, 0x05, 0x9b, 0x05, 0x9b, 0x05,
  0x9b, 0x05, 0x9b, 0x05, 0x9b, 0x05, 0x9b, 0x05, 0x9b, 0x05, 0x9b, 0x05,
  0x9b, 0x05, 0x9b, 0x05, 0x9b, 0x05, 0x9b, 0x05, 0x9b, 0x05, 0x9b, 0x05,
  0x9b, 0x05, 0x9b, 0x05, 0x9b, 0x05, 0x9b, 0x05, 0x9b, 0x05, 0x9b, 0x05,
  0x9b, 0x05, 0x9b, 0x05, 0x9b, 0x05, 0x9b, 0x05, 0x9b, 0x05, 0x9b, 0x05,
  0x9b, 0x05, 0x9b, 0x05, 0x9b, 0x05, 0x9b, 0x05, 0x9b, 0x05, 0x9b, 0x05,
  0x9b, 0x05, 0x9b, 0x05, 0x9a, 0x05, 0x9a, 0x05, 0x9b, 0x05, 0x9b, 0x05,
  0x9b, 0x05, 0x7a, 0x0d, 0x7a, 0x05, 0x9a, 0x0d, 0x12, 0x0c, 0xa3, 0x00,
  0x00, 0x00, 0x00, 0x00, 0x00, 0x00, 0x00, 0x00, 0x00, 0x00, 0x00, 0x00,
  0x00, 0x00, 0x00, 0x00, 0x00, 0x00, 0x22, 0x2a, 0xa2, 0x6d, 0x40, 0x6e,
  0x40, 0x6e, 0x20, 0x66, 0x20, 0x66, 0x40, 0x6e, 0x40, 0x6e, 0x40, 0x6e,
  0x40, 0x6e, 0x40, 0x6e, 0x40, 0x6e, 0x40, 0x6e, 0x40, 0x6e, 0x40, 0x6e,
  0x40, 0x6e, 0x40, 0x6e, 0x40, 0x6e, 0x40, 0x6e, 0x40, 0x6e, 0x40, 0x6e,
  0x40, 0x6e, 0x40, 0x6e, 0x60, 0x6e, 0x40, 0x6e, 0x40, 0x6e, 0x41, 0x66,
  0x40, 0x66, 0x40, 0x6e, 0x40, 0x6e, 0x40, 0x76, 0x81, 0x43, 0x00, 0x00,
  0x00, 0x00, 0x00, 0x00, 0x00, 0x00, 0x00, 0x00, 0x00, 0x00, 0x00, 0x00,
  0x00, 0x00, 0x00, 0x00, 0x00, 0x00, 0x00, 0x00, 0x00, 0x00, 0x00, 0x00,
  0x00, 0x00, 0x00, 0x00, 0x00, 0x00, 0x00, 0x00, 0x00, 0x00, 0x00, 0x00,
  0x00, 0x00, 0x00, 0x00, 0x00, 0x00, 0x00, 0x00, 0x00, 0x00, 0x00, 0x00,
  0x00, 0x00, 0x00, 0x00, 0x00, 0x00, 0x00, 0x00, 0x00, 0x00, 0x00, 0x00,
  0x00, 0x00, 0x00, 0x00, 0x00, 0x00, 0x00, 0x00, 0x00, 0x00, 0x00, 0x00,
  0x00, 0x00, 0x00, 0x00, 0x00, 0x00, 0x00, 0x00, 0x00, 0x00, 0x00, 0x00,
  0x00, 0x00, 0x00, 0x00, 0x00, 0x00, 0x00, 0x00, 0x00, 0x00, 0x00, 0x00,
  0x00, 0x00, 0x00, 0x00, 0x00, 0x00, 0x00, 0x00, 0x80, 0x08, 0x41, 0x54,
  0x21, 0x76, 0x41, 0x6e, 0x40, 0x6e, 0x40, 0x6e, 0x40, 0x6e, 0x40, 0x6e,
  0x40, 0x6e, 0x40, 0x6e, 0x40, 0x6e, 0x40, 0x6e, 0x40, 0x6e, 0x40, 0x6e,
  0x40, 0x6e, 0x40, 0x6e, 0x40, 0x6e, 0x40, 0x6e, 0x40, 0x6e, 0x40, 0x6e,
  0x40, 0x6e, 0x40, 0x6e, 0x40, 0x6e, 0x40, 0x6e, 0x40, 0x6e, 0x40, 0x6e,
  0x40, 0x6e, 0x40, 0x6e, 0x40, 0x6e, 0x60, 0x66, 0x60, 0x6e, 0x20, 0x76,
  0xa1, 0x64, 0xc0, 0x10, 0x00, 0x00, 0xe2, 0x7a, 0xc2, 0xf5, 0xa1, 0xfd,
  0xa0, 0xfd, 0xa0, 0xf5, 0xa0, 0xfd, 0xa0, 0xfd, 0x80, 0xfd, 0xa0, 0xfd,
  0xa0, 0xfd, 0xa0, 0xfd, 0xa0, 0xfd, 0xa0, 0xfd, 0xa0, 0xfd, 0xa0, 0xfd,
  0xa0, 0xfd, 0xa0, 0xfd, 0xa0, 0xfd, 0xa0, 0xfd, 0xa0, 0xfd, 0xa0, 0xfd,
  0xa0, 0xfd, 0xa0, 0xfd, 0xa0, 0xfd, 0xa0, 0xfd, 0xa0, 0xfd, 0xa0, 0xfd,
  0xa0, 0xfd, 0xa0, 0xfd, 0xa0, 0xfd, 0xa0, 0xf5, 0xa1, 0xfd, 0xe3, 0xdc,
  0x41, 0x39, 0x00, 0x00, 0x00, 0x00, 0x00, 0x00, 0x00, 0x00, 0x00, 0x00,
  0x00, 0x00, 0x00, 0x00, 0x60, 0x08, 0x42, 0x8b, 0x82, 0xf5, 0xc0, 0xf5,
  0xa0, 0xf5, 0xa0, 0xfd, 0xa0, 0xfd, 0xa0, 0xfd, 0xa0, 0xf5, 0xa0, 0xfd,
  0xa0, 0xfd, 0xa0, 0xfd, 0xa0, 0xfd, 0xa0, 0xfd, 0xa0, 0xfd, 0xa0, 0xfd,
  0xa0, 0xfd, 0xa0, 0xfd, 0xa0, 0xfd, 0xa0, 0xfd, 0xa0, 0xfd, 0xa0, 0xfd,
  0xa0, 0xfd, 0xa0, 0xfd, 0xa0, 0xfd, 0xa0, 0xfd, 0xa0, 0xfd, 0xa0, 0xfd,
  0xa0, 0xfd, 0xc0, 0xf5, 0xc0, 0xf5, 0xa0, 0xfd, 0xa0, 0xfd, 0x60, 0xfd,
  0x80, 0xfd, 0xa1, 0xfd, 0x82, 0xbc, 0xa1, 0x41, 0x00, 0x00, 0x00, 0x00,
  0x00, 0x00, 0x00, 0x00, 0x00, 0x00, 0x00, 0x00, 0x00, 0x00, 0x00, 0x00,
  0x00, 0x00, 0x00, 0x00, 0x62, 0x6a, 0x82, 0xf5, 0xa0, 0xfd, 0xa0, 0xfd,
  0xa0, 0xfd, 0xa0, 0xfd, 0xa0, 0xfd, 0xa0, 0xfd, 0xa0, 0xfd, 0xa0, 0xfd,
  0xa0, 0xfd, 0xa0, 0xfd, 0xa0, 0xfd, 0xa0, 0xfd, 0xa0, 0xfd, 0xa0, 0xfd,
  0xa0, 0xfd, 0xa0, 0xfd, 0xa0, 0xfd, 0xa0, 0xfd, 0xa0, 0xfd, 0xa0, 0xfd,
  0xc0, 0xf5, 0xa0, 0xfd, 0x81, 0xfd, 0x80, 0xfd, 0xa0, 0xfd, 0xa0, 0xf5,
  0xa1, 0xf5, 0x60, 0xfd, 0xa2, 0xfd, 0xc2, 0xd4, 0x41, 0x39, 0x00, 0x00,
  0x00, 0x00, 0x00, 0x00, 0x00, 0x00, 0x00, 0x00, 0x00, 0x00, 0x00, 0x00,
  0x00, 0x00, 0x00, 0x00, 0xa8, 0x09, 0xd7, 0x14, 0x9a, 0x05, 0xbb, 0x05,
  0x9b, 0x05, 0x7b, 0x05, 0x7b, 0x05, 0x9b, 0x05, 0x9b, 0x05, 0x9b, 0x05,
  0x9b, 0x05, 0x9b, 0x05, 0x9b, 0x05, 0x9b, 0x05, 0x9b, 0x05, 0x9b, 0x05,
  0x9b, 0x05, 0x9b, 0x05, 0x9b, 0x05, 0x9b, 0x05, 0x9b, 0x05, 0x9b, 0x05,
  0x9b, 0x05, 0x9b, 0x05, 0x9b, 0x05, 0x9b, 0x05, 0x9b, 0x05, 0x9b, 0x05,
  0x9b, 0x05, 0x9b, 0x05, 0x9b, 0x05, 0x9b, 0x05, 0x9b, 0x05, 0x9b, 0x05,
  0x9b, 0x05, 0x9b, 0x05, 0x9b, 0x05, 0x9b, 0x05, 0x9b, 0x05, 0x9b, 0x05,
  0x9b, 0x05, 0x9b, 0x05, 0x9b, 0x05, 0x9b, 0x05, 0x9b, 0x05, 0x9b, 0x05,
  0x9b, 0x05, 0x9b, 0x05, 0x9b, 0x05, 0x9b, 0x05, 0x9b, 0x05, 0x9b, 0x05,
  0x7c, 0x05, 0x9c, 0x05, 0xba, 0x05, 0x99, 0x05, 0xba, 0x0d, 0x18, 0x0d,
  0xe9, 0x09, 0x00, 0x00, 0x00, 0x00, 0x00, 0x00, 0x00, 0x00, 0x00, 0x00,
  0x00, 0x00, 0x00, 0x00, 0x00, 0x00, 0x00, 0x00, 0xa0, 0x10, 0x62, 0x5c,
  0x41, 0x76, 0x40, 0x66, 0x40, 0x6e, 0x40, 0x6e, 0x40, 0x6e, 0x40, 0x6e,
  0x40, 0x6e, 0x40, 0x6e, 0x40, 0x6e, 0x40, 0x6e, 0x40, 0x6e, 0x40, 0x6e,
  0x40, 0x6e, 0x40, 0x6e, 0x40, 0x6e, 0x40, 0x6e, 0x40, 0x6e, 0x40, 0x6e,
  0x40, 0x6e, 0x40, 0x6e, 0x40, 0x6e, 0x40, 0x6e, 0x60, 0x6e, 0x40, 0x6e,
  0x40, 0x6e, 0x41, 0x66, 0x40, 0x6e, 0x40, 0x6e, 0x40, 0x6e, 0x41, 0x76,
  0x81, 0x43, 0x00, 0x00, 0x00, 0x00, 0x00, 0x00, 0x00, 0x00, 0x00, 0x00,
  0x00, 0x00, 0x00, 0x00, 0x00, 0x00, 0x00, 0x00, 0x00, 0x00, 0x00, 0x00,
  0x00, 0x00, 0x00, 0x00, 0x00, 0x00, 0x00, 0x00, 0x00, 0x00, 0x00, 0x00,
  0x00, 0x00, 0x00, 0x00, 0x00, 0x00, 0x00, 0x00, 0x00, 0x00, 0x00, 0x00,
  0x00, 0x00, 0x00, 0x00, 0x00, 0x00, 0x00, 0x00, 0x00, 0x00, 0x00, 0x00,
  0x00, 0x00, 0x00, 0x00, 0x00, 0x00, 0x00, 0x00, 0x00, 0x00, 0x00, 0x00,
  0x00, 0x00, 0x00, 0x00, 0x00, 0x00, 0x00, 0x00, 0x00, 0x00, 0x00, 0x00,
  0x00, 0x00, 0x00, 0x00, 0x00, 0x00, 0x00, 0x00, 0x00, 0x00, 0x00, 0x00,
  0x00, 0x00, 0x00, 0x00, 0x00, 0x00, 0x00, 0x00, 0x00, 0x00, 0x00, 0x00,
  0x20, 0x2a, 0xa0, 0x75, 0x20, 0x76, 0x41, 0x6e, 0x40, 0x6e, 0x40, 0x6e,
  0x40, 0x6e, 0x40, 0x6e, 0x40, 0x6e, 0x40, 0x6e, 0x40, 0x6e, 0x40, 0x6e,
  0x40, 0x6e, 0x40, 0x6e, 0x40, 0x6e, 0x40, 0x6e, 0x40, 0x6e, 0x40, 0x6e,
  0x40, 0x6e, 0x40, 0x6e, 0x40, 0x6e, 0x40, 0x6e, 0x40, 0x6e, 0x40, 0x6e,
  0x40, 0x6e, 0x40, 0x6e, 0x40, 0x6e, 0x40, 0x6e, 0x40, 0x6e, 0x60, 0x66,
  0x60, 0x6e, 0x20, 0x76, 0x41, 0x5c, 0x80, 0x08, 0x00, 0x00, 0xe2, 0x7a,
  0xc2, 0xf5, 0xa1, 0xfd, 0xa0, 0xfd, 0xa0, 0xf5, 0xa0, 0xfd, 0xa0, 0xfd,
  0x80, 0xfd, 0xa0, 0xfd, 0xa0, 0xfd, 0xa0, 0xfd, 0xa0, 0xfd, 0xa0, 0xfd,
  0xa0, 0xfd, 0xa0, 0xfd, 0xa0, 0xfd, 0xa0, 0xfd, 0xa0, 0xfd, 0xa0, 0xfd,
  0xa0, 0xfd, 0xa0, 0xfd, 0xa0, 0xfd, 0xa0, 0xfd, 0xa0, 0xfd, 0xa0, 0xfd,
  0xa0, 0xfd, 0xa0, 0xfd, 0xa0, 0xfd, 0xa0, 0xfd, 0xa0, 0xfd, 0xa0, 0xfd,
  0xa1, 0xfd, 0x03, 0xe5, 0x41, 0x39, 0x00, 0x00, 0x00, 0x00, 0x00, 0x00,
  0x00, 0x00, 0x00, 0x00, 0x00, 0x00, 0x00, 0x00, 0x00, 0x00, 0xc1, 0x20,
  0xa2, 0xa3, 0x81, 0xf5, 0xa0, 0xfd, 0x80, 0xfd, 0xa0, 0xfd, 0xa0, 0xfd,
  0xa0, 0xfd, 0xa0, 0xfd, 0xa0, 0xfd, 0xa0, 0xfd, 0xa0, 0xfd, 0xa0, 0xfd,
  0xa0, 0xfd, 0xa0, 0xfd, 0xa0, 0xfd, 0xa0, 0xfd, 0xa0, 0xfd, 0xa0, 0xfd,
  0xa0, 0xfd, 0xa0, 0xfd, 0xa0, 0xfd, 0xa0, 0xfd, 0xa0, 0xfd, 0xa0, 0xfd,
  0xa0, 0xfd, 0xa0, 0xfd, 0xa0, 0xfd, 0xa0, 0xfd, 0xc0, 0xfd, 0xa0, 0xf5,
  0xa0, 0xfd, 0x80, 0xfd, 0x80, 0xfd, 0x80, 0xfd, 0xa1, 0xf5, 0x42, 0xb4,
  0x41, 0x31, 0x00, 0x00, 0x00, 0x00, 0x00, 0x00, 0x00, 0x00, 0x00, 0x00,
  0x00, 0x00, 0x00, 0x00, 0x00, 0x00, 0x00, 0x00, 0x82, 0x6a, 0x82, 0xf5,
  0xa0, 0xfd, 0xa0, 0xfd, 0xa0, 0xfd, 0xa0, 0xfd, 0xa0, 0xfd, 0xa0, 0xfd,
  0xa0, 0xfd, 0xa0, 0xfd, 0xa0, 0xfd, 0xa0, 0xfd, 0xa0, 0xfd, 0xa0, 0xfd,
  0xa0, 0xfd, 0xa0, 0xfd, 0xa0, 0xfd, 0xa0, 0xfd, 0xa0, 0xfd, 0xa0, 0xfd,
  0xa0, 0xfd, 0xa0, 0xfd, 0xc0, 0xf5, 0xa0, 0xfd, 0x81, 0xfd, 0x80, 0xfd,
  0xa0, 0xfd, 0xa0, 0xf5, 0x80, 0xf5, 0x81, 0xfd, 0x61, 0xfd, 0x42, 0xed,
  0x82, 0x6a, 0x00, 0x00, 0x00, 0x00, 0x00, 0x00, 0x00, 0x00, 0x00, 0x00,
  0x00, 0x00, 0x00, 0x00, 0x00, 0x00, 0x00, 0x00, 0xc4, 0x00, 0x75, 0x14,
  0xba, 0x0d, 0xba, 0x05, 0xbb, 0x05, 0x7b, 0x05, 0x7b, 0x05, 0x9b, 0x05,
  0x9b, 0x05, 0x9b, 0x05, 0x9b, 0x05, 0x9b, 0x05, 0x9b, 0x05, 0x9b, 0x05,
  0x9b, 0x05, 0x9b, 0x05, 0x9b, 0x05, 0x9b, 0x05, 0x9b, 0x05, 0x9b, 0x05,
  0x9b, 0x05, 0x9b, 0x05, 0x9b, 0x05, 0x9b, 0x05, 0x9b, 0x05, 0x9b, 0x05,
  0x9b, 0x05, 0x9b, 0x05, 0x9b, 0x05, 0x9b, 0x05, 0x9b, 0x05, 0x9b, 0x05,
  0x9b, 0x05, 0x9b, 0x05, 0x9b, 0x05, 0x9b, 0x05, 0x9b, 0x05, 0x9b, 0x05,
  0x9b, 0x05, 0x9b, 0x05, 0x9b, 0x05, 0x9b, 0x05, 0x9b, 0x05, 0x9b, 0x05,
  0x9b, 0x05, 0x9b, 0x05, 0x9b, 0x05, 0x9b, 0x05, 0x9a, 0x05, 0x9b, 0x05,
  0x9b, 0x05, 0x9b, 0x05, 0x7c, 0x05, 0x7c, 0x05, 0x9a, 0x05, 0x99, 0x05,
  0xba, 0x0d, 0xb5, 0x0c, 0x05, 0x01, 0x00, 0x00, 0x00, 0x00, 0x00, 0x00,
  0x00, 0x00, 0x00, 0x00, 0x00, 0x00, 0x00, 0x00, 0x00, 0x00, 0x00, 0x00,
  0xa1, 0x21, 0x41, 0x65, 0x61, 0x6e, 0x40, 0x66, 0x40, 0x6e, 0x40, 0x6e,
  0x40, 0x6e, 0x40, 0x6e, 0x40, 0x6e, 0x40, 0x6e, 0x40, 0x6e, 0x40, 0x6e,
  0x40, 0x6e, 0x40, 0x6e, 0x40, 0x6e, 0x40, 0x6e, 0x40, 0x6e, 0x40, 0x6e,
  0x40, 0x6e, 0x40, 0x6e, 0x40, 0x6e, 0x40, 0x6e, 0x40, 0x6e, 0x40, 0x6e,
  0x40, 0x6e, 0x40, 0x6e, 0x40, 0x6e, 0x41, 0x6e, 0x40, 0x6e, 0x40, 0x6e,
  0x40, 0x6e, 0x41, 0x76, 0x62, 0x43, 0x00, 0x00, 0x00, 0x00, 0x00, 0x00,
  0x00, 0x00, 0x00, 0x00, 0x00, 0x00, 0x00, 0x00, 0x00, 0x00, 0x00, 0x00,
  0x00, 0x00, 0x00, 0x00, 0x00, 0x00, 0x00, 0x00, 0x00, 0x00, 0x00, 0x00,
  0x00, 0x00, 0x00, 0x00, 0x00, 0x00, 0x00, 0x00, 0x00, 0x00, 0x00, 0x00,
  0x00, 0x00, 0x00, 0x00, 0x00, 0x00, 0x00, 0x00, 0x00, 0x00, 0x00, 0x00,
  0x00, 0x00, 0x00, 0x00, 0x00, 0x00, 0x00, 0x00, 0x00, 0x00, 0x00, 0x00,
  0x00, 0x00, 0x00, 0x00, 0x00, 0x00, 0x00, 0x00, 0x00, 0x00, 0x00, 0x00,
  0x00, 0x00, 0x00, 0x00, 0x00, 0x00, 0x00, 0x00, 0x00, 0x00, 0x00, 0x00,
  0x00, 0x00, 0x00, 0x00, 0x00, 0x00, 0x00, 0x00, 0x00, 0x00, 0x00, 0x00,
  0x00, 0x00, 0xa0, 0x08, 0x61, 0x5c, 0x20, 0x76, 0x20, 0x6e, 0x40, 0x6e,
  0x40, 0x66, 0x60, 0x6e, 0x60, 0x6e, 0x40, 0x6e, 0x40, 0x6e, 0x40, 0x6e,
  0x40, 0x6e, 0x40, 0x6e, 0x40, 0x6e, 0x40, 0x6e, 0x40, 0x6e, 0x40, 0x6e,
  0x40, 0x6e, 0x40, 0x6e, 0x40, 0x6e, 0x40, 0x6e, 0x40, 0x6e, 0x40, 0x6e,
  0x40, 0x6e, 0x40, 0x6e, 0x40, 0x6e, 0x40, 0x6e, 0x40, 0x6e, 0x40, 0x6e,
  0x40, 0x6e, 0x60, 0x6e, 0x40, 0x6e, 0x41, 0x76, 0xe1, 0x53, 0x40, 0x08,
  0x00, 0x00, 0xe2, 0x7a, 0xc2, 0xf5, 0xa1, 0xfd, 0xa0, 0xfd, 0xa0, 0xf5,
  0xa0, 0xfd, 0xa0, 0xfd, 0x80, 0xfd, 0xa0, 0xfd, 0xa0, 0xfd, 0xa0, 0xfd,
  0xa0, 0xfd, 0xa0, 0xfd, 0xa0, 0xfd, 0xa0, 0xfd, 0xa0, 0xfd, 0xa0, 0xfd,
  0xa0, 0xfd, 0xa0, 0xfd, 0xa0, 0xfd, 0xa0, 0xfd, 0xa0, 0xfd, 0xa0, 0xfd,
  0xa0, 0xfd, 0xa0, 0xfd, 0xa0, 0xfd, 0xa0, 0xfd, 0xa0, 0xfd, 0xa0, 0xfd,
  0xa0, 0xfd, 0x80, 0xfd, 0xa0, 0xfd, 0x22, 0xe5, 0x61, 0x39, 0x00, 0x00,
  0x00, 0x00, 0x00, 0x00, 0x00, 0x00, 0x00, 0x00, 0x00, 0x00, 0x00, 0x00,
  0x00, 0x00, 0x00, 0x00, 0xe1, 0x28, 0x02, 0xb4, 0x80, 0xfd, 0xa0, 0xfd,
  0xa0, 0xf5, 0xa1, 0xfd, 0x80, 0xfd, 0xa0, 0xfd, 0xa0, 0xfd, 0xa0, 0xfd,
  0xa0, 0xfd, 0xa0, 0xfd, 0xa0, 0xfd, 0xa0, 0xfd, 0xa0, 0xfd, 0xa0, 0xfd,
  0xa0, 0xfd, 0xa0, 0xfd, 0xa0, 0xfd, 0xa0, 0xfd, 0xa0, 0xfd, 0xa0, 0xfd,
  0xa0, 0xfd, 0xa0, 0xfd, 0xa0, 0xfd, 0xa0, 0xfd, 0xa0, 0xfd, 0xa0, 0xfd,
  0xa0, 0xfd, 0xc0, 0xf5, 0xc0, 0xf5, 0xa0, 0xf5, 0x80, 0xfd, 0x80, 0xfd,
  0xa0, 0xfd, 0xa2, 0xf5, 0x02, 0xac, 0x01, 0x29, 0x00, 0x00, 0x00, 0x00,
  0x00, 0x00, 0x00, 0x00, 0x00, 0x00, 0x00, 0x00, 0x00, 0x00, 0x00, 0x00,
  0xa2, 0x72, 0xa1, 0xfd, 0xa0, 0xfd, 0xa0, 0xfd, 0xa0, 0xfd, 0xa0, 0xfd,
  0xa0, 0xfd, 0xa0, 0xfd, 0xa0, 0xfd, 0xa0, 0xfd, 0xa0, 0xfd, 0xa0, 0xfd,
  0xa0, 0xfd, 0xa0, 0xfd, 0xa0, 0xfd, 0xa0, 0xfd, 0xa0, 0xfd, 0xa0, 0xfd,
  0xa0, 0xfd, 0xa0, 0xfd, 0xa0, 0xfd, 0xa0, 0xfd, 0xa0, 0xfd, 0xa0, 0xfd,
  0x80, 0xfd, 0x80, 0xfd, 0xa0, 0xfd, 0xa0, 0xf5, 0xa0, 0xfd, 0x80, 0xfd,
  0xa0, 0xfd, 0x42, 0xed, 0xe1, 0x51, 0x00, 0x00, 0x00, 0x00, 0x00, 0x00,
  0x00, 0x00, 0x00, 0x00, 0x00, 0x00, 0x00, 0x00, 0x00, 0x00, 0x00, 0x00,
  0x66, 0x09, 0xb6, 0x0c, 0x9a, 0x0d, 0xbb, 0x05, 0x9b, 0x05, 0x7b, 0x05,
  0x7b, 0x05, 0x9b, 0x05, 0x9b, 0x05, 0x9b, 0x05, 0x9b, 0x05, 0x9b, 0x05,
  0x9b, 0x05, 0x9b, 0x05, 0x9b, 0x05, 0x9b, 0x05, 0x9b, 0x05, 0x9b, 0x05,
  0x9b, 0x05, 0x9b, 0x05, 0x9b, 0x05, 0x9b, 0x05, 0x9b, 0x05, 0x9b, 0x05,
  0x9b, 0x05, 0x9b, 0x05, 0x9b, 0x05, 0x9b, 0x05, 0x9b, 0x05, 0x9b, 0x05,
  0x9b, 0x05, 0x9b, 0x05, 0x9b, 0x05, 0x9b, 0x05, 0x9b, 0x05, 0x9b, 0x05,
  0x9b, 0x05, 0x9b, 0x05, 0x9b, 0x05, 0x9b, 0x05, 0x9b, 0x05, 0x9b, 0x05,
  0x9b, 0x05, 0x9b, 0x05, 0x9b, 0x05, 0x9b, 0x05, 0x9b, 0x05, 0x9b, 0x05,
  0x9a, 0x05, 0x9b, 0x05, 0x9b, 0x05, 0x9a, 0x05, 0x9b, 0x05, 0x9c, 0x05,
  0x9b, 0x05, 0x7a, 0x05, 0x9a, 0x05, 0x18, 0x0d, 0x67, 0x01, 0x00, 0x00,
  0x00, 0x00, 0x00, 0x00, 0x00, 0x00, 0x00, 0x00, 0x00, 0x00, 0x00, 0x00,
  0x00, 0x00, 0x00, 0x00, 0x41, 0x21, 0x41, 0x6d, 0x61, 0x6e, 0x60, 0x66,
  0x40, 0x6e, 0x40, 0x6e, 0x40, 0x6e, 0x40, 0x6e, 0x40, 0x6e, 0x40, 0x6e,
  0x40, 0x6e, 0x40, 0x6e, 0x40, 0x6e, 0x40, 0x6e, 0x40, 0x6e, 0x40, 0x6e,
  0x40, 0x6e, 0x40, 0x6e, 0x40, 0x6e, 0x40, 0x6e, 0x40, 0x6e, 0x40, 0x6e,
  0x40, 0x6e, 0x40, 0x6e, 0x40, 0x6e, 0x40, 0x6e, 0x40, 0x6e, 0x40, 0x6e,
  0x40, 0x6e, 0x20, 0x6e, 0x40, 0x6e, 0x41, 0x6e, 0x42, 0x43, 0x00, 0x00,
  0x00, 0x00, 0x00, 0x00, 0x00, 0x00, 0x00, 0x00, 0x00, 0x00, 0x00, 0x00,
  0x00, 0x00, 0x00, 0x00, 0x00, 0x00, 0x00, 0x00, 0x00, 0x00, 0x00, 0x00,
  0x00, 0x00, 0x00, 0x00, 0x00, 0x00, 0x00, 0x00, 0x00, 0x00, 0x00, 0x00,
  0x00, 0x00, 0x00, 0x00, 0x00, 0x00, 0x00, 0x00, 0x00, 0x00, 0x00, 0x00,
  0x00, 0x00, 0x00, 0x00, 0x00, 0x00, 0x00, 0x00, 0x00, 0x00, 0x00, 0x00,
  0x00, 0x00, 0x00, 0x00, 0x00, 0x00, 0x00, 0x00, 0x00, 0x00, 0x00, 0x00,
  0x00, 0x00, 0x00, 0x00, 0x00, 0x00, 0x00, 0x00, 0x00, 0x00, 0x00, 0x00,
  0x00, 0x00, 0x00, 0x00, 0x00, 0x00, 0x00, 0x00, 0x00, 0x00, 0x00, 0x00,
  0x00, 0x00, 0x00, 0x00, 0x40, 0x00, 0x61, 0x43, 0x01, 0x76, 0x21, 0x76,
  0x21, 0x6e, 0x40, 0x6e, 0x40, 0x66, 0x60, 0x66, 0x60, 0x6e, 0x60, 0x6e,
  0x41, 0x6e, 0x40, 0x6e, 0x40, 0x6e, 0x40, 0x6e, 0x40, 0x6e, 0x40, 0x6e,
  0x40, 0x6e, 0x40, 0x6e, 0x40, 0x6e, 0x40, 0x6e, 0x40, 0x6e, 0x40, 0x6e,
  0x40, 0x6e, 0x40, 0x6e, 0x40, 0x6e, 0x40, 0x6e, 0x40, 0x6e, 0x40, 0x6e,
  0x40, 0x6e, 0x40, 0x6e, 0x40, 0x6e, 0x40, 0x6e, 0x40, 0x6e, 0x21, 0x76,
  0x81, 0x4b, 0x20, 0x00, 0x00, 0x00, 0xe2, 0x7a, 0xc2, 0xf5, 0xa1, 0xfd,
  0xa0, 0xfd, 0xa0, 0xf5, 0xa0, 0xfd, 0xa0, 0xfd, 0x80, 0xfd, 0xa0, 0xfd,
  0xa0, 0xfd, 0xa0, 0xfd, 0xa0, 0xfd, 0xa0, 0xfd, 0xa0, 0xfd, 0xa0, 0xfd,
  0xa0, 0xfd, 0xa0, 0xfd, 0xa0, 0xfd, 0xa0, 0xfd, 0xa0, 0xfd, 0xa0, 0xfd,
  0xa0, 0xfd, 0xa0, 0xfd, 0xa0, 0xfd, 0xa0, 0xfd, 0xa0, 0xfd, 0xa0, 0xfd,
  0xa0, 0xfd, 0xa0, 0xfd, 0x80, 0xfd, 0x80, 0xfd, 0xa0, 0xfd, 0x21, 0xe5,
  0x61, 0x39, 0x00, 0x00, 0x00, 0x00, 0x00, 0x00, 0x00, 0x00, 0x00, 0x00,
  0x00, 0x00, 0x00, 0x00, 0x00, 0x00, 0x00, 0x00, 0x00, 0x00, 0x61, 0x39,
  0x82, 0xcc, 0xa0, 0xf5, 0xc1, 0xf5, 0xa1, 0xf5, 0x80, 0xfd, 0xa0, 0xfd,
  0xa0, 0xfd, 0xa0, 0xfd, 0xa0, 0xfd, 0xa0, 0xfd, 0xa0, 0xfd, 0xa0, 0xfd,
  0xa0, 0xfd, 0xa0, 0xfd, 0xa0, 0xfd, 0xa0, 0xfd, 0xa0, 0xfd, 0xa0, 0xfd,
  0xa0, 0xfd, 0xa0, 0xfd, 0xa0, 0xfd, 0xa0, 0xfd, 0xa0, 0xfd, 0xa0, 0xfd,
  0xa0, 0xfd, 0x80, 0xfd, 0xa0, 0xfd, 0xa0, 0xf5, 0xa0, 0xf5, 0xa0, 0xf5,
  0xa0, 0xfd, 0x80, 0xfd, 0x80, 0xfd, 0xa1, 0xfd, 0x80, 0xf5, 0x82, 0x93,
  0x81, 0x18, 0x00, 0x00, 0x00, 0x00, 0x00, 0x00, 0x00, 0x00, 0x00, 0x00,
  0x00, 0x00, 0x00, 0x00, 0xa2, 0x72, 0xa1, 0xfd, 0xa0, 0xfd, 0xa0, 0xfd,
  0xa0, 0xfd, 0xa0, 0xfd, 0xa0, 0xfd, 0xa0, 0xfd, 0xa0, 0xfd, 0xa0, 0xfd,
  0xa0, 0xfd, 0xa0, 0xfd, 0xa0, 0xfd, 0xa0, 0xfd, 0xa0, 0xfd, 0xa0, 0xfd,
  0xa0, 0xfd, 0xa0, 0xfd, 0xa0, 0xfd, 0xa0, 0xfd, 0xa0, 0xfd, 0xa0, 0xfd,
  0xa0, 0xfd, 0xa0, 0xfd, 0x80, 0xfd, 0x80, 0xfd, 0xa0, 0xfd, 0xc0, 0xf5,
  0xa0, 0xfd, 0xa0, 0xfd, 0xa0, 0xfd, 0x22, 0xb4, 0xa0, 0x18, 0x00, 0x00,
  0x00, 0x00, 0x00, 0x00, 0x00, 0x00, 0x00, 0x00, 0x00, 0x00, 0x00, 0x00,
  0x00, 0x00, 0x21, 0x00, 0x0e, 0x0b, 0x7a, 0x15, 0x7a, 0x0d, 0x9b, 0x05,
  0x9b, 0x05, 0x9b, 0x05, 0x9b, 0x05, 0x9b, 0x05, 0x9b, 0x05, 0x9b, 0x05,
  0x9b, 0x05, 0x9b, 0x05, 0x9b, 0x05, 0x9b, 0x05, 0x9b, 0x05, 0x9b, 0x05,
  0x9b, 0x05, 0x9b, 0x05, 0x9b, 0x05, 0x9b, 0x05, 0x9b, 0x05, 0x9b, 0x05,
  0x9b, 0x05, 0x9b, 0x05, 0x9b, 0x05, 0x9b, 0x05, 0x9b, 0x05, 0x9b, 0x05,
  0x9b, 0x05, 0x9b, 0x05, 0x9b, 0x05, 0x9b, 0x05, 0x9b, 0x05, 0x9b, 0x05,
  0x9b, 0x05, 0x9b, 0x05, 0x9b, 0x05, 0x9b, 0x05, 0x9b, 0x05, 0x9b, 0x05,
  0x9b, 0x05, 0x9b, 0x05, 0x9b, 0x05, 0x9b, 0x05, 0x9b, 0x05, 0x9b, 0x05,
  0x9b, 0x05, 0x9b, 0x05, 0x9b, 0x05, 0x9b, 0x05, 0x9a, 0x05, 0xba, 0x05,
  0xba, 0x05, 0xbb, 0x05, 0x7b, 0x05, 0x7b, 0x0d, 0x7b, 0x05, 0x9b, 0x0d,
  0x90, 0x0b, 0x41, 0x00, 0x00, 0x00, 0x00, 0x00, 0x00, 0x00, 0x00, 0x00,
  0x00, 0x00, 0x00, 0x00, 0x00, 0x00, 0x00, 0x00, 0x40, 0x08, 0x61, 0x4b,
  0x01, 0x76, 0x40, 0x6e, 0x40, 0x6e, 0x40, 0x6e, 0x40, 0x6e, 0x40, 0x6e,
  0x40, 0x6e, 0x40, 0x6e, 0x40, 0x6e, 0x40, 0x6e, 0x40, 0x6e, 0x40, 0x6e,
  0x40, 0x6e, 0x40, 0x6e, 0x40, 0x6e, 0x40, 0x6e, 0x40, 0x6e, 0x40, 0x6e,
  0x40, 0x6e, 0x40, 0x6e, 0x40, 0x6e, 0x40, 0x6e, 0x40, 0x6e, 0x40, 0x6e,
  0x40, 0x6e, 0x60, 0x6e, 0x40, 0x6e, 0x40, 0x6e, 0x40, 0x6e, 0x21, 0x6e,
  0x41, 0x3b, 0x00, 0x00, 0x00, 0x00, 0x00, 0x00, 0x00, 0x00, 0x00, 0x00,
  0x00, 0x00, 0x00, 0x00, 0x00, 0x00, 0x00, 0x00, 0x00, 0x00, 0x00, 0x00,
  0x00, 0x00, 0x00, 0x00, 0x00, 0x00, 0x00, 0x00, 0x00, 0x00, 0x00, 0x00,
  0x00, 0x00, 0x00, 0x00, 0x00, 0x00, 0x00, 0x00, 0x00, 0x00, 0x00, 0x00,
  0x00, 0x00, 0x00, 0x00, 0x00, 0x00, 0x00, 0x00, 0x00, 0x00, 0x00, 0x00,
  0x00, 0x00, 0x00, 0x00, 0x00, 0x00, 0x00, 0x00, 0x00, 0x00, 0x00, 0x00,
  0x00, 0x00, 0x00, 0x00, 0x00, 0x00, 0x00, 0x00, 0x00, 0x00, 0x00, 0x00,
  0x00, 0x00, 0x00, 0x00, 0x00, 0x00, 0x00, 0x00, 0x00, 0x00, 0x00, 0x00,
  0x00, 0x00, 0x00, 0x00, 0x00, 0x00, 0xa0, 0x10, 0xe0, 0x3a, 0xe1, 0x75,
  0x20, 0x6e, 0x21, 0x6e, 0x20, 0x6e, 0x60, 0x6e, 0x60, 0x66, 0x60, 0x66,
  0x60, 0x6e, 0x60, 0x6e, 0x41, 0x6e, 0x40, 0x6e, 0x40, 0x6e, 0x40, 0x6e,
  0x40, 0x6e, 0x40, 0x6e, 0x40, 0x6e, 0x40, 0x6e, 0x40, 0x6e, 0x40, 0x6e,
  0x40, 0x6e, 0x40, 0x6e, 0x40, 0x6e, 0x40, 0x6e, 0x40, 0x6e, 0x40, 0x6e,
  0x40, 0x6e, 0x40, 0x6e, 0x40, 0x6e, 0x40, 0x6e, 0x40, 0x6e, 0x40, 0x6e,
  0x40, 0x6e, 0xe1, 0x75, 0x01, 0x43, 0x20, 0x00, 0x00, 0x00, 0xe2, 0x7a,
  0xc2, 0xf5, 0xa1, 0xfd, 0xa0, 0xfd, 0xa0, 0xf5, 0xa0, 0xfd, 0xa0, 0xfd,
  0x80, 0xfd, 0xa0, 0xfd, 0xa0, 0xfd, 0xa0, 0xfd, 0xa0, 0xfd, 0xa0, 0xfd,
  0xa0, 0xfd, 0xa0, 0xfd, 0xa0, 0xfd, 0xa0, 0xfd, 0xa0, 0xfd, 0xa0, 0xfd,
  0xa0, 0xfd, 0xa0, 0xfd, 0xa0, 0xfd, 0xa0, 0xfd, 0xa0, 0xfd, 0xa0, 0xfd,
  0xa0, 0xfd, 0xa0, 0xfd, 0xa0, 0xfd, 0xa0, 0xfd, 0x80, 0xfd, 0x80, 0xfd,
  0xa0, 0xfd, 0x21, 0xe5, 0x61, 0x39, 0x00, 0x00, 0x00, 0x00, 0x00, 0x00,
  0x00, 0x00, 0x00, 0x00, 0x00, 0x00, 0x00, 0x00, 0x00, 0x00, 0x00, 0x00,
  0x00, 0x00, 0x00, 0x00, 0xe2, 0x51, 0xe2, 0xd4, 0xa1, 0xfd, 0xc1, 0xf5,
  0xa0, 0xf5, 0xa0, 0xfd, 0xa0, 0xfd, 0xa0, 0xfd, 0xa0, 0xfd, 0xa0, 0xfd,
  0xa0, 0xfd, 0xa0, 0xfd, 0xa0, 0xfd, 0xa0, 0xfd, 0xa0, 0xfd, 0xa0, 0xfd,
  0xa0, 0xfd, 0xa0, 0xfd, 0xa0, 0xfd, 0xa0, 0xfd, 0xa0, 0xfd, 0xa0, 0xfd,
  0xa0, 0xfd, 0xa0, 0xfd, 0xa0, 0xfd, 0x80, 0xfd, 0x80, 0xfd, 0xa0, 0xfd,
  0xa0, 0xf5, 0xa0, 0xf5, 0xc0, 0xfd, 0xa1, 0xfd, 0xa1, 0xfd, 0xa1, 0xfd,
  0xc0, 0xfd, 0x41, 0xed, 0xc2, 0x72, 0x40, 0x08, 0x00, 0x00, 0x00, 0x00,
  0x00, 0x00, 0x00, 0x00, 0x00, 0x00, 0x00, 0x00, 0x82, 0x6a, 0xa1, 0xf5,
  0xa0, 0xfd, 0xa0, 0xfd, 0xa0, 0xfd, 0xa0, 0xfd, 0xa0, 0xfd, 0xa0, 0xfd,
  0xa0, 0xfd, 0xa0, 0xfd, 0xa0, 0xfd, 0xa0, 0xfd, 0xa0, 0xfd, 0xa0, 0xfd,
  0xa0, 0xfd, 0xa0, 0xfd, 0xa0, 0xfd, 0xa0, 0xfd, 0xa0, 0xfd, 0xa0, 0xfd,
  0xa0, 0xfd, 0xa0, 0xfd, 0x80, 0xfd, 0xa0, 0xfd, 0xa0, 0xfd, 0xa0, 0xfd,
  0xa0, 0xfd, 0xa0, 0xf5, 0xc0, 0xfd, 0xa0, 0xfd, 0x22, 0xe5, 0x22, 0x5a,
  0x00, 0x00, 0x00, 0x00, 0x00, 0x00, 0x00, 0x00, 0x00, 0x00, 0x00, 0x00,
  0x00, 0x00, 0x00, 0x00, 0x00, 0x00, 0x86, 0x09, 0xb6, 0x0c, 0x9b, 0x0d,
  0x5a, 0x05, 0x7b, 0x0d, 0x9a, 0x05, 0xbb, 0x05, 0xbb, 0x05, 0x9a, 0x05,
  0x9b, 0x05, 0x9b, 0x05, 0x9b, 0x05, 0x9b, 0x05, 0x9b, 0x05, 0x9b, 0x05,
  0x9b, 0x05, 0x9b, 0x05, 0x9b, 0x05, 0x9b, 0x05, 0x9b, 0x05, 0x9b, 0x05,
  0x9b, 0x05, 0x9b, 0x05, 0x9b, 0x05, 0x9b, 0x05, 0x9b, 0x05, 0x9b, 0x05,
  0x9b, 0x05, 0x9b, 0x05, 0x9b, 0x05, 0x9b, 0x05, 0x9b, 0x05, 0x9b, 0x05,
  0x9b, 0x05, 0x9b, 0x05, 0x9b, 0x05, 0x9b, 0x05, 0x9b, 0x05, 0x9b, 0x05,
  0x9b, 0x05, 0x9b, 0x05, 0x9b, 0x05, 0x9b, 0x05, 0x9b, 0x05, 0x9b, 0x05,
  0x9b, 0x05, 0x9b, 0x05, 0x9b, 0x05, 0x9b, 0x05, 0x9b, 0x05, 0x9b, 0x05,
  0x9a, 0x05, 0xba, 0x05, 0xba, 0x05, 0x9a, 0x05, 0x7b, 0x05, 0x7c, 0x05,
  0x9b, 0x05, 0x7b, 0x05, 0x38, 0x0d, 0xc8, 0x01, 0x00, 0x00, 0x00, 0x00,
  0x00, 0x00, 0x00, 0x00, 0x00, 0x00, 0x00, 0x00, 0x00, 0x00, 0x00, 0x00,
  0x00, 0x00, 0x21, 0x19, 0xa1, 0x5c, 0x40, 0x76, 0x40, 0x6e, 0x40, 0x6e,
  0x40, 0x6e, 0x40, 0x6e, 0x40, 0x6e, 0x40, 0x6e, 0x40, 0x6e, 0x40, 0x6e,
  0x40, 0x6e, 0x40, 0x6e, 0x40, 0x6e, 0x40, 0x6e, 0x40, 0x6e, 0x40, 0x6e,
  0x40, 0x6e, 0x40, 0x6e, 0x40, 0x6e, 0x40, 0x6e, 0x40, 0x6e, 0x40, 0x6e,
  0x40, 0x6e, 0x40, 0x6e, 0x40, 0x6e, 0x60, 0x6e, 0x40, 0x66, 0x20, 0x6e,
  0x41, 0x6e, 0x41, 0x6e, 0xc0, 0x43, 0x00, 0x00, 0x00, 0x00, 0x00, 0x00,
  0x00, 0x00, 0x00, 0x00, 0x00, 0x00, 0x00, 0x00, 0x00, 0x00, 0x00, 0x00,
  0x00, 0x00, 0x00, 0x00, 0x00, 0x00, 0x00, 0x00, 0x00, 0x00, 0x00, 0x00,
  0x00, 0x00, 0x00, 0x00, 0x00, 0x00, 0x00, 0x00, 0x00, 0x00, 0x00, 0x00,
  0x00, 0x00, 0x00, 0x00, 0x00, 0x00, 0x00, 0x00, 0x00, 0x00, 0x00, 0x00,
  0x00, 0x00, 0x00, 0x00, 0x00, 0x00, 0x00, 0x00, 0x00, 0x00, 0x00, 0x00,
  0x00, 0x00, 0x00, 0x00, 0x00, 0x00, 0x00, 0x00, 0x00, 0x00, 0x00, 0x00,
  0x00, 0x00, 0x00, 0x00, 0x00, 0x00, 0x00, 0x00, 0x00, 0x00, 0x00, 0x00,
  0x00, 0x00, 0x00, 0x00, 0x20, 0x00, 0xa0, 0x08, 0x00, 0x2a, 0x20, 0x54,
  0xc0, 0x75, 0x40, 0x76, 0x40, 0x6e, 0x40, 0x6e, 0x40, 0x6e, 0x40, 0x6e,
  0x40, 0x66, 0x40, 0x66, 0x60, 0x66, 0x60, 0x6e, 0x40, 0x6e, 0x40, 0x6e,
  0x40, 0x6e, 0x40, 0x6e, 0x40, 0x6e, 0x40, 0x6e, 0x40, 0x6e, 0x40, 0x6e,
  0x40, 0x6e, 0x40, 0x6e, 0x40, 0x6e, 0x40, 0x6e, 0x40, 0x6e, 0x40, 0x6e,
  0x40, 0x6e, 0x40, 0x6e, 0x40, 0x6e, 0x40, 0x6e, 0x40, 0x6e, 0x40, 0x6e,
  0x40, 0x6e, 0x40, 0x6e, 0x40, 0x6e, 0xc1, 0x6d, 0x61, 0x32, 0x00, 0x00,
  0x00, 0x00, 0xe2, 0x7a, 0xc2, 0xf5, 0xa1, 0xfd, 0xa0, 0xfd, 0xa0, 0xf5,
  0xa0, 0xfd, 0xa0, 0xfd, 0x80, 0xfd, 0xa0, 0xfd, 0xa0, 0xfd, 0xa0, 0xfd,
  0xa0, 0xfd, 0xa0, 0xfd, 0xa0, 0xfd, 0xa0, 0xfd, 0xa0, 0xfd, 0xa0, 0xfd,
  0xa0, 0xfd, 0xa0, 0xfd, 0xa0, 0xfd, 0xa0, 0xfd, 0xa0, 0xfd, 0xa0, 0xfd,
  0xa0, 0xfd, 0xa0, 0xfd, 0xa0, 0xfd, 0xa0, 0xfd, 0xa0, 0xfd, 0xa0, 0xfd,
  0x80, 0xfd, 0x81, 0xfd, 0xc0, 0xfd, 0x22, 0xdd, 0x41, 0x39, 0x00, 0x00,
  0x00, 0x00, 0x00, 0x00, 0x00, 0x00, 0x00, 0x00, 0x00, 0x00, 0x00, 0x00,
  0x00, 0x00, 0x00, 0x00, 0x00, 0x00, 0x00, 0x00, 0x20, 0x00, 0x42, 0x62,
  0x22, 0xe5, 0xc0, 0xf5, 0xc0, 0xf5, 0xa0, 0xfd, 0xa0, 0xfd, 0xa0, 0xfd,
  0xa0, 0xfd, 0xa0, 0xfd, 0xa0, 0xfd, 0xa0, 0xfd, 0xa0, 0xfd, 0xa0, 0xfd,
  0xa0, 0xfd, 0xa0, 0xfd, 0xa0, 0xfd, 0xa0, 0xfd, 0xa0, 0xfd, 0xa0, 0xfd,
  0xa0, 0xfd, 0xa0, 0xfd, 0xa0, 0xfd, 0xa0, 0xfd, 0xa0, 0xfd, 0x80, 0xfd,
  0x80, 0xfd, 0x80, 0xfd, 0xa0, 0xfd, 0xa0, 0xfd, 0xa0, 0xfd, 0xa1, 0xf5,
  0xa1, 0xf5, 0xa1, 0xf5, 0xa0, 0xf5, 0xa0, 0xfd, 0xe2, 0xe4, 0x62, 0x62,
  0x20, 0x00, 0x00, 0x00, 0x00, 0x00, 0x00, 0x00, 0x00, 0x00, 0x00, 0x00,
  0x82, 0x6a, 0x82, 0xf5, 0xa0, 0xfd, 0xa0, 0xfd, 0xa0, 0xfd, 0xa0, 0xfd,
  0xa0, 0xfd, 0xa0, 0xfd, 0xa0, 0xfd, 0xa0, 0xfd, 0xa0, 0xfd, 0xa0, 0xfd,
  0xa0, 0xfd, 0xa0, 0xfd, 0xa0, 0xfd, 0xa0, 0xfd, 0xa0, 0xfd, 0xa0, 0xfd,
  0xa0, 0xfd, 0xa0, 0xfd, 0xa0, 0xfd, 0xa0, 0xfd, 0x80, 0xfd, 0xa0, 0xfd,
  0xa0, 0xf5, 0xa0, 0xfd, 0xa0, 0xfd, 0x81, 0xf5, 0x81, 0xfd, 0x62, 0xfd,
  0x63, 0x9b, 0x60, 0x10, 0x00, 0x00, 0x00, 0x00, 0x00, 0x00, 0x00, 0x00,
  0x00, 0x00, 0x00, 0x00, 0x00, 0x00, 0x00, 0x00, 0x82, 0x00, 0x90, 0x0b,
  0x9a, 0x0d, 0x9b, 0x05, 0x7b, 0x0d, 0x7b, 0x0d, 0x7a, 0x05, 0xba, 0x05,
  0xba, 0x05, 0x9a, 0x05, 0x9b, 0x05, 0x9b, 0x05, 0x9b, 0x05, 0x9b, 0x05,
  0x9b, 0x05, 0x9b, 0x05, 0x9b, 0x05, 0x9b, 0x05, 0x9b, 0x05, 0x9b, 0x05,
  0x9b, 0x05, 0x9b, 0x05, 0x9b, 0x05, 0x9b, 0x05, 0x9b, 0x05, 0x9b, 0x05,
  0x9b, 0x05, 0x9b, 0x05, 0x9b, 0x05, 0x9b, 0x05, 0x9b, 0x05, 0x9b, 0x05,
  0x9b, 0x05, 0x9b, 0x05, 0x9b, 0x05, 0x9b, 0x05, 0x9b, 0x05, 0x9b, 0x05,
  0x9b, 0x05, 0x9b, 0x05, 0x9b, 0x05, 0x9b, 0x05, 0x9b, 0x05, 0x9b, 0x05,
  0x9b, 0x05, 0x9b, 0x05, 0x9b, 0x05, 0x9b, 0x05, 0x9b, 0x05, 0x9b, 0x05,
  0x9b, 0x05, 0x9b, 0x05, 0x9b, 0x05, 0xba, 0x05, 0xba, 0x05, 0x9a, 0x05,
  0x7b, 0x05, 0x9b, 0x05, 0x9a, 0x05, 0x9b, 0x05, 0x7a, 0x15, 0xf3, 0x0b,
  0x82, 0x00, 0x00, 0x00, 0x00, 0x00, 0x00, 0x00, 0x00, 0x00, 0x00, 0x00,
  0x00, 0x00, 0x00, 0x00, 0x00, 0x00, 0x00, 0x00, 0x61, 0x32, 0xa1, 0x6d,
  0x40, 0x6e, 0x40, 0x6e, 0x40, 0x6e, 0x40, 0x6e, 0x40, 0x6e, 0x40, 0x6e,
  0x40, 0x6e, 0x40, 0x66, 0x60, 0x66, 0x40, 0x6e, 0x40, 0x6e, 0x40, 0x6e,
  0x40, 0x6e, 0x40, 0x6e, 0x40, 0x6e, 0x40, 0x6e, 0x40, 0x6e, 0x40, 0x6e,
  0x40, 0x6e, 0x40, 0x6e, 0x40, 0x6e, 0x40, 0x6e, 0x60, 0x6e, 0x60, 0x6e,
  0x40, 0x6e, 0x41, 0x6e, 0x41, 0x66, 0x40, 0x6e, 0x00, 0x5d, 0x80, 0x32,
  0x81, 0x32, 0xc1, 0x3a, 0xc1, 0x3a, 0xc1, 0x3a, 0xc1, 0x3a, 0xa1, 0x3a,
  0xa1, 0x32, 0x81, 0x32, 0x81, 0x32, 0x81, 0x32, 0x61, 0x32, 0x61, 0x32,
  0x61, 0x32, 0x41, 0x32, 0x41, 0x32, 0x41, 0x32, 0x41, 0x2a, 0x41, 0x2a,
  0x41, 0x2a, 0x41, 0x2a, 0x41, 0x2a, 0x41, 0x2a, 0x41, 0x2a, 0x41, 0x2a,
  0x41, 0x2a, 0x41, 0x2a, 0x21, 0x2a, 0x21, 0x2a, 0x21, 0x2a, 0x21, 0x2a,
  0x21, 0x2a, 0x21, 0x2a, 0x21, 0x2a, 0x21, 0x2a, 0x21, 0x2a, 0x21, 0x2a,
  0x21, 0x2a, 0x21, 0x2a, 0x21, 0x2a, 0x21, 0x2a, 0x21, 0x2a, 0x21, 0x2a,
  0x21, 0x2a, 0x21, 0x2a, 0x41, 0x2a, 0xc0, 0x32, 0x80, 0x43, 0xa0, 0x5c,
  0xa0, 0x65, 0x61, 0x76, 0x40, 0x6e, 0x40, 0x6e, 0x60, 0x6e, 0x40, 0x66,
  0x60, 0x6e, 0x41, 0x6e, 0x41, 0x66, 0x40, 0x66, 0x40, 0x66, 0x40, 0x6e,
  0x40, 0x6e, 0x40, 0x6e, 0x40, 0x6e, 0x40, 0x6e, 0x40, 0x6e, 0x40, 0x6e,
  0x40, 0x6e, 0x40, 0x6e, 0x40, 0x6e, 0x40, 0x6e, 0x40, 0x6e, 0x40, 0x6e,
  0x40, 0x6e, 0x40, 0x6e, 0x40, 0x6e, 0x40, 0x6e, 0x40, 0x6e, 0x40, 0x6e,
  0x40, 0x6e, 0x40, 0x6e, 0x40, 0x6e, 0x40, 0x6e, 0x41, 0x76, 0xa2, 0x6d,
  0xc1, 0x21, 0x00, 0x00, 0x00, 0x00, 0xe2, 0x7a, 0xc2, 0xf5, 0x80, 0xfd,
  0xa0, 0xfd, 0xa0, 0xf5, 0xa0, 0xfd, 0xa0, 0xfd, 0x80, 0xfd, 0xa0, 0xfd,
  0xa0, 0xfd, 0xa0, 0xfd, 0xa0, 0xfd, 0xa0, 0xfd, 0xa0, 0xfd, 0xa0, 0xfd,
  0xa0, 0xfd, 0xa0, 0xfd, 0xa0, 0xfd, 0xa0, 0xfd, 0xa0, 0xfd, 0xa0, 0xfd,
  0xa0, 0xfd, 0xa0, 0xfd, 0xa0, 0xfd, 0xa0, 0xfd, 0xa0, 0xfd, 0xa0, 0xfd,
  0xa0, 0xfd, 0xa0, 0xfd, 0xa0, 0xfd, 0x80, 0xfd, 0xc0, 0xfd, 0x22, 0xe5,
  0x41, 0x39, 0x00, 0x00, 0x00, 0x00, 0x00, 0x00, 0x00, 0x00, 0x00, 0x00,
  0x00, 0x00, 0x00, 0x00, 0x00, 0x00, 0x00, 0x00, 0x00, 0x00, 0x00, 0x00,
  0x00, 0x00, 0x40, 0x08, 0x82, 0x6a, 0x21, 0xdd, 0xc0, 0xfd, 0xa0, 0xf5,
  0xa0, 0xf5, 0xa0, 0xfd, 0xa0, 0xfd, 0xa0, 0xfd, 0xa0, 0xfd, 0xa0, 0xfd,
  0xa0, 0xfd, 0xa0, 0xfd, 0xa0, 0xfd, 0xa0, 0xfd, 0xa0, 0xfd, 0xa0, 0xfd,
  0xa0, 0xfd, 0xa0, 0xfd, 0xa0, 0xfd, 0xa0, 0xfd, 0xa0, 0xfd, 0xa0, 0xfd,
  0xa0, 0xfd, 0xa0, 0xfd, 0xa0, 0xfd, 0xa0, 0xfd, 0xa0, 0xfd, 0xa0, 0xfd,
  0xa0, 0xfd, 0xa0, 0xf5, 0xa0, 0xf5, 0xa0, 0xf5, 0xa0, 0xf5, 0xc0, 0xfd,
  0xc1, 0xf5, 0xe2, 0xcc, 0x22, 0x5a, 0x20, 0x00, 0x00, 0x00, 0x00, 0x00,
  0x00, 0x00, 0x00, 0x00, 0x83, 0x72, 0x82, 0xf5, 0xa0, 0xfd, 0xa0, 0xfd,
  0xa0, 0xfd, 0xa0, 0xfd, 0xa0, 0xfd, 0xa0, 0xfd, 0xa0, 0xfd, 0xa0, 0xfd,
  0xa0, 0xfd, 0xa0, 0xfd, 0xa0, 0xfd, 0xa0, 0xfd, 0xa0, 0xfd, 0xa0, 0xfd,
  0xa0, 0xfd, 0xa0, 0xfd, 0xa0, 0xfd, 0xa0, 0xfd, 0xa0, 0xfd, 0xa0, 0xfd,
  0x80, 0xfd, 0xa0, 0xfd, 0xa0, 0xfd, 0xa0, 0xfd, 0xa0, 0xfd, 0xa0, 0xf5,
  0xa2, 0xfd, 0xa3, 0xd4, 0x61, 0x39, 0x00, 0x00, 0x00, 0x00, 0x00, 0x00,
  0x00, 0x00, 0x00, 0x00, 0x00, 0x00, 0x00, 0x00, 0x00, 0x00, 0x00, 0x00,
  0x2a, 0x0a, 0xf8, 0x14, 0x9b, 0x05, 0x9b, 0x05, 0x7b, 0x05, 0x7b, 0x05,
  0x9b, 0x05, 0x9b, 0x05, 0x9a, 0x05, 0x9a, 0x05, 0x9b, 0x05, 0x9b, 0x05,
  0x9b, 0x05, 0x9b, 0x05, 0x9b, 0x05, 0x9b, 0x05, 0x9b, 0x05, 0x9b, 0x05,
  0x9b, 0x05, 0x9b, 0x05, 0x9b, 0x05, 0x9b, 0x05, 0x9b, 0x05, 0x9b, 0x05,
  0x9b, 0x05, 0x9b, 0x05, 0x9b, 0x05, 0x9b, 0x05, 0x9b, 0x05, 0x9b, 0x05,
  0x9b, 0x05, 0x9b, 0x05, 0x9b, 0x05, 0x9b, 0x05, 0x9b, 0x05, 0x9b, 0x05,
  0x9b, 0x05, 0x9b, 0x05, 0x9b, 0x05, 0x9b, 0x05, 0x9b, 0x05, 0x9b, 0x05,
  0x9b, 0x05, 0x9b, 0x05, 0x9b, 0x05, 0x9b, 0x05, 0x9b, 0x05, 0x9b, 0x05,
  0x9b, 0x05, 0x9b, 0x05, 0x9b, 0x05, 0x9b, 0x05, 0x9b, 0x05, 0xbb, 0x05,
  0xbb, 0x05, 0x9a, 0x05, 0x7b, 0x05, 0x9b, 0x05, 0x9b, 0x05, 0x9a, 0x05,
  0x9a, 0x0d, 0x59, 0x15, 0x8c, 0x0a, 0x20, 0x00, 0x00, 0x00, 0x00, 0x00,
  0x00, 0x00, 0x00, 0x00, 0x00, 0x00, 0x00, 0x00, 0x00, 0x00, 0x00, 0x00,
  0x80, 0x08, 0x01, 0x4c, 0x20, 0x6e, 0x41, 0x6e, 0x41, 0x66, 0x40, 0x6e,
  0x40, 0x6e, 0x40, 0x6e, 0x60, 0x66, 0x60, 0x66, 0x40, 0x66, 0x40, 0x6e,
  0x40, 0x6e, 0x40, 0x6e, 0x40, 0x6e, 0x40, 0x6e, 0x40, 0x6e, 0x40, 0x6e,
  0x40, 0x6e, 0x40, 0x6e, 0x40, 0x6e, 0x40, 0x6e, 0x40, 0x6e, 0x40, 0x6e,
  0x40, 0x6e, 0x40, 0x6e, 0x40, 0x6e, 0x40, 0x6e, 0x40, 0x6e, 0x40, 0x6e,
  0x20, 0x6e, 0xc0, 0x6d, 0xe1, 0x6d, 0x01, 0x6e, 0x01, 0x6e, 0xe1, 0x6d,
  0xe1, 0x6d, 0xe1, 0x6d, 0xe1, 0x6d, 0xe1, 0x6d, 0xe1, 0x6d, 0xe1, 0x6d,
  0xe1, 0x6d, 0xe1, 0x6d, 0xe1, 0x6d, 0xe1, 0x6d, 0xe1, 0x6d, 0xe1, 0x6d,
  0xe1, 0x6d, 0xe1, 0x6d, 0xe1, 0x6d, 0xe1, 0x6d, 0xe1, 0x6d, 0xe1, 0x6d,
  0xe1, 0x6d, 0xc1, 0x6d, 0xc1, 0x6d, 0xe1, 0x6d, 0xc1, 0x6d, 0xc1, 0x6d,
  0xc1, 0x6d, 0xc1, 0x6d, 0xe1, 0x6d, 0xe1, 0x6d, 0xe1, 0x6d, 0xe1, 0x6d,
  0xe1, 0x6d, 0xe1, 0x6d, 0xe1, 0x6d, 0xe1, 0x6d, 0xe1, 0x6d, 0xc1, 0x6d,
  0xe1, 0x6d, 0xe1, 0x6d, 0xe1, 0x6d, 0xe1, 0x6d, 0x01, 0x6e, 0x01, 0x6e,
  0x20, 0x6e, 0x40, 0x6e, 0x60, 0x6e, 0x40, 0x6e, 0x40, 0x66, 0x40, 0x6e,
  0x40, 0x6e, 0x40, 0x6e, 0x40, 0x6e, 0x40, 0x6e, 0x40, 0x6e, 0x40, 0x6e,
  0x40, 0x6e, 0x40, 0x6e, 0x40, 0x6e, 0x40, 0x6e, 0x40, 0x6e, 0x40, 0x6e,
  0x40, 0x6e, 0x40, 0x6e, 0x40, 0x6e, 0x40, 0x6e, 0x40, 0x6e, 0x40, 0x6e,
  0x40, 0x6e, 0x40, 0x6e, 0x40, 0x6e, 0x40, 0x6e, 0x40, 0x6e, 0x40, 0x6e,
  0x40, 0x6e, 0x40, 0x6e, 0x40, 0x66, 0x40, 0x66, 0x40, 0x66, 0x40, 0x66,
  0x41, 0x76, 0x41, 0x6d, 0x21, 0x19, 0x00, 0x00, 0x00, 0x00, 0xe2, 0x7a,
  0xc2, 0xf5, 0x80, 0xfd, 0xa0, 0xfd, 0xa0, 0xf5, 0xa0, 0xfd, 0xa0, 0xfd,
  0x80, 0xfd, 0xa0, 0xfd, 0xa0, 0xfd, 0xa0, 0xfd, 0xa0, 0xfd, 0xa0, 0xfd,
  0xa0, 0xfd, 0xa0, 0xfd, 0xa0, 0xfd, 0xa0, 0xfd, 0xa0, 0xfd, 0xa0, 0xfd,
  0xa0, 0xfd, 0xa0, 0xfd, 0xa0, 0xfd, 0xa0, 0xfd, 0xa0, 0xfd, 0xa0, 0xfd,
  0xa0, 0xfd, 0xa0, 0xfd, 0xa0, 0xfd, 0xa0, 0xfd, 0xa0, 0xfd, 0xa0, 0xfd,
  0xc0, 0xfd, 0x22, 0xe5, 0x61, 0x39, 0x00, 0x00, 0x00, 0x00, 0x00, 0x00,
  0x00, 0x00, 0x00, 0x00, 0x00, 0x00, 0x00, 0x00, 0x00, 0x00, 0x00, 0x00,
  0x00, 0x00, 0x00, 0x00, 0x00, 0x00, 0x00, 0x00, 0x40, 0x08, 0x02, 0x7b,
  0x61, 0xed, 0xa0, 0xfd, 0xa1, 0xf5, 0xa0, 0xfd, 0xa0, 0xfd, 0xa0, 0xfd,
  0xa0, 0xfd, 0xa0, 0xfd, 0xa0, 0xfd, 0xa0, 0xfd, 0xa0, 0xfd, 0xa0, 0xfd,
  0xa0, 0xfd, 0xa0, 0xfd, 0xa0, 0xfd, 0xa0, 0xfd, 0xa0, 0xfd, 0xa0, 0xfd,
  0xa0, 0xfd, 0xa0, 0xfd, 0xa0, 0xfd, 0xa0, 0xfd, 0xa0, 0xfd, 0xa0, 0xfd,
  0xa0, 0xfd, 0xa0, 0xfd, 0xa0, 0xfd, 0xa0, 0xfd, 0xa0, 0xfd, 0xa0, 0xf5,
  0xa0, 0xf5, 0xa0, 0xf5, 0xa0, 0xf5, 0xe1, 0xf5, 0xa3, 0xc4, 0x62, 0x39,
  0x00, 0x00, 0x00, 0x00, 0x00, 0x00, 0x00, 0x00, 0xa3, 0x72, 0xa3, 0xfd,
  0xa0, 0xfd, 0xa0, 0xfd, 0xa0, 0xfd, 0xa0, 0xfd, 0xa0, 0xfd, 0xa0, 0xfd,
  0xa0, 0xfd, 0xa0, 0xfd, 0xa0, 0xfd, 0xa0, 0xfd, 0xa0, 0xfd, 0xa0, 0xfd,
  0xa0, 0xfd, 0xa0, 0xfd, 0xa0, 0xfd, 0xa0, 0xfd, 0xa0, 0xfd, 0xa0, 0xfd,
  0xa0, 0xfd, 0xa0, 0xfd, 0xa0, 0xfd, 0x80, 0xfd, 0x81, 0xfd, 0xa0, 0xfd,
  0xa0, 0xfd, 0xc0, 0xfd, 0x42, 0xed, 0x82, 0x72, 0x20, 0x08, 0x00, 0x00,
  0x00, 0x00, 0x00, 0x00, 0x00, 0x00, 0x00, 0x00, 0x00, 0x00, 0x00, 0x00,
  0x00, 0x00, 0x04, 0x09, 0x34, 0x0c, 0x7b, 0x0d, 0x9b, 0x05, 0x9b, 0x05,
  0x9b, 0x05, 0x9b, 0x05, 0x9b, 0x05, 0x9b, 0x05, 0x9b, 0x05, 0x9b, 0x05,
  0x9b, 0x05, 0x9b, 0x05, 0x9b, 0x05, 0x9b, 0x05, 0x9b, 0x05, 0x9b, 0x05,
  0x9b, 0x05, 0x9b, 0x05, 0x9b, 0x05, 0x9b, 0x05, 0x9b, 0x05, 0x9b, 0x05,
  0x9b, 0x05, 0x9b, 0x05, 0x9b, 0x05, 0x9b, 0x05, 0x9b, 0x05, 0x9b, 0x05,
  0x9b, 0x05, 0x9b, 0x05, 0x9b, 0x05, 0x9b, 0x05, 0x9b, 0x05, 0x9b, 0x05,
  0x9b, 0x05, 0x9b, 0x05, 0x9b, 0x05, 0x9b, 0x05, 0x9b, 0x05, 0x9b, 0x05,
  0x9b, 0x05, 0x9b, 0x05, 0x9b, 0x05, 0x9b, 0x05, 0x9b, 0x05, 0x9b, 0x05,
  0x9b, 0x05, 0x9b, 0x05, 0x9b, 0x05, 0x9b, 0x05, 0x9b, 0x05, 0x9b, 0x05,
  0x9b, 0x05, 0xbb, 0x05, 0x9b, 0x05, 0x9b, 0x05, 0x7b, 0x05, 0x9b, 0x05,
  0x9b, 0x05, 0xbb, 0x05, 0x7a, 0x05, 0x7a, 0x0d, 0x76, 0x0c, 0x25, 0x01,
  0x00, 0x00, 0x00, 0x00, 0x00, 0x00, 0x00, 0x00, 0x00, 0x00, 0x00, 0x00,
  0x00, 0x00, 0x00, 0x00, 0x00, 0x00, 0xa1, 0x21, 0x61, 0x65, 0x42, 0x6e,
  0x41, 0x6e, 0x40, 0x6e, 0x40, 0x6e, 0x40, 0x6e, 0x60, 0x66, 0x60, 0x66,
  0x40, 0x66, 0x40, 0x6e, 0x40, 0x6e, 0x40, 0x6e, 0x40, 0x6e, 0x40, 0x6e,
  0x40, 0x6e, 0x40, 0x6e, 0x40, 0x6e, 0x40, 0x6e, 0x40, 0x6e, 0x40, 0x6e,
  0x40, 0x6e, 0x40, 0x6e, 0x40, 0x6e, 0x40, 0x6e, 0x40, 0x6e, 0x40, 0x6e,
  0x40, 0x6e, 0x40, 0x6e, 0x40, 0x6e, 0x60, 0x6e, 0x40, 0x6e, 0x40, 0x6e,
  0x40, 0x6e, 0x40, 0x6e, 0x40, 0x6e, 0x40, 0x6e, 0x40, 0x6e, 0x40, 0x6e,
  0x40, 0x6e, 0x40, 0x6e, 0x40, 0x6e, 0x40, 0x6e, 0x40, 0x6e, 0x40, 0x6e,
  0x40, 0x6e, 0x40, 0x6e, 0x40, 0x6e, 0x40, 0x6e, 0x40, 0x6e, 0x40, 0x6e,
  0x40, 0x6e, 0x40, 0x6e, 0x40, 0x6e, 0x40, 0x6e, 0x40, 0x6e, 0x40, 0x6e,
  0x40, 0x6e, 0x40, 0x6e, 0x40, 0x6e, 0x40, 0x6e, 0x40, 0x6e, 0x40, 0x6e,
  0x40, 0x6e, 0x40, 0x6e, 0x40, 0x6e, 0x40, 0x6e, 0x40, 0x6e, 0x40, 0x6e,
  0x40, 0x6e, 0x40, 0x6e, 0x40, 0x6e, 0x40, 0x6e, 0x40, 0x6e, 0x40, 0x6e,
  0x40, 0x6e, 0x40, 0x6e, 0x40, 0x6e, 0x40, 0x6e, 0x40, 0x6e, 0x40, 0x6e,
  0x40, 0x6e, 0x40, 0x6e, 0x40, 0x6e, 0x40, 0x6e, 0x40, 0x6e, 0x40, 0x6e,
  0x40, 0x6e, 0x40, 0x6e, 0x40, 0x6e, 0x40, 0x6e, 0x40, 0x6e, 0x40, 0x6e,
  0x40, 0x6e, 0x40, 0x6e, 0x40, 0x6e, 0x40, 0x6e, 0x40, 0x6e, 0x40, 0x6e,
  0x40, 0x6e, 0x40, 0x6e, 0x40, 0x6e, 0x40, 0x6e, 0x40, 0x6e, 0x40, 0x6e,
  0x40, 0x6e, 0x40, 0x6e, 0x40, 0x6e, 0x40, 0x66, 0x40, 0x66, 0x40, 0x66,
  0x40, 0x66, 0x60, 0x6e, 0x41, 0x76, 0xa1, 0x5c, 0xa0, 0x10, 0x00, 0x00,
  0x00, 0x00, 0xe2, 0x7a, 0xc2, 0xf5, 0x80, 0xfd, 0xa0, 0xfd, 0xa0, 0xf5,
  0xa0, 0xfd, 0xa0, 0xfd, 0x80, 0xfd, 0xa0, 0xfd, 0xa0, 0xfd, 0xa0, 0xfd,
  0xa0, 0xfd, 0xa0, 0xfd, 0xa0, 0xfd, 0xa0, 0xfd, 0xa0, 0xfd, 0xa0, 0xfd,
  0xa0, 0xfd, 0xa0, 0xfd, 0xa0, 0xfd, 0xa0, 0xfd, 0xa0, 0xfd, 0xa0, 0xfd,
  0xa0, 0xfd, 0xa0, 0xfd, 0xa0, 0xfd, 0xa0, 0xfd, 0xa0, 0xfd, 0xa0, 0xfd,
  0xa0, 0xfd, 0xa0, 0xfd, 0xc0, 0xfd, 0x22, 0xe5, 0x61, 0x39, 0x00, 0x00,
  0x00, 0x00, 0x00, 0x00, 0x00, 0x00, 0x00, 0x00, 0x00, 0x00, 0x00, 0x00,
  0x00, 0x00, 0x00, 0x00, 0x00, 0x00, 0x00, 0x00, 0x00, 0x00, 0x00, 0x00,
  0x00, 0x00, 0x80, 0x10, 0x41, 0x8b, 0x81, 0xf5, 0xa1, 0xfd, 0x81, 0xf5,
  0xa0, 0xfd, 0xa0, 0xf5, 0xa0, 0xfd, 0x81, 0xfd, 0x81, 0xfd, 0xa0, 0xfd,
  0xa0, 0xfd, 0xa0, 0xfd, 0xa0, 0xfd, 0xa0, 0xfd, 0xa0, 0xfd, 0xa0, 0xfd,
  0xa0, 0xfd, 0xa0, 0xfd, 0xa0, 0xfd, 0xa0, 0xfd, 0xa0, 0xfd, 0xa0, 0xfd,
  0xa0, 0xfd, 0xa0, 0xfd, 0xa0, 0xfd, 0xa0, 0xfd, 0xa0, 0xfd, 0xa0, 0xfd,
  0xa0, 0xfd, 0xa0, 0xf5, 0xa0, 0xf5, 0xa0, 0xfd, 0xa0, 0xfd, 0xc1, 0xfd,
  0x81, 0xed, 0x03, 0xac, 0x01, 0x29, 0x00, 0x00, 0x00, 0x00, 0x00, 0x00,
  0x82, 0x6a, 0xa2, 0xfd, 0xa0, 0xfd, 0xa0, 0xfd, 0xa0, 0xfd, 0xa0, 0xfd,
  0xa0, 0xfd, 0xa0, 0xfd, 0xa0, 0xfd, 0xa0, 0xfd, 0xa0, 0xfd, 0xa0, 0xfd,
  0xa0, 0xfd, 0xa0, 0xfd, 0xa0, 0xfd, 0xa0, 0xfd, 0xa0, 0xfd, 0xa0, 0xfd,
  0xa0, 0xfd, 0xa0, 0xfd, 0xa0, 0xfd, 0xa0, 0xfd, 0xc0, 0xfd, 0xa0, 0xfd,
  0x80, 0xfd, 0xa0, 0xfd, 0xc0, 0xfd, 0xa1, 0xfd, 0xe2, 0xab, 0xa1, 0x18,
  0x00, 0x00, 0x00, 0x00, 0x00, 0x00, 0x00, 0x00, 0x00, 0x00, 0x00, 0x00,
  0x00, 0x00, 0x00, 0x00, 0x41, 0x00, 0x2e, 0x0b, 0x7a, 0x0d, 0x7a, 0x05,
  0x9b, 0x05, 0x9b, 0x05, 0x9b, 0x05, 0x9b, 0x05, 0x9b, 0x05, 0x9b, 0x05,
  0x9b, 0x05, 0x9b, 0x05, 0x9b, 0x05, 0x9b, 0x05, 0x9b, 0x05, 0x9b, 0x05,
  0x9b, 0x05, 0x9b, 0x05, 0x9b, 0x05, 0x9b, 0x05, 0x9b, 0x05, 0x9b, 0x05,
  0x9b, 0x05, 0x9b, 0x05, 0x9b, 0x05, 0x9b, 0x05, 0x9b, 0x05, 0x9b, 0x05,
  0x9b, 0x05, 0x9b, 0x05, 0x9b, 0x05, 0x9b, 0x05, 0x9b, 0x05, 0x9b, 0x05,
  0x9b, 0x05, 0x9b, 0x05, 0x9b, 0x05, 0x9b, 0x05, 0x9b, 0x05, 0x9b, 0x05,
  0x9b, 0x05, 0x9b, 0x05, 0x9b, 0x05, 0x9b, 0x05, 0x9b, 0x05, 0x9b, 0x05,
  0x9b, 0x05, 0x9b, 0x05, 0x9b, 0x05, 0x9b, 0x05, 0x9b, 0x05, 0x9b, 0x05,
  0x9b, 0x05, 0x9b, 0x05, 0x9b, 0x05, 0x9b, 0x05, 0x9b, 0x05, 0x9b, 0x05,
  0x7b, 0x05, 0x9b, 0x05, 0x9b, 0x05, 0xbb, 0x05, 0xba, 0x05, 0x7a, 0x0d,
  0x5a, 0x15, 0x0e, 0x0b, 0x41, 0x00, 0x00, 0x00, 0x00, 0x00, 0x00, 0x00,
  0x00, 0x00, 0x00, 0x00, 0x00, 0x00, 0x00, 0x00, 0x00, 0x00, 0x40, 0x00,
  0x21, 0x3b, 0x02, 0x6e, 0x40, 0x6e, 0x41, 0x6e, 0x20, 0x6e, 0x40, 0x6e,
  0x40, 0x66, 0x60, 0x66, 0x40, 0x6e, 0x40, 0x6e, 0x40, 0x6e, 0x40, 0x6e,
  0x40, 0x6e, 0x40, 0x6e, 0x40, 0x6e, 0x40, 0x6e, 0x40, 0x6e, 0x40, 0x6e,
  0x40, 0x6e, 0x40, 0x6e, 0x40, 0x6e, 0x40, 0x6e, 0x40, 0x6e, 0x40, 0x6e,
  0x40, 0x6e, 0x40, 0x6e, 0x40, 0x6e, 0x40, 0x6e, 0x40, 0x6e, 0x40, 0x6e,
  0x40, 0x6e, 0x40, 0x6e, 0x40, 0x6e, 0x40, 0x6e, 0x40, 0x6e, 0x40, 0x6e,
  0x40, 0x6e, 0x40, 0x6e, 0x40, 0x6e, 0x40, 0x6e, 0x40, 0x6e, 0x40, 0x6e,
  0x40, 0x6e, 0x40, 0x6e, 0x40, 0x6e, 0x40, 0x6e, 0x40, 0x6e, 0x40, 0x6e,
  0x40, 0x6e, 0x40, 0x6e, 0x40, 0x6e, 0x40, 0x6e, 0x40, 0x6e, 0x40, 0x6e,
  0x40, 0x6e, 0x40, 0x6e, 0x40, 0x6e, 0x40, 0x6e, 0x40, 0x6e, 0x40, 0x6e,
  0x40, 0x6e, 0x40, 0x6e, 0x40, 0x6e, 0x40, 0x6e, 0x40, 0x6e, 0x40, 0x6e,
  0x40, 0x6e, 0x40, 0x6e, 0x40, 0x6e, 0x40, 0x6e, 0x40, 0x6e, 0x40, 0x6e,
  0x40, 0x6e, 0x40, 0x6e, 0x40, 0x6e, 0x40, 0x6e, 0x40, 0x6e, 0x40, 0x6e,
  0x40, 0x6e, 0x40, 0x6e, 0x40, 0x6e, 0x40, 0x6e, 0x40, 0x6e, 0x40, 0x6e,
  0x40, 0x6e, 0x40, 0x6e, 0x40, 0x6e, 0x40, 0x6e, 0x40, 0x6e, 0x40, 0x6e,
  0x40, 0x6e, 0x40, 0x6e, 0x40, 0x6e, 0x40, 0x6e, 0x40, 0x6e, 0x40, 0x6e,
  0x40, 0x6e, 0x40, 0x6e, 0x40, 0x6e, 0x40, 0x6e, 0x40, 0x6e, 0x40, 0x6e,
  0x40, 0x6e, 0x40, 0x6e, 0x40, 0x6e, 0x40, 0x6e, 0x40, 0x6e, 0x40, 0x66,
  0x40, 0x66, 0x40, 0x66, 0x40, 0x66, 0x40, 0x6e, 0x21, 0x76, 0xa1, 0x4b,
  0x40, 0x00, 0x00, 0x00, 0x00, 0x00, 0xe2, 0x7a, 0xc2, 0xf5, 0x80, 0xfd,
  0xa0, 0xfd, 0xa0, 0xf5, 0xa0, 0xfd, 0xa0, 0xfd, 0x80, 0xfd, 0xa0, 0xfd,
  0xa0, 0xfd, 0xa0, 0xfd, 0xa0, 0xfd, 0xa0, 0xfd, 0xa0, 0xfd, 0xa0, 0xfd,
  0xa0, 0xfd, 0xa0, 0xfd, 0xa0, 0xfd, 0xa0, 0xfd, 0xa0, 0xfd, 0xa0, 0xfd,
  0xa0, 0xfd, 0xa0, 0xfd, 0xa0, 0xfd, 0xa0, 0xfd, 0xa0, 0xfd, 0xa0, 0xfd,
  0xa0, 0xfd, 0xa0, 0xfd, 0xa0, 0xfd, 0xa0, 0xfd, 0xc0, 0xfd, 0x22, 0xe5,
  0x61, 0x39, 0x00, 0x00, 0x00, 0x00, 0x00, 0x00, 0x00, 0x00, 0x00, 0x00,
  0x00, 0x00, 0x00, 0x00, 0x00, 0x00, 0x00, 0x00, 0x00, 0x00, 0x00, 0x00,
  0x00, 0x00, 0x00, 0x00, 0x00, 0x00, 0x00, 0x00, 0xc1, 0x20, 0x02, 0xb4,
  0x81, 0xfd, 0xa1, 0xfd, 0x80, 0xf5, 0xa1, 0xfd, 0x81, 0xfd, 0x81, 0xfd,
  0x81, 0xfd, 0xa0, 0xfd, 0xa0, 0xfd, 0xa0, 0xfd, 0xa0, 0xfd, 0xa0, 0xfd,
  0xa0, 0xfd, 0xa0, 0xfd, 0xa0, 0xfd, 0xa0, 0xfd, 0xa0, 0xfd, 0xa0, 0xfd,
  0xa0, 0xfd, 0xa0, 0xfd, 0xa0, 0xfd, 0xa0, 0xfd, 0xa0, 0xfd, 0xa0, 0xfd,
  0xa0, 0xfd, 0xa0, 0xfd, 0xa0, 0xfd, 0xa0, 0xfd, 0xa0, 0xfd, 0x80, 0xfd,
  0xa0, 0xfd, 0x80, 0xfd, 0xc1, 0xfd, 0x82, 0xed, 0x82, 0x93, 0xa1, 0x18,
  0x00, 0x00, 0x00, 0x00, 0x62, 0x6a, 0xa1, 0xf5, 0xa0, 0xfd, 0xa0, 0xfd,
  0xa0, 0xfd, 0xa0, 0xfd, 0xa0, 0xfd, 0xa0, 0xfd, 0xa0, 0xfd, 0xa0, 0xfd,
  0xa0, 0xfd, 0xa0, 0xfd, 0xa0, 0xfd, 0xa0, 0xfd, 0xa0, 0xfd, 0xa0, 0xfd,
  0xa0, 0xfd, 0xa0, 0xfd, 0xa0, 0xfd, 0xa0, 0xfd, 0xa0, 0xfd, 0xa0, 0xfd,
  0xc0, 0xf5, 0xa0, 0xfd, 0x80, 0xfd, 0x81, 0xfd, 0xc1, 0xfd, 0x02, 0xdd,
  0xc1, 0x49, 0x00, 0x00, 0x00, 0x00, 0x00, 0x00, 0x00, 0x00, 0x00, 0x00,
  0x00, 0x00, 0x00, 0x00, 0x00, 0x00, 0x00, 0x00, 0xc8, 0x09, 0x18, 0x15,
  0x9b, 0x05, 0x9a, 0x05, 0x9a, 0x05, 0x9b, 0x05, 0x9b, 0x05, 0x9b, 0x05,
  0x9b, 0x05, 0x9b, 0x05, 0x9b, 0x05, 0x9b, 0x05, 0x9b, 0x05, 0x9b, 0x05,
  0x9b, 0x05, 0x9b, 0x05, 0x9b, 0x05, 0x9b, 0x05, 0x9b, 0x05, 0x9b, 0x05,
  0x9b, 0x05, 0x9b, 0x05, 0x9b, 0x05, 0x9b, 0x05, 0x9b, 0x05, 0x9b, 0x05,
  0x9b, 0x05, 0x9b, 0x05, 0x9b, 0x05, 0x9b, 0x05, 0x9b, 0x05, 0x9b, 0x05,
  0x9b, 0x05, 0x9b, 0x05, 0x9b, 0x05, 0x9b, 0x05, 0x9b, 0x05, 0x9b, 0x05,
  0x9b, 0x05, 0x9b, 0x05, 0x9b, 0x05, 0x9b, 0x05, 0x9b, 0x05, 0x9b, 0x05,
  0x9b, 0x05, 0x9b, 0x05, 0x9b, 0x05, 0x9b, 0x05, 0x9b, 0x05, 0x9b, 0x05,
  0x9b, 0x05, 0x9b, 0x05, 0x9b, 0x05, 0x9b, 0x05, 0x9b, 0x05, 0x9b, 0x05,
  0x9b, 0x05, 0x9b, 0x05, 0x9b, 0x05, 0x9b, 0x05, 0xbb, 0x05, 0x9a, 0x05,
  0xba, 0x05, 0x7a, 0x05, 0x7a, 0x0d, 0xf7, 0x14, 0xc8, 0x09, 0x00, 0x00,
  0x00, 0x00, 0x00, 0x00, 0x00, 0x00, 0x00, 0x00, 0x00, 0x00, 0x00, 0x00,
  0x00, 0x00, 0x00, 0x00, 0xe0, 0x10, 0xa1, 0x5c, 0x40, 0x6e, 0x41, 0x66,
  0x41, 0x66, 0x41, 0x6e, 0x40, 0x6e, 0x40, 0x6e, 0x40, 0x6e, 0x40, 0x6e,
  0x40, 0x6e, 0x40, 0x6e, 0x40, 0x6e, 0x40, 0x6e, 0x40, 0x6e, 0x40, 0x6e,
  0x40, 0x6e, 0x40, 0x6e, 0x40, 0x6e, 0x40, 0x6e, 0x40, 0x6e, 0x40, 0x6e,
  0x40, 0x6e, 0x40, 0x6e, 0x40, 0x6e, 0x40, 0x6e, 0x40, 0x6e, 0x40, 0x6e,
  0x40, 0x6e, 0x40, 0x6e, 0x40, 0x6e, 0x40, 0x6e, 0x40, 0x6e, 0x40, 0x6e,
  0x40, 0x6e, 0x40, 0x6e, 0x40, 0x6e, 0x40, 0x6e, 0x40, 0x6e, 0x40, 0x6e,
  0x40, 0x6e, 0x40, 0x6e, 0x40, 0x6e, 0x40, 0x6e, 0x40, 0x6e, 0x40, 0x6e,
  0x40, 0x6e, 0x40, 0x6e, 0x40, 0x6e, 0x40, 0x6e, 0x40, 0x6e, 0x40, 0x6e,
  0x40, 0x6e, 0x40, 0x6e, 0x40, 0x6e, 0x40, 0x6e, 0x40, 0x6e, 0x40, 0x6e,
  0x40, 0x6e, 0x40, 0x6e, 0x40, 0x6e, 0x40, 0x6e, 0x40, 0x6e, 0x40, 0x6e,
  0x40, 0x6e, 0x40, 0x6e, 0x40, 0x6e, 0x40, 0x6e, 0x40, 0x6e, 0x40, 0x6e,
  0x40, 0x6e, 0x40, 0x6e, 0x40, 0x6e, 0x40, 0x6e, 0x40, 0x6e, 0x40, 0x6e,
  0x40, 0x6e, 0x40, 0x6e, 0x40, 0x6e, 0x40, 0x6e, 0x40, 0x6e, 0x40, 0x6e,
  0x40, 0x6e, 0x40, 0x6e, 0x40, 0x6e, 0x40, 0x6e, 0x40, 0x6e, 0x40, 0x6e,
  0x40, 0x6e, 0x40, 0x6e, 0x40, 0x6e, 0x40, 0x6e, 0x40, 0x6e, 0x40, 0x6e,
  0x40, 0x6e, 0x40, 0x6e, 0x40, 0x6e, 0x40, 0x6e, 0x40, 0x6e, 0x40, 0x6e,
  0x40, 0x6e, 0x40, 0x6e, 0x40, 0x6e, 0x40, 0x6e, 0x40, 0x6e, 0x40, 0x6e,
  0x40, 0x6e, 0x40, 0x6e, 0x40, 0x6e, 0x40, 0x6e, 0x40, 0x6e, 0x40, 0x6e,
  0xe1, 0x75, 0x41, 0x32, 0x00, 0x00, 0x00, 0x00, 0x00, 0x00, 0xe2, 0x7a,
  0xc2, 0xf5, 0x80, 0xfd, 0xa0, 0xfd, 0xa0, 0xf5, 0xa0, 0xfd, 0xa0, 0xfd,
  0x80, 0xfd, 0xa0, 0xfd, 0xa0, 0xfd, 0xa0, 0xfd, 0xa0, 0xfd, 0xa0, 0xfd,
  0xa0, 0xfd, 0xa0, 0xfd, 0xa0, 0xfd, 0xa0, 0xfd, 0xa0, 0xfd, 0xa0, 0xfd,
  0xa0, 0xfd, 0xa0, 0xfd, 0xa0, 0xfd, 0xa0, 0xfd, 0xa0, 0xfd, 0xa0, 0xfd,
  0xa0, 0xfd, 0xa0, 0xfd, 0xa0, 0xfd, 0xa0, 0xfd, 0xa0, 0xfd, 0xa0, 0xfd,
  0xc0, 0xfd, 0x22, 0xe5, 0x61, 0x39, 0x00, 0x00, 0x00, 0x00, 0x00, 0x00,
  0x00, 0x00, 0x00, 0x00, 0x00, 0x00, 0x00, 0x00, 0x00, 0x00, 0x00, 0x00,
  0x00, 0x00, 0x00, 0x00, 0x00, 0x00, 0x00, 0x00, 0x00, 0x00, 0x00, 0x00,
  0x00, 0x00, 0x41, 0x39, 0x43, 0xbc, 0xa1, 0xf5, 0xa0, 0xfd, 0xa0, 0xfd,
  0x81, 0xfd, 0xa1, 0xfd, 0xa0, 0xfd, 0xa0, 0xfd, 0xa0, 0xfd, 0xa0, 0xfd,
  0xa0, 0xfd, 0xa0, 0xfd, 0xa0, 0xfd, 0xa0, 0xfd, 0xa0, 0xfd, 0xa0, 0xfd,
  0xa0, 0xfd, 0xa0, 0xfd, 0xa0, 0xfd, 0xa0, 0xfd, 0xa0, 0xfd, 0xa0, 0xfd,
  0xa0, 0xfd, 0xa0, 0xfd, 0xa0, 0xfd, 0xa0, 0xfd, 0xa0, 0xfd, 0xa0, 0xf5,
  0xa0, 0xfd, 0x80, 0xfd, 0xa0, 0xfd, 0xa0, 0xfd, 0x80, 0xfd, 0xc1, 0xf5,
  0x61, 0xe5, 0x01, 0x83, 0x60, 0x10, 0x00, 0x00, 0x81, 0x6a, 0xa1, 0xf5,
  0xa0, 0xfd, 0xa0, 0xfd, 0xa0, 0xfd, 0xa0, 0xfd, 0xa0, 0xfd, 0xa0, 0xfd,
  0xa0, 0xfd, 0xa0, 0xfd, 0xa0, 0xfd, 0xa0, 0xfd, 0xa0, 0xfd, 0xa0, 0xfd,
  0xa0, 0xfd, 0xa0, 0xfd, 0xa0, 0xfd, 0xa0, 0xfd, 0xa0, 0xfd, 0xa0, 0xfd,
  0xa0, 0xfd, 0xa0, 0xfd, 0xa0, 0xf5, 0xa0, 0xfd, 0xa0, 0xfd, 0x81, 0xfd,
  0x82, 0xf5, 0x22, 0x8b, 0x40, 0x08, 0x00, 0x00, 0x00, 0x00, 0x00, 0x00,
  0x00, 0x00, 0x00, 0x00, 0x00, 0x00, 0x00, 0x00, 0x00, 0x00, 0xc3, 0x00,
  0x13, 0x14, 0x5b, 0x0d, 0x7b, 0x0d, 0x9a, 0x05, 0x9b, 0x05, 0x9b, 0x05,
  0x9b, 0x05, 0x9b, 0x05, 0x9b, 0x05, 0x9b, 0x05, 0x9b, 0x05, 0x9b, 0x05,
  0x9b, 0x05, 0x9b, 0x05, 0x9b, 0x05, 0x9b, 0x05, 0x9b, 0x05, 0x9b, 0x05,
  0x9b, 0x05, 0x9b, 0x05, 0x9b, 0x05, 0x9b, 0x05, 0x9b, 0x05, 0x9b, 0x05,
  0x9b, 0x05, 0x9b, 0x05, 0x9b, 0x05, 0x9b, 0x05, 0x9b, 0x05, 0x9b, 0x05,
  0x9b, 0x05, 0x9b, 0x05, 0x9b, 0x05, 0x9b, 0x05, 0x9b, 0x05, 0x9b, 0x05,
  0x9b, 0x05, 0x9b, 0x05, 0x9b, 0x05, 0x9b, 0x05, 0x9b, 0x05, 0x9b, 0x05,
  0x9b, 0x05, 0x9b, 0x05, 0x9b, 0x05, 0x9b, 0x05, 0x9b, 0x05, 0x9b, 0x05,
  0x9b, 0x05, 0x9b, 0x05, 0x9b, 0x05, 0x9b, 0x05, 0x9b, 0x05, 0x9b, 0x05,
  0x9b, 0x05, 0x9b, 0x05, 0x9b, 0x05, 0x9b, 0x05, 0x9b, 0x05, 0x9b, 0x05,
  0x9b, 0x05, 0xbb, 0x05, 0x9a, 0x05, 0x9a, 0x05, 0x7a, 0x05, 0x7a, 0x0d,
  0xd2, 0x0b, 0xc3, 0x00, 0x00, 0x00, 0x00, 0x00, 0x00, 0x00, 0x00, 0x00,
  0x00, 0x00, 0x00, 0x00, 0x00, 0x00, 0x00, 0x00, 0x00, 0x00, 0x41, 0x2a,
  0xc1, 0x65, 0x40, 0x66, 0x61, 0x66, 0x40, 0x6e, 0x40, 0x6e, 0x40, 0x6e,
  0x40, 0x6e, 0x40, 0x6e, 0x40, 0x6e, 0x40, 0x6e, 0x40, 0x6e, 0x40, 0x6e,
  0x40, 0x6e, 0x40, 0x6e, 0x40, 0x6e, 0x40, 0x6e, 0x40, 0x6e, 0x40, 0x6e,
  0x40, 0x6e, 0x40, 0x6e, 0x40, 0x6e, 0x40, 0x6e, 0x40, 0x6e, 0x40, 0x6e,
  0x40, 0x6e, 0x40, 0x6e, 0x40, 0x6e, 0x40, 0x6e, 0x40, 0x6e, 0x40, 0x6e,
  0x40, 0x6e, 0x40, 0x6e, 0x40, 0x6e, 0x40, 0x6e, 0x40, 0x6e, 0x40, 0x6e,
  0x40, 0x6e, 0x40, 0x6e, 0x40, 0x6e, 0x40, 0x6e, 0x40, 0x6e, 0x40, 0x6e,
  0x40, 0x6e, 0x40, 0x6e, 0x40, 0x6e, 0x40, 0x6e, 0x40, 0x6e, 0x40, 0x6e,
  0x40, 0x6e, 0x40, 0x6e, 0x40, 0x6e, 0x40, 0x6e, 0x40, 0x6e, 0x40, 0x6e,
  0x40, 0x6e, 0x40, 0x6e, 0x40, 0x6e, 0x40, 0x6e, 0x40, 0x6e, 0x40, 0x6e,
  0x40, 0x6e, 0x40, 0x6e, 0x40, 0x6e, 0x40, 0x6e, 0x40, 0x6e, 0x40, 0x6e,
  0x40, 0x6e, 0x40, 0x6e, 0x40, 0x6e, 0x40, 0x6e, 0x40, 0x6e, 0x40, 0x6e,
  0x40, 0x6e, 0x40, 0x6e, 0x40, 0x6e, 0x40, 0x6e, 0x40, 0x6e, 0x40, 0x6e,
  0x40, 0x6e, 0x40, 0x6e, 0x40, 0x6e, 0x40, 0x6e, 0x40, 0x6e, 0x40, 0x6e,
  0x40, 0x6e, 0x40, 0x6e, 0x40, 0x6e, 0x40, 0x6e, 0x40, 0x6e, 0x40, 0x6e,
  0x40, 0x6e, 0x40, 0x6e, 0x40, 0x6e, 0x40, 0x6e, 0x40, 0x6e, 0x40, 0x6e,
  0x40, 0x6e, 0x40, 0x6e, 0x40, 0x6e, 0x40, 0x6e, 0x40, 0x6e, 0x40, 0x6e,
  0x40, 0x6e, 0x40, 0x6e, 0x40, 0x6e, 0x40, 0x6e, 0x40, 0x6e, 0x40, 0x6e,
  0x40, 0x6e, 0x40, 0x76, 0x21, 0x65, 0x40, 0x19, 0x00, 0x00, 0x00, 0x00,
  0x00, 0x00, 0xe2, 0x7a, 0xc2, 0xf5, 0x80, 0xfd, 0xa0, 0xfd, 0xa0, 0xf5,
  0xa0, 0xfd, 0xa0, 0xfd, 0x80, 0xfd, 0xa0, 0xfd, 0xa0, 0xfd, 0xa0, 0xfd,
  0xa0, 0xfd, 0xa0, 0xfd, 0xa0, 0xfd, 0xa0, 0xfd, 0xa0, 0xfd, 0xa0, 0xfd,
  0xa0, 0xfd, 0xa0, 0xfd, 0xa0, 0xfd, 0xa0, 0xfd, 0xa0, 0xfd, 0xa0, 0xfd,
  0xa0, 0xfd, 0xa0, 0xfd, 0xa0, 0xfd, 0xa0, 0xfd, 0xa0, 0xfd, 0xa0, 0xfd,
  0xa0, 0xfd, 0xa0, 0xfd, 0xc0, 0xfd, 0x22, 0xe5, 0x61, 0x39, 0x00, 0x00,
  0x00, 0x00, 0x00, 0x00, 0x00, 0x00, 0x00, 0x00, 0x00, 0x00, 0x00, 0x00,
  0x00, 0x00, 0x00, 0x00, 0x00, 0x00, 0x00, 0x00, 0x00, 0x00, 0x00, 0x00,
  0x00, 0x00, 0x00, 0x00, 0x00, 0x00, 0x00, 0x00, 0xa1, 0x41, 0xa1, 0xc4,
  0xc0, 0xfd, 0x80, 0xfd, 0xa0, 0xfd, 0xa0, 0xf5, 0xc0, 0xfd, 0xa0, 0xfd,
  0x80, 0xfd, 0x80, 0xfd, 0xa0, 0xfd, 0xa0, 0xfd, 0xa0, 0xfd, 0xa0, 0xfd,
  0xa0, 0xfd, 0xa0, 0xfd, 0xa0, 0xfd, 0xa0, 0xfd, 0xa0, 0xfd, 0xa0, 0xfd,
  0xa0, 0xfd, 0xa0, 0xfd, 0xa0, 0xfd, 0xa0, 0xfd, 0xa0, 0xfd, 0xa0, 0xfd,
  0xa0, 0xfd, 0xa0, 0xfd, 0xa0, 0xfd, 0xa0, 0xf5, 0xa0, 0xfd, 0xa0, 0xfd,
  0xa0, 0xfd, 0xa0, 0xf5, 0xc0, 0xfd, 0x01, 0xe5, 0x41, 0x6a, 0x60, 0x10,
  0xc1, 0x7a, 0xa1, 0xf5, 0xa0, 0xfd, 0xa0, 0xfd, 0xa0, 0xfd, 0xa0, 0xfd,
  0xa0, 0xfd, 0xa0, 0xfd, 0xa0, 0xfd, 0xa0, 0xfd, 0xa0, 0xfd, 0xa0, 0xfd,
  0xa0, 0xfd, 0xa0, 0xfd, 0xa0, 0xfd, 0xa0, 0xfd, 0xa0, 0xfd, 0xa0, 0xfd,
  0xa0, 0xfd, 0xa0, 0xfd, 0xa0, 0xfd, 0xa0, 0xfd, 0xa1, 0xf5, 0xa0, 0xf5,
  0xa0, 0xfd, 0x81, 0xfd, 0x62, 0xcc, 0x01, 0x29, 0x00, 0x00, 0x00, 0x00,
  0x00, 0x00, 0x00, 0x00, 0x00, 0x00, 0x00, 0x00, 0x00, 0x00, 0x00, 0x00,
  0x00, 0x00, 0xac, 0x0a, 0x59, 0x0d, 0x7b, 0x0d, 0x5a, 0x0d, 0x9a, 0x05,
  0x9b, 0x05, 0x9b, 0x05, 0x9b, 0x05, 0x9b, 0x05, 0x9b, 0x05, 0x9b, 0x05,
  0x9b, 0x05, 0x9b, 0x05, 0x9b, 0x05, 0x9b, 0x05, 0x9b, 0x05, 0x9b, 0x05,
  0x9b, 0x05, 0x9b, 0x05, 0x9b, 0x05, 0x9b, 0x05, 0x9b, 0x05, 0x9b, 0x05,
  0x9b, 0x05, 0x9b, 0x05, 0x9b, 0x05, 0x9b, 0x05, 0x9b, 0x05, 0x9b, 0x05,
  0x9b, 0x05, 0x9b, 0x05, 0x9b, 0x05, 0x9b, 0x05, 0x9b, 0x05, 0x9b, 0x05,
  0x9b, 0x05, 0x9b, 0x05, 0x9b, 0x05, 0x9b, 0x05, 0x9b, 0x05, 0x9b, 0x05,
  0x9b, 0x05, 0x9b, 0x05, 0x9b, 0x05, 0x9b, 0x05, 0x9b, 0x05, 0x9b, 0x05,
  0x9b, 0x05, 0x9b, 0x05, 0x9b, 0x05, 0x9b, 0x05, 0x9b, 0x05, 0x9b, 0x05,
  0x9b, 0x05, 0x9b, 0x05, 0x9b, 0x05, 0x9b, 0x05, 0x9a, 0x05, 0x9a, 0x05,
  0x9b, 0x05, 0x9b, 0x05, 0x9b, 0x05, 0xbb, 0x05, 0x9a, 0x05, 0x9a, 0x05,
  0x9a, 0x05, 0x7b, 0x0d, 0x5a, 0x0d, 0xad, 0x02, 0x20, 0x00, 0x00, 0x00,
  0x00, 0x00, 0x00, 0x00, 0x00, 0x00, 0x00, 0x00, 0x00, 0x00, 0x00, 0x00,
  0x00, 0x00, 0x80, 0x08, 0x01, 0x4c, 0x60, 0x6e, 0x60, 0x66, 0x40, 0x6e,
  0x40, 0x6e, 0x40, 0x6e, 0x40, 0x6e, 0x40, 0x6e, 0x40, 0x6e, 0x40, 0x6e,
  0x40, 0x6e, 0x40, 0x6e, 0x40, 0x6e, 0x40, 0x6e, 0x40, 0x6e, 0x40, 0x6e,
  0x40, 0x6e, 0x40, 0x6e, 0x40, 0x6e, 0x40, 0x6e, 0x40, 0x6e, 0x40, 0x6e,
  0x40, 0x6e, 0x40, 0x6e, 0x40, 0x6e, 0x40, 0x6e, 0x40, 0x6e, 0x40, 0x6e,
  0x40, 0x6e, 0x40, 0x6e, 0x40, 0x6e, 0x40, 0x6e, 0x40, 0x6e, 0x40, 0x6e,
  0x40, 0x6e, 0x40, 0x6e, 0x40, 0x6e, 0x40, 0x6e, 0x60, 0x66, 0x60, 0x66,
  0x60, 0x66, 0x60, 0x66, 0x60, 0x66, 0x60, 0x66, 0x60, 0x66, 0x60, 0x66,
  0x60, 0x66, 0x60, 0x66, 0x60, 0x66, 0x60, 0x66, 0x60, 0x66, 0x60, 0x66,
  0x60, 0x66, 0x60, 0x66, 0x60, 0x66, 0x60, 0x66, 0x60, 0x66, 0x60, 0x66,
  0x40, 0x6e, 0x40, 0x6e, 0x40, 0x6e, 0x40, 0x6e, 0x40, 0x6e, 0x40, 0x6e,
  0x40, 0x6e, 0x40, 0x6e, 0x40, 0x6e, 0x40, 0x6e, 0x40, 0x6e, 0x40, 0x6e,
  0x40, 0x6e, 0x40, 0x6e, 0x40, 0x6e, 0x40, 0x6e, 0x40, 0x6e, 0x40, 0x6e,
  0x40, 0x6e, 0x40, 0x6e, 0x40, 0x6e, 0x40, 0x6e, 0x40, 0x6e, 0x40, 0x6e,
  0x40, 0x6e, 0x40, 0x6e, 0x40, 0x6e, 0x40, 0x6e, 0x40, 0x6e, 0x40, 0x6e,
  0x40, 0x6e, 0x40, 0x6e, 0x40, 0x6e, 0x40, 0x6e, 0x40, 0x6e, 0x40, 0x6e,
  0x40, 0x6e, 0x40, 0x6e, 0x40, 0x6e, 0x40, 0x6e, 0x40, 0x6e, 0x40, 0x6e,
  0x40, 0x6e, 0x40, 0x6e, 0x40, 0x6e, 0x40, 0x6e, 0x40, 0x6e, 0x40, 0x6e,
  0x40, 0x6e, 0x40, 0x6e, 0x40, 0x6e, 0x40, 0x76, 0x21, 0x54, 0x60, 0x08,
  0x00, 0x00, 0x00, 0x00, 0x00, 0x00, 0x02, 0x7b, 0xc2, 0xf5, 0x80, 0xfd,
  0xa0, 0xfd, 0xa0, 0xf5, 0xa0, 0xfd, 0xa0, 0xfd, 0x80, 0xfd, 0xa0, 0xfd,
  0xa0, 0xfd, 0xa0, 0xfd, 0xa0, 0xfd, 0xa0, 0xfd, 0xa0, 0xfd, 0xa0, 0xfd,
  0xa0, 0xfd, 0xa0, 0xfd, 0xa0, 0xfd, 0xa0, 0xfd, 0xa0, 0xfd, 0xa0, 0xfd,
  0xa0, 0xfd, 0xa0, 0xfd, 0xa0, 0xfd, 0xa0, 0xfd, 0xa0, 0xfd, 0xa0, 0xfd,
  0xa0, 0xfd, 0xa0, 0xfd, 0xa0, 0xfd, 0xa0, 0xfd, 0xc0, 0xfd, 0x22, 0xe5,
  0x61, 0x39, 0x00, 0x00, 0x00, 0x00, 0x00, 0x00, 0x00, 0x00, 0x00, 0x00,
  0x00, 0x00, 0x00, 0x00, 0x00, 0x00, 0x00, 0x00, 0x00, 0x00, 0x00, 0x00,
  0x00, 0x00, 0x00, 0x00, 0x00, 0x00, 0x00, 0x00, 0x00, 0x00, 0x00, 0x00,
  0x00, 0x00, 0x01, 0x52, 0xc1, 0xd4, 0xa0, 0xfd, 0x80, 0xfd, 0xa0, 0xfd,
  0xa0, 0xf5, 0x80, 0xfd, 0x80, 0xfd, 0xa0, 0xfd, 0xa0, 0xfd, 0xa0, 0xfd,
  0xa0, 0xfd, 0xa0, 0xfd, 0xa0, 0xfd, 0xa0, 0xfd, 0xa0, 0xfd, 0xa0, 0xfd,
  0xa0, 0xfd, 0xa0, 0xfd, 0xa0, 0xfd, 0xa0, 0xfd, 0xa0, 0xfd, 0xa0, 0xfd,
  0xa0, 0xfd, 0xa0, 0xfd, 0xa0, 0xfd, 0xa0, 0xfd, 0xa0, 0xfd, 0xa1, 0xf5,
  0xa1, 0xf5, 0xa0, 0xfd, 0xa0, 0xf5, 0xa0, 0xf5, 0xa0, 0xf5, 0x81, 0xfd,
  0x61, 0xd4, 0x81, 0x72, 0xe0, 0xab, 0xa0, 0xfd, 0xa0, 0xfd, 0xa0, 0xfd,
  0xa0, 0xfd, 0xa0, 0xfd, 0xa0, 0xfd, 0xa0, 0xfd, 0xa0, 0xfd, 0xa0, 0xfd,
  0xa0, 0xfd, 0xa0, 0xfd, 0xa0, 0xfd, 0xa0, 0xfd, 0xa0, 0xfd, 0xa0, 0xfd,
  0xa0, 0xfd, 0xa0, 0xfd, 0xa0, 0xfd, 0xa0, 0xfd, 0xa0, 0xfd, 0xa0, 0xfd,
  0xa1, 0xfd, 0xc0, 0xf5, 0xc0, 0xfd, 0x41, 0xed, 0x62, 0x6a, 0x00, 0x00,
  0x00, 0x00, 0x00, 0x00, 0x00, 0x00, 0x00, 0x00, 0x00, 0x00, 0x00, 0x00,
  0x00, 0x00, 0x00, 0x00, 0x25, 0x09, 0x75, 0x0c, 0x9b, 0x05, 0x7a, 0x0d,
  0x7a, 0x0d, 0x9b, 0x05, 0x9b, 0x05, 0x9b, 0x05, 0x9b, 0x05, 0x9b, 0x05,
  0x9b, 0x05, 0x9b, 0x05, 0x9b, 0x05, 0x9b, 0x05, 0x9b, 0x05, 0x9b, 0x05,
  0x9b, 0x05, 0x9b, 0x05, 0x9b, 0x05, 0x9b, 0x05, 0x9b, 0x05, 0x9b, 0x05,
  0x9b, 0x05, 0x9b, 0x05, 0x9b, 0x05, 0x9b, 0x05, 0x9b, 0x05, 0x9b, 0x05,
  0x9b, 0x05, 0x9b, 0x05, 0x9b, 0x05, 0x9b, 0x05, 0x9b, 0x05, 0x9b, 0x05,
  0x9b, 0x05, 0x9b, 0x05, 0x9b, 0x05, 0x9b, 0x05, 0x9b, 0x05, 0x9b, 0x05,
  0x9b, 0x05, 0x9b, 0x05, 0x9b, 0x05, 0x9b, 0x05, 0x9b, 0x05, 0x9b, 0x05,
  0x9b, 0x05, 0x9b, 0x05, 0x9b, 0x05, 0x9b, 0x05, 0x9b, 0x05, 0x9b, 0x05,
  0x9b, 0x05, 0x9b, 0x05, 0x9b, 0x05, 0x9b, 0x05, 0x9b, 0x05, 0x9b, 0x05,
  0x9b, 0x05, 0x9a, 0x05, 0x9b, 0x05, 0x9b, 0x05, 0x9b, 0x05, 0xbb, 0x05,
  0x9b, 0x05, 0x9a, 0x05, 0x9b, 0x05, 0x9b, 0x05, 0x9b, 0x05, 0xb7, 0x04,
  0x46, 0x01, 0x00, 0x00, 0x00, 0x00, 0x00, 0x00, 0x00, 0x00, 0x00, 0x00,
  0x00, 0x00, 0x00, 0x00, 0x00, 0x00, 0x00, 0x00, 0xa1, 0x21, 0x61, 0x65,
  0x60, 0x6e, 0x40, 0x6e, 0x40, 0x6e, 0x40, 0x6e, 0x40, 0x6e, 0x40, 0x66,
  0x40, 0x6e, 0x40, 0x6e, 0x40, 0x6e, 0x40, 0x6e, 0x40, 0x6e, 0x40, 0x6e,
  0x40, 0x6e, 0x40, 0x6e, 0x40, 0x6e, 0x40, 0x6e, 0x40, 0x6e, 0x40, 0x6e,
  0x40, 0x6e, 0x40, 0x6e, 0x40, 0x6e, 0x40, 0x6e, 0x40, 0x6e, 0x40, 0x6e,
  0x40, 0x6e, 0x40, 0x6e, 0x40, 0x6e, 0x40, 0x6e, 0x40, 0x6e, 0x40, 0x6e,
  0x40, 0x6e, 0x40, 0x6e, 0x40, 0x6e, 0x40, 0x6e, 0x40, 0x6e, 0x40, 0x6e,
  0x60, 0x66, 0x60, 0x66, 0x60, 0x66, 0x60, 0x66, 0x60, 0x66, 0x60, 0x66,
  0x60, 0x66, 0x60, 0x66, 0x60, 0x66, 0x60, 0x66, 0x60, 0x66, 0x60, 0x66,
  0x60, 0x66, 0x60, 0x66, 0x60, 0x66, 0x60, 0x66, 0x60, 0x66, 0x60, 0x66,
  0x60, 0x66, 0x60, 0x66, 0x40, 0x6e, 0x40, 0x6e, 0x40, 0x6e, 0x40, 0x6e,
  0x40, 0x6e, 0x40, 0x6e, 0x40, 0x6e, 0x40, 0x6e, 0x40, 0x6e, 0x40, 0x6e,
  0x40, 0x6e, 0x40, 0x6e, 0x40, 0x6e, 0x40, 0x6e, 0x40, 0x6e, 0x40, 0x6e,
  0x40, 0x6e, 0x40, 0x6e, 0x40, 0x6e, 0x40, 0x6e, 0x40, 0x6e, 0x40, 0x6e,
  0x40, 0x6e, 0x40, 0x6e, 0x40, 0x6e, 0x40, 0x6e, 0x40, 0x6e, 0x40, 0x6e,
  0x40, 0x6e, 0x40, 0x6e, 0x40, 0x6e, 0x40, 0x6e, 0x40, 0x6e, 0x40, 0x6e,
  0x40, 0x6e, 0x40, 0x6e, 0x40, 0x6e, 0x40, 0x6e, 0x40, 0x6e, 0x40, 0x6e,
  0x40, 0x6e, 0x40, 0x6e, 0x40, 0x6e, 0x40, 0x6e, 0x40, 0x6e, 0x40, 0x6e,
  0x40, 0x6e, 0x40, 0x6e, 0x40, 0x6e, 0x40, 0x6e, 0x20, 0x6e, 0x01, 0x76,
  0xe1, 0x3a, 0x00, 0x00, 0x00, 0x00, 0x00, 0x00, 0x00, 0x00, 0x02, 0x7b,
  0xc2, 0xf5, 0x80, 0xfd, 0xa0, 0xfd, 0xa0, 0xf5, 0xa0, 0xfd, 0xa0, 0xfd,
  0x80, 0xfd, 0xa0, 0xfd, 0xa0, 0xfd, 0xa0, 0xfd, 0xa0, 0xfd, 0xa0, 0xfd,
  0xa0, 0xfd, 0xa0, 0xfd, 0xa0, 0xfd, 0xa0, 0xfd, 0xa0, 0xfd, 0xa0, 0xfd,
  0xa0, 0xfd, 0xa0, 0xfd, 0xa0, 0xfd, 0xa0, 0xfd, 0xa0, 0xfd, 0xa0, 0xfd,
  0xa0, 0xfd, 0xa0, 0xfd, 0xa0, 0xfd, 0xa0, 0xfd, 0xa0, 0xfd, 0xa0, 0xfd,
  0xc0, 0xfd, 0x22, 0xe5, 0x61, 0x39, 0x00, 0x00, 0x00, 0x00, 0x00, 0x00,
  0x00, 0x00, 0x00, 0x00, 0x00, 0x00, 0x00, 0x00, 0x00, 0x00, 0x00, 0x00,
  0x00, 0x00, 0x00, 0x00, 0x00, 0x00, 0x00, 0x00, 0x00, 0x00, 0x00, 0x00,
  0x00, 0x00, 0x00, 0x00, 0x00, 0x00, 0x20, 0x08, 0x82, 0x6a, 0x01, 0xdd,
  0xc0, 0xfd, 0xc0, 0xfd, 0xa0, 0xf5, 0xa0, 0xfd, 0x80, 0xfd, 0xa0, 0xfd,
  0xa0, 0xfd, 0xa0, 0xfd, 0xa0, 0xfd, 0xa0, 0xfd, 0xa0, 0xfd, 0xa0, 0xfd,
  0xa0, 0xfd, 0xa0, 0xfd, 0xa0, 0xfd, 0xa0, 0xfd, 0xa0, 0xfd, 0xa0, 0xfd,
  0xa0, 0xfd, 0xa0, 0xfd, 0xa0, 0xfd, 0xa0, 0xfd, 0xa0, 0xfd, 0xa0, 0xfd,
  0xa0, 0xfd, 0xa1, 0xf5, 0xa1, 0xf5, 0xc0, 0xfd, 0xa0, 0xfd, 0xa0, 0xf5,
  0xa1, 0xf5, 0x81, 0xfd, 0x61, 0xfd, 0xe1, 0xe4, 0x40, 0xe5, 0xc0, 0xfd,
  0xa0, 0xfd, 0xa0, 0xfd, 0xa0, 0xfd, 0xa0, 0xfd, 0xa0, 0xfd, 0xa0, 0xfd,
  0xa0, 0xfd, 0xa0, 0xfd, 0xa0, 0xfd, 0xa0, 0xfd, 0xa0, 0xfd, 0xa0, 0xfd,
  0xa0, 0xfd, 0xa0, 0xfd, 0xa0, 0xfd, 0xa0, 0xfd, 0xa0, 0xfd, 0xa0, 0xfd,
  0xa0, 0xfd, 0xa0, 0xfd, 0xa0, 0xfd, 0xa0, 0xf5, 0xc1, 0xf5, 0x01, 0xac,
  0xa1, 0x18, 0x00, 0x00, 0x00, 0x00, 0x00, 0x00, 0x00, 0x00, 0x00, 0x00,
  0x00, 0x00, 0x00, 0x00, 0x00, 0x00, 0x41, 0x00, 0x0e, 0x0b, 0x5a, 0x0d,
  0x9b, 0x05, 0x9a, 0x05, 0xba, 0x05, 0xbb, 0x05, 0x9b, 0x05, 0x9b, 0x05,
  0x9b, 0x05, 0x9b, 0x05, 0x9b, 0x05, 0x9b, 0x05, 0x9b, 0x05, 0x9b, 0x05,
  0x9b, 0x05, 0x9b, 0x05, 0x9b, 0x05, 0x9b, 0x05, 0x9b, 0x05, 0x9b, 0x05,
  0x9b, 0x05, 0x9b, 0x05, 0x9b, 0x05, 0x9b, 0x05, 0x9b, 0x05, 0x9b, 0x05,
  0x9b, 0x05, 0x9b, 0x05, 0x9b, 0x05, 0x9b, 0x05, 0x9b, 0x05, 0x9b, 0x05,
  0x9b, 0x05, 0x9b, 0x05, 0x9b, 0x05, 0x9b, 0x05, 0x9b, 0x05, 0x9b, 0x05,
  0x9b, 0x05, 0x9b, 0x05, 0x9b, 0x05, 0x9b, 0x05, 0x9b, 0x05, 0x9b, 0x05,
  0x9b, 0x05, 0x9b, 0x05, 0x9b, 0x05, 0x9b, 0x05, 0x9b, 0x05, 0x9b, 0x05,
  0x9b, 0x05, 0x9b, 0x05, 0x9b, 0x05, 0x9b, 0x05, 0x9b, 0x05, 0x9b, 0x05,
  0x9b, 0x05, 0x9b, 0x05, 0x9b, 0x05, 0x9b, 0x05, 0x9b, 0x05, 0x9b, 0x05,
  0x9b, 0x05, 0x9b, 0x05, 0x9b, 0x05, 0x9b, 0x05, 0xbb, 0x05, 0x9b, 0x05,
  0x9c, 0x05, 0x7b, 0x0d, 0x2f, 0x03, 0x61, 0x00, 0x00, 0x00, 0x00, 0x00,
  0x00, 0x00, 0x00, 0x00, 0x00, 0x00, 0x00, 0x00, 0x00, 0x00, 0x00, 0x00,
  0x20, 0x00, 0x01, 0x3b, 0x01, 0x6e, 0x40, 0x6e, 0x20, 0x6e, 0x40, 0x6e,
  0x40, 0x6e, 0x40, 0x66, 0x40, 0x6e, 0x40, 0x6e, 0x40, 0x6e, 0x40, 0x6e,
  0x40, 0x6e, 0x40, 0x6e, 0x40, 0x6e, 0x40, 0x6e, 0x40, 0x6e, 0x40, 0x6e,
  0x40, 0x6e, 0x40, 0x6e, 0x40, 0x6e, 0x40, 0x6e, 0x40, 0x6e, 0x40, 0x6e,
  0x40, 0x6e, 0x40, 0x6e, 0x40, 0x6e, 0x40, 0x6e, 0x40, 0x6e, 0x40, 0x6e,
  0x40, 0x6e, 0x40, 0x6e, 0x40, 0x6e, 0x40, 0x6e, 0x40, 0x6e, 0x40, 0x6e,
  0x40, 0x6e, 0x40, 0x6e, 0x40, 0x6e, 0x40, 0x6e, 0x40, 0x6e, 0x40, 0x6e,
  0x40, 0x6e, 0x40, 0x6e, 0x40, 0x6e, 0x40, 0x6e, 0x40, 0x6e, 0x40, 0x6e,
  0x40, 0x6e, 0x40, 0x6e, 0x40, 0x6e, 0x40, 0x6e, 0x40, 0x6e, 0x40, 0x6e,
  0x40, 0x6e, 0x40, 0x6e, 0x40, 0x6e, 0x40, 0x6e, 0x40, 0x6e, 0x40, 0x6e,
  0x40, 0x6e, 0x40, 0x6e, 0x40, 0x6e, 0x40, 0x6e, 0x40, 0x6e, 0x40, 0x6e,
  0x40, 0x6e, 0x40, 0x6e, 0x40, 0x6e, 0x40, 0x6e, 0x40, 0x6e, 0x40, 0x6e,
  0x40, 0x6e, 0x40, 0x6e, 0x40, 0x6e, 0x40, 0x6e, 0x40, 0x6e, 0x40, 0x6e,
  0x40, 0x6e, 0x40, 0x6e, 0x40, 0x6e, 0x40, 0x6e, 0x40, 0x6e, 0x40, 0x6e,
  0x40, 0x6e, 0x40, 0x6e, 0x40, 0x6e, 0x40, 0x6e, 0x40, 0x6e, 0x40, 0x6e,
  0x40, 0x6e, 0x40, 0x6e, 0x40, 0x6e, 0x40, 0x6e, 0x40, 0x6e, 0x40, 0x6e,
  0x40, 0x6e, 0x40, 0x6e, 0x40, 0x6e, 0x40, 0x6e, 0x40, 0x6e, 0x40, 0x6e,
  0x40, 0x6e, 0x40, 0x6e, 0x40, 0x6e, 0x40, 0x6e, 0x40, 0x6e, 0x20, 0x6e,
  0x41, 0x76, 0x41, 0x6d, 0x61, 0x21, 0x00, 0x00, 0x00, 0x00, 0x00, 0x00,
  0x00, 0x00, 0x02, 0x7b, 0xc2, 0xf5, 0x80, 0xfd, 0xa0, 0xfd, 0xa0, 0xf5,
  0xa0, 0xfd, 0xa0, 0xfd, 0x80, 0xfd, 0xa0, 0xfd, 0xa0, 0xfd, 0xa0, 0xfd,
  0xa0, 0xfd, 0xa0, 0xfd, 0xa0, 0xfd, 0xa0, 0xfd, 0xa0, 0xfd, 0xa0, 0xfd,
  0xa0, 0xfd, 0xa0, 0xfd, 0xa0, 0xfd, 0xa0, 0xfd, 0xa0, 0xfd, 0xa0, 0xfd,
  0xa0, 0xfd, 0xa0, 0xfd, 0xa0, 0xfd, 0xa0, 0xfd, 0xa0, 0xfd, 0xa0, 0xfd,
  0xa0, 0xfd, 0xa0, 0xfd, 0xc0, 0xfd, 0x22, 0xe5, 0x61, 0x39, 0x00, 0x00,
  0x00, 0x00, 0x00, 0x00, 0x00, 0x00, 0x00, 0x00, 0x00, 0x00, 0x00, 0x00,
  0x00, 0x00, 0x00, 0x00, 0x00, 0x00, 0x00, 0x00, 0x00, 0x00, 0x00, 0x00,
  0x00, 0x00, 0x00, 0x00, 0x00, 0x00, 0x00, 0x00, 0x00, 0x00, 0x00, 0x00,
  0x60, 0x08, 0xe2, 0x7a, 0x62, 0xed, 0xc1, 0xfd, 0xa0, 0xfd, 0xa0, 0xfd,
  0x80, 0xfd, 0xa0, 0xfd, 0xa0, 0xfd, 0xa0, 0xfd, 0xa0, 0xfd, 0xa0, 0xfd,
  0xa0, 0xfd, 0xa0, 0xfd, 0xa0, 0xfd, 0xa0, 0xfd, 0xa0, 0xfd, 0xa0, 0xfd,
  0xa0, 0xfd, 0xa0, 0xfd, 0xa0, 0xfd, 0xa0, 0xfd, 0xa0, 0xfd, 0xa0, 0xfd,
  0xa0, 0xfd, 0xa0, 0xfd, 0xa0, 0xfd, 0xa1, 0xf5, 0xa0, 0xf5, 0xa0, 0xfd,
  0xa0, 0xfd, 0xa0, 0xfd, 0xa1, 0xf5, 0xa1, 0xf5, 0x80, 0xfd, 0x80, 0xfd,
  0xa0, 0xfd, 0xa0, 0xf5, 0xa0, 0xfd, 0xa0, 0xfd, 0xa0, 0xfd, 0xa0, 0xfd,
  0xa0, 0xfd, 0xa0, 0xfd, 0xa0, 0xfd, 0xa0, 0xfd, 0xa0, 0xfd, 0xa0, 0xfd,
  0xa0, 0xfd, 0xa0, 0xfd, 0xa0, 0xfd, 0xa0, 0xfd, 0xa0, 0xfd, 0xa0, 0xfd,
  0xa0, 0xfd, 0xa0, 0xfd, 0xa0, 0xfd, 0xa0, 0xfd, 0xa0, 0xf5, 0xa1, 0xf5,
  0xe2, 0xd4, 0xa1, 0x41, 0x00, 0x00, 0x00, 0x00, 0x00, 0x00, 0x00, 0x00,
  0x00, 0x00, 0x00, 0x00, 0x00, 0x00, 0x00, 0x00, 0x00, 0x00, 0xa8, 0x09,
  0xb7, 0x0c, 0x9b, 0x0d, 0x7a, 0x05, 0x9a, 0x05, 0xda, 0x05, 0xbb, 0x05,
  0x9b, 0x05, 0x9b, 0x05, 0x9b, 0x05, 0x9b, 0x05, 0x9b, 0x05, 0x9b, 0x05,
  0x9b, 0x05, 0x9b, 0x05, 0x9b, 0x05, 0x9b, 0x05, 0x9b, 0x05, 0x9b, 0x05,
  0x9b, 0x05, 0x9b, 0x05, 0x9b, 0x05, 0x9b, 0x05, 0x9b, 0x05, 0x9b, 0x05,
  0x9b, 0x05, 0x9b, 0x05, 0x9b, 0x05, 0x9b, 0x05, 0x9b, 0x05, 0x9b, 0x05,
  0x9b, 0x05, 0x9b, 0x05, 0x9b, 0x05, 0x9b, 0x05, 0x9b, 0x05, 0x9b, 0x05,
  0x9b, 0x05, 0x9b, 0x05, 0x9b, 0x05, 0x9b, 0x05, 0x9b, 0x05, 0x9b, 0x05,
  0x9b, 0x05, 0x9b, 0x05, 0x9b, 0x05, 0x9b, 0x05, 0x9b, 0x05, 0x9b, 0x05,
  0x9b, 0x05, 0x9b, 0x05, 0x9b, 0x05, 0x9b, 0x05, 0x9b, 0x05, 0x9b, 0x05,
  0x9b, 0x05, 0x9b, 0x05, 0x9b, 0x05, 0x9b, 0x05, 0x9b, 0x05, 0x9b, 0x05,
  0x9b, 0x05, 0x9b, 0x05, 0x9b, 0x05, 0x9b, 0x05, 0x9b, 0x05, 0x9b, 0x05,
  0x9b, 0x05, 0x9b, 0x05, 0x9b, 0x05, 0x9a, 0x0d, 0x38, 0x0d, 0x2a, 0x0a,
  0x00, 0x00, 0x00, 0x00, 0x00, 0x00, 0x00, 0x00, 0x00, 0x00, 0x00, 0x00,
  0x00, 0x00, 0x00, 0x00, 0x00, 0x00, 0xc0, 0x10, 0x82, 0x54, 0x41, 0x6e,
  0x20, 0x6e, 0x20, 0x6e, 0x40, 0x6e, 0x60, 0x66, 0x40, 0x6e, 0x40, 0x6e,
  0x40, 0x6e, 0x40, 0x6e, 0x40, 0x6e, 0x40, 0x6e, 0x40, 0x6e, 0x40, 0x6e,
  0x40, 0x6e, 0x40, 0x6e, 0x40, 0x6e, 0x40, 0x6e, 0x40, 0x6e, 0x40, 0x6e,
  0x40, 0x6e, 0x40, 0x6e, 0x40, 0x6e, 0x40, 0x6e, 0x40, 0x6e, 0x40, 0x6e,
  0x40, 0x6e, 0x40, 0x6e, 0x40, 0x6e, 0x40, 0x6e, 0x40, 0x6e, 0x40, 0x6e,
  0x40, 0x6e, 0x40, 0x6e, 0x40, 0x6e, 0x40, 0x6e, 0x40, 0x6e, 0x40, 0x6e,
  0x40, 0x6e, 0x40, 0x6e, 0x40, 0x6e, 0x40, 0x6e, 0x40, 0x6e, 0x40, 0x6e,
  0x40, 0x6e, 0x40, 0x6e, 0x40, 0x6e, 0x40, 0x6e, 0x40, 0x6e, 0x40, 0x6e,
  0x40, 0x6e, 0x40, 0x6e, 0x40, 0x6e, 0x40, 0x6e, 0x40, 0x6e, 0x40, 0x6e,
  0x40, 0x6e, 0x40, 0x6e, 0x40, 0x6e, 0x40, 0x6e, 0x40, 0x6e, 0x40, 0x6e,
  0x40, 0x6e, 0x40, 0x6e, 0x40, 0x6e, 0x40, 0x6e, 0x40, 0x6e, 0x40, 0x6e,
  0x40, 0x6e, 0x40, 0x6e, 0x40, 0x6e, 0x40, 0x6e, 0x40, 0x6e, 0x40, 0x6e,
  0x40, 0x6e, 0x40, 0x6e, 0x40, 0x6e, 0x40, 0x6e, 0x40, 0x6e, 0x40, 0x6e,
  0x40, 0x6e, 0x40, 0x6e, 0x40, 0x6e, 0x40, 0x6e, 0x40, 0x6e, 0x40, 0x6e,
  0x40, 0x6e, 0x40, 0x6e, 0x40, 0x6e, 0x40, 0x6e, 0x40, 0x6e, 0x40, 0x6e,
  0x40, 0x6e, 0x40, 0x6e, 0x40, 0x6e, 0x40, 0x6e, 0x40, 0x6e, 0x40, 0x6e,
  0x40, 0x6e, 0x40, 0x6e, 0x40, 0x6e, 0x40, 0x6e, 0x40, 0x6e, 0x40, 0x6e,
  0x40, 0x6e, 0x21, 0x6e, 0x21, 0x76, 0xe1, 0x53, 0x60, 0x08, 0x00, 0x00,
  0x00, 0x00, 0x00, 0x00, 0x00, 0x00, 0x02, 0x7b, 0xc2, 0xf5, 0x80, 0xfd,
  0xa0, 0xfd, 0xa0, 0xf5, 0xa0, 0xfd, 0xa0, 0xfd, 0x80, 0xfd, 0xa0, 0xfd,
  0xa0, 0xfd, 0xa0, 0xfd, 0xa0, 0xfd, 0xa0, 0xfd, 0xa0, 0xfd, 0xa0, 0xfd,
  0xa0, 0xfd, 0xa0, 0xfd, 0xa0, 0xfd, 0xa0, 0xfd, 0xa0, 0xfd, 0xa0, 0xfd,
  0xa0, 0xfd, 0xa0, 0xfd, 0xa0, 0xfd, 0xa0, 0xfd, 0xa0, 0xfd, 0xa0, 0xfd,
  0xa0, 0xfd, 0xa0, 0xfd, 0xa0, 0xfd, 0xa0, 0xfd, 0xc0, 0xfd, 0x22, 0xe5,
  0x61, 0x39, 0x00, 0x00, 0x00, 0x00, 0x00, 0x00, 0x00, 0x00, 0x00, 0x00,
  0x00, 0x00, 0x00, 0x00, 0x00, 0x00, 0x00, 0x00, 0x00, 0x00, 0x00, 0x00,
  0x00, 0x00, 0x00, 0x00, 0x00, 0x00, 0x00, 0x00, 0x00, 0x00, 0x00, 0x00,
  0x00, 0x00, 0x00, 0x00, 0x00, 0x00, 0xa1, 0x18, 0x82, 0x93, 0x61, 0xf5,
  0xc0, 0xfd, 0xa0, 0xfd, 0xc0, 0xfd, 0xa0, 0xfd, 0xa0, 0xfd, 0xa0, 0xfd,
  0xa0, 0xfd, 0xa0, 0xfd, 0xa0, 0xfd, 0xa0, 0xfd, 0xa0, 0xfd, 0xa0, 0xfd,
  0xa0, 0xfd, 0xa0, 0xfd, 0xa0, 0xfd, 0xa0, 0xfd, 0xa0, 0xfd, 0xa0, 0xfd,
  0xa0, 0xfd, 0xa0, 0xfd, 0xa0, 0xfd, 0xa0, 0xfd, 0xa0, 0xfd, 0xa0, 0xfd,
  0xa0, 0xfd, 0x80, 0xfd, 0x80, 0xfd, 0x80, 0xfd, 0xc0, 0xf5, 0xc0, 0xf5,
  0xa0, 0xfd, 0x80, 0xfd, 0xa0, 0xfd, 0xa0, 0xf5, 0xa0, 0xfd, 0xa0, 0xfd,
  0xa0, 0xfd, 0xa0, 0xfd, 0xa0, 0xfd, 0xa0, 0xfd, 0xa0, 0xfd, 0xa0, 0xfd,
  0xa0, 0xfd, 0xa0, 0xfd, 0xa0, 0xfd, 0xa0, 0xfd, 0xa0, 0xfd, 0xa0, 0xfd,
  0xa0, 0xfd, 0xa0, 0xfd, 0xa0, 0xfd, 0xa0, 0xfd, 0xa0, 0xfd, 0xa0, 0xfd,
  0xa1, 0xf5, 0x82, 0xf5, 0x02, 0x83, 0x40, 0x08, 0x00, 0x00, 0x00, 0x00,
  0x00, 0x00, 0x00, 0x00, 0x00, 0x00, 0x00, 0x00, 0x00, 0x00, 0x00, 0x00,
  0xc3, 0x00, 0xd2, 0x0b, 0x9c, 0x0d, 0x7b, 0x05, 0x9a, 0x05, 0x9a, 0x05,
  0x9b, 0x05, 0x9b, 0x05, 0x9b, 0x05, 0x9b, 0x05, 0x9b, 0x05, 0x9b, 0x05,
  0x9b, 0x05, 0x9b, 0x05, 0x9b, 0x05, 0x9b, 0x05, 0x9b, 0x05, 0x9b, 0x05,
  0x9b, 0x05, 0x9b, 0x05, 0x9b, 0x05, 0x9b, 0x05, 0x9b, 0x05, 0x9b, 0x05,
  0x9b, 0x05, 0x9b, 0x05, 0x9b, 0x05, 0x9b, 0x05, 0x9b, 0x05, 0x9b, 0x05,
  0x9b, 0x05, 0x9b, 0x05, 0x9b, 0x05, 0x9b, 0x05, 0x9b, 0x05, 0x9b, 0x05,
  0x9b, 0x05, 0x9b, 0x05, 0x9b, 0x05, 0x9b, 0x05, 0x9b, 0x05, 0x9b, 0x05,
  0x9b, 0x05, 0x9b, 0x05, 0x9b, 0x05, 0x9b, 0x05, 0x9b, 0x05, 0x9b, 0x05,
  0x9b, 0x05, 0x9b, 0x05, 0x9b, 0x05, 0x9b, 0x05, 0x9b, 0x05, 0x9b, 0x05,
  0x9b, 0x05, 0x9b, 0x05, 0x9b, 0x05, 0x9b, 0x05, 0x9b, 0x05, 0x9b, 0x05,
  0x9b, 0x05, 0x9b, 0x05, 0xbb, 0x05, 0x9b, 0x05, 0x9b, 0x05, 0x9b, 0x05,
  0x9b, 0x05, 0x9b, 0x05, 0x9b, 0x05, 0x9b, 0x05, 0x7a, 0x05, 0x79, 0x05,
  0x9a, 0x0d, 0x13, 0x0c, 0xc4, 0x00, 0x00, 0x00, 0x00, 0x00, 0x00, 0x00,
  0x00, 0x00, 0x00, 0x00, 0x00, 0x00, 0x00, 0x00, 0x00, 0x00, 0x00, 0x00,
  0x21, 0x2a, 0xa1, 0x65, 0x41, 0x6e, 0x40, 0x6e, 0x40, 0x6e, 0x60, 0x66,
  0x40, 0x6e, 0x40, 0x6e, 0x40, 0x6e, 0x40, 0x6e, 0x40, 0x6e, 0x40, 0x6e,
  0x40, 0x6e, 0x40, 0x6e, 0x40, 0x6e, 0x40, 0x6e, 0x40, 0x6e, 0x40, 0x6e,
  0x40, 0x6e, 0x40, 0x6e, 0x40, 0x6e, 0x40, 0x6e, 0x40, 0x6e, 0x40, 0x6e,
  0x40, 0x6e, 0x40, 0x6e, 0x40, 0x6e, 0x40, 0x6e, 0x40, 0x6e, 0x40, 0x6e,
  0x40, 0x6e, 0x40, 0x6e, 0x40, 0x6e, 0x40, 0x6e, 0x40, 0x6e, 0x40, 0x6e,
  0x40, 0x6e, 0x40, 0x6e, 0x40, 0x6e, 0x40, 0x6e, 0x40, 0x6e, 0x40, 0x6e,
  0x40, 0x6e, 0x40, 0x6e, 0x40, 0x6e, 0x40, 0x6e, 0x40, 0x6e, 0x40, 0x6e,
  0x40, 0x6e, 0x40, 0x6e, 0x40, 0x6e, 0x40, 0x6e, 0x40, 0x6e, 0x40, 0x6e,
  0x40, 0x6e, 0x40, 0x6e, 0x40, 0x6e, 0x40, 0x6e, 0x40, 0x6e, 0x40, 0x6e,
  0x40, 0x6e, 0x40, 0x6e, 0x40, 0x6e, 0x40, 0x6e, 0x40, 0x6e, 0x40, 0x6e,
  0x40, 0x6e, 0x40, 0x6e, 0x40, 0x6e, 0x40, 0x6e, 0x40, 0x6e, 0x40, 0x6e,
  0x40, 0x6e, 0x40, 0x6e, 0x40, 0x6e, 0x40, 0x6e, 0x40, 0x6e, 0x40, 0x6e,
  0x40, 0x6e, 0x40, 0x6e, 0x40, 0x6e, 0x40, 0x6e, 0x40, 0x6e, 0x40, 0x6e,
  0x40, 0x6e, 0x40, 0x6e, 0x40, 0x6e, 0x40, 0x6e, 0x40, 0x6e, 0x40, 0x6e,
  0x40, 0x6e, 0x40, 0x6e, 0x40, 0x6e, 0x40, 0x6e, 0x40, 0x6e, 0x40, 0x6e,
  0x40, 0x6e, 0x40, 0x6e, 0x40, 0x6e, 0x40, 0x6e, 0x40, 0x6e, 0x40, 0x6e,
  0x40, 0x6e, 0x40, 0x6e, 0x20, 0x6e, 0x21, 0x76, 0xe1, 0x6d, 0x81, 0x32,
  0x00, 0x00, 0x00, 0x00, 0x00, 0x00, 0x00, 0x00, 0x00, 0x00, 0x02, 0x7b,
  0xc2, 0xfd, 0x80, 0xfd, 0xa0, 0xfd, 0xa0, 0xfd, 0xa0, 0xf5, 0xa0, 0xfd,
  0x80, 0xfd, 0xa0, 0xfd, 0xa0, 0xfd, 0xa0, 0xfd, 0xa0, 0xfd, 0xa0, 0xfd,
  0xa0, 0xfd, 0xa0, 0xfd, 0xa0, 0xfd, 0xa0, 0xfd, 0xa0, 0xfd, 0xa0, 0xfd,
  0xa0, 0xfd, 0xa0, 0xfd, 0xa0, 0xfd, 0xa0, 0xfd, 0xa0, 0xfd, 0xa0, 0xfd,
  0xa0, 0xfd, 0xa0, 0xfd, 0xa0, 0xfd, 0xa0, 0xfd, 0xa0, 0xfd, 0xa0, 0xfd,
  0xc0, 0xfd, 0x22, 0xe5, 0x61, 0x39, 0x00, 0x00, 0x00, 0x00, 0x00, 0x00,
  0x00, 0x00, 0x00, 0x00, 0x00, 0x00, 0x00, 0x00, 0x00, 0x00, 0x00, 0x00,
  0x00, 0x00, 0x00, 0x00, 0x00, 0x00, 0x00, 0x00, 0x00, 0x00, 0x00, 0x00,
  0x00, 0x00, 0x00, 0x00, 0x00, 0x00, 0x00, 0x00, 0x00, 0x00, 0x00, 0x00,
  0x01, 0x29, 0xc1, 0xa3, 0x80, 0xfd, 0xa0, 0xfd, 0xa0, 0xf5, 0xa0, 0xf5,
  0xa0, 0xfd, 0x80, 0xfd, 0x80, 0xfd, 0xa0, 0xfd, 0xa0, 0xfd, 0xa1, 0xf5,
  0xa0, 0xf5, 0xa0, 0xfd, 0xa0, 0xfd, 0xa0, 0xfd, 0xa0, 0xfd, 0xa0, 0xfd,
  0xa0, 0xfd, 0xa0, 0xfd, 0xa0, 0xfd, 0xa0, 0xfd, 0xa0, 0xfd, 0xa0, 0xfd,
  0xa0, 0xfd, 0xa0, 0xfd, 0xa0, 0xfd, 0xa0, 0xfd, 0x80, 0xfd, 0xa0, 0xfd,
  0xc0, 0xf5, 0xc0, 0xf5, 0xa0, 0xfd, 0xa0, 0xfd, 0x80, 0xfd, 0xa0, 0xfd,
  0xa0, 0xfd, 0xa0, 0xfd, 0xa0, 0xfd, 0xa0, 0xfd, 0xa0, 0xfd, 0xa0, 0xfd,
  0xa0, 0xfd, 0xa0, 0xfd, 0xa0, 0xfd, 0xa0, 0xfd, 0xa0, 0xfd, 0xa0, 0xfd,
  0xa0, 0xfd, 0xa0, 0xf5, 0xa0, 0xf5, 0xa0, 0xfd, 0xa0, 0xfd, 0xa0, 0xfd,
  0xa0, 0xfd, 0x81, 0xfd, 0xc2, 0xfd, 0x83, 0xc4, 0x01, 0x29, 0x00, 0x00,
  0x00, 0x00, 0x00, 0x00, 0x00, 0x00, 0x00, 0x00, 0x00, 0x00, 0x00, 0x00,
  0x00, 0x00, 0x20, 0x00, 0xac, 0x0a, 0x39, 0x05, 0x9c, 0x0d, 0x7b, 0x05,
  0x9a, 0x05, 0x9a, 0x05, 0x7b, 0x05, 0x9b, 0x05, 0x9b, 0x05, 0x9b, 0x05,
  0x9b, 0x05, 0x9b, 0x05, 0x9b, 0x05, 0x9b, 0x05, 0x9b, 0x05, 0x9b, 0x05,
  0x9b, 0x05, 0x9b, 0x05, 0x9b, 0x05, 0x9b, 0x05, 0x9b, 0x05, 0x9b, 0x05,
  0x9b, 0x05, 0x9b, 0x05, 0x9b, 0x05, 0x9a, 0x05, 0x9a, 0x05, 0x9a, 0x05,
  0x9a, 0x05, 0x9a, 0x05, 0x9a, 0x05, 0x9b, 0x05, 0x9b, 0x05, 0x9b, 0x05,
  0xba, 0x05, 0x9a, 0x05, 0x9a, 0x05, 0x9b, 0x05, 0x9a, 0x05, 0x9a, 0x05,
  0x9a, 0x05, 0xbb, 0x05, 0x9a, 0x05, 0x9b, 0x05, 0x9b, 0x05, 0x9b, 0x05,
  0x9b, 0x05, 0x9a, 0x05, 0x9a, 0x05, 0x9b, 0x05, 0x9b, 0x05, 0x9b, 0x05,
  0x9b, 0x05, 0x9b, 0x05, 0x9b, 0x05, 0x9b, 0x05, 0x9b, 0x05, 0x9b, 0x05,
  0x9b, 0x05, 0x9b, 0x05, 0x9b, 0x05, 0x9b, 0x05, 0x9b, 0x05, 0x9b, 0x05,
  0x9a, 0x05, 0x9b, 0x05, 0x9b, 0x05, 0x9b, 0x05, 0x9b, 0x05, 0xbb, 0x05,
  0x9a, 0x05, 0xba, 0x0d, 0x7a, 0x0d, 0x5a, 0x0d, 0xcd, 0x0a, 0x20, 0x00,
  0x00, 0x00, 0x00, 0x00, 0x00, 0x00, 0x00, 0x00, 0x00, 0x00, 0x00, 0x00,
  0x00, 0x00, 0x00, 0x00, 0x60, 0x08, 0xa2, 0x4b, 0x21, 0x76, 0x20, 0x6e,
  0x60, 0x6e, 0x60, 0x6e, 0x40, 0x6e, 0x40, 0x6e, 0x40, 0x6e, 0x40, 0x6e,
  0x60, 0x6e, 0x40, 0x66, 0x40, 0x66, 0x40, 0x6e, 0x40, 0x6e, 0x40, 0x6e,
  0x40, 0x6e, 0x40, 0x6e, 0x40, 0x6e, 0x40, 0x6e, 0x40, 0x6e, 0x40, 0x6e,
  0x40, 0x6e, 0x40, 0x6e, 0x40, 0x6e, 0x40, 0x6e, 0x40, 0x6e, 0x40, 0x6e,
  0x40, 0x6e, 0x40, 0x6e, 0x40, 0x6e, 0x40, 0x6e, 0x40, 0x6e, 0x40, 0x6e,
  0x40, 0x6e, 0x40, 0x6e, 0x40, 0x6e, 0x40, 0x6e, 0x40, 0x6e, 0x40, 0x6e,
  0x40, 0x6e, 0x40, 0x6e, 0x40, 0x6e, 0x40, 0x6e, 0x40, 0x6e, 0x40, 0x6e,
  0x40, 0x6e, 0x40, 0x6e, 0x40, 0x6e, 0x40, 0x6e, 0x40, 0x6e, 0x40, 0x6e,
  0x40, 0x6e, 0x40, 0x6e, 0x40, 0x6e, 0x40, 0x6e, 0x40, 0x6e, 0x40, 0x6e,
  0x40, 0x6e, 0x40, 0x6e, 0x40, 0x6e, 0x40, 0x6e, 0x40, 0x6e, 0x40, 0x6e,
  0x40, 0x6e, 0x40, 0x6e, 0x40, 0x6e, 0x40, 0x6e, 0x40, 0x6e, 0x40, 0x6e,
  0x40, 0x6e, 0x40, 0x6e, 0x40, 0x6e, 0x40, 0x6e, 0x40, 0x6e, 0x40, 0x6e,
  0x40, 0x6e, 0x40, 0x6e, 0x40, 0x6e, 0x40, 0x6e, 0x40, 0x6e, 0x40, 0x6e,
  0x40, 0x6e, 0x40, 0x6e, 0x40, 0x6e, 0x40, 0x6e, 0x40, 0x6e, 0x40, 0x6e,
  0x40, 0x6e, 0x40, 0x6e, 0x40, 0x6e, 0x40, 0x6e, 0x40, 0x6e, 0x40, 0x6e,
  0x40, 0x6e, 0x40, 0x6e, 0x40, 0x6e, 0x40, 0x6e, 0x40, 0x6e, 0x40, 0x6e,
  0x40, 0x6e, 0x40, 0x66, 0x40, 0x66, 0x60, 0x6e, 0x40, 0x6e, 0x22, 0x76,
  0xc1, 0x64, 0xe0, 0x10, 0x00, 0x00, 0x00, 0x00, 0x00, 0x00, 0x00, 0x00,
  0x00, 0x00, 0x02, 0x7b, 0xc2, 0xfd, 0x80, 0xfd, 0xa0, 0xfd, 0xa0, 0xf5,
  0xc0, 0xf5, 0xa0, 0xfd, 0x80, 0xfd, 0xa0, 0xfd, 0xa0, 0xfd, 0xa0, 0xfd,
  0xa0, 0xfd, 0xa0, 0xfd, 0xa0, 0xfd, 0xa0, 0xfd, 0xa0, 0xfd, 0xa0, 0xfd,
  0xa0, 0xfd, 0xa0, 0xfd, 0xa0, 0xfd, 0xa0, 0xfd, 0xa0, 0xfd, 0xa0, 0xfd,
  0xa0, 0xfd, 0xa0, 0xfd, 0xa0, 0xfd, 0xa0, 0xfd, 0xa0, 0xfd, 0xa0, 0xfd,
  0xa0, 0xfd, 0xa0, 0xfd, 0xc0, 0xfd, 0x22, 0xe5, 0x41, 0x39, 0x00, 0x00,
  0x00, 0x00, 0x00, 0x00, 0x00, 0x00, 0x00, 0x00, 0x00, 0x00, 0x00, 0x00,
  0x00, 0x00, 0x00, 0x00, 0x00, 0x00, 0x00, 0x00, 0x00, 0x00, 0x00, 0x00,
  0x00, 0x00, 0x00, 0x00, 0x00, 0x00, 0x00, 0x00, 0x00, 0x00, 0x00, 0x00,
  0x00, 0x00, 0x00, 0x00, 0x00, 0x00, 0x21, 0x31, 0x21, 0xbc, 0x80, 0xfd,
  0xc0, 0xf5, 0xa0, 0xf5, 0xa0, 0xfd, 0x80, 0xfd, 0x80, 0xfd, 0xa0, 0xfd,
  0xa1, 0xfd, 0xa1, 0xf5, 0xa0, 0xf5, 0xa0, 0xfd, 0xa0, 0xfd, 0xa0, 0xfd,
  0xa0, 0xfd, 0xa0, 0xfd, 0xa0, 0xfd, 0xa0, 0xfd, 0xa0, 0xfd, 0xa0, 0xfd,
  0xa0, 0xfd, 0xa0, 0xfd, 0xa0, 0xfd, 0xa0, 0xfd, 0xa0, 0xfd, 0xa0, 0xfd,
  0xa0, 0xfd, 0xa0, 0xfd, 0xa0, 0xfd, 0xa0, 0xfd, 0xa0, 0xfd, 0xa0, 0xfd,
  0xa0, 0xfd, 0xa0, 0xfd, 0xa0, 0xfd, 0xa0, 0xfd, 0xa0, 0xfd, 0xa0, 0xfd,
  0xa0, 0xfd, 0xa0, 0xfd, 0xa0, 0xfd, 0xa0, 0xfd, 0xa0, 0xfd, 0xa0, 0xfd,
  0xa0, 0xfd, 0xa0, 0xfd, 0xa0, 0xfd, 0xa1, 0xf5, 0xa1, 0xfd, 0x80, 0xfd,
  0xa0, 0xfd, 0xa0, 0xfd, 0xa1, 0xfd, 0xa1, 0xfd, 0x42, 0xed, 0x62, 0x6a,
  0x00, 0x00, 0x00, 0x00, 0x00, 0x00, 0x00, 0x00, 0x00, 0x00, 0x00, 0x00,
  0x00, 0x00, 0x00, 0x00, 0x00, 0x00, 0x66, 0x09, 0xd5, 0x0c, 0xba, 0x05,
  0x7a, 0x05, 0x9b, 0x05, 0x9b, 0x05, 0x7b, 0x05, 0x7b, 0x05, 0x9b, 0x05,
  0xbb, 0x05, 0x9b, 0x05, 0x9b, 0x05, 0x9b, 0x05, 0x9b, 0x05, 0x9b, 0x05,
  0x9b, 0x05, 0x9b, 0x05, 0x9b, 0x05, 0x9b, 0x05, 0x9b, 0x05, 0x9b, 0x05,
  0x9b, 0x05, 0x9b, 0x05, 0x9b, 0x05, 0x9b, 0x05, 0x9b, 0x05, 0x9a, 0x05,
  0x9a, 0x05, 0x9a, 0x05, 0x9a, 0x05, 0x9a, 0x05, 0x9a, 0x05, 0x7b, 0x05,
  0x9c, 0x05, 0xbb, 0x05, 0xba, 0x05, 0x9a, 0x05, 0xbb, 0x05, 0x9b, 0x05,
  0xbb, 0x05, 0x9a, 0x05, 0x9a, 0x05, 0xbb, 0x05, 0x9b, 0x05, 0x9b, 0x05,
  0x9b, 0x05, 0xbb, 0x05, 0xba, 0x05, 0x9a, 0x05, 0x7a, 0x05, 0x9b, 0x05,
  0x9b, 0x05, 0x9b, 0x05, 0x9b, 0x05, 0x9b, 0x05, 0x9b, 0x05, 0x9b, 0x05,
  0x9b, 0x05, 0x9b, 0x05, 0x9b, 0x05, 0x9b, 0x05, 0x9b, 0x05, 0x9b, 0x05,
  0x9b, 0x05, 0x9b, 0x05, 0x9b, 0x05, 0x9b, 0x05, 0x9b, 0x05, 0x9a, 0x05,
  0x9a, 0x05, 0xbb, 0x05, 0xba, 0x05, 0x9a, 0x05, 0x9b, 0x0d, 0x9b, 0x0d,
  0xd7, 0x04, 0x87, 0x01, 0x00, 0x00, 0x00, 0x00, 0x00, 0x00, 0x00, 0x00,
  0x00, 0x00, 0x00, 0x00, 0x00, 0x00, 0x00, 0x00, 0x00, 0x00, 0x41, 0x19,
  0x02, 0x65, 0x40, 0x76, 0x40, 0x6e, 0x40, 0x66, 0x40, 0x6e, 0x40, 0x6e,
  0x40, 0x6e, 0x60, 0x6e, 0x60, 0x6e, 0x60, 0x66, 0x40, 0x66, 0x40, 0x66,
  0x40, 0x6e, 0x40, 0x6e, 0x40, 0x6e, 0x40, 0x6e, 0x40, 0x6e, 0x40, 0x6e,
  0x40, 0x6e, 0x40, 0x6e, 0x40, 0x6e, 0x40, 0x6e, 0x40, 0x6e, 0x40, 0x6e,
  0x40, 0x6e, 0x40, 0x6e, 0x40, 0x6e, 0x40, 0x6e, 0x40, 0x6e, 0x40, 0x6e,
  0x40, 0x6e, 0x40, 0x6e, 0x40, 0x6e, 0x40, 0x6e, 0x40, 0x6e, 0x40, 0x6e,
  0x40, 0x6e, 0x40, 0x6e, 0x40, 0x6e, 0x40, 0x6e, 0x40, 0x6e, 0x40, 0x6e,
  0x40, 0x6e, 0x40, 0x6e, 0x40, 0x6e, 0x40, 0x6e, 0x40, 0x6e, 0x40, 0x6e,
  0x40, 0x6e, 0x40, 0x6e, 0x40, 0x6e, 0x40, 0x6e, 0x40, 0x6e, 0x40, 0x6e,
  0x40, 0x6e, 0x40, 0x6e, 0x40, 0x6e, 0x40, 0x6e, 0x40, 0x6e, 0x40, 0x6e,
  0x40, 0x6e, 0x40, 0x6e, 0x40, 0x6e, 0x40, 0x6e, 0x40, 0x6e, 0x40, 0x6e,
  0x40, 0x6e, 0x40, 0x6e, 0x40, 0x6e, 0x40, 0x6e, 0x40, 0x6e, 0x40, 0x6e,
  0x40, 0x6e, 0x40, 0x6e, 0x40, 0x6e, 0x40, 0x6e, 0x40, 0x6e, 0x40, 0x6e,
  0x40, 0x6e, 0x40, 0x6e, 0x40, 0x6e, 0x40, 0x6e, 0x40, 0x6e, 0x40, 0x6e,
  0x40, 0x6e, 0x40, 0x6e, 0x40, 0x6e, 0x40, 0x6e, 0x40, 0x6e, 0x40, 0x6e,
  0x40, 0x6e, 0x40, 0x6e, 0x40, 0x6e, 0x40, 0x6e, 0x40, 0x6e, 0x40, 0x6e,
  0x40, 0x6e, 0x40, 0x6e, 0x40, 0x6e, 0x40, 0x6e, 0x60, 0x66, 0x60, 0x66,
  0x40, 0x6e, 0xa2, 0x75, 0x81, 0x3a, 0x00, 0x00, 0x00, 0x00, 0x00, 0x00,
  0x00, 0x00, 0x00, 0x00, 0x00, 0x00, 0x02, 0x7b, 0xc2, 0xfd, 0x80, 0xfd,
  0xa0, 0xfd, 0xa0, 0xf5, 0xc0, 0xf5, 0xa0, 0xfd, 0x80, 0xfd, 0xa0, 0xfd,
  0xa0, 0xfd, 0xa0, 0xfd, 0xa0, 0xfd, 0xa0, 0xfd, 0xa0, 0xfd, 0xa0, 0xfd,
  0xa0, 0xfd, 0xa0, 0xfd, 0xa0, 0xfd, 0xa0, 0xfd, 0xa0, 0xfd, 0xa0, 0xfd,
  0xa0, 0xfd, 0xa0, 0xfd, 0xa0, 0xfd, 0xa0, 0xfd, 0xa0, 0xfd, 0xa0, 0xfd,
  0xa0, 0xfd, 0xa0, 0xfd, 0xa0, 0xfd, 0xa0, 0xfd, 0xc0, 0xfd, 0x22, 0xe5,
  0x41, 0x39, 0x00, 0x00, 0x00, 0x00, 0x00, 0x00, 0x00, 0x00, 0x00, 0x00,
  0x00, 0x00, 0x00, 0x00, 0x00, 0x00, 0x00, 0x00, 0x00, 0x00, 0x00, 0x00,
  0x00, 0x00, 0x00, 0x00, 0x00, 0x00, 0x00, 0x00, 0x00, 0x00, 0x00, 0x00,
  0x00, 0x00, 0x00, 0x00, 0x00, 0x00, 0x00, 0x00, 0x00, 0x00, 0x00, 0x00,
  0x81, 0x41, 0x81, 0xc4, 0xc1, 0xfd, 0xa1, 0xfd, 0x81, 0xf5, 0xa0, 0xfd,
  0xa0, 0xfd, 0xc0, 0xfd, 0xa0, 0xfd, 0xa0, 0xfd, 0x81, 0xfd, 0xa0, 0xfd,
  0xa0, 0xfd, 0xa0, 0xfd, 0xa0, 0xfd, 0xa0, 0xfd, 0xa0, 0xfd, 0xa0, 0xfd,
  0xa0, 0xfd, 0xa0, 0xfd, 0xa0, 0xfd, 0xa0, 0xfd, 0xa0, 0xfd, 0xa0, 0xfd,
  0xa0, 0xfd, 0xa0, 0xfd, 0xa0, 0xfd, 0xa0, 0xfd, 0xa0, 0xfd, 0xa0, 0xfd,
  0xa0, 0xfd, 0xa0, 0xfd, 0xa0, 0xfd, 0xa0, 0xfd, 0xa0, 0xfd, 0xa0, 0xfd,
  0xa0, 0xfd, 0xa0, 0xfd, 0xa0, 0xfd, 0xa0, 0xfd, 0xa0, 0xfd, 0xa0, 0xfd,
  0xa0, 0xfd, 0xa0, 0xfd, 0xa0, 0xf5, 0xa0, 0xfd, 0xa0, 0xfd, 0xa0, 0xfd,
  0x81, 0xfd, 0x80, 0xfd, 0x80, 0xf5, 0xa0, 0xfd, 0xa0, 0xfd, 0xa1, 0xfd,
  0xe2, 0xab, 0xa1, 0x18, 0x00, 0x00, 0x00, 0x00, 0x00, 0x00, 0x00, 0x00,
  0x00, 0x00, 0x00, 0x00, 0x00, 0x00, 0x00, 0x00, 0x61, 0x00, 0x6f, 0x13,
  0xb9, 0x0d, 0x9a, 0x05, 0x9b, 0x0d, 0x7a, 0x05, 0x9b, 0x05, 0x9b, 0x05,
  0x7b, 0x05, 0x9b, 0x05, 0x9b, 0x05, 0x9b, 0x05, 0x9b, 0x05, 0x9b, 0x05,
  0x9b, 0x05, 0x9b, 0x05, 0x9b, 0x05, 0x9b, 0x05, 0x9b, 0x05, 0x9b, 0x05,
  0x9b, 0x05, 0x9b, 0x05, 0x9b, 0x05, 0x9b, 0x05, 0x9b, 0x05, 0x9b, 0x05,
  0x9b, 0x05, 0x9a, 0x05, 0x9a, 0x05, 0x9a, 0x05, 0xba, 0x05, 0xbb, 0x05,
  0x7a, 0x0d, 0x7a, 0x0d, 0x9a, 0x05, 0xba, 0x05, 0x9a, 0x05, 0x9a, 0x05,
  0x9b, 0x05, 0x9b, 0x05, 0x9b, 0x05, 0x7a, 0x05, 0x9b, 0x05, 0xbb, 0x05,
  0x9b, 0x05, 0x7b, 0x05, 0x9b, 0x05, 0xba, 0x05, 0xba, 0x05, 0x9a, 0x05,
  0x9b, 0x05, 0x9b, 0x05, 0x9b, 0x05, 0x9b, 0x05, 0x9b, 0x05, 0x9b, 0x05,
  0x9b, 0x05, 0x9b, 0x05, 0x9b, 0x05, 0x9b, 0x05, 0x9b, 0x05, 0x9b, 0x05,
  0x9b, 0x05, 0x9b, 0x05, 0x9b, 0x05, 0x9b, 0x05, 0x9b, 0x05, 0x9b, 0x05,
  0x9b, 0x05, 0x9a, 0x05, 0x9a, 0x05, 0x9a, 0x05, 0x9a, 0x05, 0x9a, 0x05,
  0x9b, 0x05, 0x9b, 0x05, 0x9a, 0x0d, 0xb0, 0x0b, 0x62, 0x00, 0x00, 0x00,
  0x00, 0x00, 0x00, 0x00, 0x00, 0x00, 0x00, 0x00, 0x00, 0x00, 0x00, 0x00,
  0x00, 0x00, 0x20, 0x00, 0xc1, 0x3a, 0xe0, 0x75, 0x60, 0x6e, 0x41, 0x66,
  0x40, 0x6e, 0x40, 0x6e, 0x40, 0x6e, 0x40, 0x6e, 0x40, 0x6e, 0x40, 0x6e,
  0x40, 0x6e, 0x40, 0x6e, 0x40, 0x6e, 0x40, 0x6e, 0x40, 0x6e, 0x40, 0x6e,
  0x40, 0x6e, 0x40, 0x6e, 0x40, 0x6e, 0x40, 0x6e, 0x40, 0x6e, 0x40, 0x6e,
  0x40, 0x6e, 0x40, 0x6e, 0x40, 0x6e, 0x40, 0x6e, 0x40, 0x6e, 0x40, 0x6e,
  0x40, 0x6e, 0x40, 0x6e, 0x40, 0x6e, 0x40, 0x6e, 0x40, 0x6e, 0x40, 0x6e,
  0x40, 0x6e, 0x40, 0x6e, 0x40, 0x6e, 0x40, 0x6e, 0x40, 0x6e, 0x40, 0x6e,
  0x40, 0x6e, 0x40, 0x6e, 0x40, 0x6e, 0x40, 0x6e, 0x40, 0x6e, 0x40, 0x6e,
  0x40, 0x6e, 0x40, 0x6e, 0x40, 0x6e, 0x40, 0x6e, 0x40, 0x6e, 0x40, 0x6e,
  0x40, 0x6e, 0x40, 0x6e, 0x40, 0x6e, 0x40, 0x6e, 0x40, 0x6e, 0x40, 0x6e,
  0x40, 0x6e, 0x40, 0x6e, 0x40, 0x6e, 0x40, 0x6e, 0x40, 0x6e, 0x40, 0x6e,
  0x40, 0x6e, 0x40, 0x6e, 0x40, 0x6e, 0x40, 0x6e, 0x40, 0x6e, 0x40, 0x6e,
  0x40, 0x6e, 0x40, 0x6e, 0x40, 0x6e, 0x40, 0x6e, 0x40, 0x6e, 0x40, 0x6e,
  0x40, 0x6e, 0x40, 0x6e, 0x40, 0x6e, 0x40, 0x6e, 0x40, 0x6e, 0x40, 0x6e,
  0x40, 0x6e, 0x40, 0x6e, 0x40, 0x6e, 0x40, 0x6e, 0x40, 0x6e, 0x40, 0x6e,
  0x40, 0x6e, 0x40, 0x6e, 0x40, 0x6e, 0x40, 0x6e, 0x40, 0x6e, 0x40, 0x6e,
  0x40, 0x6e, 0x60, 0x6e, 0x40, 0x6e, 0x20, 0x6e, 0x20, 0x6e, 0x40, 0x6e,
  0x40, 0x66, 0x40, 0x6e, 0x22, 0x76, 0xe2, 0x53, 0x80, 0x08, 0x00, 0x00,
  0x00, 0x00, 0x00, 0x00, 0x00, 0x00, 0x00, 0x00, 0x00, 0x00, 0x02, 0x7b,
  0xc2, 0xfd, 0x80, 0xfd, 0xa0, 0xfd, 0xa0, 0xf5, 0xc0, 0xf5, 0xa0, 0xfd,
  0x80, 0xfd, 0xa0, 0xfd, 0xa0, 0xfd, 0xa0, 0xfd, 0xa0, 0xfd, 0xa0, 0xfd,
  0xa0, 0xfd, 0xa0, 0xfd, 0xa0, 0xfd, 0xa0, 0xfd, 0xa0, 0xfd, 0xa0, 0xfd,
  0xa0, 0xfd, 0xa0, 0xfd, 0xa0, 0xfd, 0xa0, 0xfd, 0xa0, 0xfd, 0xa0, 0xfd,
  0xa0, 0xfd, 0xa0, 0xfd, 0xa0, 0xfd, 0xa0, 0xfd, 0xa0, 0xfd, 0xa0, 0xfd,
  0xc0, 0xfd, 0x22, 0xe5, 0x41, 0x31, 0x00, 0x00, 0x00, 0x00, 0x00, 0x00,
  0x00, 0x00, 0x00, 0x00, 0x00, 0x00, 0x00, 0x00, 0x00, 0x00, 0x00, 0x00,
  0x00, 0x00, 0x00, 0x00, 0x00, 0x00, 0x00, 0x00, 0x00, 0x00, 0x00, 0x00,
  0x00, 0x00, 0x00, 0x00, 0x00, 0x00, 0x00, 0x00, 0x00, 0x00, 0x00, 0x00,
  0x00, 0x00, 0x00, 0x00, 0x00, 0x00, 0x01, 0x5a, 0xe2, 0xdc, 0xa2, 0xfd,
  0xa1, 0xfd, 0xa1, 0xf5, 0xc0, 0xf5, 0xc0, 0xfd, 0xa0, 0xfd, 0xa0, 0xfd,
  0x81, 0xfd, 0x81, 0xfd, 0xa0, 0xfd, 0xa0, 0xfd, 0xa0, 0xfd, 0xa0, 0xfd,
  0xa0, 0xfd, 0xa0, 0xfd, 0xa0, 0xfd, 0xa0, 0xfd, 0xa0, 0xfd, 0xa0, 0xfd,
  0xa0, 0xfd, 0xa0, 0xfd, 0xa0, 0xfd, 0xa0, 0xfd, 0xa0, 0xfd, 0xa0, 0xfd,
  0xa0, 0xfd, 0xa0, 0xfd, 0xa0, 0xfd, 0xa0, 0xfd, 0xa0, 0xfd, 0xa0, 0xfd,
  0xa0, 0xfd, 0xa0, 0xfd, 0xa0, 0xfd, 0xa0, 0xfd, 0xa0, 0xfd, 0xa0, 0xfd,
  0xa0, 0xfd, 0xa0, 0xfd, 0xa0, 0xfd, 0xa0, 0xfd, 0xa0, 0xf5, 0xa0, 0xfd,
  0x80, 0xfd, 0x80, 0xfd, 0x80, 0xfd, 0xa1, 0xf5, 0xa1, 0xf5, 0x80, 0xf5,
  0xa0, 0xfd, 0x01, 0xe5, 0xc1, 0x51, 0x00, 0x00, 0x00, 0x00, 0x00, 0x00,
  0x00, 0x00, 0x00, 0x00, 0x00, 0x00, 0x00, 0x00, 0x00, 0x00, 0x00, 0x00,
  0x09, 0x12, 0x17, 0x15, 0x9a, 0x05, 0xbb, 0x05, 0x7b, 0x0d, 0x9a, 0x05,
  0xbb, 0x05, 0x9b, 0x05, 0x7b, 0x05, 0x9a, 0x05, 0x9a, 0x05, 0x9b, 0x05,
  0x9b, 0x05, 0x9b, 0x05, 0x9b, 0x05, 0x9b, 0x05, 0x9b, 0x05, 0x9b, 0x05,
  0x9b, 0x05, 0x9b, 0x05, 0x9b, 0x05, 0x9b, 0x05, 0x9b, 0x05, 0x9b, 0x05,
  0x9b, 0x05, 0x9b, 0x05, 0x9b, 0x05, 0x9a, 0x05, 0x9a, 0x05, 0x9a, 0x05,
  0xbb, 0x05, 0xbb, 0x05, 0x7b, 0x0d, 0x7a, 0x0d, 0x9a, 0x05, 0xba, 0x05,
  0x9a, 0x05, 0x9a, 0x05, 0x7a, 0x0d, 0x18, 0x0d, 0x3a, 0x0d, 0x7b, 0x0d,
  0x9b, 0x05, 0x9b, 0x05, 0x9b, 0x05, 0x7b, 0x05, 0x7b, 0x05, 0x9a, 0x05,
  0xbb, 0x05, 0x9b, 0x05, 0x9b, 0x05, 0x9b, 0x05, 0x9b, 0x05, 0x9b, 0x05,
  0x9b, 0x05, 0x9b, 0x05, 0x9b, 0x05, 0x9b, 0x05, 0x9b, 0x05, 0x9b, 0x05,
  0x9b, 0x05, 0x9b, 0x05, 0x9b, 0x05, 0x9b, 0x05, 0x9b, 0x05, 0x9b, 0x05,
  0x9b, 0x05, 0x9b, 0x05, 0x9b, 0x05, 0x9b, 0x05, 0x9b, 0x05, 0x9a, 0x05,
  0x9a, 0x05, 0x9b, 0x05, 0x9b, 0x05, 0x9b, 0x05, 0xba, 0x05, 0x17, 0x0d,
  0x2a, 0x0a, 0x00, 0x00, 0x00, 0x00, 0x00, 0x00, 0x00, 0x00, 0x00, 0x00,
  0x00, 0x00, 0x00, 0x00, 0x00, 0x00, 0x00, 0x00, 0xa0, 0x08, 0x61, 0x5c,
  0x41, 0x76, 0x41, 0x66, 0x40, 0x66, 0x40, 0x6e, 0x40, 0x6e, 0x41, 0x6e,
  0x40, 0x6e, 0x40, 0x6e, 0x40, 0x6e, 0x40, 0x6e, 0x40, 0x6e, 0x40, 0x6e,
  0x40, 0x6e, 0x40, 0x6e, 0x40, 0x6e, 0x40, 0x6e, 0x40, 0x6e, 0x40, 0x6e,
  0x40, 0x6e, 0x40, 0x6e, 0x40, 0x6e, 0x40, 0x6e, 0x40, 0x6e, 0x40, 0x6e,
  0x40, 0x6e, 0x40, 0x6e, 0x40, 0x6e, 0x40, 0x6e, 0x40, 0x6e, 0x40, 0x6e,
  0x40, 0x6e, 0x40, 0x6e, 0x40, 0x6e, 0x40, 0x6e, 0x40, 0x6e, 0x40, 0x6e,
  0x40, 0x6e, 0x40, 0x6e, 0x40, 0x6e, 0x40, 0x6e, 0x40, 0x6e, 0x40, 0x6e,
  0x40, 0x6e, 0x40, 0x6e, 0x40, 0x6e, 0x40, 0x6e, 0x40, 0x6e, 0x40, 0x6e,
  0x40, 0x6e, 0x40, 0x6e, 0x40, 0x6e, 0x40, 0x6e, 0x40, 0x6e, 0x40, 0x6e,
  0x40, 0x6e, 0x40, 0x6e, 0x40, 0x6e, 0x40, 0x6e, 0x40, 0x6e, 0x40, 0x6e,
  0x40, 0x6e, 0x40, 0x6e, 0x40, 0x6e, 0x40, 0x6e, 0x40, 0x6e, 0x40, 0x6e,
  0x40, 0x6e, 0x40, 0x6e, 0x40, 0x6e, 0x40, 0x6e, 0x40, 0x6e, 0x40, 0x6e,
  0x40, 0x6e, 0x40, 0x6e, 0x40, 0x6e, 0x40, 0x6e, 0x40, 0x6e, 0x40, 0x6e,
  0x40, 0x6e, 0x40, 0x6e, 0x40, 0x6e, 0x40, 0x6e, 0x40, 0x6e, 0x40, 0x6e,
  0x40, 0x6e, 0x40, 0x6e, 0x40, 0x6e, 0x40, 0x6e, 0x40, 0x6e, 0x40, 0x6e,
  0x40, 0x6e, 0x40, 0x6e, 0x40, 0x6e, 0x60, 0x6e, 0x40, 0x6e, 0x20, 0x6e,
  0x20, 0x6e, 0x40, 0x6e, 0x40, 0x6e, 0x21, 0x6e, 0x42, 0x6d, 0x81, 0x21,
  0x00, 0x00, 0x00, 0x00, 0x00, 0x00, 0x00, 0x00, 0x00, 0x00, 0x00, 0x00,
  0x00, 0x00, 0x02, 0x7b, 0xc2, 0xfd, 0x80, 0xfd, 0xa0, 0xfd, 0xa0, 0xf5,
  0xc0, 0xf5, 0xa0, 0xfd, 0x80, 0xfd, 0xa0, 0xfd, 0xa0, 0xfd, 0xa0, 0xfd,
  0xa0, 0xfd, 0xa0, 0xfd, 0xa0, 0xfd, 0xa0, 0xfd, 0xa0, 0xfd, 0xa0, 0xfd,
  0xa0, 0xfd, 0xa0, 0xfd, 0xa0, 0xfd, 0xa0, 0xfd, 0xa0, 0xfd, 0xa0, 0xfd,
  0xa0, 0xfd, 0xa0, 0xfd, 0xa0, 0xfd, 0xa0, 0xfd, 0xa0, 0xfd, 0xa0, 0xfd,
  0xa0, 0xfd, 0xa0, 0xfd, 0xc0, 0xfd, 0x22, 0xe5, 0x41, 0x31, 0x00, 0x00,
  0x00, 0x00, 0x00, 0x00, 0x00, 0x00, 0x00, 0x00, 0x00, 0x00, 0x00, 0x00,
  0x00, 0x00, 0x00, 0x00, 0x00, 0x00, 0x00, 0x00, 0x00, 0x00, 0x00, 0x00,
  0x00, 0x00, 0x00, 0x00, 0x00, 0x00, 0x00, 0x00, 0x00, 0x00, 0x00, 0x00,
  0x00, 0x00, 0x00, 0x00, 0x00, 0x00, 0x00, 0x00, 0x00, 0x00, 0x40, 0x08,
  0x82, 0x6a, 0x02, 0xe5, 0xc1, 0xfd, 0xc0, 0xfd, 0xa0, 0xf5, 0xa0, 0xfd,
  0xa0, 0xfd, 0xa0, 0xfd, 0x80, 0xfd, 0x80, 0xfd, 0xa0, 0xfd, 0xa0, 0xfd,
  0xa0, 0xfd, 0xa0, 0xfd, 0xa0, 0xfd, 0xa0, 0xfd, 0xa0, 0xfd, 0xa0, 0xfd,
  0xa0, 0xfd, 0xa0, 0xfd, 0xa0, 0xfd, 0xa0, 0xfd, 0xa0, 0xfd, 0xa0, 0xfd,
  0xa0, 0xfd, 0xa0, 0xfd, 0xa0, 0xfd, 0xa0, 0xfd, 0xa0, 0xfd, 0xa0, 0xfd,
  0xa0, 0xfd, 0xa0, 0xfd, 0xa0, 0xfd, 0xa0, 0xfd, 0xa0, 0xfd, 0xa0, 0xfd,
  0xa0, 0xfd, 0xa0, 0xfd, 0xa0, 0xfd, 0xa0, 0xfd, 0xa0, 0xfd, 0xa0, 0xfd,
  0xa0, 0xfd, 0xa0, 0xf5, 0xa0, 0xfd, 0x80, 0xfd, 0x80, 0xfd, 0xa1, 0xf5,
  0xc1, 0xf5, 0xa0, 0xfd, 0x81, 0xfd, 0x42, 0x93, 0x40, 0x08, 0x00, 0x00,
  0x00, 0x00, 0x00, 0x00, 0x00, 0x00, 0x00, 0x00, 0x00, 0x00, 0x00, 0x00,
  0x00, 0x00, 0xc3, 0x00, 0x12, 0x14, 0xba, 0x0d, 0xbb, 0x05, 0x7b, 0x05,
  0x7b, 0x0d, 0x9a, 0x05, 0xba, 0x05, 0xbb, 0x05, 0x9b, 0x05, 0x9a, 0x05,
  0x9a, 0x05, 0x9b, 0x05, 0x9b, 0x05, 0x9b, 0x05, 0x9b, 0x05, 0x9b, 0x05,
  0x9b, 0x05, 0x9b, 0x05, 0x9b, 0x05, 0x9b, 0x05, 0x9b, 0x05, 0x9b, 0x05,
  0x9b, 0x05, 0x9b, 0x05, 0x9b, 0x05, 0x9b, 0x05, 0x9b, 0x05, 0x9a, 0x05,
  0x9a, 0x05, 0x9a, 0x05, 0xbb, 0x05, 0xbb, 0x05, 0x7b, 0x05, 0x9a, 0x0d,
  0x99, 0x05, 0xba, 0x05, 0xbb, 0x05, 0x5a, 0x0d, 0xb2, 0x0b, 0x4a, 0x0a,
  0x50, 0x0b, 0x5a, 0x0d, 0x9b, 0x05, 0x9b, 0x05, 0x9b, 0x05, 0x7b, 0x05,
  0x7a, 0x05, 0x9a, 0x05, 0xbb, 0x05, 0xbb, 0x05, 0x9b, 0x05, 0x9b, 0x05,
  0x9b, 0x05, 0x9b, 0x05, 0x9b, 0x05, 0x9b, 0x05, 0x9b, 0x05, 0x9b, 0x05,
  0x9b, 0x05, 0x9b, 0x05, 0x9b, 0x05, 0x9b, 0x05, 0x9b, 0x05, 0x9b, 0x05,
  0x9b, 0x05, 0x9b, 0x05, 0x9b, 0x05, 0x9b, 0x05, 0x9b, 0x05, 0x9b, 0x05,
  0x9b, 0x05, 0x9a, 0x05, 0x9a, 0x05, 0x9b, 0x05, 0x9b, 0x05, 0x9a, 0x05,
  0xba, 0x05, 0x9a, 0x05, 0x33, 0x0c, 0xe4, 0x00, 0x00, 0x00, 0x00, 0x00,
  0x00, 0x00, 0x00, 0x00, 0x00, 0x00, 0x00, 0x00, 0x00, 0x00, 0x00, 0x00,
  0x00, 0x00, 0x00, 0x2a, 0x81, 0x6d, 0x40, 0x6e, 0x60, 0x6e, 0x40, 0x6e,
  0x41, 0x6e, 0x41, 0x6e, 0x40, 0x6e, 0x40, 0x6e, 0x40, 0x6e, 0x40, 0x6e,
  0x40, 0x6e, 0x40, 0x6e, 0x40, 0x6e, 0x40, 0x6e, 0x40, 0x6e, 0x40, 0x6e,
  0x40, 0x6e, 0x40, 0x6e, 0x40, 0x6e, 0x40, 0x6e, 0x40, 0x6e, 0x40, 0x6e,
  0x40, 0x6e, 0x40, 0x6e, 0x40, 0x6e, 0x40, 0x6e, 0x40, 0x6e, 0x40, 0x6e,
  0x40, 0x6e, 0x40, 0x6e, 0x40, 0x6e, 0x40, 0x6e, 0x40, 0x6e, 0x40, 0x6e,
  0x40, 0x6e, 0x40, 0x6e, 0x40, 0x6e, 0x40, 0x6e, 0x40, 0x6e, 0x40, 0x6e,
  0x40, 0x6e, 0x40, 0x6e, 0x40, 0x6e, 0x40, 0x6e, 0x40, 0x6e, 0x40, 0x6e,
  0x40, 0x6e, 0x40, 0x6e, 0x40, 0x6e, 0x40, 0x6e, 0x40, 0x6e, 0x40, 0x6e,
  0x40, 0x6e, 0x40, 0x6e, 0x40, 0x6e, 0x40, 0x6e, 0x40, 0x6e, 0x40, 0x6e,
  0x40, 0x6e, 0x40, 0x6e, 0x40, 0x6e, 0x40, 0x6e, 0x40, 0x6e, 0x40, 0x6e,
  0x40, 0x6e, 0x40, 0x6e, 0x40, 0x6e, 0x40, 0x6e, 0x40, 0x6e, 0x40, 0x6e,
  0x40, 0x6e, 0x40, 0x6e, 0x40, 0x6e, 0x40, 0x6e, 0x40, 0x6e, 0x40, 0x6e,
  0x40, 0x6e, 0x40, 0x6e, 0x40, 0x6e, 0x40, 0x6e, 0x40, 0x6e, 0x40, 0x6e,
  0x40, 0x6e, 0x40, 0x6e, 0x40, 0x6e, 0x40, 0x6e, 0x40, 0x6e, 0x40, 0x6e,
  0x40, 0x6e, 0x40, 0x6e, 0x40, 0x6e, 0x40, 0x6e, 0x40, 0x6e, 0x40, 0x6e,
  0x40, 0x6e, 0x40, 0x6e, 0x40, 0x6e, 0x40, 0x6e, 0x40, 0x6e, 0xe1, 0x75,
  0xc1, 0x3a, 0x20, 0x00, 0x00, 0x00, 0x00, 0x00, 0x00, 0x00, 0x00, 0x00,
  0x00, 0x00, 0x00, 0x00, 0x00, 0x00, 0x02, 0x83, 0xc2, 0xfd, 0x80, 0xfd,
  0xa0, 0xfd, 0xa0, 0xf5, 0xc0, 0xf5, 0xa0, 0xfd, 0x80, 0xfd, 0xa0, 0xfd,
  0xa0, 0xfd, 0xa0, 0xfd, 0xa0, 0xfd, 0xa0, 0xfd, 0xa0, 0xfd, 0xa0, 0xfd,
  0xa0, 0xfd, 0xa0, 0xfd, 0xa0, 0xfd, 0xa0, 0xfd, 0xa0, 0xfd, 0xa0, 0xfd,
  0xa0, 0xfd, 0xa0, 0xfd, 0xa0, 0xfd, 0xa0, 0xfd, 0xa0, 0xfd, 0xa0, 0xfd,
  0xa0, 0xfd, 0xa0, 0xfd, 0xa0, 0xfd, 0xa0, 0xfd, 0xc0, 0xfd, 0x22, 0xe5,
  0x41, 0x31, 0x00, 0x00, 0x00, 0x00, 0x00, 0x00, 0x00, 0x00, 0x00, 0x00,
  0x00, 0x00, 0x00, 0x00, 0x00, 0x00, 0x00, 0x00, 0x00, 0x00, 0x00, 0x00,
  0x00, 0x00, 0x00, 0x00, 0x00, 0x00, 0x00, 0x00, 0x00, 0x00, 0x00, 0x00,
  0x00, 0x00, 0x00, 0x00, 0x00, 0x00, 0x00, 0x00, 0x00, 0x00, 0x00, 0x00,
  0x00, 0x00, 0x00, 0x00, 0x40, 0x08, 0xc1, 0x7a, 0x41, 0xe5, 0xc0, 0xfd,
  0x80, 0xfd, 0xa1, 0xfd, 0xa0, 0xfd, 0xa0, 0xfd, 0xa0, 0xfd, 0xa0, 0xfd,
  0xa0, 0xfd, 0xa0, 0xfd, 0xa0, 0xfd, 0xa0, 0xfd, 0xa0, 0xfd, 0xa0, 0xfd,
  0xa0, 0xfd, 0xa0, 0xfd, 0xa0, 0xfd, 0xa0, 0xfd, 0xa0, 0xfd, 0xa0, 0xfd,
  0xa0, 0xfd, 0xa0, 0xfd, 0xa0, 0xfd, 0xa0, 0xfd, 0xa0, 0xfd, 0xa0, 0xfd,
  0xa0, 0xfd, 0xa0, 0xfd, 0xa0, 0xfd, 0xa0, 0xfd, 0xa0, 0xfd, 0xa0, 0xfd,
  0xa0, 0xfd, 0xa0, 0xfd, 0xa0, 0xfd, 0xa0, 0xfd, 0xa0, 0xfd, 0xa0, 0xfd,
  0xa0, 0xfd, 0xa0, 0xfd, 0x80, 0xfd, 0xa0, 0xf5, 0xa0, 0xfd, 0xa0, 0xfd,
  0x80, 0xfd, 0xa0, 0xf5, 0xc0, 0xf5, 0xc1, 0xfd, 0x82, 0xc4, 0x41, 0x31,
  0x00, 0x00, 0x00, 0x00, 0x00, 0x00, 0x00, 0x00, 0x00, 0x00, 0x00, 0x00,
  0x00, 0x00, 0x00, 0x00, 0x41, 0x00, 0xed, 0x0a, 0x59, 0x0d, 0x9b, 0x05,
  0xbc, 0x05, 0x9c, 0x05, 0x7b, 0x0d, 0x9a, 0x05, 0xba, 0x05, 0xbb, 0x05,
  0x9b, 0x05, 0x9a, 0x05, 0x9a, 0x05, 0x9b, 0x05, 0x9b, 0x05, 0x9b, 0x05,
  0x9b, 0x05, 0x9b, 0x05, 0x9b, 0x05, 0x9b, 0x05, 0x9b, 0x05, 0x9b, 0x05,
  0x9b, 0x05, 0x9b, 0x05, 0x9b, 0x05, 0x9b, 0x05, 0x9b, 0x05, 0x9b, 0x05,
  0x9b, 0x05, 0x9a, 0x05, 0x9a, 0x05, 0x9a, 0x05, 0x9a, 0x05, 0xbb, 0x05,
  0x9b, 0x05, 0x9a, 0x05, 0x9a, 0x05, 0xba, 0x05, 0xbb, 0x05, 0x75, 0x0c,
  0x66, 0x09, 0x00, 0x00, 0x25, 0x09, 0x75, 0x0c, 0x9a, 0x0d, 0xbb, 0x05,
  0xbb, 0x05, 0x9b, 0x05, 0x7a, 0x05, 0x9a, 0x05, 0xba, 0x05, 0x9b, 0x05,
  0x9b, 0x05, 0x9b, 0x05, 0x9b, 0x05, 0x9b, 0x05, 0x9b, 0x05, 0x9b, 0x05,
  0x9b, 0x05, 0x9b, 0x05, 0x9b, 0x05, 0x9b, 0x05, 0x9b, 0x05, 0x9b, 0x05,
  0x9b, 0x05, 0x9b, 0x05, 0x9b, 0x05, 0x9b, 0x05, 0x9b, 0x05, 0x9b, 0x05,
  0x9b, 0x05, 0x9b, 0x05, 0x9b, 0x05, 0x9a, 0x05, 0x9a, 0x05, 0x9b, 0x05,
  0x9b, 0x05, 0x9a, 0x05, 0xbb, 0x05, 0x9b, 0x05, 0x7a, 0x0d, 0xed, 0x0a,
  0x41, 0x00, 0x00, 0x00, 0x00, 0x00, 0x00, 0x00, 0x00, 0x00, 0x00, 0x00,
  0x00, 0x00, 0x00, 0x00, 0x00, 0x00, 0x60, 0x08, 0x81, 0x4b, 0x20, 0x76,
  0x60, 0x6e, 0x40, 0x6e, 0x40, 0x6e, 0x40, 0x6e, 0x40, 0x6e, 0x40, 0x6e,
  0x40, 0x6e, 0x40, 0x6e, 0x40, 0x6e, 0x40, 0x66, 0x40, 0x6e, 0x40, 0x6e,
  0x40, 0x6e, 0x40, 0x6e, 0x40, 0x6e, 0x40, 0x6e, 0x40, 0x6e, 0x40, 0x6e,
  0x40, 0x6e, 0x40, 0x6e, 0x40, 0x6e, 0x40, 0x6e, 0x40, 0x6e, 0x40, 0x6e,
  0x40, 0x6e, 0x40, 0x6e, 0x40, 0x6e, 0x40, 0x6e, 0x40, 0x6e, 0x40, 0x6e,
  0x40, 0x6e, 0x40, 0x6e, 0x40, 0x6e, 0x40, 0x6e, 0x40, 0x6e, 0x40, 0x6e,
  0x40, 0x6e, 0x40, 0x6e, 0x40, 0x6e, 0x40, 0x6e, 0x40, 0x6e, 0x40, 0x6e,
  0x40, 0x6e, 0x40, 0x6e, 0x40, 0x6e, 0x40, 0x6e, 0x40, 0x6e, 0x40, 0x6e,
  0x40, 0x6e, 0x40, 0x6e, 0x40, 0x6e, 0x40, 0x6e, 0x40, 0x6e, 0x40, 0x6e,
  0x40, 0x6e, 0x40, 0x6e, 0x40, 0x6e, 0x40, 0x6e, 0x40, 0x6e, 0x40, 0x6e,
  0x40, 0x6e, 0x40, 0x6e, 0x40, 0x6e, 0x40, 0x6e, 0x40, 0x6e, 0x40, 0x6e,
  0x40, 0x6e, 0x40, 0x6e, 0x40, 0x6e, 0x40, 0x6e, 0x40, 0x6e, 0x40, 0x6e,
  0x40, 0x6e, 0x40, 0x6e, 0x40, 0x6e, 0x40, 0x6e, 0x40, 0x6e, 0x40, 0x6e,
  0x40, 0x6e, 0x40, 0x6e, 0x40, 0x6e, 0x40, 0x6e, 0x40, 0x6e, 0x40, 0x6e,
  0x40, 0x6e, 0x40, 0x6e, 0x40, 0x6e, 0x40, 0x6e, 0x40, 0x6e, 0x40, 0x6e,
  0x40, 0x6e, 0x40, 0x6e, 0x40, 0x6e, 0x40, 0x66, 0x40, 0x66, 0x40, 0x6e,
  0x20, 0x76, 0xe1, 0x53, 0x80, 0x08, 0x00, 0x00, 0x00, 0x00, 0x00, 0x00,
  0x00, 0x00, 0x00, 0x00, 0x00, 0x00, 0x00, 0x00, 0x00, 0x00, 0x02, 0x83,
  0xc2, 0xfd, 0xa1, 0xfd, 0xa0, 0xfd, 0xa0, 0xf5, 0xc0, 0xf5, 0xa0, 0xfd,
  0x80, 0xfd, 0xa0, 0xfd, 0xa0, 0xfd, 0xa0, 0xfd, 0xa0, 0xfd, 0xa0, 0xfd,
  0xa0, 0xfd, 0xa0, 0xfd, 0xa0, 0xfd, 0xa0, 0xfd, 0xa0, 0xfd, 0xa0, 0xfd,
  0xa0, 0xfd, 0xa0, 0xfd, 0xa0, 0xfd, 0xa0, 0xfd, 0xa0, 0xfd, 0xa0, 0xfd,
  0xa0, 0xfd, 0xa0, 0xfd, 0xa0, 0xfd, 0xa0, 0xfd, 0xa0, 0xfd, 0xa0, 0xfd,
  0xc0, 0xfd, 0x02, 0xe5, 0x41, 0x31, 0x00, 0x00, 0x00, 0x00, 0x00, 0x00,
  0x00, 0x00, 0x00, 0x00, 0x00, 0x00, 0x00, 0x00, 0x00, 0x00, 0x00, 0x00,
  0x00, 0x00, 0x00, 0x00, 0x00, 0x00, 0x00, 0x00, 0x00, 0x00, 0x00, 0x00,
  0x00, 0x00, 0x00, 0x00, 0x00, 0x00, 0x00, 0x00, 0x00, 0x00, 0x00, 0x00,
  0x00, 0x00, 0x00, 0x00, 0x00, 0x00, 0x00, 0x00, 0x00, 0x00, 0x60, 0x10,
  0x01, 0x83, 0x60, 0xed, 0xa0, 0xfd, 0x80, 0xfd, 0xa0, 0xfd, 0xa0, 0xf5,
  0xc0, 0xfd, 0xa0, 0xf5, 0xa0, 0xfd, 0xa0, 0xfd, 0xa0, 0xfd, 0xa0, 0xfd,
  0xa0, 0xfd, 0xa0, 0xfd, 0xa0, 0xfd, 0xa0, 0xfd, 0xa0, 0xfd, 0xa0, 0xfd,
  0xa0, 0xfd, 0xa0, 0xfd, 0xa0, 0xfd, 0xa0, 0xfd, 0xa0, 0xfd, 0xa0, 0xfd,
  0xa0, 0xfd, 0xa0, 0xfd, 0xa0, 0xfd, 0xa0, 0xfd, 0xa0, 0xfd, 0xa0, 0xfd,
  0xa0, 0xfd, 0xa0, 0xfd, 0xa0, 0xfd, 0xa0, 0xfd, 0xa0, 0xfd, 0xa0, 0xfd,
  0xa0, 0xfd, 0xa0, 0xfd, 0xa0, 0xfd, 0x80, 0xfd, 0x80, 0xfd, 0xa0, 0xf5,
  0xc0, 0xf5, 0xa0, 0xfd, 0xa0, 0xfd, 0xa0, 0xfd, 0xc0, 0xfd, 0x61, 0xe5,
  0x82, 0x6a, 0x00, 0x00, 0x00, 0x00, 0x00, 0x00, 0x00, 0x00, 0x00, 0x00,
  0x00, 0x00, 0x00, 0x00, 0x00, 0x00, 0x00, 0x00, 0xa7, 0x09, 0xf7, 0x14,
  0x9a, 0x05, 0x9b, 0x05, 0x9c, 0x05, 0x7b, 0x0d, 0x7a, 0x0d, 0x9a, 0x05,
  0xbb, 0x05, 0xbb, 0x05, 0x9b, 0x05, 0x9a, 0x05, 0x9a, 0x05, 0x9b, 0x05,
  0x9b, 0x05, 0x9b, 0x05, 0x9b, 0x05, 0x9b, 0x05, 0x9b, 0x05, 0x9b, 0x05,
  0x9b, 0x05, 0x9b, 0x05, 0x9b, 0x05, 0x9b, 0x05, 0x9b, 0x05, 0x9b, 0x05,
  0x9b, 0x05, 0x9b, 0x05, 0x9b, 0x05, 0x9a, 0x05, 0x9a, 0x05, 0x9a, 0x05,
  0x9a, 0x05, 0x9a, 0x05, 0xbb, 0x05, 0x9b, 0x05, 0xbb, 0x05, 0x9a, 0x05,
  0x7a, 0x0d, 0x8c, 0x0a, 0x20, 0x00, 0x00, 0x00, 0x20, 0x00, 0x6b, 0x0a,
  0x37, 0x15, 0x9a, 0x05, 0x9b, 0x05, 0x9b, 0x05, 0x9a, 0x05, 0x9a, 0x05,
  0x9a, 0x05, 0x9b, 0x05, 0x9b, 0x05, 0x9b, 0x05, 0x9b, 0x05, 0x9b, 0x05,
  0x9b, 0x05, 0x9b, 0x05, 0x9b, 0x05, 0x9b, 0x05, 0x9b, 0x05, 0x9b, 0x05,
  0x9b, 0x05, 0xbb, 0x05, 0xbb, 0x05, 0xbb, 0x05, 0x9b, 0x05, 0x9b, 0x05,
  0x9b, 0x05, 0x9b, 0x05, 0x9b, 0x05, 0x9b, 0x05, 0x9a, 0x05, 0xba, 0x05,
  0xba, 0x05, 0x9b, 0x05, 0x7b, 0x05, 0x7a, 0x05, 0x7b, 0x05, 0xbc, 0x05,
  0x9b, 0x05, 0xd6, 0x0c, 0xa7, 0x01, 0x00, 0x00, 0x00, 0x00, 0x00, 0x00,
  0x00, 0x00, 0x00, 0x00, 0x00, 0x00, 0x00, 0x00, 0x00, 0x00, 0x00, 0x00,
  0x61, 0x21, 0x21, 0x65, 0x40, 0x76, 0x20, 0x6e, 0x40, 0x6e, 0x40, 0x6e,
  0x40, 0x6e, 0x40, 0x6e, 0x40, 0x6e, 0x40, 0x6e, 0x40, 0x6e, 0x40, 0x66,
  0x40, 0x6e, 0x40, 0x6e, 0x40, 0x6e, 0x40, 0x6e, 0x40, 0x6e, 0x40, 0x6e,
  0x40, 0x6e, 0x40, 0x6e, 0x40, 0x6e, 0x40, 0x6e, 0x40, 0x6e, 0x40, 0x6e,
  0x40, 0x6e, 0x40, 0x6e, 0x40, 0x6e, 0x40, 0x6e, 0x40, 0x6e, 0x40, 0x6e,
  0x40, 0x6e, 0x40, 0x6e, 0x40, 0x6e, 0x40, 0x6e, 0x40, 0x6e, 0x40, 0x6e,
  0x40, 0x6e, 0x40, 0x6e, 0x40, 0x6e, 0x40, 0x6e, 0x40, 0x6e, 0x40, 0x6e,
  0x40, 0x6e, 0x40, 0x6e, 0x40, 0x6e, 0x40, 0x6e, 0x40, 0x6e, 0x40, 0x6e,
  0x40, 0x6e, 0x40, 0x6e, 0x40, 0x6e, 0x40, 0x6e, 0x40, 0x6e, 0x40, 0x6e,
  0x40, 0x6e, 0x40, 0x6e, 0x40, 0x6e, 0x40, 0x6e, 0x40, 0x6e, 0x40, 0x6e,
  0x40, 0x6e, 0x40, 0x6e, 0x40, 0x6e, 0x40, 0x6e, 0x40, 0x6e, 0x40, 0x6e,
  0x40, 0x6e, 0x40, 0x6e, 0x40, 0x6e, 0x40, 0x6e, 0x40, 0x6e, 0x40, 0x6e,
  0x40, 0x6e, 0x40, 0x6e, 0x40, 0x6e, 0x40, 0x6e, 0x40, 0x6e, 0x40, 0x6e,
  0x40, 0x6e, 0x40, 0x6e, 0x40, 0x6e, 0x40, 0x6e, 0x40, 0x6e, 0x40, 0x6e,
  0x40, 0x6e, 0x40, 0x6e, 0x40, 0x6e, 0x40, 0x6e, 0x40, 0x6e, 0x40, 0x6e,
  0x40, 0x6e, 0x40, 0x6e, 0x40, 0x6e, 0x40, 0x6e, 0x40, 0x6e, 0x40, 0x66,
  0x60, 0x6e, 0x40, 0x6e, 0x81, 0x5c, 0x20, 0x19, 0x00, 0x00, 0x00, 0x00,
  0x00, 0x00, 0x00, 0x00, 0x00, 0x00, 0x00, 0x00, 0x00, 0x00, 0x00, 0x00,
  0x00, 0x00, 0x02, 0x83, 0xc2, 0xfd, 0xa1, 0xfd, 0xa0, 0xfd, 0xa0, 0xf5,
  0xc0, 0xf5, 0xa0, 0xfd, 0x80, 0xfd, 0xa0, 0xfd, 0xa0, 0xfd, 0xa0, 0xfd,
  0xa0, 0xfd, 0xa0, 0xfd, 0xa0, 0xfd, 0xa0, 0xfd, 0xa0, 0xfd, 0xa0, 0xfd,
  0xa0, 0xfd, 0xa0, 0xfd, 0xa0, 0xfd, 0xa0, 0xfd, 0xa0, 0xfd, 0xa0, 0xfd,
  0xa0, 0xfd, 0xa0, 0xfd, 0xa0, 0xfd, 0xa0, 0xfd, 0xa0, 0xfd, 0xa0, 0xfd,
  0xa0, 0xfd, 0xa0, 0xfd, 0xc0, 0xfd, 0x02, 0xe5, 0x41, 0x31, 0x00, 0x00,
  0x00, 0x00, 0x00, 0x00, 0x00, 0x00, 0x00, 0x00, 0x00, 0x00, 0x00, 0x00,
  0x00, 0x00, 0x00, 0x00, 0x00, 0x00, 0x00, 0x00, 0x00, 0x00, 0x00, 0x00,
  0x00, 0x00, 0x00, 0x00, 0x00, 0x00, 0x00, 0x00, 0x00, 0x00, 0x00, 0x00,
  0x00, 0x00, 0x00, 0x00, 0x00, 0x00, 0x00, 0x00, 0x00, 0x00, 0x00, 0x00,
  0x00, 0x00, 0x00, 0x00, 0x80, 0x10, 0x81, 0x93, 0x80, 0xf5, 0xa0, 0xfd,
  0xa0, 0xfd, 0xc0, 0xf5, 0xa0, 0xf5, 0xa0, 0xf5, 0xa0, 0xfd, 0xa0, 0xfd,
  0xa0, 0xfd, 0xa0, 0xfd, 0xa0, 0xfd, 0xa0, 0xfd, 0xa0, 0xfd, 0xa0, 0xfd,
  0xa0, 0xfd, 0xa0, 0xfd, 0xa0, 0xfd, 0xa0, 0xfd, 0xa0, 0xfd, 0xa0, 0xfd,
  0xa0, 0xfd, 0xa0, 0xfd, 0xa0, 0xfd, 0xa0, 0xfd, 0xa0, 0xfd, 0xa0, 0xfd,
  0xa0, 0xfd, 0xa0, 0xfd, 0xa0, 0xfd, 0xa0, 0xfd, 0xa0, 0xfd, 0xa0, 0xfd,
  0xa0, 0xfd, 0xa0, 0xfd, 0xa0, 0xfd, 0xa0, 0xfd, 0xa0, 0xfd, 0x80, 0xfd,
  0x80, 0xfd, 0xa0, 0xf5, 0xc0, 0xf5, 0xa0, 0xf5, 0xa0, 0xfd, 0xa0, 0xfd,
  0xa0, 0xf5, 0xe2, 0xa3, 0xa1, 0x18, 0x00, 0x00, 0x00, 0x00, 0x00, 0x00,
  0x00, 0x00, 0x00, 0x00, 0x00, 0x00, 0x00, 0x00, 0x00, 0x00, 0x82, 0x00,
  0xd1, 0x13, 0x99, 0x0d, 0x9a, 0x05, 0x9b, 0x05, 0x7c, 0x05, 0x7b, 0x0d,
  0x7a, 0x0d, 0x9a, 0x05, 0xbb, 0x05, 0xbb, 0x05, 0x9b, 0x05, 0x9a, 0x05,
  0x9a, 0x05, 0x9b, 0x05, 0x9b, 0x05, 0x9b, 0x05, 0x9b, 0x05, 0x9b, 0x05,
  0x9b, 0x05, 0x9b, 0x05, 0x9b, 0x05, 0x9b, 0x05, 0x9b, 0x05, 0x9b, 0x05,
  0x9b, 0x05, 0x9b, 0x05, 0x9b, 0x05, 0x9b, 0x05, 0x9b, 0x05, 0x9a, 0x05,
  0x9a, 0x05, 0x9a, 0x05, 0x9a, 0x05, 0x9a, 0x05, 0xbb, 0x05, 0xbc, 0x05,
  0x7b, 0x05, 0x7a, 0x0d, 0xd2, 0x0b, 0xa3, 0x00, 0x00, 0x00, 0x00, 0x00,
  0x00, 0x00, 0x62, 0x00, 0x6f, 0x13, 0x79, 0x15, 0x9a, 0x05, 0xbb, 0x05,
  0x9a, 0x05, 0x9a, 0x05, 0x9a, 0x05, 0x9b, 0x05, 0x9b, 0x05, 0x9b, 0x05,
  0x9b, 0x05, 0x9b, 0x05, 0x9b, 0x05, 0x9b, 0x05, 0x9b, 0x05, 0x9b, 0x05,
  0x9b, 0x05, 0x9b, 0x05, 0x9b, 0x05, 0xbb, 0x05, 0xbb, 0x05, 0xbb, 0x05,
  0x9b, 0x05, 0x9b, 0x05, 0x9b, 0x05, 0x9b, 0x05, 0x9b, 0x05, 0x9b, 0x05,
  0x9b, 0x05, 0xba, 0x05, 0xba, 0x05, 0x9a, 0x05, 0x9a, 0x05, 0x7b, 0x05,
  0x7b, 0x0d, 0x9b, 0x05, 0x9b, 0x05, 0x9a, 0x0d, 0xd1, 0x0b, 0x82, 0x00,
  0x00, 0x00, 0x00, 0x00, 0x00, 0x00, 0x00, 0x00, 0x00, 0x00, 0x00, 0x00,
  0x00, 0x00, 0x00, 0x00, 0x20, 0x00, 0xe1, 0x42, 0xe1, 0x75, 0x20, 0x76,
  0x40, 0x6e, 0x40, 0x6e, 0x60, 0x6e, 0x40, 0x6e, 0x40, 0x6e, 0x40, 0x6e,
  0x40, 0x6e, 0x40, 0x66, 0x40, 0x6e, 0x40, 0x6e, 0x40, 0x6e, 0x40, 0x6e,
  0x40, 0x6e, 0x40, 0x6e, 0x40, 0x6e, 0x40, 0x6e, 0x40, 0x6e, 0x40, 0x6e,
  0x40, 0x6e, 0x40, 0x6e, 0x40, 0x6e, 0x40, 0x6e, 0x40, 0x6e, 0x40, 0x6e,
  0x40, 0x6e, 0x40, 0x6e, 0x40, 0x6e, 0x40, 0x6e, 0x40, 0x6e, 0x40, 0x6e,
  0x40, 0x6e, 0x40, 0x6e, 0x40, 0x6e, 0x40, 0x6e, 0x40, 0x6e, 0x40, 0x6e,
  0x40, 0x6e, 0x40, 0x6e, 0x40, 0x6e, 0x40, 0x6e, 0x40, 0x6e, 0x40, 0x6e,
  0x40, 0x6e, 0x40, 0x6e, 0x40, 0x6e, 0x40, 0x6e, 0x40, 0x6e, 0x40, 0x6e,
  0x40, 0x6e, 0x40, 0x6e, 0x40, 0x6e, 0x40, 0x6e, 0x40, 0x6e, 0x40, 0x6e,
  0x40, 0x6e, 0x40, 0x6e, 0x40, 0x6e, 0x40, 0x6e, 0x40, 0x6e, 0x40, 0x6e,
  0x40, 0x6e, 0x40, 0x6e, 0x40, 0x6e, 0x40, 0x6e, 0x40, 0x6e, 0x40, 0x6e,
  0x40, 0x6e, 0x40, 0x6e, 0x40, 0x6e, 0x40, 0x6e, 0x40, 0x6e, 0x40, 0x6e,
  0x40, 0x6e, 0x40, 0x6e, 0x40, 0x6e, 0x40, 0x6e, 0x40, 0x6e, 0x40, 0x6e,
  0x40, 0x6e, 0x40, 0x6e, 0x40, 0x6e, 0x40, 0x6e, 0x40, 0x6e, 0x40, 0x6e,
  0x40, 0x6e, 0x40, 0x6e, 0x40, 0x6e, 0x40, 0x6e, 0x40, 0x6e, 0x40, 0x6e,
  0x40, 0x76, 0x41, 0x6e, 0x41, 0x76, 0xa1, 0x5c, 0x40, 0x19, 0x00, 0x00,
  0x00, 0x00, 0x00, 0x00, 0x00, 0x00, 0x00, 0x00, 0x00, 0x00, 0x00, 0x00,
  0x00, 0x00, 0x00, 0x00, 0x00, 0x00, 0x02, 0x83, 0xc2, 0xfd, 0xa1, 0xfd,
  0xa0, 0xfd, 0xa0, 0xf5, 0xc0, 0xf5, 0xa0, 0xfd, 0x80, 0xfd, 0xa0, 0xfd,
  0xa0, 0xfd, 0xa0, 0xfd, 0xa0, 0xfd, 0xa0, 0xfd, 0xa0, 0xfd, 0xa0, 0xfd,
  0xa0, 0xfd, 0xa0, 0xfd, 0xa0, 0xfd, 0xa0, 0xfd, 0xa0, 0xfd, 0xa0, 0xfd,
  0xa0, 0xfd, 0xa0, 0xfd, 0xa0, 0xfd, 0xa0, 0xfd, 0xa0, 0xfd, 0xa0, 0xfd,
  0xa0, 0xfd, 0xa0, 0xfd, 0xa0, 0xfd, 0xa0, 0xfd, 0xc0, 0xfd, 0x02, 0xdd,
  0x21, 0x31, 0x00, 0x00, 0x00, 0x00, 0x00, 0x00, 0x00, 0x00, 0x00, 0x00,
  0x00, 0x00, 0x00, 0x00, 0x00, 0x00, 0x00, 0x00, 0x00, 0x00, 0x00, 0x00,
  0x00, 0x00, 0x00, 0x00, 0x00, 0x00, 0x00, 0x00, 0x00, 0x00, 0x00, 0x00,
  0x00, 0x00, 0x00, 0x00, 0x00, 0x00, 0x00, 0x00, 0x00, 0x00, 0x00, 0x00,
  0x00, 0x00, 0x00, 0x00, 0x00, 0x00, 0x00, 0x00, 0x00, 0x00, 0x01, 0x29,
  0x02, 0xac, 0xa0, 0xf5, 0xa0, 0xfd, 0xa1, 0xfd, 0x80, 0xfd, 0xa0, 0xfd,
  0xa0, 0xfd, 0xa0, 0xfd, 0xa0, 0xfd, 0xa0, 0xfd, 0xa0, 0xfd, 0xa0, 0xfd,
  0xa0, 0xfd, 0xa0, 0xfd, 0xa0, 0xfd, 0xa0, 0xfd, 0xa0, 0xfd, 0xa0, 0xfd,
  0xa0, 0xfd, 0xa0, 0xfd, 0xa0, 0xfd, 0xa0, 0xfd, 0xa0, 0xfd, 0xa0, 0xfd,
  0xa0, 0xfd, 0xa0, 0xfd, 0xa0, 0xfd, 0xa0, 0xfd, 0xa0, 0xfd, 0xa0, 0xfd,
  0xa0, 0xfd, 0xa0, 0xfd, 0xa0, 0xfd, 0xa0, 0xfd, 0xa0, 0xfd, 0xa0, 0xfd,
  0xa0, 0xfd, 0xa0, 0xfd, 0xa0, 0xfd, 0xa0, 0xfd, 0xa0, 0xf5, 0xa0, 0xf5,
  0xa0, 0xfd, 0xc1, 0xfd, 0xe2, 0xd4, 0xc2, 0x49, 0x00, 0x00, 0x00, 0x00,
  0x00, 0x00, 0x00, 0x00, 0x00, 0x00, 0x00, 0x00, 0x00, 0x00, 0x00, 0x00,
  0x00, 0x00, 0x6b, 0x0a, 0x38, 0x0d, 0x9a, 0x05, 0x9a, 0x05, 0x9b, 0x05,
  0x7b, 0x05, 0x9b, 0x05, 0x9a, 0x05, 0xba, 0x05, 0x9b, 0x05, 0x9b, 0x05,
  0x9b, 0x05, 0x9a, 0x05, 0x9a, 0x05, 0x9b, 0x05, 0x9b, 0x05, 0x9b, 0x05,
  0x9b, 0x05, 0x9b, 0x05, 0x9b, 0x05, 0x9b, 0x05, 0x9b, 0x05, 0x9b, 0x05,
  0x9b, 0x05, 0x9b, 0x05, 0x9b, 0x05, 0x9b, 0x05, 0x9b, 0x05, 0x9b, 0x05,
  0x9b, 0x05, 0x9a, 0x05, 0x9a, 0x05, 0x9a, 0x05, 0x9a, 0x05, 0x7a, 0x05,
  0x9b, 0x05, 0x9b, 0x05, 0x9b, 0x0d, 0xb6, 0x14, 0x86, 0x09, 0x00, 0x00,
  0x00, 0x00, 0x00, 0x00, 0x00, 0x00, 0x00, 0x00, 0x45, 0x09, 0x53, 0x14,
  0x9a, 0x0d, 0x9b, 0x05, 0x9b, 0x05, 0x9a, 0x05, 0x9a, 0x05, 0x9b, 0x05,
  0x9b, 0x05, 0x9b, 0x05, 0x9b, 0x05, 0x9b, 0x05, 0x9b, 0x05, 0x9b, 0x05,
  0x9b, 0x05, 0x9b, 0x05, 0x9b, 0x05, 0x9b, 0x05, 0x9b, 0x05, 0x9a, 0x05,
  0xba, 0x05, 0xbb, 0x05, 0x9b, 0x05, 0x9b, 0x05, 0x9b, 0x05, 0x9b, 0x05,
  0x9b, 0x05, 0x9b, 0x05, 0x9b, 0x05, 0xba, 0x05, 0xba, 0x05, 0x9a, 0x05,
  0x9b, 0x05, 0x9b, 0x05, 0x9b, 0x05, 0x5a, 0x05, 0xbb, 0x05, 0x9a, 0x05,
  0x59, 0x0d, 0x6b, 0x02, 0x20, 0x00, 0x00, 0x00, 0x00, 0x00, 0x00, 0x00,
  0x00, 0x00, 0x00, 0x00, 0x00, 0x00, 0x00, 0x00, 0x00, 0x00, 0xc0, 0x10,
  0x62, 0x5c, 0x02, 0x7e, 0x20, 0x6e, 0x40, 0x6e, 0x40, 0x66, 0x40, 0x6e,
  0x20, 0x6e, 0x40, 0x6e, 0x40, 0x6e, 0x40, 0x66, 0x40, 0x6e, 0x40, 0x6e,
  0x40, 0x6e, 0x40, 0x6e, 0x40, 0x6e, 0x40, 0x6e, 0x40, 0x6e, 0x40, 0x6e,
  0x40, 0x6e, 0x40, 0x6e, 0x40, 0x6e, 0x40, 0x6e, 0x40, 0x6e, 0x40, 0x6e,
  0x40, 0x6e, 0x40, 0x6e, 0x40, 0x6e, 0x40, 0x6e, 0x40, 0x6e, 0x40, 0x6e,
  0x40, 0x6e, 0x40, 0x6e, 0x40, 0x6e, 0x40, 0x6e, 0x40, 0x6e, 0x40, 0x6e,
  0x40, 0x6e, 0x40, 0x6e, 0x40, 0x6e, 0x40, 0x6e, 0x40, 0x6e, 0x40, 0x6e,
  0x40, 0x6e, 0x40, 0x6e, 0x40, 0x6e, 0x40, 0x6e, 0x40, 0x6e, 0x40, 0x6e,
  0x40, 0x6e, 0x40, 0x6e, 0x40, 0x6e, 0x40, 0x6e, 0x40, 0x6e, 0x40, 0x6e,
  0x40, 0x6e, 0x40, 0x6e, 0x40, 0x6e, 0x40, 0x6e, 0x40, 0x6e, 0x40, 0x6e,
  0x40, 0x6e, 0x40, 0x6e, 0x40, 0x6e, 0x40, 0x6e, 0x40, 0x6e, 0x40, 0x6e,
  0x40, 0x6e, 0x40, 0x6e, 0x40, 0x6e, 0x40, 0x6e, 0x40, 0x6e, 0x40, 0x6e,
  0x40, 0x6e, 0x40, 0x6e, 0x40, 0x6e, 0x40, 0x6e, 0x40, 0x6e, 0x40, 0x6e,
  0x40, 0x6e, 0x40, 0x6e, 0x40, 0x6e, 0x40, 0x6e, 0x40, 0x6e, 0x40, 0x6e,
  0x40, 0x6e, 0x40, 0x6e, 0x40, 0x6e, 0x40, 0x6e, 0x40, 0x6e, 0x40, 0x6e,
  0x40, 0x6e, 0x40, 0x6e, 0x40, 0x76, 0xe1, 0x75, 0x82, 0x5c, 0x60, 0x19,
  0x00, 0x00, 0x00, 0x00, 0x00, 0x00, 0x00, 0x00, 0x00, 0x00, 0x00, 0x00,
  0x00, 0x00, 0x00, 0x00, 0x00, 0x00, 0x00, 0x00, 0x00, 0x00, 0x02, 0x83,
  0xc2, 0xfd, 0xa1, 0xfd, 0xa0, 0xfd, 0xa0, 0xf5, 0xc0, 0xf5, 0xa0, 0xfd,
  0x80, 0xfd, 0xa0, 0xfd, 0xa0, 0xfd, 0xa0, 0xfd, 0xa0, 0xfd, 0xa0, 0xfd,
  0xa0, 0xfd, 0xa0, 0xfd, 0xa0, 0xfd, 0xa0, 0xfd, 0xa0, 0xfd, 0xa0, 0xfd,
  0xa0, 0xfd, 0xa0, 0xfd, 0xa0, 0xfd, 0xa0, 0xfd, 0xa0, 0xfd, 0xa0, 0xfd,
  0xa0, 0xfd, 0xa0, 0xfd, 0xa0, 0xfd, 0xa0, 0xfd, 0xa0, 0xfd, 0xa0, 0xfd,
  0xc0, 0xfd, 0x02, 0xdd, 0x21, 0x31, 0x00, 0x00, 0x00, 0x00, 0x00, 0x00,
  0x00, 0x00, 0x00, 0x00, 0x00, 0x00, 0x00, 0x00, 0x00, 0x00, 0x00, 0x00,
  0x00, 0x00, 0x00, 0x00, 0x00, 0x00, 0x00, 0x00, 0x00, 0x00, 0x00, 0x00,
  0x00, 0x00, 0x00, 0x00, 0x00, 0x00, 0x00, 0x00, 0x00, 0x00, 0x00, 0x00,
  0x00, 0x00, 0x00, 0x00, 0x00, 0x00, 0x00, 0x00, 0x00, 0x00, 0x00, 0x00,
  0x00, 0x00, 0x00, 0x00, 0x61, 0x39, 0x81, 0xbc, 0xa0, 0xfd, 0x80, 0xfd,
  0x81, 0xfd, 0xa0, 0xfd, 0xa0, 0xfd, 0xa0, 0xfd, 0xa0, 0xfd, 0xa0, 0xfd,
  0xa0, 0xfd, 0xa0, 0xfd, 0xa0, 0xfd, 0xa0, 0xfd, 0xa0, 0xfd, 0xa0, 0xfd,
  0xa0, 0xfd, 0xa0, 0xfd, 0xa0, 0xfd, 0xa0, 0xfd, 0xa0, 0xfd, 0xa0, 0xfd,
  0xa0, 0xfd, 0xa0, 0xfd, 0xa0, 0xfd, 0xa0, 0xfd, 0xa0, 0xfd, 0xa0, 0xfd,
  0xa0, 0xfd, 0xa0, 0xfd, 0xa0, 0xfd, 0xa0, 0xfd, 0xa0, 0xfd, 0xa0, 0xfd,
  0xa0, 0xfd, 0xa0, 0xfd, 0xa0, 0xfd, 0xa0, 0xf5, 0xc0, 0xf5, 0xa0, 0xfd,
  0x80, 0xfd, 0xa1, 0xfd, 0xa1, 0xfd, 0x81, 0xfd, 0x63, 0x93, 0x40, 0x08,
  0x00, 0x00, 0x00, 0x00, 0x00, 0x00, 0x00, 0x00, 0x00, 0x00, 0x00, 0x00,
  0x00, 0x00, 0x00, 0x00, 0x04, 0x09, 0x75, 0x14, 0xbb, 0x05, 0x9b, 0x05,
  0x9a, 0x05, 0x9a, 0x05, 0x9a, 0x05, 0x9a, 0x05, 0xba, 0x05, 0xba, 0x05,
  0x9b, 0x05, 0x9b, 0x05, 0x9b, 0x05, 0x9a, 0x05, 0x9a, 0x05, 0x9b, 0x05,
  0x9b, 0x05, 0x9b, 0x05, 0x9b, 0x05, 0x9b, 0x05, 0x9b, 0x05, 0x9b, 0x05,
  0x9b, 0x05, 0x9b, 0x05, 0x9b, 0x05, 0x9b, 0x05, 0x9b, 0x05, 0x9b, 0x05,
  0x9b, 0x05, 0x9b, 0x05, 0x9b, 0x05, 0x9a, 0x05, 0x9a, 0x05, 0x9a, 0x05,
  0x9a, 0x05, 0x9a, 0x05, 0x7a, 0x0d, 0x9b, 0x05, 0x7a, 0x0d, 0xac, 0x02,
  0x20, 0x00, 0x00, 0x00, 0x00, 0x00, 0x00, 0x00, 0x00, 0x00, 0x00, 0x00,
  0x20, 0x00, 0x8b, 0x0a, 0x39, 0x0d, 0x9b, 0x05, 0x9b, 0x05, 0x9a, 0x05,
  0x9a, 0x05, 0x9a, 0x05, 0x9b, 0x05, 0x9b, 0x05, 0x9b, 0x05, 0x9b, 0x05,
  0x9b, 0x05, 0x9b, 0x05, 0x9b, 0x05, 0x9b, 0x05, 0x9b, 0x05, 0x9b, 0x05,
  0x9b, 0x05, 0x9a, 0x05, 0xba, 0x05, 0xba, 0x05, 0x9b, 0x05, 0x9b, 0x05,
  0x9b, 0x05, 0x9b, 0x05, 0x9b, 0x05, 0x9b, 0x05, 0x9b, 0x05, 0x9a, 0x05,
  0x9a, 0x05, 0x9a, 0x05, 0xba, 0x05, 0xbb, 0x05, 0x9b, 0x05, 0x9b, 0x05,
  0x99, 0x05, 0x99, 0x05, 0x9b, 0x0d, 0x95, 0x0c, 0x45, 0x01, 0x00, 0x00,
  0x00, 0x00, 0x00, 0x00, 0x00, 0x00, 0x00, 0x00, 0x00, 0x00, 0x00, 0x00,
  0x00, 0x00, 0x00, 0x00, 0x01, 0x2a, 0x63, 0x75, 0x21, 0x76, 0x40, 0x66,
  0x60, 0x66, 0x40, 0x6e, 0x21, 0x6e, 0x20, 0x6e, 0x40, 0x6e, 0x60, 0x6e,
  0x40, 0x6e, 0x40, 0x6e, 0x40, 0x6e, 0x40, 0x6e, 0x40, 0x6e, 0x40, 0x6e,
  0x40, 0x6e, 0x40, 0x6e, 0x40, 0x6e, 0x40, 0x6e, 0x40, 0x6e, 0x40, 0x6e,
  0x40, 0x6e, 0x40, 0x6e, 0x40, 0x6e, 0x40, 0x6e, 0x40, 0x6e, 0x40, 0x6e,
  0x40, 0x6e, 0x40, 0x6e, 0x40, 0x6e, 0x40, 0x6e, 0x40, 0x6e, 0x40, 0x6e,
  0x40, 0x6e, 0x40, 0x6e, 0x40, 0x6e, 0x40, 0x6e, 0x40, 0x6e, 0x40, 0x6e,
  0x40, 0x6e, 0x40, 0x6e, 0x40, 0x6e, 0x40, 0x6e, 0x40, 0x6e, 0x40, 0x6e,
  0x40, 0x6e, 0x40, 0x6e, 0x40, 0x6e, 0x40, 0x6e, 0x40, 0x6e, 0x40, 0x6e,
  0x40, 0x6e, 0x40, 0x6e, 0x40, 0x6e, 0x40, 0x6e, 0x40, 0x6e, 0x40, 0x6e,
  0x40, 0x6e, 0x40, 0x6e, 0x40, 0x6e, 0x40, 0x6e, 0x40, 0x6e, 0x40, 0x6e,
  0x40, 0x6e, 0x40, 0x6e, 0x40, 0x6e, 0x40, 0x6e, 0x40, 0x6e, 0x40, 0x6e,
  0x40, 0x6e, 0x40, 0x6e, 0x40, 0x6e, 0x40, 0x6e, 0x40, 0x6e, 0x40, 0x6e,
  0x40, 0x6e, 0x40, 0x6e, 0x40, 0x6e, 0x40, 0x6e, 0x40, 0x6e, 0x40, 0x6e,
  0x40, 0x6e, 0x40, 0x6e, 0x40, 0x6e, 0x40, 0x6e, 0x40, 0x6e, 0x40, 0x6e,
  0x40, 0x6e, 0x40, 0x6e, 0x40, 0x6e, 0x41, 0x6e, 0xe2, 0x6d, 0x42, 0x5c,
  0x21, 0x19, 0x00, 0x00, 0x00, 0x00, 0x00, 0x00, 0x00, 0x00, 0x00, 0x00,
  0x00, 0x00, 0x00, 0x00, 0x00, 0x00, 0x00, 0x00, 0x00, 0x00, 0x00, 0x00,
  0x00, 0x00, 0x02, 0x83, 0xc2, 0xfd, 0xa1, 0xfd, 0xa0, 0xfd, 0xa0, 0xfd,
  0xa0, 0xf5, 0xa0, 0xfd, 0x80, 0xfd, 0xa0, 0xfd, 0xa0, 0xfd, 0xa0, 0xfd,
  0xa0, 0xfd, 0xa0, 0xfd, 0xa0, 0xfd, 0xa0, 0xfd, 0xa0, 0xfd, 0xa0, 0xfd,
  0xa0, 0xfd, 0xa0, 0xfd, 0xa0, 0xfd, 0xa0, 0xfd, 0xa0, 0xfd, 0xa0, 0xfd,
  0xa0, 0xfd, 0xa0, 0xfd, 0xa0, 0xfd, 0xa0, 0xfd, 0xa0, 0xfd, 0xa0, 0xfd,
  0xa0, 0xfd, 0xa0, 0xfd, 0xc0, 0xfd, 0x02, 0xdd, 0x21, 0x31, 0x00, 0x00,
  0x00, 0x00, 0x00, 0x00, 0x00, 0x00, 0x00, 0x00, 0x00, 0x00, 0x00, 0x00,
  0x00, 0x00, 0x00, 0x00, 0x00, 0x00, 0x00, 0x00, 0x00, 0x00, 0x00, 0x00,
  0x00, 0x00, 0x00, 0x00, 0x00, 0x00, 0x00, 0x00, 0x00, 0x00, 0x00, 0x00,
  0x00, 0x00, 0x00, 0x00, 0x00, 0x00, 0x00, 0x00, 0x00, 0x00, 0x00, 0x00,
  0x00, 0x00, 0x00, 0x00, 0x00, 0x00, 0x00, 0x00, 0x00, 0x00, 0xa1, 0x41,
  0x61, 0xcc, 0xa1, 0xfd, 0x80, 0xfd, 0xa0, 0xfd, 0xc0, 0xf5, 0xa0, 0xf5,
  0xa0, 0xfd, 0xa0, 0xfd, 0xa0, 0xfd, 0xa0, 0xfd, 0xa0, 0xfd, 0xa0, 0xfd,
  0xa0, 0xfd, 0xa0, 0xfd, 0xa0, 0xfd, 0xa0, 0xfd, 0xa0, 0xfd, 0xa0, 0xfd,
  0xa0, 0xfd, 0xa0, 0xfd, 0xa0, 0xfd, 0xa0, 0xfd, 0xa0, 0xfd, 0xa0, 0xfd,
  0xa0, 0xfd, 0xa0, 0xfd, 0xa0, 0xfd, 0xa0, 0xfd, 0xa0, 0xfd, 0xa0, 0xfd,
  0xa0, 0xfd, 0xa0, 0xfd, 0xa0, 0xfd, 0xa0, 0xfd, 0xa0, 0xfd, 0xc0, 0xf5,
  0xc0, 0xf5, 0xa0, 0xfd, 0x81, 0xfd, 0x81, 0xfd, 0xa1, 0xfd, 0x62, 0xc4,
  0x21, 0x31, 0x00, 0x00, 0x00, 0x00, 0x00, 0x00, 0x00, 0x00, 0x00, 0x00,
  0x00, 0x00, 0x00, 0x00, 0x00, 0x00, 0x41, 0x00, 0xed, 0x12, 0x59, 0x15,
  0x9b, 0x05, 0x7b, 0x05, 0x9a, 0x05, 0x9a, 0x05, 0x9a, 0x05, 0xba, 0x05,
  0xba, 0x05, 0xba, 0x05, 0x9b, 0x05, 0x9b, 0x05, 0x9b, 0x05, 0x9a, 0x05,
  0x9a, 0x05, 0x9b, 0x05, 0x9b, 0x05, 0x9b, 0x05, 0x9b, 0x05, 0x9b, 0x05,
  0x9b, 0x05, 0x9b, 0x05, 0x9b, 0x05, 0x9b, 0x05, 0x9a, 0x05, 0x9a, 0x05,
  0x9b, 0x05, 0x9b, 0x05, 0x9b, 0x05, 0x9b, 0x05, 0x9b, 0x05, 0x9b, 0x05,
  0x9b, 0x05, 0x9b, 0x05, 0x9a, 0x05, 0x9a, 0x05, 0x7a, 0x0d, 0x9b, 0x0d,
  0x54, 0x0c, 0x04, 0x01, 0x00, 0x00, 0x00, 0x00, 0x00, 0x00, 0x00, 0x00,
  0x00, 0x00, 0x00, 0x00, 0x00, 0x00, 0xa3, 0x00, 0xd2, 0x0b, 0x7a, 0x05,
  0x9a, 0x05, 0xba, 0x05, 0x9a, 0x05, 0x9b, 0x05, 0x9b, 0x05, 0x9b, 0x05,
  0x9b, 0x05, 0x9b, 0x05, 0x9b, 0x05, 0x9b, 0x05, 0x9b, 0x05, 0x9a, 0x05,
  0x9a, 0x05, 0x9b, 0x05, 0x9a, 0x05, 0x9a, 0x05, 0x9a, 0x05, 0x9a, 0x05,
  0x9b, 0x05, 0x9b, 0x05, 0x9b, 0x05, 0x9b, 0x05, 0x9b, 0x05, 0x9b, 0x05,
  0x9b, 0x05, 0x9a, 0x05, 0x9a, 0x05, 0x9a, 0x05, 0x9a, 0x05, 0xbb, 0x05,
  0x9b, 0x05, 0x9a, 0x05, 0x9a, 0x05, 0xba, 0x05, 0x7b, 0x05, 0x9a, 0x0d,
  0xb0, 0x0b, 0x61, 0x00, 0x00, 0x00, 0x00, 0x00, 0x00, 0x00, 0x00, 0x00,
  0x00, 0x00, 0x00, 0x00, 0x00, 0x00, 0x00, 0x00, 0x40, 0x08, 0x42, 0x43,
  0xe2, 0x75, 0x60, 0x6e, 0x40, 0x66, 0x40, 0x66, 0x20, 0x6e, 0x20, 0x6e,
  0x40, 0x6e, 0x60, 0x6e, 0x40, 0x6e, 0x40, 0x6e, 0x40, 0x6e, 0x40, 0x6e,
  0x40, 0x6e, 0x40, 0x6e, 0x40, 0x6e, 0x40, 0x6e, 0x40, 0x6e, 0x60, 0x6e,
  0x60, 0x6e, 0x60, 0x6e, 0x60, 0x6e, 0x60, 0x6e, 0x60, 0x6e, 0x40, 0x66,
  0x40, 0x66, 0x40, 0x66, 0x40, 0x66, 0x40, 0x66, 0x40, 0x66, 0x40, 0x66,
  0x40, 0x66, 0x40, 0x66, 0x40, 0x66, 0x60, 0x6e, 0x60, 0x6e, 0x60, 0x6e,
  0x60, 0x6e, 0x60, 0x6e, 0x60, 0x6e, 0x60, 0x6e, 0x60, 0x6e, 0x60, 0x6e,
  0x60, 0x6e, 0x60, 0x6e, 0x40, 0x66, 0x40, 0x66, 0x40, 0x66, 0x40, 0x66,
  0x40, 0x66, 0x60, 0x6e, 0x60, 0x6e, 0x60, 0x6e, 0x60, 0x6e, 0x60, 0x6e,
  0x40, 0x66, 0x40, 0x66, 0x40, 0x66, 0x40, 0x66, 0x40, 0x66, 0x60, 0x6e,
  0x60, 0x6e, 0x60, 0x6e, 0x60, 0x6e, 0x60, 0x6e, 0x60, 0x6e, 0x60, 0x6e,
  0x60, 0x6e, 0x60, 0x6e, 0x60, 0x6e, 0x40, 0x6e, 0x40, 0x6e, 0x40, 0x6e,
  0x40, 0x6e, 0x40, 0x6e, 0x40, 0x6e, 0x40, 0x6e, 0x40, 0x6e, 0x40, 0x6e,
  0x40, 0x6e, 0x40, 0x6e, 0x40, 0x6e, 0x60, 0x6e, 0x40, 0x66, 0x40, 0x6e,
  0x40, 0x6e, 0x60, 0x6e, 0x40, 0x6e, 0x40, 0x6e, 0x41, 0x6e, 0x43, 0x65,
  0x02, 0x3b, 0xe0, 0x10, 0x00, 0x00, 0x00, 0x00, 0x00, 0x00, 0x00, 0x00,
  0x00, 0x00, 0x00, 0x00, 0x00, 0x00, 0x00, 0x00, 0x00, 0x00, 0x00, 0x00,
  0x00, 0x00, 0x00, 0x00, 0x00, 0x00, 0x02, 0x7b, 0xc2, 0xf5, 0xa1, 0xfd,
  0xa0, 0xfd, 0xa0, 0xf5, 0xa0, 0xfd, 0xa0, 0xfd, 0x80, 0xfd, 0xa0, 0xfd,
  0xa0, 0xfd, 0xa0, 0xfd, 0xa0, 0xfd, 0xa0, 0xfd, 0xa0, 0xfd, 0xa0, 0xfd,
  0xa0, 0xfd, 0xa0, 0xfd, 0xa0, 0xfd, 0xa0, 0xfd, 0xa0, 0xfd, 0xa0, 0xfd,
  0xa0, 0xfd, 0xa0, 0xfd, 0xa0, 0xfd, 0xa0, 0xfd, 0xa0, 0xfd, 0xa0, 0xfd,
  0xa0, 0xfd, 0xa0, 0xfd, 0xa0, 0xfd, 0xa0, 0xf5, 0xc0, 0xfd, 0x02, 0xdd,
  0x21, 0x31, 0x00, 0x00, 0x00, 0x00, 0x00, 0x00, 0x00, 0x00, 0x00, 0x00,
  0x00, 0x00, 0x00, 0x00, 0x00, 0x00, 0x00, 0x00, 0x00, 0x00, 0x00, 0x00,
  0x00, 0x00, 0x00, 0x00, 0x00, 0x00, 0x00, 0x00, 0x00, 0x00, 0x00, 0x00,
  0x00, 0x00, 0x00, 0x00, 0x00, 0x00, 0x00, 0x00, 0x00, 0x00, 0x00, 0x00,
  0x00, 0x00, 0x00, 0x00, 0x00, 0x00, 0x00, 0x00, 0x00, 0x00, 0x00, 0x00,
  0x00, 0x00, 0x00, 0x00, 0xc1, 0x51, 0xc1, 0xdc, 0xa0, 0xfd, 0x80, 0xf5,
  0xa1, 0xf5, 0xa0, 0xfd, 0xa0, 0xfd, 0xa0, 0xfd, 0xa0, 0xfd, 0xa0, 0xfd,
  0xa0, 0xfd, 0x80, 0xfd, 0x80, 0xfd, 0xa0, 0xfd, 0xc0, 0xf5, 0xa0, 0xfd,
  0xa0, 0xfd, 0xa0, 0xfd, 0xa0, 0xfd, 0xa0, 0xfd, 0xa0, 0xfd, 0xa0, 0xfd,
  0xa0, 0xfd, 0xa0, 0xfd, 0xa0, 0xfd, 0xa0, 0xfd, 0xa0, 0xfd, 0xa0, 0xfd,
  0xa0, 0xfd, 0xa0, 0xfd, 0xa0, 0xfd, 0xa0, 0xfd, 0xa0, 0xfd, 0xa0, 0xfd,
  0xa0, 0xfd, 0xa0, 0xfd, 0xc0, 0xfd, 0xa1, 0xfd, 0x81, 0xfd, 0xa1, 0xfd,
  0x61, 0xed, 0x82, 0x6a, 0x00, 0x00, 0x00, 0x00, 0x00, 0x00, 0x00, 0x00,
  0x00, 0x00, 0x00, 0x00, 0x00, 0x00, 0x00, 0x00, 0x00, 0x00, 0xc7, 0x09,
  0xd6, 0x14, 0x9a, 0x0d, 0x9b, 0x05, 0x9b, 0x05, 0x9b, 0x05, 0x9a, 0x05,
  0x9b, 0x05, 0x9b, 0x05, 0x9b, 0x05, 0x9a, 0x05, 0x9b, 0x05, 0x9b, 0x05,
  0x9b, 0x05, 0x9a, 0x05, 0x9b, 0x05, 0x9b, 0x05, 0x9b, 0x05, 0x9b, 0x05,
  0x9b, 0x05, 0x9b, 0x05, 0x9b, 0x05, 0x9b, 0x05, 0x9b, 0x05, 0x9b, 0x05,
  0x9a, 0x05, 0x9a, 0x05, 0x7a, 0x05, 0x7b, 0x0d, 0x7b, 0x05, 0xbb, 0x05,
  0xbb, 0x05, 0xbb, 0x05, 0x9b, 0x05, 0x9b, 0x05, 0x9b, 0x05, 0x9a, 0x05,
  0xbb, 0x0d, 0x39, 0x0d, 0x09, 0x02, 0x00, 0x00, 0x00, 0x00, 0x00, 0x00,
  0x00, 0x00, 0x00, 0x00, 0x00, 0x00, 0x00, 0x00, 0x00, 0x00, 0x00, 0x00,
  0x87, 0x01, 0xd7, 0x0c, 0xba, 0x05, 0xba, 0x05, 0x9a, 0x05, 0x9b, 0x05,
  0x9c, 0x05, 0x9b, 0x05, 0x9b, 0x05, 0x9b, 0x05, 0x9b, 0x05, 0x9b, 0x05,
  0x9b, 0x05, 0x9a, 0x05, 0x9a, 0x05, 0x9a, 0x05, 0x9a, 0x05, 0x9a, 0x05,
  0x9b, 0x05, 0x9b, 0x05, 0x9b, 0x05, 0x9b, 0x05, 0x9b, 0x05, 0x9b, 0x05,
  0x9b, 0x05, 0x9b, 0x05, 0x9b, 0x05, 0x9a, 0x05, 0x9a, 0x05, 0x9a, 0x05,
  0x9a, 0x05, 0x9b, 0x05, 0x9b, 0x05, 0x9b, 0x05, 0x9b, 0x05, 0x9b, 0x05,
  0x9b, 0x05, 0xba, 0x05, 0x37, 0x0d, 0x09, 0x0a, 0x00, 0x00, 0x00, 0x00,
  0x00, 0x00, 0x00, 0x00, 0x00, 0x00, 0x00, 0x00, 0x00, 0x00, 0x00, 0x00,
  0x00, 0x00, 0xe0, 0x10, 0xc2, 0x64, 0x41, 0x76, 0x40, 0x6e, 0x60, 0x66,
  0x40, 0x66, 0x40, 0x66, 0x40, 0x6e, 0x40, 0x6e, 0x40, 0x6e, 0x40, 0x6e,
  0x40, 0x6e, 0x40, 0x6e, 0x60, 0x66, 0x60, 0x66, 0x40, 0x66, 0x40, 0x66,
  0x60, 0x66, 0x60, 0x66, 0x60, 0x66, 0x60, 0x66, 0x60, 0x66, 0x60, 0x66,
  0x60, 0x66, 0x60, 0x66, 0x60, 0x66, 0x60, 0x66, 0x60, 0x66, 0x60, 0x66,
  0x60, 0x66, 0x60, 0x66, 0x60, 0x66, 0x60, 0x66, 0x60, 0x66, 0x60, 0x66,
  0x60, 0x66, 0x60, 0x66, 0x60, 0x66, 0x60, 0x66, 0x60, 0x66, 0x60, 0x66,
  0x60, 0x66, 0x60, 0x66, 0x60, 0x66, 0x60, 0x66, 0x60, 0x66, 0x60, 0x66,
  0x60, 0x66, 0x60, 0x66, 0x60, 0x66, 0x60, 0x66, 0x60, 0x66, 0x60, 0x66,
  0x60, 0x66, 0x60, 0x66, 0x60, 0x66, 0x60, 0x66, 0x60, 0x66, 0x60, 0x66,
  0x60, 0x66, 0x60, 0x66, 0x60, 0x66, 0x60, 0x66, 0x60, 0x66, 0x60, 0x66,
  0x60, 0x66, 0x60, 0x66, 0x60, 0x66, 0x60, 0x66, 0x60, 0x66, 0x40, 0x6e,
  0x40, 0x6e, 0x40, 0x6e, 0x40, 0x6e, 0x40, 0x6e, 0x40, 0x6e, 0x40, 0x6e,
  0x40, 0x6e, 0x60, 0x6e, 0x40, 0x6e, 0x60, 0x6e, 0x60, 0x6e, 0x60, 0x66,
  0x40, 0x66, 0x40, 0x66, 0x60, 0x6e, 0x40, 0x6e, 0x41, 0x76, 0xe2, 0x75,
  0x62, 0x54, 0xc1, 0x21, 0x20, 0x00, 0x00, 0x00, 0x00, 0x00, 0x00, 0x00,
  0x00, 0x00, 0x00, 0x00, 0x00, 0x00, 0x00, 0x00, 0x00, 0x00, 0x00, 0x00,
  0x00, 0x00, 0x00, 0x00, 0x00, 0x00, 0x00, 0x00, 0x00, 0x00, 0x02, 0x7b,
  0xc2, 0xf5, 0xa1, 0xfd, 0xa0, 0xfd, 0xa0, 0xf5, 0xa0, 0xfd, 0xa0, 0xfd,
  0x80, 0xfd, 0xa0, 0xfd, 0xa0, 0xfd, 0xa0, 0xfd, 0xa0, 0xfd, 0xa0, 0xfd,
  0xa0, 0xfd, 0xa0, 0xfd, 0xa0, 0xfd, 0xa0, 0xfd, 0xa0, 0xfd, 0xa0, 0xfd,
  0xa0, 0xfd, 0xa0, 0xfd, 0xa0, 0xfd, 0xa0, 0xfd, 0xa0, 0xfd, 0xa0, 0xfd,
  0xa0, 0xfd, 0xa0, 0xfd, 0xa0, 0xfd, 0xa0, 0xfd, 0xa0, 0xfd, 0xa0, 0xf5,
  0xc0, 0xfd, 0x02, 0xdd, 0x01, 0x29, 0x00, 0x00, 0x00, 0x00, 0x00, 0x00,
  0x00, 0x00, 0x00, 0x00, 0x00, 0x00, 0x00, 0x00, 0x00, 0x00, 0x00, 0x00,
  0x00, 0x00, 0x00, 0x00, 0x00, 0x00, 0x00, 0x00, 0x00, 0x00, 0x00, 0x00,
  0x00, 0x00, 0x00, 0x00, 0x00, 0x00, 0x00, 0x00, 0x00, 0x00, 0x00, 0x00,
  0x00, 0x00, 0x00, 0x00, 0x00, 0x00, 0x00, 0x00, 0x00, 0x00, 0x00, 0x00,
  0x00, 0x00, 0x00, 0x00, 0x00, 0x00, 0x00, 0x00, 0x20, 0x08, 0x81, 0x72,
  0x40, 0xed, 0xa0, 0xfd, 0x81, 0xfd, 0xa0, 0xfd, 0xa0, 0xfd, 0xa0, 0xfd,
  0xa0, 0xfd, 0xa0, 0xfd, 0xa0, 0xfd, 0x80, 0xfd, 0x81, 0xfd, 0x81, 0xfd,
  0xa0, 0xfd, 0xa0, 0xfd, 0xa0, 0xfd, 0xa0, 0xfd, 0xa0, 0xfd, 0xa0, 0xfd,
  0xa0, 0xfd, 0xa0, 0xfd, 0xa0, 0xfd, 0xa0, 0xfd, 0xa0, 0xfd, 0xa0, 0xfd,
  0xa0, 0xfd, 0xa0, 0xfd, 0xa0, 0xfd, 0xa0, 0xfd, 0xa0, 0xfd, 0xa0, 0xfd,
  0xa0, 0xfd, 0xa0, 0xfd, 0xa0, 0xfd, 0xa0, 0xfd, 0xa0, 0xfd, 0xa1, 0xfd,
  0x81, 0xfd, 0xa1, 0xfd, 0x02, 0xac, 0xa1, 0x18, 0x00, 0x00, 0x00, 0x00,
  0x00, 0x00, 0x00, 0x00, 0x00, 0x00, 0x00, 0x00, 0x00, 0x00, 0x00, 0x00,
  0x82, 0x00, 0xd1, 0x0b, 0x79, 0x0d, 0x9a, 0x05, 0x9a, 0x05, 0x9b, 0x05,
  0x9b, 0x05, 0x9b, 0x05, 0x9b, 0x05, 0x9b, 0x05, 0x9b, 0x05, 0x9b, 0x05,
  0x9b, 0x05, 0x9b, 0x05, 0x9b, 0x05, 0x9b, 0x05, 0x9b, 0x05, 0x9b, 0x05,
  0x9b, 0x05, 0x9b, 0x05, 0x9b, 0x05, 0x9b, 0x05, 0x9b, 0x05, 0x9b, 0x05,
  0x9b, 0x05, 0x9b, 0x05, 0x9a, 0x05, 0x9a, 0x05, 0x7a, 0x05, 0x7b, 0x05,
  0x9b, 0x05, 0xbb, 0x05, 0xba, 0x05, 0xba, 0x05, 0x9a, 0x05, 0x7b, 0x05,
  0x7a, 0x05, 0x9a, 0x05, 0x9a, 0x0d, 0x70, 0x0b, 0x61, 0x00, 0x00, 0x00,
  0x00, 0x00, 0x00, 0x00, 0x00, 0x00, 0x00, 0x00, 0x00, 0x00, 0x00, 0x00,
  0x00, 0x00, 0x00, 0x00, 0x41, 0x00, 0xcd, 0x0a, 0x79, 0x0d, 0xba, 0x05,
  0xbb, 0x05, 0x9b, 0x05, 0x9b, 0x05, 0x9b, 0x05, 0x9b, 0x05, 0x9b, 0x05,
  0x9b, 0x05, 0x9b, 0x05, 0x9b, 0x05, 0x9a, 0x05, 0x9a, 0x05, 0x9a, 0x05,
  0x9a, 0x05, 0x9b, 0x05, 0x9b, 0x05, 0x9b, 0x05, 0x9b, 0x05, 0x9b, 0x05,
  0x9b, 0x05, 0x9b, 0x05, 0x9b, 0x05, 0x9b, 0x05, 0x9b, 0x05, 0x9a, 0x05,
  0x9a, 0x05, 0x9a, 0x05, 0x9a, 0x05, 0x9b, 0x05, 0x9b, 0x05, 0x9b, 0x05,
  0x9b, 0x05, 0x9b, 0x05, 0x9b, 0x05, 0x9a, 0x05, 0x99, 0x0d, 0xf3, 0x0b,
  0xc4, 0x00, 0x00, 0x00, 0x00, 0x00, 0x00, 0x00, 0x00, 0x00, 0x00, 0x00,
  0x00, 0x00, 0x00, 0x00, 0x00, 0x00, 0x00, 0x00, 0x81, 0x32, 0xc1, 0x75,
  0x40, 0x6e, 0x60, 0x6e, 0x40, 0x66, 0x40, 0x66, 0x40, 0x6e, 0x40, 0x6e,
  0x40, 0x6e, 0x40, 0x6e, 0x40, 0x6e, 0x40, 0x6e, 0x60, 0x66, 0x60, 0x66,
  0x40, 0x66, 0x40, 0x6e, 0x40, 0x6e, 0x60, 0x6e, 0x40, 0x6e, 0x40, 0x6e,
  0x40, 0x6e, 0x40, 0x6e, 0x40, 0x6e, 0x40, 0x6e, 0x40, 0x6e, 0x40, 0x6e,
  0x40, 0x6e, 0x40, 0x6e, 0x20, 0x6e, 0x20, 0x6e, 0x20, 0x6e, 0x20, 0x6e,
  0x20, 0x6e, 0x40, 0x6e, 0x40, 0x6e, 0x40, 0x6e, 0x40, 0x6e, 0x40, 0x6e,
  0x40, 0x6e, 0x40, 0x6e, 0x40, 0x6e, 0x40, 0x6e, 0x40, 0x6e, 0x40, 0x6e,
  0x40, 0x6e, 0x40, 0x6e, 0x40, 0x6e, 0x40, 0x6e, 0x40, 0x6e, 0x40, 0x6e,
  0x40, 0x6e, 0x40, 0x6e, 0x40, 0x6e, 0x40, 0x6e, 0x40, 0x6e, 0x40, 0x6e,
  0x40, 0x6e, 0x40, 0x6e, 0x40, 0x6e, 0x40, 0x6e, 0x40, 0x6e, 0x40, 0x6e,
  0x40, 0x6e, 0x40, 0x6e, 0x40, 0x6e, 0x40, 0x6e, 0x40, 0x6e, 0x40, 0x6e,
  0x20, 0x6e, 0x20, 0x6e, 0x20, 0x6e, 0x40, 0x6e, 0x40, 0x6e, 0x40, 0x6e,
  0x40, 0x6e, 0x40, 0x6e, 0x20, 0x6e, 0x40, 0x6e, 0x20, 0x6e, 0x20, 0x6e,
  0x61, 0x6e, 0x40, 0x66, 0x60, 0x6e, 0x80, 0x6e, 0x60, 0x6e, 0xa0, 0x6d,
  0x61, 0x5c, 0x41, 0x32, 0xa0, 0x08, 0x00, 0x00, 0x00, 0x00, 0x00, 0x00,
  0x00, 0x00, 0x00, 0x00, 0x00, 0x00, 0x00, 0x00, 0x00, 0x00, 0x00, 0x00,
  0x00, 0x00, 0x00, 0x00, 0x00, 0x00, 0x00, 0x00, 0x00, 0x00, 0x00, 0x00,
  0x00, 0x00, 0x02, 0x7b, 0xc2, 0xf5, 0xa1, 0xfd, 0xa0, 0xfd, 0xa0, 0xf5,
  0xa0, 0xfd, 0xa0, 0xfd, 0x80, 0xfd, 0xa0, 0xfd, 0xa0, 0xfd, 0xa0, 0xfd,
  0xa0, 0xfd, 0xa0, 0xfd, 0xa0, 0xfd, 0xa0, 0xfd, 0xa0, 0xfd, 0xa0, 0xfd,
  0xa0, 0xfd, 0xa0, 0xfd, 0xa0, 0xfd, 0xa0, 0xfd, 0xa0, 0xfd, 0xa0, 0xfd,
  0xa0, 0xfd, 0xa0, 0xfd, 0xa0, 0xfd, 0xa0, 0xfd, 0xa0, 0xfd, 0xa0, 0xfd,
  0xa0, 0xfd, 0xa0, 0xf5, 0xc0, 0xfd, 0xe2, 0xdc, 0x00, 0x29, 0x00, 0x00,
  0x00, 0x00, 0x00, 0x00, 0x00, 0x00, 0x00, 0x00, 0x00, 0x00, 0x00, 0x00,
  0x00, 0x00, 0x00, 0x00, 0x00, 0x00, 0x00, 0x00, 0x00, 0x00, 0x00, 0x00,
  0x00, 0x00, 0x00, 0x00, 0x00, 0x00, 0x00, 0x00, 0x00, 0x00, 0x00, 0x00,
  0x00, 0x00, 0x00, 0x00, 0x00, 0x00, 0x00, 0x00, 0x00, 0x00, 0x00, 0x00,
  0x00, 0x00, 0x00, 0x00, 0x00, 0x00, 0x00, 0x00, 0x00, 0x00, 0x00, 0x00,
  0x00, 0x00, 0x80, 0x10, 0x40, 0x93, 0x60, 0xf5, 0x81, 0xfd, 0xa1, 0xfd,
  0xa0, 0xf5, 0xc0, 0xf5, 0xa0, 0xf5, 0xa0, 0xf5, 0xa0, 0xfd, 0xa0, 0xfd,
  0xa0, 0xfd, 0x80, 0xfd, 0x81, 0xfd, 0xa0, 0xfd, 0xa0, 0xfd, 0xa0, 0xfd,
  0xa0, 0xfd, 0xa0, 0xfd, 0xa0, 0xfd, 0xa0, 0xfd, 0xa0, 0xfd, 0xa0, 0xfd,
  0xa0, 0xfd, 0xa0, 0xfd, 0xa0, 0xfd, 0xa0, 0xfd, 0xa0, 0xfd, 0xa0, 0xfd,
  0xa0, 0xfd, 0xa0, 0xfd, 0xa0, 0xfd, 0xa0, 0xfd, 0xa0, 0xfd, 0xa0, 0xfd,
  0x80, 0xfd, 0xa1, 0xfd, 0xa2, 0xfd, 0x02, 0xdd, 0x02, 0x52, 0x00, 0x00,
  0x00, 0x00, 0x00, 0x00, 0x00, 0x00, 0x00, 0x00, 0x00, 0x00, 0x00, 0x00,
  0x00, 0x00, 0x00, 0x00, 0x4b, 0x0a, 0x39, 0x0d, 0x9b, 0x05, 0x9a, 0x05,
  0x9a, 0x05, 0x9b, 0x05, 0x9b, 0x05, 0x9b, 0x05, 0x9b, 0x05, 0x9b, 0x05,
  0x9b, 0x05, 0x9b, 0x05, 0x9b, 0x05, 0x9b, 0x05, 0x9b, 0x05, 0x9b, 0x05,
  0x9b, 0x05, 0x9b, 0x05, 0x9b, 0x05, 0x9b, 0x05, 0x9b, 0x05, 0x9b, 0x05,
  0x9b, 0x05, 0x9b, 0x05, 0x9b, 0x05, 0x9b, 0x05, 0x9b, 0x05, 0x9b, 0x05,
  0x9b, 0x05, 0x9a, 0x05, 0x9a, 0x05, 0x9a, 0x05, 0x9a, 0x05, 0x9a, 0x05,
  0x9a, 0x05, 0x7a, 0x05, 0x9b, 0x05, 0x9a, 0x05, 0xd6, 0x0c, 0x66, 0x01,
  0x00, 0x00, 0x00, 0x00, 0x00, 0x00, 0x00, 0x00, 0x00, 0x00, 0x00, 0x00,
  0x00, 0x00, 0x00, 0x00, 0x00, 0x00, 0x00, 0x00, 0x00, 0x00, 0xe4, 0x00,
  0x13, 0x0c, 0x9b, 0x05, 0xbb, 0x05, 0x9a, 0x05, 0x9a, 0x05, 0x9b, 0x05,
  0x9b, 0x05, 0x9b, 0x05, 0x9b, 0x05, 0x9b, 0x05, 0x9a, 0x05, 0x9a, 0x05,
  0x9a, 0x05, 0x9a, 0x05, 0x9a, 0x05, 0x9b, 0x05, 0x9b, 0x05, 0x9b, 0x05,
  0x9b, 0x05, 0x9b, 0x05, 0x9b, 0x05, 0x9b, 0x05, 0x9b, 0x05, 0x9b, 0x05,
  0x9b, 0x05, 0x9b, 0x05, 0x9a, 0x05, 0x9a, 0x05, 0x9a, 0x05, 0x9b, 0x05,
  0x9b, 0x05, 0x9b, 0x05, 0x9a, 0x05, 0x9a, 0x05, 0xbb, 0x05, 0x7a, 0x05,
  0x9a, 0x0d, 0x59, 0x0d, 0xad, 0x02, 0x21, 0x00, 0x00, 0x00, 0x00, 0x00,
  0x00, 0x00, 0x00, 0x00, 0x00, 0x00, 0x00, 0x00, 0x00, 0x00, 0x00, 0x00,
  0xa0, 0x10, 0x21, 0x54, 0x20, 0x76, 0x41, 0x6e, 0x41, 0x66, 0x40, 0x66,
  0x40, 0x6e, 0x40, 0x6e, 0x40, 0x6e, 0x40, 0x6e, 0x40, 0x6e, 0x40, 0x6e,
  0x40, 0x6e, 0x60, 0x6e, 0x60, 0x6e, 0x40, 0x6e, 0x40, 0x6e, 0x40, 0x76,
  0x40, 0x6e, 0x41, 0x6e, 0x20, 0x6e, 0x40, 0x6e, 0x41, 0x6e, 0x41, 0x6e,
  0x40, 0x6e, 0x40, 0x6e, 0x40, 0x6e, 0x41, 0x6e, 0x40, 0x6e, 0x40, 0x6e,
  0x40, 0x6e, 0x40, 0x6e, 0x40, 0x6e, 0x40, 0x6e, 0x40, 0x6e, 0x40, 0x6e,
  0x40, 0x6e, 0x40, 0x6e, 0x40, 0x6e, 0x40, 0x6e, 0x40, 0x6e, 0x40, 0x6e,
  0x40, 0x6e, 0x40, 0x6e, 0x40, 0x6e, 0x40, 0x6e, 0x40, 0x6e, 0x40, 0x6e,
  0x40, 0x6e, 0x40, 0x6e, 0x40, 0x6e, 0x40, 0x6e, 0x40, 0x6e, 0x40, 0x6e,
  0x40, 0x6e, 0x40, 0x6e, 0x40, 0x6e, 0x40, 0x6e, 0x40, 0x6e, 0x40, 0x6e,
  0x40, 0x6e, 0x40, 0x6e, 0x40, 0x6e, 0x40, 0x6e, 0x40, 0x6e, 0x40, 0x6e,
  0x40, 0x6e, 0x40, 0x6e, 0x40, 0x6e, 0x40, 0x6e, 0x40, 0x6e, 0x40, 0x6e,
  0x40, 0x6e, 0x40, 0x6e, 0x40, 0x6e, 0x40, 0x6e, 0x40, 0x6e, 0x40, 0x6e,
  0x40, 0x6e, 0x40, 0x6e, 0x41, 0x6e, 0x42, 0x6e, 0xc1, 0x6d, 0xe1, 0x5c,
  0xa1, 0x43, 0x01, 0x2a, 0xa0, 0x08, 0x00, 0x00, 0x00, 0x00, 0x00, 0x00,
  0x00, 0x00, 0x00, 0x00, 0x00, 0x00, 0x00, 0x00, 0x00, 0x00, 0x00, 0x00,
  0x00, 0x00, 0x00, 0x00, 0x00, 0x00, 0x00, 0x00, 0x00, 0x00, 0x00, 0x00,
  0x00, 0x00, 0x00, 0x00, 0x00, 0x00, 0x02, 0x7b, 0xc2, 0xf5, 0xa1, 0xfd,
  0xa0, 0xfd, 0xa0, 0xf5, 0xa0, 0xfd, 0xa0, 0xfd, 0x80, 0xfd, 0xa0, 0xfd,
  0xa0, 0xfd, 0xa0, 0xfd, 0xa0, 0xfd, 0xa0, 0xfd, 0xa0, 0xfd, 0xa0, 0xfd,
  0xa0, 0xfd, 0xa0, 0xfd, 0xa0, 0xfd, 0xa0, 0xfd, 0xa0, 0xfd, 0xa0, 0xfd,
  0xa0, 0xfd, 0xa0, 0xfd, 0xa0, 0xfd, 0xa0, 0xfd, 0xa0, 0xfd, 0xa0, 0xfd,
  0xa0, 0xfd, 0xa0, 0xfd, 0xa0, 0xfd, 0xa0, 0xf5, 0xc0, 0xfd, 0xe2, 0xdc,
  0x00, 0x29, 0x00, 0x00, 0x00, 0x00, 0x00, 0x00, 0x00, 0x00, 0x00, 0x00,
  0x00, 0x00, 0x00, 0x00, 0x00, 0x00, 0x00, 0x00, 0x00, 0x00, 0x00, 0x00,
  0x00, 0x00, 0x00, 0x00, 0x00, 0x00, 0x00, 0x00, 0x00, 0x00, 0x00, 0x00,
  0x00, 0x00, 0x00, 0x00, 0x00, 0x00, 0x00, 0x00, 0x00, 0x00, 0x00, 0x00,
  0x00, 0x00, 0x00, 0x00, 0x00, 0x00, 0x00, 0x00, 0x00, 0x00, 0x00, 0x00,
  0x00, 0x00, 0x00, 0x00, 0x00, 0x00, 0x00, 0x00, 0xa0, 0x18, 0x81, 0xa3,
  0x81, 0xfd, 0xa1, 0xfd, 0xa1, 0xf5, 0xa0, 0xf5, 0xa0, 0xf5, 0xa0, 0xf5,
  0xa0, 0xf5, 0xa0, 0xfd, 0xa0, 0xfd, 0xa0, 0xfd, 0x80, 0xfd, 0x80, 0xfd,
  0xa0, 0xfd, 0xa0, 0xfd, 0xa0, 0xfd, 0xa0, 0xfd, 0xa0, 0xfd, 0xa0, 0xfd,
  0xa0, 0xfd, 0xa0, 0xfd, 0xa0, 0xfd, 0xa0, 0xfd, 0xa0, 0xfd, 0xa0, 0xfd,
  0xa0, 0xfd, 0xa0, 0xfd, 0xa0, 0xfd, 0xa0, 0xfd, 0xa0, 0xfd, 0xa0, 0xfd,
  0xa0, 0xfd, 0xa0, 0xfd, 0x80, 0xfd, 0x81, 0xfd, 0x82, 0xf5, 0x42, 0x8b,
  0x40, 0x08, 0x00, 0x00, 0x00, 0x00, 0x00, 0x00, 0x00, 0x00, 0x00, 0x00,
  0x00, 0x00, 0x00, 0x00, 0x00, 0x00, 0x25, 0x09, 0x75, 0x14, 0x9c, 0x0d,
  0x9b, 0x05, 0xba, 0x05, 0xba, 0x05, 0x9b, 0x05, 0x9b, 0x05, 0x9b, 0x05,
  0x9b, 0x05, 0x9b, 0x05, 0x9b, 0x05, 0x9b, 0x05, 0x9b, 0x05, 0x9b, 0x05,
  0x9b, 0x05, 0x9b, 0x05, 0x9b, 0x05, 0x9b, 0x05, 0x9b, 0x05, 0x9b, 0x05,
  0x9b, 0x05, 0x9b, 0x05, 0x9b, 0x05, 0x9b, 0x05, 0x9b, 0x05, 0x9b, 0x05,
  0x9b, 0x05, 0x7b, 0x05, 0x9b, 0x05, 0xba, 0x05, 0xba, 0x05, 0x9a, 0x05,
  0x9a, 0x05, 0x9a, 0x05, 0x7a, 0x05, 0x7a, 0x05, 0x9b, 0x0d, 0x59, 0x0d,
  0xed, 0x0a, 0x20, 0x00, 0x00, 0x00, 0x00, 0x00, 0x00, 0x00, 0x00, 0x00,
  0x00, 0x00, 0x00, 0x00, 0x00, 0x00, 0x00, 0x00, 0x00, 0x00, 0x00, 0x00,
  0x00, 0x00, 0x00, 0x00, 0x09, 0x0a, 0xd8, 0x0c, 0xbb, 0x05, 0x9b, 0x05,
  0xba, 0x05, 0x9a, 0x05, 0x9b, 0x05, 0x9b, 0x05, 0x9b, 0x05, 0x9b, 0x05,
  0x9a, 0x05, 0x9a, 0x05, 0x9a, 0x05, 0x9a, 0x05, 0x9a, 0x05, 0x9a, 0x05,
  0x9b, 0x05, 0x9b, 0x05, 0x9b, 0x05, 0x9b, 0x05, 0x9b, 0x05, 0x9b, 0x05,
  0x9b, 0x05, 0x9b, 0x05, 0x9b, 0x05, 0x9b, 0x05, 0x9b, 0x05, 0x9b, 0x05,
  0x9b, 0x05, 0x9b, 0x05, 0x9b, 0x05, 0x9b, 0x05, 0x9a, 0x05, 0x9a, 0x05,
  0x9a, 0x05, 0x9a, 0x05, 0x9b, 0x0d, 0x9b, 0x0d, 0xb7, 0x0c, 0x87, 0x01,
  0x00, 0x00, 0x00, 0x00, 0x00, 0x00, 0x00, 0x00, 0x00, 0x00, 0x00, 0x00,
  0x00, 0x00, 0x00, 0x00, 0x00, 0x00, 0xc0, 0x29, 0x62, 0x75, 0x21, 0x6e,
  0x40, 0x66, 0x40, 0x66, 0x40, 0x6e, 0x40, 0x6e, 0x40, 0x6e, 0x40, 0x6e,
  0x40, 0x6e, 0x40, 0x6e, 0x40, 0x6e, 0x40, 0x6e, 0x40, 0x6e, 0x60, 0x6e,
  0x00, 0x76, 0xc1, 0x75, 0x21, 0x76, 0x40, 0x76, 0x40, 0x76, 0x41, 0x76,
  0x21, 0x76, 0x20, 0x6e, 0x20, 0x6e, 0x20, 0x6e, 0x20, 0x6e, 0x20, 0x6e,
  0x20, 0x6e, 0x20, 0x6e, 0x20, 0x6e, 0x20, 0x6e, 0x20, 0x6e, 0x20, 0x6e,
  0x20, 0x6e, 0x20, 0x6e, 0x20, 0x6e, 0x20, 0x6e, 0x20, 0x6e, 0x40, 0x6e,
  0x40, 0x6e, 0x20, 0x6e, 0x20, 0x76, 0x40, 0x6e, 0x40, 0x6e, 0x40, 0x6e,
  0x20, 0x6e, 0x20, 0x6e, 0x40, 0x6e, 0x40, 0x6e, 0x20, 0x76, 0x20, 0x76,
  0x20, 0x6e, 0x40, 0x76, 0x41, 0x76, 0x41, 0x76, 0x41, 0x76, 0x41, 0x76,
  0x41, 0x76, 0x20, 0x6e, 0x20, 0x6e, 0x20, 0x6e, 0x40, 0x6e, 0x40, 0x6e,
  0x20, 0x6e, 0x20, 0x6e, 0x20, 0x76, 0x40, 0x6e, 0x40, 0x6e, 0x41, 0x76,
  0x40, 0x6e, 0x40, 0x6e, 0x40, 0x6e, 0x20, 0x6e, 0x40, 0x6e, 0x21, 0x6e,
  0xe1, 0x6d, 0xc1, 0x65, 0xa1, 0x65, 0x21, 0x5d, 0x41, 0x4c, 0x21, 0x3b,
  0x01, 0x2a, 0xc0, 0x10, 0x40, 0x00, 0x00, 0x00, 0x00, 0x00, 0x00, 0x00,
  0x00, 0x00, 0x00, 0x00, 0x00, 0x00, 0x00, 0x00, 0x00, 0x00, 0x00, 0x00,
  0x00, 0x00, 0x00, 0x00, 0x00, 0x00, 0x00, 0x00, 0x00, 0x00, 0x00, 0x00,
  0x00, 0x00, 0x00, 0x00, 0x00, 0x00, 0x00, 0x00, 0x00, 0x00, 0x02, 0x7b,
  0xc2, 0xf5, 0xa1, 0xfd, 0xa0, 0xfd, 0xa0, 0xf5, 0xa0, 0xfd, 0xa0, 0xfd,
  0x80, 0xfd, 0xa0, 0xfd, 0xa0, 0xfd, 0xa0, 0xfd, 0xa0, 0xfd, 0xa0, 0xfd,
  0xa0, 0xfd, 0xa0, 0xfd, 0xa0, 0xfd, 0xa0, 0xfd, 0xa0, 0xfd, 0xa0, 0xfd,
  0xa0, 0xfd, 0xa0, 0xfd, 0xa0, 0xfd, 0xa0, 0xfd, 0xa0, 0xfd, 0xa0, 0xfd,
  0xa0, 0xfd, 0xa0, 0xfd, 0xa0, 0xfd, 0xa0, 0xfd, 0xa0, 0xfd, 0xa0, 0xfd,
  0xc0, 0xfd, 0xe1, 0xdc, 0x00, 0x29, 0x00, 0x00, 0x00, 0x00, 0x00, 0x00,
  0x00, 0x00, 0x00, 0x00, 0x00, 0x00, 0x00, 0x00, 0x00, 0x00, 0x00, 0x00,
  0x00, 0x00, 0x00, 0x00, 0x00, 0x00, 0x00, 0x00, 0x00, 0x00, 0x00, 0x00,
  0x00, 0x00, 0x00, 0x00, 0x00, 0x00, 0x00, 0x00, 0x00, 0x00, 0x00, 0x00,
  0x00, 0x00, 0x00, 0x00, 0x00, 0x00, 0x00, 0x00, 0x00, 0x00, 0x00, 0x00,
  0x00, 0x00, 0x00, 0x00, 0x00, 0x00, 0x00, 0x00, 0x00, 0x00, 0x00, 0x00,
  0x00, 0x00, 0x01, 0x29, 0x01, 0xb4, 0xa1, 0xf5, 0xa1, 0xfd, 0xa0, 0xfd,
  0xa0, 0xfd, 0x80, 0xfd, 0xa0, 0xfd, 0xc0, 0xfd, 0xc0, 0xfd, 0xa0, 0xfd,
  0xa0, 0xfd, 0xa0, 0xfd, 0xa0, 0xfd, 0xa0, 0xfd, 0xa0, 0xfd, 0xa0, 0xfd,
  0xa0, 0xfd, 0xa0, 0xfd, 0xa0, 0xfd, 0xa0, 0xfd, 0xa0, 0xfd, 0xa0, 0xfd,
  0xa0, 0xfd, 0xa0, 0xfd, 0xa0, 0xfd, 0xa0, 0xfd, 0xa0, 0xfd, 0xa0, 0xfd,
  0xa0, 0xfd, 0xa0, 0xfd, 0xa0, 0xfd, 0xa0, 0xfd, 0xa0, 0xfd, 0x82, 0xfd,
  0xa3, 0xcc, 0x21, 0x31, 0x00, 0x00, 0x00, 0x00, 0x00, 0x00, 0x00, 0x00,
  0x00, 0x00, 0x00, 0x00, 0x00, 0x00, 0x00, 0x00, 0x61, 0x00, 0x2f, 0x13,
  0x7a, 0x0d, 0x9b, 0x05, 0x9b, 0x05, 0xba, 0x05, 0xbb, 0x05, 0x9b, 0x05,
  0x9b, 0x05, 0x9b, 0x05, 0x9b, 0x05, 0x9b, 0x05, 0x9a, 0x05, 0x9b, 0x05,
  0x9b, 0x05, 0x9b, 0x05, 0x9b, 0x05, 0x9b, 0x05, 0x9b, 0x05, 0x9b, 0x05,
  0x9b, 0x05, 0x9b, 0x05, 0x9b, 0x05, 0x9b, 0x05, 0x9b, 0x05, 0x9b, 0x05,
  0x9b, 0x05, 0x9b, 0x05, 0x9b, 0x05, 0x9b, 0x05, 0xbb, 0x05, 0xba, 0x05,
  0x9a, 0x05, 0x7a, 0x05, 0x9b, 0x05, 0x9b, 0x05, 0x9b, 0x05, 0x9b, 0x05,
  0x9b, 0x0d, 0x13, 0x0c, 0xc3, 0x00, 0x00, 0x00, 0x00, 0x00, 0x00, 0x00,
  0x00, 0x00, 0x00, 0x00, 0x00, 0x00, 0x00, 0x00, 0x00, 0x00, 0x00, 0x00,
  0x00, 0x00, 0x00, 0x00, 0x00, 0x00, 0x00, 0x00, 0x61, 0x00, 0x2f, 0x0b,
  0x7b, 0x0d, 0xbb, 0x05, 0xba, 0x05, 0x9a, 0x05, 0x9b, 0x05, 0x9b, 0x05,
  0x9b, 0x05, 0x9b, 0x05, 0x9a, 0x05, 0x9a, 0x05, 0x9a, 0x05, 0x9b, 0x05,
  0x9b, 0x05, 0x9b, 0x05, 0x9b, 0x05, 0x9b, 0x05, 0x9b, 0x05, 0x9b, 0x05,
  0x9b, 0x05, 0x9b, 0x05, 0x9b, 0x05, 0x9b, 0x05, 0x9b, 0x05, 0x9b, 0x05,
  0x9b, 0x05, 0x9b, 0x05, 0x9b, 0x05, 0x9b, 0x05, 0x9b, 0x05, 0x9b, 0x05,
  0x9a, 0x05, 0x9a, 0x05, 0x9a, 0x05, 0x9b, 0x05, 0x9b, 0x05, 0x7a, 0x05,
  0xbb, 0x0d, 0xf3, 0x03, 0xc3, 0x00, 0x00, 0x00, 0x00, 0x00, 0x00, 0x00,
  0x00, 0x00, 0x00, 0x00, 0x00, 0x00, 0x00, 0x00, 0x00, 0x00, 0x40, 0x00,
  0x21, 0x43, 0x01, 0x76, 0x60, 0x6e, 0x60, 0x66, 0x60, 0x6e, 0x40, 0x6e,
  0x40, 0x6e, 0x40, 0x6e, 0x40, 0x6e, 0x40, 0x6e, 0x40, 0x6e, 0x40, 0x6e,
  0x60, 0x6e, 0x20, 0x6e, 0xc0, 0x5c, 0xe0, 0x3a, 0x00, 0x3b, 0x60, 0x43,
  0x80, 0x43, 0x60, 0x43, 0x40, 0x3b, 0x40, 0x3b, 0x40, 0x3b, 0x40, 0x3b,
  0x40, 0x3b, 0x20, 0x3b, 0x20, 0x3b, 0x20, 0x3b, 0x20, 0x3b, 0x20, 0x3b,
  0x40, 0x3b, 0x40, 0x3b, 0x40, 0x3b, 0x40, 0x43, 0x40, 0x43, 0x60, 0x43,
  0x60, 0x43, 0x60, 0x43, 0x60, 0x43, 0x60, 0x43, 0x61, 0x43, 0x81, 0x43,
  0x60, 0x43, 0x60, 0x43, 0x60, 0x43, 0x60, 0x43, 0x60, 0x43, 0x60, 0x43,
  0x60, 0x43, 0x60, 0x43, 0x60, 0x43, 0x60, 0x43, 0x81, 0x43, 0x61, 0x43,
  0x61, 0x43, 0x61, 0x43, 0x61, 0x43, 0x60, 0x43, 0x40, 0x43, 0x40, 0x43,
  0x60, 0x43, 0x40, 0x43, 0x40, 0x43, 0x40, 0x43, 0x40, 0x43, 0x40, 0x43,
  0x40, 0x3b, 0x41, 0x3b, 0x21, 0x3b, 0x21, 0x3b, 0x20, 0x3b, 0x20, 0x3b,
  0x00, 0x3b, 0xc0, 0x32, 0x60, 0x2a, 0x00, 0x22, 0xa0, 0x21, 0x00, 0x11,
  0x80, 0x08, 0x00, 0x00, 0x00, 0x00, 0x00, 0x00, 0x00, 0x00, 0x00, 0x00,
  0x00, 0x00, 0x00, 0x00, 0x00, 0x00, 0x00, 0x00, 0x00, 0x00, 0x00, 0x00,
  0x00, 0x00, 0x00, 0x00, 0x00, 0x00, 0x00, 0x00, 0x00, 0x00, 0x00, 0x00,
  0x00, 0x00, 0x00, 0x00, 0x00, 0x00, 0x00, 0x00, 0x00, 0x00, 0x00, 0x00,
  0x00, 0x00, 0x02, 0x7b, 0xc2, 0xf5, 0xa1, 0xfd, 0xa0, 0xfd, 0xa0, 0xf5,
  0xa0, 0xfd, 0xa0, 0xfd, 0x80, 0xfd, 0xa0, 0xfd, 0xa0, 0xfd, 0xa0, 0xfd,
  0xa0, 0xfd, 0xa0, 0xfd, 0xa0, 0xfd, 0xa0, 0xfd, 0xa0, 0xfd, 0xa0, 0xfd,
  0xa0, 0xfd, 0xa0, 0xfd, 0xa0, 0xfd, 0xa0, 0xfd, 0xa0, 0xfd, 0xa0, 0xfd,
  0xa0, 0xfd, 0xa0, 0xfd, 0xa0, 0xfd, 0xa0, 0xfd, 0xa0, 0xfd, 0xa0, 0xfd,
  0xa0, 0xfd, 0x80, 0xf5, 0xc0, 0xfd, 0xe1, 0xd4, 0x00, 0x29, 0x00, 0x00,
  0x00, 0x00, 0x00, 0x00, 0x00, 0x00, 0x00, 0x00, 0x00, 0x00, 0x00, 0x00,
  0x00, 0x00, 0x00, 0x00, 0x00, 0x00, 0x00, 0x00, 0x00, 0x00, 0x00, 0x00,
  0x00, 0x00, 0x00, 0x00, 0x00, 0x00, 0x00, 0x00, 0x00, 0x00, 0x00, 0x00,
  0x00, 0x00, 0x00, 0x00, 0x00, 0x00, 0x00, 0x00, 0x00, 0x00, 0x00, 0x00,
  0x00, 0x00, 0x00, 0x00, 0x00, 0x00, 0x00, 0x00, 0x00, 0x00, 0x00, 0x00,
  0x00, 0x00, 0x00, 0x00, 0x00, 0x00, 0x00, 0x00, 0x81, 0x41, 0x81, 0xc4,
  0xc1, 0xfd, 0xa0, 0xfd, 0xa0, 0xfd, 0x80, 0xfd, 0x81, 0xfd, 0xa0, 0xfd,
  0xc0, 0xfd, 0xc0, 0xfd, 0xa0, 0xfd, 0xa0, 0xfd, 0xa0, 0xfd, 0xa0, 0xfd,
  0xa0, 0xfd, 0xa0, 0xfd, 0xa0, 0xfd, 0xa0, 0xfd, 0xa0, 0xfd, 0xa0, 0xfd,
  0xa0, 0xfd, 0xa0, 0xfd, 0xa0, 0xfd, 0xa0, 0xfd, 0xa0, 0xfd, 0xa0, 0xfd,
  0xa0, 0xfd, 0xa0, 0xfd, 0xa0, 0xfd, 0xa0, 0xfd, 0xa0, 0xfd, 0xa0, 0xfd,
  0xa1, 0xfd, 0x43, 0xed, 0x83, 0x72, 0x00, 0x00, 0x00, 0x00, 0x00, 0x00,
  0x00, 0x00, 0x00, 0x00, 0x00, 0x00, 0x00, 0x00, 0x00, 0x00, 0x00, 0x00,
  0x09, 0x12, 0xf8, 0x0c, 0xbb, 0x05, 0x9a, 0x05, 0x9a, 0x05, 0xba, 0x05,
  0xbb, 0x05, 0x9b, 0x05, 0x9b, 0x05, 0x9b, 0x05, 0x9b, 0x05, 0x9b, 0x05,
  0x9b, 0x05, 0x9b, 0x05, 0x9b, 0x05, 0x9b, 0x05, 0x9b, 0x05, 0x9b, 0x05,
  0x9b, 0x05, 0x9b, 0x05, 0x9b, 0x05, 0x9b, 0x05, 0x9b, 0x05, 0x9b, 0x05,
  0x9b, 0x05, 0x9b, 0x05, 0x9b, 0x05, 0x9b, 0x05, 0x9b, 0x05, 0xbb, 0x05,
  0xda, 0x05, 0xba, 0x05, 0x9a, 0x05, 0x5b, 0x0d, 0x7b, 0x0d, 0x9b, 0x05,
  0xbb, 0x05, 0xbb, 0x05, 0x18, 0x0d, 0xc8, 0x09, 0x00, 0x00, 0x00, 0x00,
  0x00, 0x00, 0x00, 0x00, 0x00, 0x00, 0x00, 0x00, 0x00, 0x00, 0x00, 0x00,
  0x00, 0x00, 0x00, 0x00, 0x00, 0x00, 0x00, 0x00, 0x00, 0x00, 0x00, 0x00,
  0x00, 0x00, 0x25, 0x09, 0x76, 0x14, 0xbb, 0x05, 0x9a, 0x05, 0x9b, 0x05,
  0x9b, 0x05, 0x9a, 0x05, 0x9a, 0x05, 0x9a, 0x05, 0x9a, 0x05, 0x9a, 0x05,
  0x9a, 0x05, 0x9b, 0x05, 0x9b, 0x05, 0x9b, 0x05, 0x9b, 0x05, 0x9b, 0x05,
  0x9b, 0x05, 0x9b, 0x05, 0x9b, 0x05, 0x9b, 0x05, 0x9b, 0x05, 0x9b, 0x05,
  0x9b, 0x05, 0x9b, 0x05, 0x9b, 0x05, 0x9b, 0x05, 0x9b, 0x05, 0x9b, 0x05,
  0x9b, 0x05, 0x9b, 0x05, 0x9a, 0x05, 0x9a, 0x05, 0x9a, 0x05, 0x9b, 0x05,
  0x9b, 0x05, 0x7a, 0x0d, 0x9a, 0x05, 0x7a, 0x0d, 0xac, 0x0a, 0x00, 0x00,
  0x00, 0x00, 0x00, 0x00, 0x00, 0x00, 0x00, 0x00, 0x00, 0x00, 0x00, 0x00,
  0x00, 0x00, 0x00, 0x00, 0x00, 0x19, 0xc1, 0x5c, 0x40, 0x6e, 0x60, 0x6e,
  0x60, 0x6e, 0x60, 0x6e, 0x40, 0x6e, 0x40, 0x6e, 0x40, 0x66, 0x40, 0x6e,
  0x40, 0x6e, 0x40, 0x6e, 0x60, 0x6e, 0x00, 0x6e, 0x20, 0x3b, 0x20, 0x00,
  0x00, 0x00, 0x00, 0x00, 0x00, 0x00, 0x00, 0x00, 0x00, 0x00, 0x00, 0x00,
  0x00, 0x00, 0x00, 0x00, 0x00, 0x00, 0x00, 0x00, 0x00, 0x00, 0x00, 0x00,
  0x00, 0x00, 0x00, 0x00, 0x00, 0x00, 0x00, 0x00, 0x00, 0x00, 0x00, 0x00,
  0x00, 0x00, 0x20, 0x00, 0x20, 0x00, 0x20, 0x00, 0x20, 0x00, 0x20, 0x00,
  0x20, 0x00, 0x20, 0x00, 0x20, 0x00, 0x20, 0x00, 0x20, 0x00, 0x20, 0x00,
  0x20, 0x00, 0x20, 0x00, 0x20, 0x00, 0x20, 0x00, 0x20, 0x00, 0x20, 0x00,
  0x20, 0x00, 0x20, 0x00, 0x20, 0x00, 0x20, 0x00, 0x00, 0x00, 0x00, 0x00,
  0x00, 0x00, 0x00, 0x00, 0x00, 0x00, 0x00, 0x00, 0x00, 0x00, 0x00, 0x00,
  0x00, 0x00, 0x00, 0x00, 0x00, 0x00, 0x00, 0x00, 0x00, 0x00, 0x00, 0x00,
  0x00, 0x00, 0x00, 0x00, 0x00, 0x00, 0x00, 0x00, 0x00, 0x00, 0x00, 0x00,
  0x00, 0x00, 0x00, 0x00, 0x00, 0x00, 0x00, 0x00, 0x00, 0x00, 0x00, 0x00,
  0x00, 0x00, 0x00, 0x00, 0x00, 0x00, 0x00, 0x00, 0x00, 0x00, 0x00, 0x00,
  0x00, 0x00, 0x00, 0x00, 0x00, 0x00, 0x00, 0x00, 0x00, 0x00, 0x00, 0x00,
  0x00, 0x00, 0x00, 0x00, 0x00, 0x00, 0x00, 0x00, 0x00, 0x00, 0x00, 0x00,
  0x00, 0x00, 0x00, 0x00, 0x00, 0x00, 0x02, 0x7b, 0xc2, 0xf5, 0xa1, 0xfd,
  0xa0, 0xfd, 0xa0, 0xf5, 0xa0, 0xfd, 0xa0, 0xfd, 0x80, 0xfd, 0xa0, 0xfd,
  0xa0, 0xfd, 0xa0, 0xfd, 0xa0, 0xfd, 0xa0, 0xfd, 0xa0, 0xfd, 0xa0, 0xfd,
  0xa0, 0xfd, 0xa0, 0xfd, 0xa0, 0xfd, 0xa0, 0xfd, 0xa0, 0xfd, 0xa0, 0xfd,
  0xa0, 0xfd, 0xa0, 0xfd, 0xa0, 0xfd, 0xa0, 0xfd, 0xa0, 0xfd, 0xa0, 0xfd,
  0xa0, 0xfd, 0xa0, 0xfd, 0xa0, 0xfd, 0xa0, 0xfd, 0xc0, 0xfd, 0xe2, 0xdc,
  0xe0, 0x28, 0x00, 0x00, 0x00, 0x00, 0x00, 0x00, 0x00, 0x00, 0x00, 0x00,
  0x00, 0x00, 0x00, 0x00, 0x00, 0x00, 0x00, 0x00, 0x00, 0x00, 0x00, 0x00,
  0x00, 0x00, 0x00, 0x00, 0x00, 0x00, 0x00, 0x00, 0x00, 0x00, 0x00, 0x00,
  0x00, 0x00, 0x00, 0x00, 0x00, 0x00, 0x00, 0x00, 0x00, 0x00, 0x00, 0x00,
  0x00, 0x00, 0x00, 0x00, 0x00, 0x00, 0x00, 0x00, 0x00, 0x00, 0x00, 0x00,
  0x00, 0x00, 0x00, 0x00, 0x00, 0x00, 0x00, 0x00, 0x00, 0x00, 0x00, 0x00,
  0x20, 0x00, 0x41, 0x5a, 0x21, 0xdd, 0xc0, 0xfd, 0xa0, 0xfd, 0xa0, 0xfd,
  0x81, 0xfd, 0xa1, 0xfd, 0xa0, 0xf5, 0xa0, 0xfd, 0xa0, 0xfd, 0xa0, 0xfd,
  0xa0, 0xfd, 0xa0, 0xfd, 0xa0, 0xfd, 0xa0, 0xfd, 0xa0, 0xfd, 0xa0, 0xfd,
  0xa0, 0xfd, 0xa0, 0xfd, 0xa0, 0xfd, 0xa0, 0xfd, 0xa0, 0xfd, 0xa0, 0xfd,
  0xa0, 0xfd, 0xa0, 0xfd, 0xa0, 0xfd, 0xa0, 0xfd, 0xa0, 0xfd, 0x80, 0xfd,
  0xa0, 0xfd, 0xa1, 0xfd, 0xa2, 0xfd, 0xa3, 0xa3, 0x81, 0x18, 0x00, 0x00,
  0x00, 0x00, 0x00, 0x00, 0x00, 0x00, 0x00, 0x00, 0x00, 0x00, 0x00, 0x00,
  0x00, 0x00, 0xc3, 0x08, 0xf3, 0x0b, 0x9c, 0x05, 0xbb, 0x05, 0x9a, 0x05,
  0x9a, 0x05, 0x9b, 0x05, 0xbb, 0x05, 0x9a, 0x05, 0x9b, 0x05, 0x9b, 0x05,
  0x9b, 0x05, 0x9b, 0x05, 0x9b, 0x05, 0x9b, 0x05, 0x9b, 0x05, 0x9b, 0x05,
  0x9b, 0x05, 0x9b, 0x05, 0x9b, 0x05, 0x9b, 0x05, 0x9b, 0x05, 0x9b, 0x05,
  0x9b, 0x05, 0x9b, 0x05, 0x9b, 0x05, 0x9b, 0x05, 0x9b, 0x05, 0x9b, 0x05,
  0x9a, 0x05, 0x9a, 0x05, 0xba, 0x05, 0xba, 0x05, 0x9a, 0x0d, 0x5b, 0x0d,
  0x7b, 0x05, 0x9b, 0x05, 0xbb, 0x05, 0x9a, 0x0d, 0x70, 0x0b, 0x61, 0x00,
  0x00, 0x00, 0x00, 0x00, 0x00, 0x00, 0x00, 0x00, 0x00, 0x00, 0x00, 0x00,
  0x00, 0x00, 0x00, 0x00, 0x00, 0x00, 0x00, 0x00, 0x00, 0x00, 0x00, 0x00,
  0x00, 0x00, 0x00, 0x00, 0x00, 0x00, 0x20, 0x00, 0x8c, 0x0a, 0x39, 0x0d,
  0x9b, 0x0d, 0x9b, 0x05, 0x9b, 0x05, 0x9a, 0x05, 0x9a, 0x05, 0x9a, 0x05,
  0xba, 0x05, 0x9a, 0x05, 0x9a, 0x05, 0x9b, 0x05, 0x9b, 0x05, 0x9b, 0x05,
  0x9b, 0x05, 0x9b, 0x05, 0x9b, 0x05, 0x9b, 0x05, 0x9b, 0x05, 0x9b, 0x05,
  0x9b, 0x05, 0x9b, 0x05, 0x9b, 0x05, 0x9b, 0x05, 0x9b, 0x05, 0x9b, 0x05,
  0x9b, 0x05, 0x9b, 0x05, 0x9b, 0x05, 0x9b, 0x05, 0x9a, 0x05, 0x9a, 0x05,
  0x9a, 0x05, 0x9b, 0x05, 0x9b, 0x05, 0x99, 0x05, 0x9a, 0x05, 0x9b, 0x05,
  0x75, 0x0c, 0x25, 0x01, 0x00, 0x00, 0x00, 0x00, 0x00, 0x00, 0x00, 0x00,
  0x00, 0x00, 0x00, 0x00, 0x00, 0x00, 0x00, 0x00, 0x00, 0x00, 0x60, 0x2a,
  0xc1, 0x6d, 0x41, 0x6e, 0x40, 0x66, 0x40, 0x6e, 0x40, 0x6e, 0x40, 0x6e,
  0x60, 0x66, 0x40, 0x6e, 0x40, 0x76, 0x41, 0x6e, 0x60, 0x6e, 0x00, 0x6e,
  0x80, 0x32, 0x00, 0x00, 0x00, 0x00, 0x00, 0x00, 0x00, 0x00, 0x00, 0x00,
  0x00, 0x00, 0x00, 0x00, 0x00, 0x00, 0x00, 0x00, 0x00, 0x00, 0x00, 0x00,
  0x00, 0x00, 0x00, 0x00, 0x00, 0x00, 0x00, 0x00, 0x00, 0x00, 0x00, 0x00,
  0x00, 0x00, 0x00, 0x00, 0x00, 0x00, 0x00, 0x00, 0x00, 0x00, 0x00, 0x00,
  0x00, 0x00, 0x00, 0x00, 0x00, 0x00, 0x00, 0x00, 0x00, 0x00, 0x00, 0x00,
  0x00, 0x00, 0x00, 0x00, 0x00, 0x00, 0x00, 0x00, 0x00, 0x00, 0x00, 0x00,
  0x00, 0x00, 0x00, 0x00, 0x00, 0x00, 0x00, 0x00, 0x00, 0x00, 0x00, 0x00,
  0x00, 0x00, 0x00, 0x00, 0x00, 0x00, 0x00, 0x00, 0x00, 0x00, 0x00, 0x00,
  0x00, 0x00, 0x00, 0x00, 0x00, 0x00, 0x00, 0x00, 0x00, 0x00, 0x00, 0x00,
  0x00, 0x00, 0x00, 0x00, 0x00, 0x00, 0x00, 0x00, 0x00, 0x00, 0x00, 0x00,
  0x00, 0x00, 0x00, 0x00, 0x00, 0x00, 0x00, 0x00, 0x00, 0x00, 0x00, 0x00,
  0x00, 0x00, 0x00, 0x00, 0x00, 0x00, 0x00, 0x00, 0x00, 0x00, 0x00, 0x00,
  0x00, 0x00, 0x00, 0x00, 0x00, 0x00, 0x00, 0x00, 0x00, 0x00, 0x00, 0x00,
  0x00, 0x00, 0x00, 0x00, 0x00, 0x00, 0x00, 0x00, 0x00, 0x00, 0x00, 0x00,
  0x00, 0x00, 0x00, 0x00, 0x00, 0x00, 0x00, 0x00, 0x00, 0x00, 0x02, 0x7b,
  0xc2, 0xf5, 0xa1, 0xfd, 0xa0, 0xfd, 0xa0, 0xf5, 0xa0, 0xfd, 0xa0, 0xfd,
  0x80, 0xfd, 0xa0, 0xfd, 0xa0, 0xfd, 0xa0, 0xfd, 0xa0, 0xfd, 0xa0, 0xfd,
  0xa0, 0xfd, 0xa0, 0xfd, 0xa0, 0xfd, 0xa0, 0xfd, 0xa0, 0xfd, 0xa0, 0xfd,
  0xa0, 0xfd, 0xa0, 0xfd, 0xa0, 0xfd, 0xa0, 0xfd, 0xa0, 0xfd, 0xa0, 0xfd,
  0xa0, 0xfd, 0xa0, 0xfd, 0xa0, 0xfd, 0xa0, 0xfd, 0xa0, 0xfd, 0xa0, 0xf5,
  0xc0, 0xfd, 0xc1, 0xd4, 0xe0, 0x28, 0x00, 0x00, 0x00, 0x00, 0x00, 0x00,
  0x00, 0x00, 0x00, 0x00, 0x00, 0x00, 0x00, 0x00, 0x00, 0x00, 0x00, 0x00,
  0x00, 0x00, 0x00, 0x00, 0x00, 0x00, 0x00, 0x00, 0x00, 0x00, 0x00, 0x00,
  0x00, 0x00, 0x00, 0x00, 0x00, 0x00, 0x00, 0x00, 0x00, 0x00, 0x00, 0x00,
  0x00, 0x00, 0x00, 0x00, 0x00, 0x00, 0x00, 0x00, 0x00, 0x00, 0x00, 0x00,
  0x00, 0x00, 0x00, 0x00, 0x00, 0x00, 0x00, 0x00, 0x00, 0x00, 0x00, 0x00,
  0x00, 0x00, 0x00, 0x00, 0x00, 0x00, 0x40, 0x08, 0xc2, 0x72, 0x62, 0xe5,
  0xc0, 0xfd, 0xa0, 0xfd, 0x81, 0xfd, 0x81, 0xfd, 0xa1, 0xf5, 0xa0, 0xf5,
  0xa1, 0xfd, 0xa0, 0xfd, 0xa0, 0xfd, 0xa0, 0xfd, 0xa0, 0xfd, 0xa0, 0xfd,
  0xa0, 0xfd, 0xa0, 0xfd, 0xa0, 0xfd, 0xa0, 0xfd, 0xa0, 0xfd, 0xa0, 0xfd,
  0xa0, 0xfd, 0xa0, 0xfd, 0xa0, 0xfd, 0xa0, 0xfd, 0xa0, 0xfd, 0xa0, 0xfd,
  0xa0, 0xfd, 0xa0, 0xfd, 0x81, 0xfd, 0xc2, 0xfd, 0xc3, 0xd4, 0x82, 0x41,
  0x00, 0x00, 0x00, 0x00, 0x00, 0x00, 0x00, 0x00, 0x00, 0x00, 0x00, 0x00,
  0x00, 0x00, 0x00, 0x00, 0x20, 0x00, 0xac, 0x0a, 0x39, 0x0d, 0x9b, 0x05,
  0x9b, 0x05, 0x9a, 0x05, 0x9a, 0x05, 0x9b, 0x05, 0x9b, 0x05, 0x9b, 0x05,
  0x9b, 0x05, 0x9b, 0x05, 0x9b, 0x05, 0x9b, 0x05, 0x9b, 0x05, 0x9b, 0x05,
  0x9b, 0x05, 0x9b, 0x05, 0x9b, 0x05, 0x9b, 0x05, 0x9b, 0x05, 0x9b, 0x05,
  0x9b, 0x05, 0x9b, 0x05, 0x9b, 0x05, 0x9b, 0x05, 0x9b, 0x05, 0x9b, 0x05,
  0x9b, 0x05, 0x9b, 0x05, 0x9b, 0x05, 0x9a, 0x05, 0xba, 0x05, 0xba, 0x05,
  0x9b, 0x0d, 0x7b, 0x0d, 0x7b, 0x05, 0xbb, 0x05, 0x99, 0x0d, 0x74, 0x0c,
  0x45, 0x09, 0x00, 0x00, 0x00, 0x00, 0x00, 0x00, 0x00, 0x00, 0x00, 0x00,
  0x00, 0x00, 0x00, 0x00, 0x00, 0x00, 0x00, 0x00, 0x00, 0x00, 0x00, 0x00,
  0x00, 0x00, 0x00, 0x00, 0x00, 0x00, 0x00, 0x00, 0x00, 0x00, 0x00, 0x00,
  0xa3, 0x00, 0xb1, 0x13, 0x7a, 0x15, 0x9b, 0x05, 0x9b, 0x05, 0x9a, 0x05,
  0x9a, 0x05, 0x9a, 0x05, 0x9a, 0x05, 0x9a, 0x05, 0x9a, 0x05, 0x9b, 0x05,
  0x9b, 0x05, 0x9b, 0x05, 0x9b, 0x05, 0x9b, 0x05, 0x9b, 0x05, 0x9b, 0x05,
  0x9b, 0x05, 0x9b, 0x05, 0x9b, 0x05, 0x9b, 0x05, 0x9b, 0x05, 0x9a, 0x05,
  0x9a, 0x05, 0x9a, 0x05, 0x9a, 0x05, 0x9b, 0x05, 0x9b, 0x05, 0x9b, 0x05,
  0x9a, 0x05, 0x9a, 0x05, 0x9b, 0x05, 0x9b, 0x05, 0x9a, 0x05, 0x99, 0x05,
  0x9a, 0x05, 0x7a, 0x05, 0x7a, 0x0d, 0x4f, 0x0b, 0x41, 0x00, 0x00, 0x00,
  0x00, 0x00, 0x00, 0x00, 0x00, 0x00, 0x00, 0x00, 0x00, 0x00, 0x00, 0x00,
  0x00, 0x00, 0x80, 0x08, 0xe2, 0x53, 0x22, 0x76, 0x20, 0x6e, 0x40, 0x6e,
  0x40, 0x6e, 0x40, 0x66, 0x60, 0x66, 0x40, 0x6e, 0x40, 0x6e, 0x21, 0x6e,
  0x40, 0x6e, 0x21, 0x6e, 0xe1, 0x3a, 0x00, 0x00, 0x00, 0x00, 0x00, 0x00,
  0x00, 0x00, 0x00, 0x00, 0x00, 0x00, 0x00, 0x00, 0x00, 0x00, 0x00, 0x00,
  0x00, 0x00, 0x00, 0x00, 0x00, 0x00, 0x00, 0x00, 0x00, 0x00, 0x00, 0x00,
  0x00, 0x00, 0x00, 0x00, 0x00, 0x00, 0x00, 0x00, 0x00, 0x00, 0x00, 0x00,
  0x00, 0x00, 0x00, 0x00, 0x00, 0x00, 0x00, 0x00, 0x00, 0x00, 0x00, 0x00,
  0x00, 0x00, 0x00, 0x00, 0x00, 0x00, 0x00, 0x00, 0x00, 0x00, 0x00, 0x00,
  0x00, 0x00, 0x00, 0x00, 0x00, 0x00, 0x00, 0x00, 0x00, 0x00, 0x00, 0x00,
  0x00, 0x00, 0x00, 0x00, 0x00, 0x00, 0x00, 0x00, 0x00, 0x00, 0x00, 0x00,
  0x00, 0x00, 0x00, 0x00, 0x00, 0x00, 0x00, 0x00, 0x00, 0x00, 0x00, 0x00,
  0x00, 0x00, 0x00, 0x00, 0x00, 0x00, 0x00, 0x00, 0x00, 0x00, 0x00, 0x00,
  0x00, 0x00, 0x00, 0x00, 0x00, 0x00, 0x00, 0x00, 0x00, 0x00, 0x00, 0x00,
  0x00, 0x00, 0x00, 0x00, 0x00, 0x00, 0x00, 0x00, 0x00, 0x00, 0x00, 0x00,
  0x00, 0x00, 0x00, 0x00, 0x00, 0x00, 0x00, 0x00, 0x00, 0x00, 0x00, 0x00,
  0x00, 0x00, 0x00, 0x00, 0x00, 0x00, 0x00, 0x00, 0x00, 0x00, 0x00, 0x00,
  0x00, 0x00, 0x00, 0x00, 0x00, 0x00, 0x00, 0x00, 0x00, 0x00, 0x00, 0x00,
  0x00, 0x00, 0x02, 0x7b, 0xc2, 0xf5, 0xa1, 0xfd, 0xa0, 0xfd, 0xa0, 0xf5,
  0xa0, 0xfd, 0xa0, 0xfd, 0x80, 0xfd, 0xa0, 0xfd, 0xa0, 0xfd, 0xa0, 0xfd,
  0xa0, 0xfd, 0xa0, 0xfd, 0xa0, 0xfd, 0xa0, 0xfd, 0xa0, 0xfd, 0xa0, 0xfd,
  0xa0, 0xfd, 0xa0, 0xfd, 0xa0, 0xfd, 0xa0, 0xfd, 0xa0, 0xfd, 0xa0, 0xfd,
  0xa0, 0xfd, 0xa0, 0xfd, 0xa0, 0xfd, 0xa0, 0xfd, 0xa0, 0xfd, 0xa0, 0xfd,
  0xa0, 0xfd, 0xa0, 0xfd, 0xc0, 0xfd, 0xc1, 0xd4, 0xe0, 0x28, 0x00, 0x00,
  0x00, 0x00, 0x00, 0x00, 0x00, 0x00, 0x00, 0x00, 0x00, 0x00, 0x00, 0x00,
  0x00, 0x00, 0x00, 0x00, 0x00, 0x00, 0x00, 0x00, 0x00, 0x00, 0x00, 0x00,
  0x00, 0x00, 0x00, 0x00, 0x00, 0x00, 0x00, 0x00, 0x00, 0x00, 0x00, 0x00,
  0x00, 0x00, 0x00, 0x00, 0x00, 0x00, 0x00, 0x00, 0x00, 0x00, 0x00, 0x00,
  0x00, 0x00, 0x00, 0x00, 0x00, 0x00, 0x00, 0x00, 0x00, 0x00, 0x00, 0x00,
  0x00, 0x00, 0x00, 0x00, 0x00, 0x00, 0x00, 0x00, 0x00, 0x00, 0x00, 0x00,
  0x60, 0x10, 0x42, 0x83, 0xa1, 0xf5, 0xc1, 0xfd, 0xa1, 0xfd, 0x81, 0xfd,
  0xa0, 0xf5, 0xa0, 0xf5, 0xa0, 0xfd, 0xa0, 0xfd, 0xa0, 0xfd, 0xa0, 0xfd,
  0xa0, 0xfd, 0xa0, 0xfd, 0xa0, 0xfd, 0xa0, 0xfd, 0xa0, 0xfd, 0xa0, 0xfd,
  0xa0, 0xfd, 0xa0, 0xfd, 0xa0, 0xfd, 0xa0, 0xfd, 0xa0, 0xfd, 0xa0, 0xfd,
  0xa0, 0xfd, 0xa0, 0xfd, 0x80, 0xfd, 0xa1, 0xfd, 0xa1, 0xfd, 0x62, 0xf5,
  0xe2, 0x82, 0x20, 0x08, 0x00, 0x00, 0x00, 0x00, 0x00, 0x00, 0x00, 0x00,
  0x00, 0x00, 0x00, 0x00, 0x00, 0x00, 0x00, 0x00, 0x66, 0x09, 0x95, 0x14,
  0x9a, 0x0d, 0x9b, 0x05, 0x9a, 0x05, 0x9a, 0x05, 0x9b, 0x05, 0x9b, 0x05,
  0x9b, 0x05, 0x9b, 0x05, 0x9b, 0x05, 0x9b, 0x05, 0x9b, 0x05, 0x9b, 0x05,
  0x9b, 0x05, 0x9b, 0x05, 0x9b, 0x05, 0x9b, 0x05, 0x9b, 0x05, 0x9b, 0x05,
  0x9b, 0x05, 0x9b, 0x05, 0x9b, 0x05, 0x9b, 0x05, 0x9b, 0x05, 0x9b, 0x05,
  0x9b, 0x05, 0x9b, 0x05, 0x9b, 0x05, 0x9b, 0x05, 0x9b, 0x05, 0x9b, 0x05,
  0xba, 0x05, 0x9a, 0x05, 0x9b, 0x05, 0x9b, 0x0d, 0xbb, 0x05, 0xda, 0x05,
  0x16, 0x0d, 0x4a, 0x12, 0x00, 0x00, 0x00, 0x00, 0x00, 0x00, 0x00, 0x00,
  0x00, 0x00, 0x00, 0x00, 0x00, 0x00, 0x00, 0x00, 0x00, 0x00, 0x00, 0x00,
  0x00, 0x00, 0x00, 0x00, 0x00, 0x00, 0x00, 0x00, 0x00, 0x00, 0x00, 0x00,
  0x00, 0x00, 0x00, 0x00, 0x00, 0x00, 0xa7, 0x09, 0xd7, 0x14, 0x9b, 0x05,
  0x9b, 0x05, 0x9b, 0x05, 0x9a, 0x05, 0x9a, 0x05, 0x9a, 0x05, 0x9a, 0x05,
  0x9a, 0x05, 0x9b, 0x05, 0x9b, 0x05, 0x9b, 0x05, 0x9b, 0x05, 0x9b, 0x05,
  0x9b, 0x05, 0x9b, 0x05, 0x9b, 0x05, 0x9b, 0x05, 0x9b, 0x05, 0x9b, 0x05,
  0x9b, 0x05, 0x9a, 0x05, 0x9a, 0x05, 0x9a, 0x05, 0x9a, 0x05, 0x9b, 0x05,
  0x9b, 0x05, 0x9b, 0x05, 0x9b, 0x05, 0x9b, 0x05, 0x9b, 0x05, 0x9a, 0x05,
  0x9a, 0x05, 0x9a, 0x05, 0x9a, 0x05, 0x9a, 0x05, 0x9b, 0x05, 0x18, 0x0d,
  0xa8, 0x09, 0x00, 0x00, 0x00, 0x00, 0x00, 0x00, 0x00, 0x00, 0x00, 0x00,
  0x00, 0x00, 0x00, 0x00, 0x00, 0x00, 0x00, 0x00, 0x61, 0x21, 0x02, 0x6d,
  0x20, 0x76, 0x40, 0x6e, 0x40, 0x6e, 0x40, 0x66, 0x60, 0x66, 0x40, 0x6e,
  0x40, 0x76, 0x41, 0x6e, 0x60, 0x66, 0x40, 0x6e, 0x21, 0x3b, 0x00, 0x00,
  0x00, 0x00, 0x00, 0x00, 0x00, 0x00, 0x00, 0x00, 0x00, 0x00, 0x00, 0x00,
  0x00, 0x00, 0x00, 0x00, 0x00, 0x00, 0x00, 0x00, 0x00, 0x00, 0x00, 0x00,
  0x00, 0x00, 0x00, 0x00, 0x00, 0x00, 0x00, 0x00, 0x00, 0x00, 0x00, 0x00,
  0x00, 0x00, 0x00, 0x00, 0x00, 0x00, 0x00, 0x00, 0x00, 0x00, 0x00, 0x00,
  0x00, 0x00, 0x00, 0x00, 0x00, 0x00, 0x00, 0x00, 0x00, 0x00, 0x00, 0x00,
  0x00, 0x00, 0x00, 0x00, 0x00, 0x00, 0x00, 0x00, 0x00, 0x00, 0x00, 0x00,
  0x00, 0x00, 0x00, 0x00, 0x00, 0x00, 0x00, 0x00, 0x00, 0x00, 0x00, 0x00,
  0x00, 0x00, 0x00, 0x00, 0x00, 0x00, 0x00, 0x00, 0x00, 0x00, 0x00, 0x00,
  0x00, 0x00, 0x00, 0x00, 0x00, 0x00, 0x00, 0x00, 0x00, 0x00, 0x00, 0x00,
  0x00, 0x00, 0x00, 0x00, 0x00, 0x00, 0x00, 0x00, 0x00, 0x00, 0x00, 0x00,
  0x00, 0x00, 0x00, 0x00, 0x00, 0x00, 0x00, 0x00, 0x00, 0x00, 0x00, 0x00,
  0x00, 0x00, 0x00, 0x00, 0x00, 0x00, 0x00, 0x00, 0x00, 0x00, 0x00, 0x00,
  0x00, 0x00, 0x00, 0x00, 0x00, 0x00, 0x00, 0x00, 0x00, 0x00, 0x00, 0x00,
  0x00, 0x00, 0x00, 0x00, 0x00, 0x00, 0x00, 0x00, 0x00, 0x00, 0x00, 0x00,
  0x00, 0x00, 0x00, 0x00, 0x00, 0x00, 0x02, 0x7b, 0xc2, 0xf5, 0xa1, 0xfd,
  0xa0, 0xfd, 0xa0, 0xf5, 0xa0, 0xfd, 0xa0, 0xfd, 0x80, 0xfd, 0xa0, 0xfd,
  0xa0, 0xfd, 0xa0, 0xfd, 0xa0, 0xfd, 0xa0, 0xfd, 0xa0, 0xfd, 0xa0, 0xfd,
  0xa0, 0xfd, 0xa0, 0xfd, 0xa0, 0xfd, 0xa0, 0xfd, 0xa0, 0xfd, 0xa0, 0xfd,
  0xa0, 0xfd, 0xa0, 0xfd, 0xa0, 0xfd, 0xa0, 0xfd, 0xa0, 0xfd, 0xa0, 0xfd,
  0xa0, 0xfd, 0xa0, 0xfd, 0xa0, 0xfd, 0xa0, 0xf5, 0xc0, 0xfd, 0xc1, 0xd4,
  0xe0, 0x20, 0x00, 0x00, 0x00, 0x00, 0x00, 0x00, 0x00, 0x00, 0x00, 0x00,
  0x00, 0x00, 0x00, 0x00, 0x00, 0x00, 0x00, 0x00, 0x00, 0x00, 0x00, 0x00,
  0x00, 0x00, 0x00, 0x00, 0x00, 0x00, 0x00, 0x00, 0x00, 0x00, 0x00, 0x00,
  0x00, 0x00, 0x00, 0x00, 0x00, 0x00, 0x00, 0x00, 0x00, 0x00, 0x00, 0x00,
  0x00, 0x00, 0x00, 0x00, 0x00, 0x00, 0x00, 0x00, 0x00, 0x00, 0x00, 0x00,
  0x00, 0x00, 0x00, 0x00, 0x00, 0x00, 0x00, 0x00, 0x00, 0x00, 0x00, 0x00,
  0x00, 0x00, 0x00, 0x00, 0x00, 0x00, 0x01, 0x29, 0x02, 0xac, 0xa2, 0xfd,
  0xa1, 0xfd, 0xa1, 0xfd, 0xa0, 0xf5, 0xc0, 0xfd, 0xa0, 0xfd, 0xa0, 0xfd,
  0xa0, 0xfd, 0xa0, 0xfd, 0xa0, 0xfd, 0xa0, 0xfd, 0xa0, 0xfd, 0xa0, 0xfd,
  0xa0, 0xfd, 0xa0, 0xfd, 0xa0, 0xfd, 0xa0, 0xfd, 0xa0, 0xfd, 0xa0, 0xfd,
  0xa0, 0xfd, 0xa0, 0xfd, 0xa0, 0xfd, 0xa0, 0xf5, 0xa0, 0xfd, 0xa1, 0xfd,
  0x81, 0xfd, 0x42, 0xc4, 0x01, 0x29, 0x00, 0x00, 0x00, 0x00, 0x00, 0x00,
  0x00, 0x00, 0x00, 0x00, 0x00, 0x00, 0x00, 0x00, 0x00, 0x00, 0x82, 0x00,
  0x91, 0x13, 0x7a, 0x0d, 0x9a, 0x05, 0x9a, 0x0d, 0x7a, 0x05, 0x9b, 0x05,
  0x9b, 0x05, 0x9b, 0x05, 0x9b, 0x05, 0x9b, 0x05, 0x9b, 0x05, 0x9b, 0x05,
  0x9b, 0x05, 0x9b, 0x05, 0x9b, 0x05, 0x9b, 0x05, 0x9b, 0x05, 0x9b, 0x05,
  0x9b, 0x05, 0x9b, 0x05, 0x9b, 0x05, 0x9b, 0x05, 0x9b, 0x05, 0x9b, 0x05,
  0x9b, 0x05, 0x9b, 0x05, 0x9b, 0x05, 0x9b, 0x05, 0x9b, 0x05, 0x9b, 0x05,
  0x7b, 0x05, 0x7b, 0x05, 0x9b, 0x05, 0x9a, 0x05, 0x9b, 0x05, 0x9b, 0x05,
  0xba, 0x05, 0xb9, 0x05, 0x90, 0x0b, 0x82, 0x00, 0x00, 0x00, 0x00, 0x00,
  0x00, 0x00, 0x00, 0x00, 0x00, 0x00, 0x00, 0x00, 0x00, 0x00, 0x00, 0x00,
  0x00, 0x00, 0x00, 0x00, 0x00, 0x00, 0x00, 0x00, 0x00, 0x00, 0x00, 0x00,
  0x00, 0x00, 0x00, 0x00, 0x00, 0x00, 0x00, 0x00, 0x00, 0x00, 0x61, 0x00,
  0x4f, 0x13, 0x7a, 0x0d, 0x9b, 0x05, 0x9b, 0x05, 0x9a, 0x05, 0x9a, 0x05,
  0x9a, 0x05, 0x9a, 0x05, 0x9b, 0x05, 0x9b, 0x05, 0x9b, 0x05, 0x9b, 0x05,
  0x9b, 0x05, 0x9b, 0x05, 0x9b, 0x05, 0x9b, 0x05, 0x9b, 0x05, 0x9b, 0x05,
  0x9b, 0x05, 0x9b, 0x05, 0x9b, 0x05, 0x9a, 0x05, 0x9a, 0x05, 0x9a, 0x05,
  0x9a, 0x05, 0x9b, 0x05, 0x9b, 0x05, 0x9b, 0x05, 0x9b, 0x05, 0x9b, 0x05,
  0x9b, 0x05, 0x9a, 0x05, 0x9a, 0x05, 0x9b, 0x05, 0x9a, 0x05, 0x9a, 0x05,
  0x9b, 0x05, 0x7a, 0x0d, 0xd1, 0x0b, 0xa3, 0x00, 0x00, 0x00, 0x00, 0x00,
  0x00, 0x00, 0x00, 0x00, 0x00, 0x00, 0x00, 0x00, 0x00, 0x00, 0x00, 0x00,
  0x20, 0x00, 0x21, 0x43, 0x00, 0x76, 0x40, 0x6e, 0x20, 0x6e, 0x40, 0x6e,
  0x60, 0x66, 0x60, 0x6e, 0x40, 0x6e, 0x41, 0x6e, 0x40, 0x66, 0x60, 0x76,
  0x61, 0x43, 0x00, 0x00, 0x00, 0x00, 0x00, 0x00, 0x00, 0x00, 0x00, 0x00,
  0x00, 0x00, 0x00, 0x00, 0x00, 0x00, 0x00, 0x00, 0x00, 0x00, 0x00, 0x00,
  0x00, 0x00, 0x00, 0x00, 0x00, 0x00, 0x00, 0x00, 0x00, 0x00, 0x00, 0x00,
  0x00, 0x00, 0x00, 0x00, 0x00, 0x00, 0x00, 0x00, 0x00, 0x00, 0x00, 0x00,
  0x00, 0x00, 0x00, 0x00, 0x00, 0x00, 0x00, 0x00, 0x00, 0x00, 0x00, 0x00,
  0x00, 0x00, 0x00, 0x00, 0x00, 0x00, 0x00, 0x00, 0x00, 0x00, 0x00, 0x00,
  0x00, 0x00, 0x00, 0x00, 0x00, 0x00, 0x00, 0x00, 0x00, 0x00, 0x00, 0x00,
  0x00, 0x00, 0x00, 0x00, 0x00, 0x00, 0x00, 0x00, 0x00, 0x00, 0x00, 0x00,
  0x00, 0x00, 0x00, 0x00, 0x00, 0x00, 0x00, 0x00, 0x00, 0x00, 0x00, 0x00,
  0x00, 0x00, 0x00, 0x00, 0x00, 0x00, 0x00, 0x00, 0x00, 0x00, 0x00, 0x00,
  0x00, 0x00, 0x00, 0x00, 0x00, 0x00, 0x00, 0x00, 0x00, 0x00, 0x00, 0x00,
  0x00, 0x00, 0x00, 0x00, 0x00, 0x00, 0x00, 0x00, 0x00, 0x00, 0x00, 0x00,
  0x00, 0x00, 0x00, 0x00, 0x00, 0x00, 0x00, 0x00, 0x00, 0x00, 0x00, 0x00,
  0x00, 0x00, 0x00, 0x00, 0x00, 0x00, 0x00, 0x00, 0x00, 0x00, 0x00, 0x00,
  0x00, 0x00, 0x00, 0x00, 0x00, 0x00, 0x00, 0x00, 0x00, 0x00, 0x02, 0x7b,
  0xc2, 0xf5, 0x80, 0xfd, 0xa0, 0xfd, 0xa0, 0xf5, 0xa0, 0xfd, 0xa0, 0xfd,
  0x80, 0xfd, 0xa0, 0xfd, 0xa0, 0xfd, 0xa0, 0xfd, 0xa0, 0xfd, 0xa0, 0xfd,
  0xa0, 0xfd, 0xa0, 0xfd, 0xa0, 0xfd, 0xa0, 0xfd, 0xa0, 0xfd, 0xa0, 0xfd,
  0xa0, 0xfd, 0xa0, 0xfd, 0xa0, 0xfd, 0xa0, 0xfd, 0xa0, 0xfd, 0xa0, 0xfd,
  0xa0, 0xfd, 0xa0, 0xfd, 0xa0, 0xfd, 0xa0, 0xfd, 0xa0, 0xfd, 0xa0, 0xfd,
  0xa1, 0xfd, 0xc1, 0xd4, 0xe0, 0x20, 0x00, 0x00, 0x00, 0x00, 0x00, 0x00,
  0x00, 0x00, 0x00, 0x00, 0x00, 0x00, 0x00, 0x00, 0x00, 0x00, 0x00, 0x00,
  0x00, 0x00, 0x00, 0x00, 0x00, 0x00, 0x00, 0x00, 0x00, 0x00, 0x00, 0x00,
  0x00, 0x00, 0x00, 0x00, 0x00, 0x00, 0x00, 0x00, 0x00, 0x00, 0x00, 0x00,
  0x00, 0x00, 0x00, 0x00, 0x00, 0x00, 0x00, 0x00, 0x00, 0x00, 0x00, 0x00,
  0x00, 0x00, 0x00, 0x00, 0x00, 0x00, 0x00, 0x00, 0x00, 0x00, 0x00, 0x00,
  0x00, 0x00, 0x00, 0x00, 0x00, 0x00, 0x00, 0x00, 0x00, 0x00, 0x00, 0x00,
  0x41, 0x39, 0x42, 0xbc, 0xa2, 0xfd, 0xa1, 0xfd, 0x80, 0xfd, 0xa0, 0xfd,
  0x80, 0xfd, 0xa0, 0xfd, 0xa0, 0xfd, 0xa0, 0xfd, 0xa0, 0xfd, 0xa0, 0xfd,
  0x80, 0xfd, 0x81, 0xfd, 0x81, 0xfd, 0xa0, 0xfd, 0xa0, 0xf5, 0xa0, 0xfd,
  0xa0, 0xfd, 0xa0, 0xfd, 0x80, 0xfd, 0x80, 0xfd, 0xa0, 0xfd, 0xc0, 0xf5,
  0xc0, 0xf5, 0xa1, 0xfd, 0x22, 0xf5, 0x42, 0x6a, 0x00, 0x00, 0x00, 0x00,
  0x00, 0x00, 0x00, 0x00, 0x00, 0x00, 0x00, 0x00, 0x00, 0x00, 0x00, 0x00,
  0x00, 0x00, 0x4b, 0x0a, 0x19, 0x0d, 0x9b, 0x05, 0x9b, 0x05, 0x9b, 0x05,
  0x9a, 0x05, 0x9b, 0x05, 0x9b, 0x05, 0x9b, 0x05, 0x9b, 0x05, 0xbb, 0x05,
  0x9b, 0x05, 0x9b, 0x05, 0x9b, 0x05, 0x9b, 0x05, 0x9b, 0x05, 0x9b, 0x05,
  0x9b, 0x05, 0x9b, 0x05, 0x9b, 0x05, 0x9b, 0x05, 0x9b, 0x05, 0x9b, 0x05,
  0x9b, 0x05, 0x9b, 0x05, 0x9b, 0x05, 0x9b, 0x05, 0x9b, 0x05, 0x9b, 0x05,
  0x9b, 0x05, 0x9b, 0x05, 0x9b, 0x05, 0x7b, 0x05, 0x7c, 0x05, 0x7b, 0x05,
  0x9b, 0x05, 0xba, 0x05, 0xba, 0x05, 0xb7, 0x0c, 0x87, 0x09, 0x00, 0x00,
  0x00, 0x00, 0x00, 0x00, 0x00, 0x00, 0x00, 0x00, 0x00, 0x00, 0x00, 0x00,
  0x00, 0x00, 0x00, 0x00, 0x00, 0x00, 0x00, 0x00, 0x00, 0x00, 0x00, 0x00,
  0x00, 0x00, 0x00, 0x00, 0x00, 0x00, 0x00, 0x00, 0x00, 0x00, 0x00, 0x00,
  0x00, 0x00, 0x00, 0x00, 0x04, 0x09, 0x75, 0x0c, 0x9b, 0x0d, 0x7b, 0x0d,
  0x9b, 0x05, 0xba, 0x05, 0xba, 0x05, 0x9a, 0x05, 0x9b, 0x05, 0x9b, 0x05,
  0x7a, 0x05, 0x9a, 0x05, 0x9b, 0x05, 0x9b, 0x05, 0x9b, 0x05, 0x9b, 0x05,
  0x9b, 0x05, 0x9b, 0x05, 0x9b, 0x05, 0x9b, 0x05, 0x9b, 0x05, 0x9b, 0x05,
  0x9b, 0x05, 0x9b, 0x05, 0x9b, 0x05, 0x9b, 0x05, 0x9b, 0x05, 0x9b, 0x05,
  0x9b, 0x05, 0x9b, 0x05, 0x9b, 0x05, 0x9b, 0x05, 0x9a, 0x05, 0x9a, 0x05,
  0x9b, 0x05, 0x7b, 0x05, 0x9b, 0x05, 0xbb, 0x05, 0x78, 0x0d, 0xab, 0x0a,
  0x00, 0x00, 0x00, 0x00, 0x00, 0x00, 0x00, 0x00, 0x00, 0x00, 0x00, 0x00,
  0x00, 0x00, 0x00, 0x00, 0x00, 0x00, 0x00, 0x19, 0xe1, 0x64, 0x41, 0x76,
  0x21, 0x6e, 0x20, 0x6e, 0x60, 0x6e, 0x60, 0x66, 0x40, 0x6e, 0x21, 0x6e,
  0x20, 0x6e, 0x60, 0x76, 0x60, 0x43, 0x00, 0x00, 0x00, 0x00, 0x00, 0x00,
  0x00, 0x00, 0x00, 0x00, 0x00, 0x00, 0x00, 0x00, 0x00, 0x00, 0x00, 0x00,
  0x00, 0x00, 0x00, 0x00, 0x00, 0x00, 0x00, 0x00, 0x00, 0x00, 0x00, 0x00,
  0x00, 0x00, 0x00, 0x00, 0x00, 0x00, 0x00, 0x00, 0x00, 0x00, 0x00, 0x00,
  0x00, 0x00, 0x00, 0x00, 0x00, 0x00, 0x00, 0x00, 0x00, 0x00, 0x00, 0x00,
  0x00, 0x00, 0x00, 0x00, 0x00, 0x00, 0x00, 0x00, 0x00, 0x00, 0x00, 0x00,
  0x00, 0x00, 0x00, 0x00, 0x00, 0x00, 0x00, 0x00, 0x00, 0x00, 0x00, 0x00,
  0x00, 0x00, 0x00, 0x00, 0x00, 0x00, 0x00, 0x00, 0x00, 0x00, 0x00, 0x00,
  0x00, 0x00, 0x00, 0x00, 0x00, 0x00, 0x00, 0x00, 0x00, 0x00, 0x00, 0x00,
  0x00, 0x00, 0x00, 0x00, 0x00, 0x00, 0x00, 0x00, 0x00, 0x00, 0x00, 0x00,
  0x00, 0x00, 0x00, 0x00, 0x00, 0x00, 0x00, 0x00, 0x00, 0x00, 0x00, 0x00,
  0x00, 0x00, 0x00, 0x00, 0x00, 0x00, 0x00, 0x00, 0x00, 0x00, 0x00, 0x00,
  0x00, 0x00, 0x00, 0x00, 0x00, 0x00, 0x00, 0x00, 0x00, 0x00, 0x00, 0x00,
  0x00, 0x00, 0x00, 0x00, 0x00, 0x00, 0x00, 0x00, 0x00, 0x00, 0x00, 0x00,
  0x00, 0x00, 0x00, 0x00, 0x00, 0x00, 0x00, 0x00, 0x00, 0x00, 0x00, 0x00,
  0x00, 0x00, 0x02, 0x7b, 0xc2, 0xf5, 0x80, 0xfd, 0xa0, 0xfd, 0xa0, 0xf5,
  0xa0, 0xfd, 0xa0, 0xfd, 0x80, 0xfd, 0xa0, 0xfd, 0xa0, 0xfd, 0xa0, 0xfd,
  0xa0, 0xfd, 0xa0, 0xfd, 0xa0, 0xfd, 0xa0, 0xfd, 0xa0, 0xfd, 0xa0, 0xfd,
  0xa0, 0xfd, 0xa0, 0xfd, 0xa0, 0xfd, 0xa0, 0xfd, 0xa0, 0xfd, 0xa0, 0xfd,
  0xa0, 0xfd, 0xa0, 0xfd, 0xa0, 0xfd, 0xa0, 0xfd, 0xa0, 0xfd, 0xa0, 0xfd,
  0xa0, 0xfd, 0xa0, 0xfd, 0xa1, 0xfd, 0xc1, 0xd4, 0xe0, 0x20, 0x00, 0x00,
  0x00, 0x00, 0x00, 0x00, 0x00, 0x00, 0x00, 0x00, 0x00, 0x00, 0x00, 0x00,
  0x00, 0x00, 0x00, 0x00, 0x00, 0x00, 0x00, 0x00, 0x00, 0x00, 0x00, 0x00,
  0x00, 0x00, 0x00, 0x00, 0x00, 0x00, 0x00, 0x00, 0x00, 0x00, 0x00, 0x00,
  0x00, 0x00, 0x00, 0x00, 0x00, 0x00, 0x00, 0x00, 0x00, 0x00, 0x00, 0x00,
  0x00, 0x00, 0x00, 0x00, 0x00, 0x00, 0x00, 0x00, 0x00, 0x00, 0x00, 0x00,
  0x00, 0x00, 0x00, 0x00, 0x00, 0x00, 0x00, 0x00, 0x00, 0x00, 0x00, 0x00,
  0x00, 0x00, 0x00, 0x00, 0x00, 0x00, 0xc1, 0x49, 0xc2, 0xcc, 0xa1, 0xfd,
  0xa0, 0xfd, 0x80, 0xf5, 0xc0, 0xfd, 0x80, 0xfd, 0xa0, 0xfd, 0xa0, 0xfd,
  0xa0, 0xfd, 0xa0, 0xfd, 0xa0, 0xfd, 0xa0, 0xfd, 0xa0, 0xfd, 0xa0, 0xfd,
  0xa0, 0xf5, 0xa0, 0xfd, 0xa0, 0xfd, 0xa0, 0xfd, 0xa0, 0xfd, 0x80, 0xfd,
  0x80, 0xfd, 0xc0, 0xf5, 0xa0, 0xf5, 0xa2, 0xf5, 0x03, 0xb4, 0xa1, 0x18,
  0x00, 0x00, 0x00, 0x00, 0x00, 0x00, 0x00, 0x00, 0x00, 0x00, 0x00, 0x00,
  0x00, 0x00, 0x00, 0x00, 0x04, 0x09, 0x34, 0x14, 0x7b, 0x0d, 0xbb, 0x05,
  0x9b, 0x05, 0x9b, 0x05, 0x9b, 0x05, 0x9b, 0x05, 0x9b, 0x05, 0x9b, 0x05,
  0xbb, 0x05, 0xbb, 0x05, 0x9b, 0x05, 0x9b, 0x05, 0x9b, 0x05, 0x9b, 0x05,
  0x9b, 0x05, 0x9b, 0x05, 0x9b, 0x05, 0x9b, 0x05, 0x9b, 0x05, 0x9b, 0x05,
  0x9b, 0x05, 0x9b, 0x05, 0x9b, 0x05, 0x9b, 0x05, 0x9b, 0x05, 0x9b, 0x05,
  0x9b, 0x05, 0x9b, 0x05, 0x9b, 0x05, 0x9b, 0x05, 0x9a, 0x05, 0x9b, 0x05,
  0x9b, 0x05, 0x9b, 0x05, 0x9b, 0x05, 0xba, 0x05, 0x58, 0x0d, 0xcd, 0x0a,
  0x41, 0x00, 0x00, 0x00, 0x00, 0x00, 0x00, 0x00, 0x00, 0x00, 0x00, 0x00,
  0x00, 0x00, 0x00, 0x00, 0x00, 0x00, 0x00, 0x00, 0x00, 0x00, 0x00, 0x00,
  0x00, 0x00, 0x00, 0x00, 0x00, 0x00, 0x00, 0x00, 0x00, 0x00, 0x00, 0x00,
  0x00, 0x00, 0x00, 0x00, 0x00, 0x00, 0x00, 0x00, 0x20, 0x00, 0x8c, 0x0a,
  0x39, 0x15, 0x7b, 0x0d, 0x9b, 0x05, 0x9a, 0x05, 0x9a, 0x05, 0x9a, 0x05,
  0x9b, 0x05, 0x9b, 0x05, 0x9a, 0x05, 0x9a, 0x05, 0x9b, 0x05, 0x9b, 0x05,
  0x9b, 0x05, 0x9b, 0x05, 0x9b, 0x05, 0x9b, 0x05, 0x9b, 0x05, 0x9b, 0x05,
  0x9b, 0x05, 0x9b, 0x05, 0x9b, 0x05, 0x9b, 0x05, 0x9b, 0x05, 0x9b, 0x05,
  0x9b, 0x05, 0x9b, 0x05, 0x9b, 0x05, 0x9b, 0x05, 0x9b, 0x05, 0x9b, 0x05,
  0x9b, 0x05, 0xba, 0x05, 0x9a, 0x05, 0x9b, 0x05, 0x7b, 0x05, 0xbb, 0x05,
  0xba, 0x05, 0x73, 0x0c, 0x25, 0x09, 0x00, 0x00, 0x00, 0x00, 0x00, 0x00,
  0x00, 0x00, 0x00, 0x00, 0x00, 0x00, 0x00, 0x00, 0x00, 0x00, 0x00, 0x00,
  0xa1, 0x3a, 0xc1, 0x6d, 0x21, 0x6e, 0x40, 0x6e, 0x60, 0x6e, 0x60, 0x66,
  0x40, 0x6e, 0x40, 0x6e, 0x20, 0x6e, 0x41, 0x76, 0x40, 0x43, 0x00, 0x00,
  0x00, 0x00, 0x00, 0x00, 0x00, 0x00, 0x00, 0x00, 0x00, 0x00, 0x00, 0x00,
  0x00, 0x00, 0x00, 0x00, 0x00, 0x00, 0x00, 0x00, 0x00, 0x00, 0x00, 0x00,
  0x00, 0x00, 0x00, 0x00, 0x00, 0x00, 0x00, 0x00, 0x00, 0x00, 0x00, 0x00,
  0x00, 0x00, 0x00, 0x00, 0x00, 0x00, 0x00, 0x00, 0x00, 0x00, 0x00, 0x00,
  0x00, 0x00, 0x00, 0x00, 0x00, 0x00, 0x00, 0x00, 0x00, 0x00, 0x00, 0x00,
  0x00, 0x00, 0x00, 0x00, 0x00, 0x00, 0x00, 0x00, 0x00, 0x00, 0x00, 0x00,
  0x00, 0x00, 0x00, 0x00, 0x00, 0x00, 0x00, 0x00, 0x00, 0x00, 0x00, 0x00,
  0x00, 0x00, 0x00, 0x00, 0x00, 0x00, 0x00, 0x00, 0x00, 0x00, 0x00, 0x00,
  0x00, 0x00, 0x00, 0x00, 0x00, 0x00, 0x00, 0x00, 0x00, 0x00, 0x00, 0x00,
  0x00, 0x00, 0x00, 0x00, 0x00, 0x00, 0x00, 0x00, 0x00, 0x00, 0x00, 0x00,
  0x00, 0x00, 0x00, 0x00, 0x00, 0x00, 0x00, 0x00, 0x00, 0x00, 0x00, 0x00,
  0x00, 0x00, 0x00, 0x00, 0x00, 0x00, 0x00, 0x00, 0x00, 0x00, 0x00, 0x00,
  0x00, 0x00, 0x00, 0x00, 0x00, 0x00, 0x00, 0x00, 0x00, 0x00, 0x00, 0x00,
  0x00, 0x00, 0x00, 0x00, 0x00, 0x00, 0x00, 0x00, 0x00, 0x00, 0x00, 0x00,
  0x00, 0x00, 0x00, 0x00, 0x00, 0x00, 0x02, 0x7b, 0xc2, 0xf5, 0x80, 0xfd,
  0xa0, 0xfd, 0xa0, 0xf5, 0xa0, 0xfd, 0xa0, 0xfd, 0x80, 0xfd, 0xa0, 0xfd,
  0xa0, 0xfd, 0xa0, 0xfd, 0xa0, 0xfd, 0xa0, 0xfd, 0xa0, 0xfd, 0xa0, 0xfd,
  0xa0, 0xfd, 0xa0, 0xfd, 0xa0, 0xfd, 0xa0, 0xfd, 0xa0, 0xfd, 0xa0, 0xfd,
  0xa0, 0xfd, 0xa0, 0xfd, 0xa0, 0xfd, 0xa0, 0xfd, 0xa0, 0xfd, 0xa0, 0xfd,
  0xa0, 0xfd, 0xa0, 0xfd, 0xa0, 0xf5, 0xa0, 0xfd, 0xa0, 0xfd, 0xc1, 0xd4,
  0xe0, 0x20, 0x00, 0x00, 0x00, 0x00, 0x00, 0x00, 0x00, 0x00, 0x00, 0x00,
  0x00, 0x00, 0x00, 0x00, 0x00, 0x00, 0x00, 0x00, 0x00, 0x00, 0x00, 0x00,
  0x00, 0x00, 0x00, 0x00, 0x00, 0x00, 0x00, 0x00, 0x00, 0x00, 0x00, 0x00,
  0x00, 0x00, 0x00, 0x00, 0x00, 0x00, 0x00, 0x00, 0x00, 0x00, 0x00, 0x00,
  0x00, 0x00, 0x00, 0x00, 0x00, 0x00, 0x00, 0x00, 0x00, 0x00, 0x00, 0x00,
  0x00, 0x00, 0x00, 0x00, 0x00, 0x00, 0x00, 0x00, 0x00, 0x00, 0x00, 0x00,
  0x00, 0x00, 0x00, 0x00, 0x00, 0x00, 0x00, 0x00, 0x00, 0x00, 0x00, 0x00,
  0x22, 0x62, 0x01, 0xdd, 0xe2, 0xfd, 0x81, 0xf5, 0x80, 0xf5, 0xa1, 0xfd,
  0xa1, 0xf5, 0xa0, 0xf5, 0xa0, 0xf5, 0xa0, 0xf5, 0xa0, 0xfd, 0xa0, 0xfd,
  0xa0, 0xfd, 0xa0, 0xfd, 0xa0, 0xfd, 0xa1, 0xfd, 0xa1, 0xfd, 0xa0, 0xf5,
  0xc0, 0xf5, 0xa0, 0xf5, 0xa0, 0xfd, 0x80, 0xfd, 0xe1, 0xfd, 0xc3, 0xcc,
  0xc2, 0x41, 0x00, 0x00, 0x00, 0x00, 0x00, 0x00, 0x00, 0x00, 0x00, 0x00,
  0x00, 0x00, 0x00, 0x00, 0x00, 0x00, 0x20, 0x00, 0xed, 0x0a, 0x39, 0x15,
  0x9b, 0x0d, 0x9b, 0x05, 0x9b, 0x05, 0x7a, 0x05, 0x9b, 0x05, 0x9b, 0x05,
  0x9b, 0x05, 0x9b, 0x05, 0x9b, 0x05, 0xbb, 0x05, 0x9b, 0x05, 0x9b, 0x05,
  0x9b, 0x05, 0x9b, 0x05, 0x9b, 0x05, 0x9b, 0x05, 0x9b, 0x05, 0x9b, 0x05,
  0x9b, 0x05, 0x9b, 0x05, 0x9b, 0x05, 0x9b, 0x05, 0x9b, 0x05, 0x9b, 0x05,
  0x9b, 0x05, 0x9b, 0x05, 0x9b, 0x05, 0x9b, 0x05, 0x9b, 0x05, 0x9b, 0x05,
  0xbb, 0x05, 0xbb, 0x05, 0x9a, 0x05, 0x9a, 0x05, 0xbb, 0x05, 0x9a, 0x05,
  0x54, 0x14, 0xc3, 0x08, 0x00, 0x00, 0x00, 0x00, 0x00, 0x00, 0x00, 0x00,
  0x00, 0x00, 0x00, 0x00, 0x00, 0x00, 0x00, 0x00, 0x00, 0x00, 0x00, 0x00,
  0x00, 0x00, 0x00, 0x00, 0x00, 0x00, 0x00, 0x00, 0x00, 0x00, 0x00, 0x00,
  0x00, 0x00, 0x00, 0x00, 0x00, 0x00, 0x00, 0x00, 0x00, 0x00, 0x00, 0x00,
  0x00, 0x00, 0xa3, 0x00, 0xb1, 0x0b, 0x7a, 0x0d, 0x9a, 0x05, 0x7a, 0x0d,
  0x9a, 0x0d, 0x9a, 0x05, 0x9b, 0x05, 0x9b, 0x05, 0x9a, 0x05, 0x9a, 0x05,
  0x9b, 0x05, 0x9b, 0x05, 0x9b, 0x05, 0x9b, 0x05, 0x9b, 0x05, 0x9b, 0x05,
  0x9b, 0x05, 0x9b, 0x05, 0x9b, 0x05, 0x9b, 0x05, 0x9b, 0x05, 0x9b, 0x05,
  0x9b, 0x05, 0x9b, 0x05, 0x9b, 0x05, 0x9b, 0x05, 0x9b, 0x05, 0x9b, 0x05,
  0x9b, 0x05, 0x9a, 0x05, 0x9a, 0x05, 0xba, 0x05, 0xba, 0x05, 0x9b, 0x05,
  0x7b, 0x05, 0x9b, 0x05, 0xba, 0x05, 0x99, 0x15, 0x4f, 0x13, 0x62, 0x00,
  0x00, 0x00, 0x00, 0x00, 0x00, 0x00, 0x00, 0x00, 0x00, 0x00, 0x00, 0x00,
  0x00, 0x00, 0x00, 0x00, 0xc1, 0x10, 0x21, 0x54, 0x61, 0x76, 0x20, 0x6e,
  0x40, 0x6e, 0x40, 0x66, 0x40, 0x66, 0x40, 0x6e, 0x40, 0x6e, 0x41, 0x76,
  0x21, 0x43, 0x00, 0x00, 0x00, 0x00, 0x00, 0x00, 0x00, 0x00, 0x00, 0x00,
  0x00, 0x00, 0x00, 0x00, 0x00, 0x00, 0x00, 0x00, 0x00, 0x00, 0x00, 0x00,
  0x00, 0x00, 0x00, 0x00, 0x00, 0x00, 0x00, 0x00, 0x00, 0x00, 0x00, 0x00,
  0x00, 0x00, 0x00, 0x00, 0x00, 0x00, 0x00, 0x00, 0x00, 0x00, 0x00, 0x00,
  0x00, 0x00, 0x00, 0x00, 0x00, 0x00, 0x00, 0x00, 0x00, 0x00, 0x00, 0x00,
  0x00, 0x00, 0x00, 0x00, 0x00, 0x00, 0x00, 0x00, 0x00, 0x00, 0x00, 0x00,
  0x00, 0x00, 0x00, 0x00, 0x00, 0x00, 0x00, 0x00, 0x00, 0x00, 0x00, 0x00,
  0x00, 0x00, 0x00, 0x00, 0x00, 0x00, 0x00, 0x00, 0x00, 0x00, 0x00, 0x00,
  0x00, 0x00, 0x00, 0x00, 0x00, 0x00, 0x00, 0x00, 0x00, 0x00, 0x00, 0x00,
  0x00, 0x00, 0x00, 0x00, 0x00, 0x00, 0x00, 0x00, 0x00, 0x00, 0x00, 0x00,
  0x00, 0x00, 0x00, 0x00, 0x00, 0x00, 0x00, 0x00, 0x00, 0x00, 0x00, 0x00,
  0x00, 0x00, 0x00, 0x00, 0x00, 0x00, 0x00, 0x00, 0x00, 0x00, 0x00, 0x00,
  0x00, 0x00, 0x00, 0x00, 0x00, 0x00, 0x00, 0x00, 0x00, 0x00, 0x00, 0x00,
  0x00, 0x00, 0x00, 0x00, 0x00, 0x00, 0x00, 0x00, 0x00, 0x00, 0x00, 0x00,
  0x00, 0x00, 0x00, 0x00, 0x00, 0x00, 0x00, 0x00, 0x00, 0x00, 0x02, 0x7b,
  0xc2, 0xf5, 0x80, 0xfd, 0xa0, 0xfd, 0xa0, 0xf5, 0xa0, 0xfd, 0xa0, 0xfd,
  0x80, 0xfd, 0xa0, 0xfd, 0xa0, 0xfd, 0xa0, 0xfd, 0xa0, 0xfd, 0xa0, 0xfd,
  0xa0, 0xfd, 0xa0, 0xfd, 0xa0, 0xfd, 0xa0, 0xfd, 0xa0, 0xfd, 0xa0, 0xfd,
  0xa0, 0xfd, 0xa0, 0xfd, 0xa0, 0xfd, 0xa0, 0xfd, 0xa0, 0xfd, 0xa0, 0xfd,
  0xa0, 0xfd, 0xa0, 0xfd, 0xa0, 0xfd, 0xa0, 0xfd, 0xa0, 0xfd, 0xa0, 0xfd,
  0xc0, 0xfd, 0xc1, 0xd4, 0xe0, 0x20, 0x00, 0x00, 0x00, 0x00, 0x00, 0x00,
  0x00, 0x00, 0x00, 0x00, 0x00, 0x00, 0x00, 0x00, 0x00, 0x00, 0x00, 0x00,
  0x00, 0x00, 0x00, 0x00, 0x00, 0x00, 0x00, 0x00, 0x00, 0x00, 0x00, 0x00,
  0x00, 0x00, 0x00, 0x00, 0x00, 0x00, 0x00, 0x00, 0x00, 0x00, 0x00, 0x00,
  0x00, 0x00, 0x00, 0x00, 0x00, 0x00, 0x00, 0x00, 0x00, 0x00, 0x00, 0x00,
  0x00, 0x00, 0x00, 0x00, 0x00, 0x00, 0x00, 0x00, 0x00, 0x00, 0x00, 0x00,
  0x00, 0x00, 0x00, 0x00, 0x00, 0x00, 0x00, 0x00, 0x00, 0x00, 0x00, 0x00,
  0x00, 0x00, 0x00, 0x00, 0x40, 0x08, 0xe2, 0x7a, 0x42, 0xe5, 0xc1, 0xfd,
  0xa1, 0xfd, 0x81, 0xf5, 0xa0, 0xfd, 0xa0, 0xf5, 0xa0, 0xf5, 0xa0, 0xf5,
  0xc0, 0xf5, 0xc0, 0xf5, 0xa0, 0xfd, 0xa0, 0xfd, 0x80, 0xfd, 0x81, 0xfd,
  0xa1, 0xfd, 0xa0, 0xfd, 0xc0, 0xf5, 0xc0, 0xf5, 0xa0, 0xfd, 0xa0, 0xfd,
  0x62, 0xed, 0xe3, 0x72, 0x20, 0x08, 0x00, 0x00, 0x00, 0x00, 0x00, 0x00,
  0x00, 0x00, 0x00, 0x00, 0x00, 0x00, 0x00, 0x00, 0x00, 0x00, 0x87, 0x09,
  0xb6, 0x14, 0x7a, 0x0d, 0x7a, 0x05, 0x9a, 0x05, 0x9a, 0x05, 0x9a, 0x05,
  0x9b, 0x05, 0x9b, 0x05, 0x9b, 0x05, 0x9b, 0x05, 0x9b, 0x05, 0x9b, 0x05,
  0x9b, 0x05, 0x9b, 0x05, 0x9b, 0x05, 0x9b, 0x05, 0x9b, 0x05, 0x9b, 0x05,
  0x9b, 0x05, 0x9b, 0x05, 0x9b, 0x05, 0x9b, 0x05, 0x9b, 0x05, 0x9b, 0x05,
  0x9b, 0x05, 0x9b, 0x05, 0x9b, 0x05, 0x9b, 0x05, 0x9b, 0x05, 0x9b, 0x05,
  0x9b, 0x05, 0x9b, 0x05, 0xbb, 0x05, 0xba, 0x05, 0x9a, 0x05, 0x9a, 0x05,
  0xbb, 0x05, 0x18, 0x0d, 0x09, 0x0a, 0x00, 0x00, 0x00, 0x00, 0x00, 0x00,
  0x00, 0x00, 0x00, 0x00, 0x00, 0x00, 0x00, 0x00, 0x00, 0x00, 0x00, 0x00,
  0x00, 0x00, 0x00, 0x00, 0x00, 0x00, 0x00, 0x00, 0x00, 0x00, 0x00, 0x00,
  0x00, 0x00, 0x00, 0x00, 0x00, 0x00, 0x00, 0x00, 0x00, 0x00, 0x00, 0x00,
  0x00, 0x00, 0x00, 0x00, 0x00, 0x00, 0x00, 0x00, 0x87, 0x09, 0xd6, 0x14,
  0x9a, 0x0d, 0x7a, 0x05, 0x7a, 0x05, 0x9a, 0x05, 0x9a, 0x05, 0x9b, 0x05,
  0x9a, 0x05, 0x9b, 0x05, 0x9b, 0x05, 0x9b, 0x05, 0x9b, 0x05, 0x9b, 0x05,
  0x9b, 0x05, 0x9b, 0x05, 0x9b, 0x05, 0x9b, 0x05, 0x9b, 0x05, 0x9b, 0x05,
  0x9b, 0x05, 0x9b, 0x05, 0x9b, 0x05, 0x9b, 0x05, 0x9b, 0x05, 0x9b, 0x05,
  0x9b, 0x05, 0x9b, 0x05, 0x9b, 0x05, 0x9a, 0x05, 0x9a, 0x05, 0xba, 0x05,
  0xba, 0x05, 0x9a, 0x05, 0x9b, 0x05, 0x9b, 0x05, 0xbb, 0x05, 0x9a, 0x05,
  0x17, 0x0d, 0x09, 0x0a, 0x00, 0x00, 0x00, 0x00, 0x00, 0x00, 0x00, 0x00,
  0x00, 0x00, 0x00, 0x00, 0x00, 0x00, 0x00, 0x00, 0x00, 0x00, 0xa1, 0x21,
  0x21, 0x65, 0x40, 0x76, 0x40, 0x6e, 0x61, 0x66, 0x61, 0x66, 0x60, 0x6e,
  0x40, 0x6e, 0x42, 0x76, 0x21, 0x3b, 0x00, 0x00, 0x00, 0x00, 0x00, 0x00,
  0x00, 0x00, 0x00, 0x00, 0x00, 0x00, 0x00, 0x00, 0x00, 0x00, 0x00, 0x00,
  0x00, 0x00, 0x00, 0x00, 0x00, 0x00, 0x00, 0x00, 0x00, 0x00, 0x00, 0x00,
  0x00, 0x00, 0x00, 0x00, 0x00, 0x00, 0x00, 0x00, 0x00, 0x00, 0x00, 0x00,
  0x00, 0x00, 0x00, 0x00, 0x00, 0x00, 0x00, 0x00, 0x00, 0x00, 0x00, 0x00,
  0x00, 0x00, 0x00, 0x00, 0x00, 0x00, 0x00, 0x00, 0x00, 0x00, 0x00, 0x00,
  0x00, 0x00, 0x00, 0x00, 0x00, 0x00, 0x00, 0x00, 0x00, 0x00, 0x00, 0x00,
  0x00, 0x00, 0x00, 0x00, 0x00, 0x00, 0x00, 0x00, 0x00, 0x00, 0x00, 0x00,
  0x00, 0x00, 0x00, 0x00, 0x00, 0x00, 0x00, 0x00, 0x00, 0x00, 0x00, 0x00,
  0x00, 0x00, 0x00, 0x00, 0x00, 0x00, 0x00, 0x00, 0x00, 0x00, 0x00, 0x00,
  0x00, 0x00, 0x00, 0x00, 0x00, 0x00, 0x00, 0x00, 0x00, 0x00, 0x00, 0x00,
  0x00, 0x00, 0x00, 0x00, 0x00, 0x00, 0x00, 0x00, 0x00, 0x00, 0x00, 0x00,
  0x00, 0x00, 0x00, 0x00, 0x00, 0x00, 0x00, 0x00, 0x00, 0x00, 0x00, 0x00,
  0x00, 0x00, 0x00, 0x00, 0x00, 0x00, 0x00, 0x00, 0x00, 0x00, 0x00, 0x00,
  0x00, 0x00, 0x00, 0x00, 0x00, 0x00, 0x00, 0x00, 0x00, 0x00, 0x00, 0x00,
  0x00, 0x00, 0x02, 0x7b, 0xc2, 0xf5, 0x80, 0xfd, 0xa0, 0xfd, 0xa0, 0xf5,
  0xa0, 0xfd, 0xa0, 0xfd, 0x80, 0xfd, 0xa0, 0xfd, 0xa0, 0xfd, 0xa0, 0xfd,
  0xa0, 0xfd, 0xa0, 0xfd, 0xa0, 0xfd, 0xa0, 0xfd, 0xa0, 0xfd, 0xa0, 0xfd,
  0xa0, 0xfd, 0xa0, 0xfd, 0xa0, 0xfd, 0xa0, 0xfd, 0xa0, 0xfd, 0xa0, 0xfd,
  0xa0, 0xfd, 0xa0, 0xfd, 0xa0, 0xfd, 0xa0, 0xfd, 0xa0, 0xfd, 0xa0, 0xfd,
  0xa0, 0xfd, 0xa0, 0xfd, 0xa0, 0xfd, 0xc1, 0xd4, 0xe0, 0x20, 0x00, 0x00,
  0x00, 0x00, 0x00, 0x00, 0x00, 0x00, 0x00, 0x00, 0x00, 0x00, 0x00, 0x00,
  0x00, 0x00, 0x00, 0x00, 0x00, 0x00, 0x00, 0x00, 0x00, 0x00, 0x00, 0x00,
  0x00, 0x00, 0x00, 0x00, 0x00, 0x00, 0x00, 0x00, 0x00, 0x00, 0x00, 0x00,
  0x00, 0x00, 0x00, 0x00, 0x00, 0x00, 0x00, 0x00, 0x00, 0x00, 0x00, 0x00,
  0x00, 0x00, 0x00, 0x00, 0x00, 0x00, 0x00, 0x00, 0x00, 0x00, 0x00, 0x00,
  0x00, 0x00, 0x00, 0x00, 0x00, 0x00, 0x00, 0x00, 0x00, 0x00, 0x00, 0x00,
  0x00, 0x00, 0x00, 0x00, 0x00, 0x00, 0x00, 0x00, 0x00, 0x00, 0x81, 0x10,
  0x62, 0x93, 0x81, 0xf5, 0x81, 0xfd, 0x81, 0xfd, 0xa0, 0xfd, 0x80, 0xfd,
  0xa0, 0xfd, 0xa0, 0xfd, 0xa0, 0xf5, 0xc0, 0xf5, 0xa0, 0xf5, 0xa0, 0xfd,
  0xa0, 0xfd, 0x81, 0xfd, 0xa1, 0xfd, 0xa0, 0xfd, 0xc0, 0xf5, 0xc0, 0xf5,
  0xa0, 0xfd, 0xa1, 0xfd, 0x22, 0xb4, 0xc1, 0x20, 0x00, 0x00, 0x00, 0x00,
  0x00, 0x00, 0x00, 0x00, 0x00, 0x00, 0x00, 0x00, 0x00, 0x00, 0x00, 0x00,
  0xa2, 0x00, 0xb1, 0x13, 0x7a, 0x0d, 0x9a, 0x05, 0x9a, 0x05, 0x9b, 0x05,
  0x9b, 0x05, 0x9a, 0x05, 0x9b, 0x05, 0x9b, 0x05, 0x9b, 0x05, 0x9b, 0x05,
  0x9b, 0x05, 0x9b, 0x05, 0x9b, 0x05, 0x9b, 0x05, 0x9b, 0x05, 0x9b, 0x05,
  0x9b, 0x05, 0x9b, 0x05, 0x9b, 0x05, 0x9b, 0x05, 0x9b, 0x05, 0x9b, 0x05,
  0x9b, 0x05, 0x9b, 0x05, 0x9b, 0x05, 0x9b, 0x05, 0x9b, 0x05, 0x9b, 0x05,
  0x9b, 0x05, 0x9b, 0x05, 0x9b, 0x05, 0x9b, 0x05, 0x9b, 0x05, 0x9a, 0x05,
  0x9a, 0x05, 0x9a, 0x0d, 0x7a, 0x0d, 0x91, 0x0b, 0x62, 0x00, 0x00, 0x00,
  0x00, 0x00, 0x00, 0x00, 0x00, 0x00, 0x00, 0x00, 0x00, 0x00, 0x00, 0x00,
  0x00, 0x00, 0x00, 0x00, 0x00, 0x00, 0x00, 0x00, 0x00, 0x00, 0x00, 0x00,
  0x00, 0x00, 0x00, 0x00, 0x00, 0x00, 0x00, 0x00, 0x00, 0x00, 0x00, 0x00,
  0x00, 0x00, 0x00, 0x00, 0x00, 0x00, 0x00, 0x00, 0x00, 0x00, 0x00, 0x00,
  0x20, 0x00, 0xcc, 0x0a, 0x59, 0x0d, 0x9b, 0x05, 0x9a, 0x05, 0x9a, 0x05,
  0x9a, 0x05, 0x9b, 0x05, 0x9b, 0x05, 0x9b, 0x05, 0x9b, 0x05, 0x9b, 0x05,
  0x9b, 0x05, 0x9b, 0x05, 0x9b, 0x05, 0x9b, 0x05, 0x9b, 0x05, 0x9b, 0x05,
  0x9b, 0x05, 0x9b, 0x05, 0x9b, 0x05, 0x9b, 0x05, 0x9b, 0x05, 0x9b, 0x05,
  0x9b, 0x05, 0x9b, 0x05, 0x9b, 0x05, 0x9b, 0x05, 0x9b, 0x05, 0x9b, 0x05,
  0x9a, 0x05, 0xba, 0x05, 0xba, 0x05, 0x9a, 0x05, 0x9b, 0x05, 0x9b, 0x05,
  0x9b, 0x05, 0xbb, 0x05, 0x9a, 0x05, 0x33, 0x0c, 0xe4, 0x00, 0x00, 0x00,
  0x00, 0x00, 0x00, 0x00, 0x00, 0x00, 0x00, 0x00, 0x00, 0x00, 0x00, 0x00,
  0x00, 0x00, 0x20, 0x00, 0x01, 0x3b, 0xe1, 0x75, 0x40, 0x6e, 0x61, 0x6e,
  0x41, 0x66, 0x60, 0x6e, 0x40, 0x6e, 0x42, 0x76, 0x21, 0x3b, 0x00, 0x00,
  0x00, 0x00, 0x00, 0x00, 0x00, 0x00, 0x00, 0x00, 0x00, 0x00, 0x00, 0x00,
  0x00, 0x00, 0x00, 0x00, 0x00, 0x00, 0x00, 0x00, 0x00, 0x00, 0x00, 0x00,
  0x00, 0x00, 0x00, 0x00, 0x00, 0x00, 0x00, 0x00, 0x00, 0x00, 0x00, 0x00,
  0x00, 0x00, 0x00, 0x00, 0x00, 0x00, 0x00, 0x00, 0x00, 0x00, 0x00, 0x00,
  0x00, 0x00, 0x00, 0x00, 0x00, 0x00, 0x00, 0x00, 0x00, 0x00, 0x00, 0x00,
  0x00, 0x00, 0x00, 0x00, 0x00, 0x00, 0x00, 0x00, 0x00, 0x00, 0x00, 0x00,
  0x00, 0x00, 0x00, 0x00, 0x00, 0x00, 0x00, 0x00, 0x00, 0x00, 0x00, 0x00,
  0x00, 0x00, 0x00, 0x00, 0x00, 0x00, 0x00, 0x00, 0x00, 0x00, 0x00, 0x00,
  0x00, 0x00, 0x00, 0x00, 0x00, 0x00, 0x00, 0x00, 0x00, 0x00, 0x00, 0x00,
  0x00, 0x00, 0x00, 0x00, 0x00, 0x00, 0x00, 0x00, 0x00, 0x00, 0x00, 0x00,
  0x00, 0x00, 0x00, 0x00, 0x00, 0x00, 0x00, 0x00, 0x00, 0x00, 0x00, 0x00,
  0x00, 0x00, 0x00, 0x00, 0x00, 0x00, 0x00, 0x00, 0x00, 0x00, 0x00, 0x00,
  0x00, 0x00, 0x00, 0x00, 0x00, 0x00, 0x00, 0x00, 0x00, 0x00, 0x00, 0x00,
  0x00, 0x00, 0x00, 0x00, 0x00, 0x00, 0x00, 0x00, 0x00, 0x00, 0x00, 0x00,
  0x00, 0x00, 0x00, 0x00, 0x00, 0x00, 0x02, 0x7b, 0xc2, 0xf5, 0xa1, 0xfd,
  0xa0, 0xfd, 0xa0, 0xf5, 0xa0, 0xfd, 0xa0, 0xfd, 0x80, 0xfd, 0xa0, 0xfd,
  0xa0, 0xfd, 0xa0, 0xfd, 0xa0, 0xfd, 0xa0, 0xfd, 0xa0, 0xfd, 0xa0, 0xfd,
  0xa0, 0xfd, 0xa0, 0xfd, 0xa0, 0xfd, 0xa0, 0xfd, 0xa0, 0xfd, 0xa0, 0xfd,
  0xa0, 0xfd, 0xa0, 0xfd, 0xa0, 0xfd, 0xa0, 0xfd, 0xa0, 0xfd, 0xa0, 0xfd,
  0xa0, 0xfd, 0xa0, 0xfd, 0xa0, 0xfd, 0xa0, 0xfd, 0xa0, 0xfd, 0xc1, 0xd4,
  0xe0, 0x28, 0x00, 0x00, 0x00, 0x00, 0x00, 0x00, 0x00, 0x00, 0x00, 0x00,
  0x00, 0x00, 0x00, 0x00, 0x00, 0x00, 0x00, 0x00, 0x00, 0x00, 0x00, 0x00,
  0x00, 0x00, 0x00, 0x00, 0x00, 0x00, 0x00, 0x00, 0x00, 0x00, 0x00, 0x00,
  0x00, 0x00, 0x00, 0x00, 0x00, 0x00, 0x00, 0x00, 0x00, 0x00, 0x00, 0x00,
  0x00, 0x00, 0x00, 0x00, 0x00, 0x00, 0x00, 0x00, 0x00, 0x00, 0x00, 0x00,
  0x00, 0x00, 0x00, 0x00, 0x00, 0x00, 0x00, 0x00, 0x00, 0x00, 0x00, 0x00,
  0x00, 0x00, 0x00, 0x00, 0x00, 0x00, 0x00, 0x00, 0x00, 0x00, 0x00, 0x00,
  0x00, 0x00, 0x00, 0x00, 0xc0, 0x18, 0xa1, 0xa3, 0x61, 0xf5, 0xa0, 0xfd,
  0xa0, 0xfd, 0x80, 0xfd, 0xa0, 0xfd, 0x80, 0xfd, 0xa0, 0xfd, 0xa0, 0xf5,
  0xa0, 0xf5, 0xa0, 0xfd, 0xa0, 0xfd, 0xa0, 0xfd, 0xa0, 0xfd, 0x80, 0xfd,
  0x80, 0xfd, 0xa0, 0xfd, 0xa0, 0xfd, 0x22, 0xe5, 0x22, 0x5a, 0x00, 0x00,
  0x00, 0x00, 0x00, 0x00, 0x00, 0x00, 0x00, 0x00, 0x00, 0x00, 0x00, 0x00,
  0x00, 0x00, 0x00, 0x00, 0x4b, 0x0a, 0x39, 0x15, 0x9b, 0x05, 0xb9, 0x05,
  0x9a, 0x05, 0x9b, 0x05, 0x9b, 0x05, 0x9b, 0x05, 0x9b, 0x05, 0x9b, 0x05,
  0x9b, 0x05, 0x9b, 0x05, 0x9b, 0x05, 0x9b, 0x05, 0x9b, 0x05, 0x9b, 0x05,
  0x9b, 0x05, 0x9b, 0x05, 0x9b, 0x05, 0x9b, 0x05, 0x9b, 0x05, 0x9b, 0x05,
  0x9b, 0x05, 0x9b, 0x05, 0x9b, 0x05, 0x9b, 0x05, 0x9b, 0x05, 0x9b, 0x05,
  0x9b, 0x05, 0x9b, 0x05, 0x9b, 0x05, 0x9b, 0x05, 0x9b, 0x05, 0x9b, 0x05,
  0x9a, 0x05, 0x9a, 0x05, 0x7a, 0x05, 0x9a, 0x0d, 0x75, 0x0c, 0x46, 0x09,
  0x00, 0x00, 0x00, 0x00, 0x00, 0x00, 0x00, 0x00, 0x00, 0x00, 0x00, 0x00,
  0x00, 0x00, 0x00, 0x00, 0x00, 0x00, 0x00, 0x00, 0x00, 0x00, 0x00, 0x00,
  0x00, 0x00, 0x00, 0x00, 0x00, 0x00, 0x00, 0x00, 0x00, 0x00, 0x00, 0x00,
  0x00, 0x00, 0x00, 0x00, 0x00, 0x00, 0x00, 0x00, 0x00, 0x00, 0x00, 0x00,
  0x00, 0x00, 0x00, 0x00, 0x00, 0x00, 0xe4, 0x08, 0x33, 0x0c, 0xbb, 0x05,
  0xbb, 0x05, 0x9b, 0x05, 0x9a, 0x05, 0x7a, 0x05, 0x9b, 0x05, 0x9b, 0x05,
  0x9b, 0x05, 0x9b, 0x05, 0x9b, 0x05, 0x9b, 0x05, 0x9b, 0x05, 0x9b, 0x05,
  0x9b, 0x05, 0x9b, 0x05, 0x9b, 0x05, 0x9b, 0x05, 0x9b, 0x05, 0x9b, 0x05,
  0x9b, 0x05, 0x9b, 0x05, 0x9b, 0x05, 0x9b, 0x05, 0x9b, 0x05, 0x9b, 0x05,
  0x9b, 0x05, 0x9b, 0x05, 0x9b, 0x05, 0xba, 0x05, 0xba, 0x05, 0x9a, 0x05,
  0x9a, 0x05, 0x9b, 0x05, 0x9a, 0x05, 0x9a, 0x05, 0xba, 0x05, 0x79, 0x05,
  0x0d, 0x0b, 0x20, 0x00, 0x00, 0x00, 0x00, 0x00, 0x00, 0x00, 0x00, 0x00,
  0x00, 0x00, 0x00, 0x00, 0x00, 0x00, 0x00, 0x00, 0xe0, 0x10, 0x61, 0x5c,
  0x20, 0x76, 0x60, 0x6e, 0x41, 0x66, 0x40, 0x6e, 0x40, 0x6e, 0x41, 0x76,
  0x21, 0x3b, 0x00, 0x00, 0x00, 0x00, 0x00, 0x00, 0x00, 0x00, 0x00, 0x00,
  0x00, 0x00, 0x00, 0x00, 0x00, 0x00, 0x00, 0x00, 0x00, 0x00, 0x00, 0x00,
  0x00, 0x00, 0x00, 0x00, 0x00, 0x00, 0x00, 0x00, 0x00, 0x00, 0x00, 0x00,
  0x00, 0x00, 0x00, 0x00, 0x00, 0x00, 0x00, 0x00, 0x00, 0x00, 0x00, 0x00,
  0x00, 0x00, 0x00, 0x00, 0x00, 0x00, 0x00, 0x00, 0x00, 0x00, 0x00, 0x00,
  0x00, 0x00, 0x00, 0x00, 0x00, 0x00, 0x00, 0x00, 0x00, 0x00, 0x00, 0x00,
  0x00, 0x00, 0x00, 0x00, 0x00, 0x00, 0x00, 0x00, 0x00, 0x00, 0x00, 0x00,
  0x00, 0x00, 0x00, 0x00, 0x00, 0x00, 0x00, 0x00, 0x00, 0x00, 0x00, 0x00,
  0x00, 0x00, 0x00, 0x00, 0x00, 0x00, 0x00, 0x00, 0x00, 0x00, 0x00, 0x00,
  0x00, 0x00, 0x00, 0x00, 0x00, 0x00, 0x00, 0x00, 0x00, 0x00, 0x00, 0x00,
  0x00, 0x00, 0x00, 0x00, 0x00, 0x00, 0x00, 0x00, 0x00, 0x00, 0x00, 0x00,
  0x00, 0x00, 0x00, 0x00, 0x00, 0x00, 0x00, 0x00, 0x00, 0x00, 0x00, 0x00,
  0x00, 0x00, 0x00, 0x00, 0x00, 0x00, 0x00, 0x00, 0x00, 0x00, 0x00, 0x00,
  0x00, 0x00, 0x00, 0x00, 0x00, 0x00, 0x00, 0x00, 0x00, 0x00, 0x00, 0x00,
  0x00, 0x00, 0x00, 0x00, 0x00, 0x00, 0x00, 0x00, 0x00, 0x00, 0x02, 0x7b,
  0xc2, 0xf5, 0xa1, 0xfd, 0xa0, 0xfd, 0xa0, 0xf5, 0xa0, 0xfd, 0xa0, 0xfd,
  0x80, 0xfd, 0xa0, 0xfd, 0xa0, 0xfd, 0xa0, 0xfd, 0xa0, 0xfd, 0xa0, 0xfd,
  0xa0, 0xfd, 0xa0, 0xfd, 0xa0, 0xfd, 0xa0, 0xfd, 0xa0, 0xfd, 0xa0, 0xfd,
  0xa0, 0xfd, 0xa0, 0xfd, 0xa0, 0xfd, 0xa0, 0xfd, 0xa0, 0xfd, 0xa0, 0xfd,
  0xa0, 0xfd, 0xa0, 0xfd, 0xa0, 0xfd, 0xa0, 0xfd, 0xa0, 0xfd, 0xa0, 0xfd,
  0xa0, 0xfd, 0xc1, 0xd4, 0xe0, 0x28, 0x00, 0x00, 0x00, 0x00, 0x00, 0x00,
  0x00, 0x00, 0x00, 0x00, 0x00, 0x00, 0x00, 0x00, 0x00, 0x00, 0x00, 0x00,
  0x00, 0x00, 0x00, 0x00, 0x00, 0x00, 0x00, 0x00, 0x00, 0x00, 0x00, 0x00,
  0x00, 0x00, 0x00, 0x00, 0x00, 0x00, 0x00, 0x00, 0x00, 0x00, 0x00, 0x00,
  0x00, 0x00, 0x00, 0x00, 0x00, 0x00, 0x00, 0x00, 0x00, 0x00, 0x00, 0x00,
  0x00, 0x00, 0x00, 0x00, 0x00, 0x00, 0x00, 0x00, 0x00, 0x00, 0x00, 0x00,
  0x00, 0x00, 0x00, 0x00, 0x00, 0x00, 0x00, 0x00, 0x00, 0x00, 0x00, 0x00,
  0x00, 0x00, 0x00, 0x00, 0x00, 0x00, 0x00, 0x00, 0x00, 0x00, 0xe1, 0x20,
  0xc1, 0xab, 0x81, 0xf5, 0xa0, 0xfd, 0xa0, 0xfd, 0x80, 0xfd, 0x80, 0xfd,
  0x80, 0xfd, 0xa0, 0xf5, 0xa0, 0xf5, 0xa0, 0xfd, 0xa0, 0xfd, 0xa0, 0xfd,
  0xa0, 0xfd, 0x80, 0xfd, 0x60, 0xfd, 0xa1, 0xfd, 0x82, 0xf5, 0x82, 0x93,
  0x60, 0x10, 0x00, 0x00, 0x00, 0x00, 0x00, 0x00, 0x00, 0x00, 0x00, 0x00,
  0x00, 0x00, 0x00, 0x00, 0x00, 0x00, 0xe4, 0x00, 0x34, 0x0c, 0x9c, 0x0d,
  0x9a, 0x05, 0xb9, 0x05, 0x9a, 0x05, 0x9b, 0x05, 0x9b, 0x05, 0x9b, 0x05,
  0x9b, 0x05, 0x9b, 0x05, 0x9b, 0x05, 0x9b, 0x05, 0x9b, 0x05, 0x9b, 0x05,
  0x9b, 0x05, 0x9b, 0x05, 0x9b, 0x05, 0x9b, 0x05, 0x9b, 0x05, 0x9b, 0x05,
  0x9b, 0x05, 0x9b, 0x05, 0x9b, 0x05, 0x9b, 0x05, 0x9b, 0x05, 0x9b, 0x05,
  0x9b, 0x05, 0x9b, 0x05, 0x9b, 0x05, 0x9a, 0x05, 0x9b, 0x05, 0x9b, 0x05,
  0x9b, 0x05, 0x9b, 0x05, 0xba, 0x05, 0xbb, 0x05, 0x9a, 0x05, 0x59, 0x15,
  0x6b, 0x0a, 0x20, 0x00, 0x00, 0x00, 0x00, 0x00, 0x00, 0x00, 0x00, 0x00,
  0x00, 0x00, 0x00, 0x00, 0x00, 0x00, 0x00, 0x00, 0x00, 0x00, 0x00, 0x00,
  0x00, 0x00, 0x00, 0x00, 0x00, 0x00, 0x00, 0x00, 0x00, 0x00, 0x00, 0x00,
  0x00, 0x00, 0x00, 0x00, 0x00, 0x00, 0x00, 0x00, 0x00, 0x00, 0x00, 0x00,
  0x00, 0x00, 0x00, 0x00, 0x00, 0x00, 0x00, 0x00, 0x00, 0x00, 0x00, 0x00,
  0x09, 0x0a, 0x38, 0x05, 0xdb, 0x05, 0x9a, 0x05, 0xbb, 0x0d, 0x9b, 0x05,
  0x7b, 0x05, 0x9b, 0x05, 0x9b, 0x05, 0x9b, 0x05, 0x9b, 0x05, 0x9b, 0x05,
  0x9b, 0x05, 0x9b, 0x05, 0x9b, 0x05, 0x9b, 0x05, 0x9b, 0x05, 0x9b, 0x05,
  0x9b, 0x05, 0x9b, 0x05, 0x9b, 0x05, 0x9b, 0x05, 0x9b, 0x05, 0x9b, 0x05,
  0x9b, 0x05, 0x9b, 0x05, 0x9b, 0x05, 0x9b, 0x05, 0x9b, 0x05, 0x9b, 0x05,
  0x9b, 0x05, 0x9a, 0x05, 0x9a, 0x05, 0x7a, 0x05, 0x7a, 0x05, 0x9a, 0x05,
  0x9a, 0x05, 0xba, 0x05, 0xf7, 0x04, 0x87, 0x01, 0x00, 0x00, 0x00, 0x00,
  0x00, 0x00, 0x00, 0x00, 0x00, 0x00, 0x00, 0x00, 0x00, 0x00, 0x00, 0x00,
  0x00, 0x00, 0x01, 0x2a, 0x81, 0x6d, 0x60, 0x76, 0x41, 0x6e, 0x40, 0x6e,
  0x40, 0x6e, 0x61, 0x76, 0x40, 0x3b, 0x00, 0x00, 0x00, 0x00, 0x00, 0x00,
  0x00, 0x00, 0x00, 0x00, 0x00, 0x00, 0x00, 0x00, 0x00, 0x00, 0x00, 0x00,
  0x00, 0x00, 0x00, 0x00, 0x00, 0x00, 0x00, 0x00, 0x00, 0x00, 0x00, 0x00,
  0x00, 0x00, 0x00, 0x00, 0x00, 0x00, 0x00, 0x00, 0x00, 0x00, 0x00, 0x00,
  0x00, 0x00, 0x00, 0x00, 0x00, 0x00, 0x00, 0x00, 0x00, 0x00, 0x00, 0x00,
  0x00, 0x00, 0x00, 0x00, 0x00, 0x00, 0x00, 0x00, 0x00, 0x00, 0x00, 0x00,
  0x00, 0x00, 0x00, 0x00, 0x00, 0x00, 0x00, 0x00, 0x00, 0x00, 0x00, 0x00,
  0x00, 0x00, 0x00, 0x00, 0x00, 0x00, 0x00, 0x00, 0x00, 0x00, 0x00, 0x00,
  0x00, 0x00, 0x00, 0x00, 0x00, 0x00, 0x00, 0x00, 0x00, 0x00, 0x00, 0x00,
  0x00, 0x00, 0x00, 0x00, 0x00, 0x00, 0x00, 0x00, 0x00, 0x00, 0x00, 0x00,
  0x00, 0x00, 0x00, 0x00, 0x00, 0x00, 0x00, 0x00, 0x00, 0x00, 0x00, 0x00,
  0x00, 0x00, 0x00, 0x00, 0x00, 0x00, 0x00, 0x00, 0x00, 0x00, 0x00, 0x00,
  0x00, 0x00, 0x00, 0x00, 0x00, 0x00, 0x00, 0x00, 0x00, 0x00, 0x00, 0x00,
  0x00, 0x00, 0x00, 0x00, 0x00, 0x00, 0x00, 0x00, 0x00, 0x00, 0x00, 0x00,
  0x00, 0x00, 0x00, 0x00, 0x00, 0x00, 0x00, 0x00, 0x00, 0x00, 0x00, 0x00,
  0x00, 0x00, 0x02, 0x7b, 0xc2, 0xf5, 0xa1, 0xfd, 0xa0, 0xfd, 0xa0, 0xf5,
  0xa0, 0xfd, 0xa0, 0xfd, 0x80, 0xfd, 0xa0, 0xfd, 0xa0, 0xfd, 0xa0, 0xfd,
  0xa0, 0xfd, 0xa0, 0xfd, 0xa0, 0xfd, 0xa0, 0xfd, 0xa0, 0xfd, 0xa0, 0xfd,
  0xa0, 0xfd, 0xa0, 0xfd, 0xa0, 0xfd, 0xa0, 0xfd, 0xa0, 0xfd, 0xa0, 0xfd,
  0xa0, 0xfd, 0xa0, 0xfd, 0xa0, 0xfd, 0xa0, 0xfd, 0xa0, 0xfd, 0xa0, 0xfd,
  0xa0, 0xfd, 0xa0, 0xfd, 0xa0, 0xfd, 0xc1, 0xd4, 0xe0, 0x28, 0x00, 0x00,
  0x00, 0x00, 0x00, 0x00, 0x00, 0x00, 0x00, 0x00, 0x00, 0x00, 0x00, 0x00,
  0x00, 0x00, 0x00, 0x00, 0x00, 0x00, 0x00, 0x00, 0x00, 0x00, 0x00, 0x00,
  0x00, 0x00, 0x00, 0x00, 0x00, 0x00, 0x00, 0x00, 0x00, 0x00, 0x00, 0x00,
  0x00, 0x00, 0x00, 0x00, 0x00, 0x00, 0x00, 0x00, 0x00, 0x00, 0x00, 0x00,
  0x00, 0x00, 0x00, 0x00, 0x00, 0x00, 0x00, 0x00, 0x00, 0x00, 0x00, 0x00,
  0x00, 0x00, 0x00, 0x00, 0x00, 0x00, 0x00, 0x00, 0x00, 0x00, 0x00, 0x00,
  0x00, 0x00, 0x00, 0x00, 0x00, 0x00, 0x00, 0x00, 0x00, 0x00, 0x00, 0x00,
  0x00, 0x00, 0x00, 0x00, 0x01, 0x29, 0xe2, 0xab, 0xc2, 0xfd, 0x81, 0xfd,
  0x60, 0xfd, 0xa0, 0xfd, 0xa0, 0xfd, 0xa0, 0xf5, 0xa0, 0xf5, 0xa0, 0xf5,
  0xa0, 0xfd, 0xa0, 0xfd, 0xa0, 0xfd, 0x80, 0xfd, 0x81, 0xfd, 0x82, 0xfd,
  0xc3, 0xcc, 0x61, 0x31, 0x00, 0x00, 0x00, 0x00, 0x00, 0x00, 0x00, 0x00,
  0x00, 0x00, 0x00, 0x00, 0x00, 0x00, 0x00, 0x00, 0x41, 0x00, 0xed, 0x0a,
  0x59, 0x0d, 0x7b, 0x05, 0xbb, 0x05, 0x9a, 0x05, 0x9a, 0x05, 0x9b, 0x05,
  0x9b, 0x05, 0x9b, 0x05, 0x9b, 0x05, 0x9b, 0x05, 0x9b, 0x05, 0x9b, 0x05,
  0x9b, 0x05, 0x9b, 0x05, 0x9b, 0x05, 0x9b, 0x05, 0x9b, 0x05, 0x9b, 0x05,
  0x9b, 0x05, 0x9b, 0x05, 0x9b, 0x05, 0x9b, 0x05, 0x9b, 0x05, 0x9b, 0x05,
  0x9b, 0x05, 0x9b, 0x05, 0x9b, 0x05, 0x9b, 0x05, 0x9b, 0x05, 0x9b, 0x05,
  0x9b, 0x05, 0x9b, 0x05, 0x9b, 0x05, 0x9b, 0x05, 0x9a, 0x05, 0xba, 0x05,
  0xba, 0x0d, 0xd1, 0x0b, 0xa3, 0x00, 0x00, 0x00, 0x00, 0x00, 0x00, 0x00,
  0x00, 0x00, 0x00, 0x00, 0x00, 0x00, 0x00, 0x00, 0x00, 0x00, 0x00, 0x00,
  0x00, 0x00, 0x00, 0x00, 0x00, 0x00, 0x00, 0x00, 0x00, 0x00, 0x00, 0x00,
  0x00, 0x00, 0x00, 0x00, 0x00, 0x00, 0x00, 0x00, 0x00, 0x00, 0x00, 0x00,
  0x00, 0x00, 0x00, 0x00, 0x00, 0x00, 0x00, 0x00, 0x00, 0x00, 0x00, 0x00,
  0x00, 0x00, 0x00, 0x00, 0x62, 0x00, 0x6f, 0x0b, 0x9a, 0x0d, 0xbb, 0x05,
  0x9a, 0x05, 0x9b, 0x05, 0x7b, 0x05, 0x9b, 0x05, 0x9b, 0x05, 0x9b, 0x05,
  0x9b, 0x05, 0x9b, 0x05, 0x9b, 0x05, 0x9b, 0x05, 0x9b, 0x05, 0x9b, 0x05,
  0x9b, 0x05, 0x9b, 0x05, 0x9b, 0x05, 0x9b, 0x05, 0x9b, 0x05, 0x9b, 0x05,
  0x9b, 0x05, 0x9b, 0x05, 0x9b, 0x05, 0x9b, 0x05, 0x9b, 0x05, 0x9b, 0x05,
  0x9b, 0x05, 0x9b, 0x05, 0x9b, 0x05, 0x9b, 0x05, 0x9a, 0x05, 0x9a, 0x05,
  0x9a, 0x05, 0x9a, 0x05, 0x9a, 0x05, 0x9b, 0x05, 0xbb, 0x0d, 0xb1, 0x0b,
  0x82, 0x00, 0x00, 0x00, 0x00, 0x00, 0x00, 0x00, 0x00, 0x00, 0x00, 0x00,
  0x00, 0x00, 0x00, 0x00, 0x00, 0x00, 0x60, 0x08, 0xa1, 0x4b, 0x01, 0x76,
  0x21, 0x6e, 0x40, 0x6e, 0x40, 0x6e, 0x41, 0x76, 0x20, 0x3b, 0x00, 0x00,
  0x00, 0x00, 0x00, 0x00, 0x00, 0x00, 0x00, 0x00, 0x00, 0x00, 0x00, 0x00,
  0x00, 0x00, 0x00, 0x00, 0x00, 0x00, 0x00, 0x00, 0x00, 0x00, 0x00, 0x00,
  0x00, 0x00, 0x00, 0x00, 0x00, 0x00, 0x00, 0x00, 0x00, 0x00, 0x00, 0x00,
  0x00, 0x00, 0x00, 0x00, 0x00, 0x00, 0x00, 0x00, 0x00, 0x00, 0x00, 0x00,
  0x00, 0x00, 0x00, 0x00, 0x00, 0x00, 0x00, 0x00, 0x00, 0x00, 0x00, 0x00,
  0x00, 0x00, 0x00, 0x00, 0x00, 0x00, 0x00, 0x00, 0x00, 0x00, 0x00, 0x00,
  0x00, 0x00, 0x00, 0x00, 0x00, 0x00, 0x00, 0x00, 0x00, 0x00, 0x00, 0x00,
  0x00, 0x00, 0x00, 0x00, 0x00, 0x00, 0x00, 0x00, 0x00, 0x00, 0x00, 0x00,
  0x00, 0x00, 0x00, 0x00, 0x00, 0x00, 0x00, 0x00, 0x00, 0x00, 0x00, 0x00,
  0x00, 0x00, 0x00, 0x00, 0x00, 0x00, 0x00, 0x00, 0x00, 0x00, 0x00, 0x00,
  0x00, 0x00, 0x00, 0x00, 0x00, 0x00, 0x00, 0x00, 0x00, 0x00, 0x00, 0x00,
  0x00, 0x00, 0x00, 0x00, 0x00, 0x00, 0x00, 0x00, 0x00, 0x00, 0x00, 0x00,
  0x00, 0x00, 0x00, 0x00, 0x00, 0x00, 0x00, 0x00, 0x00, 0x00, 0x00, 0x00,
  0x00, 0x00, 0x00, 0x00, 0x00, 0x00, 0x00, 0x00, 0x00, 0x00, 0x00, 0x00,
  0x00, 0x00, 0x00, 0x00, 0x00, 0x00, 0x02, 0x83, 0xc2, 0xf5, 0xa1, 0xfd,
  0xa0, 0xfd, 0xa0, 0xf5, 0xa0, 0xfd, 0xa0, 0xfd, 0x80, 0xfd, 0xa0, 0xfd,
  0xa0, 0xfd, 0xa0, 0xfd, 0xa0, 0xfd, 0xa0, 0xfd, 0xa0, 0xfd, 0xa0, 0xfd,
  0xa0, 0xfd, 0xa0, 0xfd, 0xa0, 0xfd, 0xa0, 0xfd, 0xa0, 0xfd, 0xa0, 0xfd,
  0xa0, 0xfd, 0xa0, 0xfd, 0xa0, 0xfd, 0xa0, 0xfd, 0xa0, 0xfd, 0xa0, 0xfd,
  0xa0, 0xfd, 0xa0, 0xfd, 0xa0, 0xfd, 0xa0, 0xfd, 0xa0, 0xfd, 0xc1, 0xdc,
  0xe0, 0x28, 0x00, 0x00, 0x00, 0x00, 0x00, 0x00, 0x00, 0x00, 0x00, 0x00,
  0x00, 0x00, 0x00, 0x00, 0x00, 0x00, 0x00, 0x00, 0x00, 0x00, 0x00, 0x00,
  0x00, 0x00, 0x00, 0x00, 0x00, 0x00, 0x00, 0x00, 0x00, 0x00, 0x00, 0x00,
  0x00, 0x00, 0x00, 0x00, 0x00, 0x00, 0x00, 0x00, 0x00, 0x00, 0x00, 0x00,
  0x00, 0x00, 0x00, 0x00, 0x00, 0x00, 0x00, 0x00, 0x00, 0x00, 0x00, 0x00,
  0x00, 0x00, 0x00, 0x00, 0x00, 0x00, 0x00, 0x00, 0x00, 0x00, 0x00, 0x00,
  0x00, 0x00, 0x00, 0x00, 0x00, 0x00, 0x00, 0x00, 0x00, 0x00, 0x00, 0x00,
  0x00, 0x00, 0x00, 0x00, 0x00, 0x00, 0x00, 0x00, 0x00, 0x00, 0x61, 0x39,
  0xa4, 0xc4, 0xa3, 0xf5, 0xa1, 0xfd, 0x80, 0xfd, 0xa0, 0xfd, 0xa0, 0xf5,
  0xa1, 0xf5, 0xa0, 0xfd, 0xa0, 0xfd, 0xa0, 0xfd, 0x80, 0xfd, 0x80, 0xfd,
  0xa2, 0xfd, 0x63, 0xed, 0xe3, 0x72, 0x20, 0x00, 0x00, 0x00, 0x00, 0x00,
  0x00, 0x00, 0x00, 0x00, 0x00, 0x00, 0x00, 0x00, 0x00, 0x00, 0x00, 0x00,
  0x66, 0x09, 0xb6, 0x0c, 0xbb, 0x0d, 0xdb, 0x05, 0x9a, 0x05, 0x9b, 0x05,
  0xbb, 0x05, 0xbb, 0x05, 0x9b, 0x05, 0x9b, 0x05, 0x9b, 0x05, 0x9b, 0x05,
  0x9b, 0x05, 0x9b, 0x05, 0x9b, 0x05, 0x9b, 0x05, 0x9b, 0x05, 0x9b, 0x05,
  0x9b, 0x05, 0x9b, 0x05, 0x9b, 0x05, 0x9b, 0x05, 0x9b, 0x05, 0x9b, 0x05,
  0x9b, 0x05, 0x9b, 0x05, 0x9b, 0x05, 0x9b, 0x05, 0x9b, 0x05, 0x9b, 0x05,
  0x9b, 0x05, 0x9a, 0x05, 0x9b, 0x05, 0x9b, 0x05, 0x9b, 0x05, 0x9b, 0x05,
  0x9a, 0x05, 0x9a, 0x05, 0xf6, 0x0c, 0xc8, 0x09, 0x00, 0x00, 0x00, 0x00,
  0x00, 0x00, 0x00, 0x00, 0x00, 0x00, 0x00, 0x00, 0x00, 0x00, 0x00, 0x00,
  0x00, 0x00, 0x00, 0x00, 0x00, 0x00, 0x00, 0x00, 0x00, 0x00, 0x00, 0x00,
  0x00, 0x00, 0x00, 0x00, 0x00, 0x00, 0x00, 0x00, 0x00, 0x00, 0x00, 0x00,
  0x00, 0x00, 0x00, 0x00, 0x00, 0x00, 0x00, 0x00, 0x00, 0x00, 0x00, 0x00,
  0x00, 0x00, 0x00, 0x00, 0x00, 0x00, 0x00, 0x00, 0x00, 0x00, 0x25, 0x09,
  0x54, 0x14, 0x9a, 0x0d, 0x9a, 0x05, 0xba, 0x05, 0x9b, 0x05, 0x9b, 0x05,
  0x9b, 0x05, 0x9b, 0x05, 0x9b, 0x05, 0x9b, 0x05, 0x9b, 0x05, 0x9b, 0x05,
  0x9b, 0x05, 0x9b, 0x05, 0x9b, 0x05, 0x9b, 0x05, 0x9b, 0x05, 0x9b, 0x05,
  0x9b, 0x05, 0x9b, 0x05, 0x9b, 0x05, 0x9b, 0x05, 0x9b, 0x05, 0x9b, 0x05,
  0x9b, 0x05, 0x9a, 0x05, 0x9a, 0x05, 0x9b, 0x05, 0x9b, 0x05, 0x9b, 0x05,
  0x9b, 0x05, 0x9b, 0x05, 0x9a, 0x05, 0x9a, 0x05, 0x9a, 0x05, 0x9b, 0x05,
  0x9b, 0x05, 0x18, 0x0d, 0x2a, 0x0a, 0x00, 0x00, 0x00, 0x00, 0x00, 0x00,
  0x00, 0x00, 0x00, 0x00, 0x00, 0x00, 0x00, 0x00, 0x00, 0x00, 0x00, 0x00,
  0x41, 0x19, 0xe2, 0x5c, 0x41, 0x6e, 0x40, 0x6e, 0x40, 0x6e, 0x61, 0x76,
  0x40, 0x3b, 0x00, 0x00, 0x00, 0x00, 0x00, 0x00, 0x00, 0x00, 0x00, 0x00,
  0x00, 0x00, 0x00, 0x00, 0x00, 0x00, 0x00, 0x00, 0x00, 0x00, 0x00, 0x00,
  0x00, 0x00, 0x00, 0x00, 0x00, 0x00, 0x00, 0x00, 0x00, 0x00, 0x00, 0x00,
  0x00, 0x00, 0x00, 0x00, 0x00, 0x00, 0x00, 0x00, 0x00, 0x00, 0x00, 0x00,
  0x00, 0x00, 0x00, 0x00, 0x00, 0x00, 0x00, 0x00, 0x00, 0x00, 0x00, 0x00,
  0x00, 0x00, 0x00, 0x00, 0x00, 0x00, 0x00, 0x00, 0x00, 0x00, 0x00, 0x00,
  0x00, 0x00, 0x00, 0x00, 0x00, 0x00, 0x00, 0x00, 0x00, 0x00, 0x00, 0x00,
  0x00, 0x00, 0x00, 0x00, 0x00, 0x00, 0x00, 0x00, 0x00, 0x00, 0x00, 0x00,
  0x00, 0x00, 0x00, 0x00, 0x00, 0x00, 0x00, 0x00, 0x00, 0x00, 0x00, 0x00,
  0x00, 0x00, 0x00, 0x00, 0x00, 0x00, 0x00, 0x00, 0x00, 0x00, 0x00, 0x00,
  0x00, 0x00, 0x00, 0x00, 0x00, 0x00, 0x00, 0x00, 0x00, 0x00, 0x00, 0x00,
  0x00, 0x00, 0x00, 0x00, 0x00, 0x00, 0x00, 0x00, 0x00, 0x00, 0x00, 0x00,
  0x00, 0x00, 0x00, 0x00, 0x00, 0x00, 0x00, 0x00, 0x00, 0x00, 0x00, 0x00,
  0x00, 0x00, 0x00, 0x00, 0x00, 0x00, 0x00, 0x00, 0x00, 0x00, 0x00, 0x00,
  0x00, 0x00, 0x00, 0x00, 0x00, 0x00, 0x00, 0x00, 0x00, 0x00, 0x02, 0x83,
  0xc2, 0xf5, 0xa1, 0xfd, 0xa0, 0xfd, 0xa0, 0xf5, 0xa0, 0xfd, 0xa0, 0xfd,
  0xa0, 0xfd, 0xa0, 0xfd, 0xa0, 0xfd, 0xa0, 0xfd, 0xa0, 0xfd, 0xa0, 0xfd,
  0xa0, 0xfd, 0xa0, 0xfd, 0xa0, 0xfd, 0xa0, 0xfd, 0xa0, 0xfd, 0xa0, 0xfd,
  0xa0, 0xfd, 0xa0, 0xfd, 0xa0, 0xfd, 0xa0, 0xfd, 0xa0, 0xfd, 0xa0, 0xfd,
  0xa0, 0xfd, 0xa0, 0xfd, 0xa0, 0xfd, 0xa0, 0xfd, 0xa0, 0xfd, 0xa0, 0xfd,
  0xa0, 0xfd, 0xc1, 0xdc, 0xe0, 0x28, 0x00, 0x00, 0x00, 0x00, 0x00, 0x00,
  0x00, 0x00, 0x00, 0x00, 0x00, 0x00, 0x00, 0x00, 0x00, 0x00, 0x00, 0x00,
  0x00, 0x00, 0x00, 0x00, 0x00, 0x00, 0x00, 0x00, 0x00, 0x00, 0x00, 0x00,
  0x00, 0x00, 0x00, 0x00, 0x00, 0x00, 0x00, 0x00, 0x00, 0x00, 0x00, 0x00,
  0x00, 0x00, 0x00, 0x00, 0x00, 0x00, 0x00, 0x00, 0x00, 0x00, 0x00, 0x00,
  0x00, 0x00, 0x00, 0x00, 0x00, 0x00, 0x00, 0x00, 0x00, 0x00, 0x00, 0x00,
  0x00, 0x00, 0x00, 0x00, 0x00, 0x00, 0x00, 0x00, 0x00, 0x00, 0x00, 0x00,
  0x00, 0x00, 0x00, 0x00, 0x00, 0x00, 0x00, 0x00, 0x00, 0x00, 0x00, 0x00,
  0x00, 0x00, 0x20, 0x00, 0x22, 0x5a, 0xc3, 0xcc, 0xa1, 0xfd, 0xa0, 0xfd,
  0xa0, 0xfd, 0xa0, 0xfd, 0xa1, 0xf5, 0xa1, 0xfd, 0x80, 0xfd, 0x80, 0xfd,
  0x80, 0xfd, 0xa1, 0xfd, 0xa2, 0xf5, 0x43, 0xb4, 0xe1, 0x20, 0x00, 0x00,
  0x00, 0x00, 0x00, 0x00, 0x00, 0x00, 0x00, 0x00, 0x00, 0x00, 0x00, 0x00,
  0x00, 0x00, 0x61, 0x00, 0x70, 0x0b, 0x5a, 0x15, 0xba, 0x0d, 0x99, 0x05,
  0x9a, 0x05, 0x7b, 0x05, 0xbb, 0x05, 0xbb, 0x05, 0xbb, 0x05, 0x9b, 0x05,
  0x9b, 0x05, 0x9b, 0x05, 0x9b, 0x05, 0x9b, 0x05, 0x9b, 0x05, 0x9b, 0x05,
  0x9b, 0x05, 0x9b, 0x05, 0x9b, 0x05, 0x9b, 0x05, 0x9a, 0x05, 0x9a, 0x05,
  0x9a, 0x05, 0x9b, 0x05, 0x9b, 0x05, 0x9b, 0x05, 0x9b, 0x05, 0x9b, 0x05,
  0x9b, 0x05, 0x9b, 0x05, 0x9b, 0x05, 0x9b, 0x05, 0x9b, 0x05, 0x9b, 0x05,
  0x9b, 0x05, 0x9b, 0x05, 0xbb, 0x05, 0x59, 0x0d, 0x2e, 0x13, 0x61, 0x00,
  0x00, 0x00, 0x00, 0x00, 0x00, 0x00, 0x00, 0x00, 0x00, 0x00, 0x00, 0x00,
  0x00, 0x00, 0x00, 0x00, 0x00, 0x00, 0x00, 0x00, 0x00, 0x00, 0x00, 0x00,
  0x00, 0x00, 0x00, 0x00, 0x00, 0x00, 0x00, 0x00, 0x00, 0x00, 0x00, 0x00,
  0x00, 0x00, 0x00, 0x00, 0x00, 0x00, 0x00, 0x00, 0x00, 0x00, 0x00, 0x00,
  0x00, 0x00, 0x00, 0x00, 0x00, 0x00, 0x00, 0x00, 0x00, 0x00, 0x00, 0x00,
  0x00, 0x00, 0x00, 0x00, 0x8b, 0x0a, 0x58, 0x0d, 0xba, 0x05, 0x9a, 0x05,
  0x9a, 0x05, 0x9b, 0x05, 0x9b, 0x05, 0x9b, 0x05, 0x9b, 0x05, 0x9b, 0x05,
  0x9b, 0x05, 0x9b, 0x05, 0x9b, 0x05, 0x9b, 0x05, 0x9b, 0x05, 0x9b, 0x05,
  0x9b, 0x05, 0x9b, 0x05, 0x9b, 0x05, 0x9b, 0x05, 0x9b, 0x05, 0x9b, 0x05,
  0x9b, 0x05, 0x9b, 0x05, 0x9b, 0x05, 0x9a, 0x05, 0x9a, 0x05, 0x9b, 0x05,
  0x7b, 0x05, 0x9b, 0x05, 0x9b, 0x05, 0xbb, 0x05, 0xbb, 0x05, 0x9b, 0x05,
  0x9b, 0x05, 0x7b, 0x05, 0x9a, 0x0d, 0x9b, 0x0d, 0x34, 0x0c, 0x04, 0x01,
  0x00, 0x00, 0x00, 0x00, 0x00, 0x00, 0x00, 0x00, 0x00, 0x00, 0x00, 0x00,
  0x00, 0x00, 0x00, 0x00, 0x20, 0x00, 0xa1, 0x32, 0xc1, 0x6d, 0x40, 0x6e,
  0x40, 0x6e, 0x41, 0x76, 0x41, 0x3b, 0x00, 0x00, 0x00, 0x00, 0x00, 0x00,
  0x00, 0x00, 0x00, 0x00, 0x00, 0x00, 0x00, 0x00, 0x00, 0x00, 0x00, 0x00,
  0x00, 0x00, 0x00, 0x00, 0x00, 0x00, 0x00, 0x00, 0x00, 0x00, 0x00, 0x00,
  0x00, 0x00, 0x00, 0x00, 0x00, 0x00, 0x00, 0x00, 0x00, 0x00, 0x00, 0x00,
  0x00, 0x00, 0x00, 0x00, 0x00, 0x00, 0x00, 0x00, 0x00, 0x00, 0x00, 0x00,
  0x00, 0x00, 0x00, 0x00, 0x00, 0x00, 0x00, 0x00, 0x00, 0x00, 0x00, 0x00,
  0x00, 0x00, 0x00, 0x00, 0x00, 0x00, 0x00, 0x00, 0x00, 0x00, 0x00, 0x00,
  0x00, 0x00, 0x00, 0x00, 0x00, 0x00, 0x00, 0x00, 0x00, 0x00, 0x00, 0x00,
  0x00, 0x00, 0x00, 0x00, 0x00, 0x00, 0x00, 0x00, 0x00, 0x00, 0x00, 0x00,
  0x00, 0x00, 0x00, 0x00, 0x00, 0x00, 0x00, 0x00, 0x00, 0x00, 0x00, 0x00,
  0x00, 0x00, 0x00, 0x00, 0x00, 0x00, 0x00, 0x00, 0x00, 0x00, 0x00, 0x00,
  0x00, 0x00, 0x00, 0x00, 0x00, 0x00, 0x00, 0x00, 0x00, 0x00, 0x00, 0x00,
  0x00, 0x00, 0x00, 0x00, 0x00, 0x00, 0x00, 0x00, 0x00, 0x00, 0x00, 0x00,
  0x00, 0x00, 0x00, 0x00, 0x00, 0x00, 0x00, 0x00, 0x00, 0x00, 0x00, 0x00,
  0x00, 0x00, 0x00, 0x00, 0x00, 0x00, 0x00, 0x00, 0x00, 0x00, 0x00, 0x00,
  0x00, 0x00, 0xe2, 0x7a, 0xc2, 0xfd, 0xa0, 0xf5, 0xc0, 0xfd, 0xa0, 0xfd,
  0xa1, 0xfd, 0xa1, 0xfd, 0xa0, 0xfd, 0xa0, 0xfd, 0xa0, 0xfd, 0xa0, 0xfd,
  0xa0, 0xfd, 0xa0, 0xfd, 0xa0, 0xfd, 0xa0, 0xfd, 0xa0, 0xfd, 0xa0, 0xfd,
  0xa0, 0xfd, 0xa0, 0xfd, 0xa0, 0xfd, 0xa0, 0xfd, 0xa0, 0xfd, 0xa0, 0xfd,
  0xa0, 0xfd, 0xa0, 0xfd, 0xa0, 0xfd, 0xa0, 0xfd, 0xa0, 0xfd, 0xa0, 0xfd,
  0xa0, 0xfd, 0xa0, 0xfd, 0xa1, 0xfd, 0xc1, 0xd4, 0xe0, 0x20, 0x00, 0x00,
  0x00, 0x00, 0x00, 0x00, 0x00, 0x00, 0x00, 0x00, 0x00, 0x00, 0x00, 0x00,
  0x00, 0x00, 0x00, 0x00, 0x00, 0x00, 0x00, 0x00, 0x00, 0x00, 0x00, 0x00,
  0x00, 0x00, 0x00, 0x00, 0x00, 0x00, 0x00, 0x00, 0x00, 0x00, 0x00, 0x00,
  0x00, 0x00, 0x00, 0x00, 0x00, 0x00, 0x00, 0x00, 0x00, 0x00, 0x00, 0x00,
  0x00, 0x00, 0x00, 0x00, 0x00, 0x00, 0x00, 0x00, 0x00, 0x00, 0x00, 0x00,
  0x00, 0x00, 0x00, 0x00, 0x00, 0x00, 0x00, 0x00, 0x00, 0x00, 0x00, 0x00,
  0x00, 0x00, 0x00, 0x00, 0x00, 0x00, 0x00, 0x00, 0x00, 0x00, 0x00, 0x00,
  0x00, 0x00, 0x00, 0x00, 0x00, 0x00, 0x00, 0x00, 0x20, 0x00, 0x42, 0x62,
  0x02, 0xdd, 0xc0, 0xfd, 0xa0, 0xfd, 0xa0, 0xfd, 0xa0, 0xfd, 0xa1, 0xfd,
  0xa0, 0xfd, 0x80, 0xfd, 0xa0, 0xfd, 0xa1, 0xfd, 0x23, 0xe5, 0x02, 0x52,
  0x00, 0x00, 0x00, 0x00, 0x00, 0x00, 0x00, 0x00, 0x00, 0x00, 0x00, 0x00,
  0x00, 0x00, 0x00, 0x00, 0x00, 0x00, 0xe9, 0x01, 0x18, 0x15, 0x5b, 0x0d,
  0x7b, 0x0d, 0x9a, 0x05, 0x9a, 0x05, 0x9b, 0x05, 0x9b, 0x05, 0x9b, 0x05,
  0x9b, 0x05, 0x9b, 0x05, 0x9b, 0x05, 0x9b, 0x05, 0x9b, 0x05, 0x9b, 0x05,
  0x9b, 0x05, 0x9b, 0x05, 0x9b, 0x05, 0x9a, 0x05, 0x9a, 0x05, 0x9a, 0x05,
  0x9a, 0x05, 0x9a, 0x05, 0x9a, 0x05, 0x9a, 0x05, 0x9b, 0x05, 0x9a, 0x05,
  0xba, 0x05, 0xba, 0x05, 0x9a, 0x05, 0x9a, 0x05, 0x9b, 0x05, 0x9a, 0x05,
  0x9b, 0x05, 0x9b, 0x05, 0xbb, 0x05, 0x9b, 0x05, 0xdb, 0x05, 0x75, 0x04,
  0x04, 0x01, 0x00, 0x00, 0x00, 0x00, 0x00, 0x00, 0x00, 0x00, 0x00, 0x00,
  0x00, 0x00, 0x00, 0x00, 0x00, 0x00, 0x00, 0x00, 0x00, 0x00, 0x00, 0x00,
  0x00, 0x00, 0x00, 0x00, 0x00, 0x00, 0x00, 0x00, 0x00, 0x00, 0x00, 0x00,
  0x00, 0x00, 0x00, 0x00, 0x00, 0x00, 0x00, 0x00, 0x00, 0x00, 0x00, 0x00,
  0x00, 0x00, 0x00, 0x00, 0x00, 0x00, 0x00, 0x00, 0x00, 0x00, 0x00, 0x00,
  0x00, 0x00, 0x00, 0x00, 0x00, 0x00, 0x00, 0x00, 0xa3, 0x00, 0xd1, 0x0b,
  0x9a, 0x0d, 0x9b, 0x0d, 0x7a, 0x05, 0x9a, 0x05, 0x9b, 0x05, 0x9a, 0x05,
  0x9a, 0x05, 0x9a, 0x05, 0x9b, 0x05, 0x9b, 0x05, 0x7b, 0x05, 0x9b, 0x05,
  0x9b, 0x05, 0x9b, 0x05, 0x9b, 0x05, 0x9b, 0x05, 0x9a, 0x05, 0x9a, 0x05,
  0x9a, 0x05, 0x9a, 0x05, 0x9a, 0x05, 0x9a, 0x05, 0x9a, 0x05, 0x9a, 0x05,
  0x9b, 0x05, 0x9b, 0x05, 0x9b, 0x05, 0x9b, 0x05, 0x9b, 0x05, 0x9b, 0x05,
  0x9b, 0x05, 0x9b, 0x05, 0x9b, 0x05, 0x9b, 0x05, 0xba, 0x05, 0x9a, 0x0d,
  0x59, 0x0d, 0x4f, 0x0b, 0x61, 0x00, 0x00, 0x00, 0x00, 0x00, 0x00, 0x00,
  0x00, 0x00, 0x00, 0x00, 0x00, 0x00, 0x00, 0x00, 0x00, 0x00, 0xc0, 0x10,
  0x62, 0x54, 0x41, 0x6e, 0x41, 0x6e, 0x41, 0x76, 0x20, 0x3b, 0x00, 0x00,
  0x00, 0x00, 0x00, 0x00, 0x00, 0x00, 0x00, 0x00, 0x00, 0x00, 0x00, 0x00,
  0x00, 0x00, 0x00, 0x00, 0x00, 0x00, 0x00, 0x00, 0x00, 0x00, 0x00, 0x00,
  0x00, 0x00, 0x00, 0x00, 0x00, 0x00, 0x00, 0x00, 0x00, 0x00, 0x00, 0x00,
  0x00, 0x00, 0x00, 0x00, 0x00, 0x00, 0x00, 0x00, 0x00, 0x00, 0x00, 0x00,
  0x00, 0x00, 0x00, 0x00, 0x00, 0x00, 0x00, 0x00, 0x00, 0x00, 0x00, 0x00,
  0x00, 0x00, 0x00, 0x00, 0x00, 0x00, 0x00, 0x00, 0x00, 0x00, 0x00, 0x00,
  0x00, 0x00, 0x00, 0x00, 0x00, 0x00, 0x00, 0x00, 0x00, 0x00, 0x00, 0x00,
  0x00, 0x00, 0x00, 0x00, 0x00, 0x00, 0x00, 0x00, 0x00, 0x00, 0x00, 0x00,
  0x00, 0x00, 0x00, 0x00, 0x00, 0x00, 0x00, 0x00, 0x00, 0x00, 0x00, 0x00,
  0x00, 0x00, 0x00, 0x00, 0x00, 0x00, 0x00, 0x00, 0x00, 0x00, 0x00, 0x00,
  0x00, 0x00, 0x00, 0x00, 0x00, 0x00, 0x00, 0x00, 0x00, 0x00, 0x00, 0x00,
  0x00, 0x00, 0x00, 0x00, 0x00, 0x00, 0x00, 0x00, 0x00, 0x00, 0x00, 0x00,
  0x00, 0x00, 0x00, 0x00, 0x00, 0x00, 0x00, 0x00, 0x00, 0x00, 0x00, 0x00,
  0x00, 0x00, 0x00, 0x00, 0x00, 0x00, 0x00, 0x00, 0x00, 0x00, 0x00, 0x00,
  0x00, 0x00, 0x00, 0x00, 0x00, 0x00, 0xc2, 0x7a, 0xa3, 0xfd, 0xa1, 0xf5,
  0xa0, 0xfd, 0x80, 0xfd, 0xa1, 0xfd, 0xa1, 0xfd, 0x81, 0xfd, 0xa0, 0xfd,
  0xa0, 0xfd, 0xa0, 0xfd, 0xa0, 0xfd, 0xa0, 0xfd, 0xa0, 0xfd, 0xa0, 0xfd,
  0xa0, 0xfd, 0xa0, 0xfd, 0xa0, 0xfd, 0xa0, 0xfd, 0xa0, 0xfd, 0xa0, 0xfd,
  0xa0, 0xfd, 0x80, 0xfd, 0x80, 0xfd, 0x80, 0xfd, 0xa0, 0xfd, 0xa0, 0xfd,
  0x80, 0xfd, 0x80, 0xfd, 0xa0, 0xfd, 0xa0, 0xf5, 0xc1, 0xfd, 0xc2, 0xd4,
  0xc0, 0x20, 0x00, 0x00, 0x00, 0x00, 0x00, 0x00, 0x00, 0x00, 0x00, 0x00,
  0x00, 0x00, 0x00, 0x00, 0x00, 0x00, 0x00, 0x00, 0x00, 0x00, 0x00, 0x00,
  0x00, 0x00, 0x00, 0x00, 0x00, 0x00, 0x00, 0x00, 0x00, 0x00, 0x00, 0x00,
  0x00, 0x00, 0x00, 0x00, 0x00, 0x00, 0x00, 0x00, 0x00, 0x00, 0x00, 0x00,
  0x00, 0x00, 0x00, 0x00, 0x00, 0x00, 0x00, 0x00, 0x00, 0x00, 0x00, 0x00,
  0x00, 0x00, 0x00, 0x00, 0x00, 0x00, 0x00, 0x00, 0x00, 0x00, 0x00, 0x00,
  0x00, 0x00, 0x00, 0x00, 0x00, 0x00, 0x00, 0x00, 0x00, 0x00, 0x00, 0x00,
  0x00, 0x00, 0x00, 0x00, 0x00, 0x00, 0x00, 0x00, 0x00, 0x00, 0x00, 0x00,
  0x00, 0x00, 0x40, 0x08, 0x02, 0x83, 0x61, 0xed, 0xa0, 0xfd, 0x80, 0xf5,
  0xc1, 0xfd, 0x80, 0xf5, 0xa0, 0xfd, 0xa0, 0xf5, 0xc1, 0xf5, 0x82, 0xf5,
  0xa3, 0x9b, 0x60, 0x10, 0x00, 0x00, 0x00, 0x00, 0x00, 0x00, 0x00, 0x00,
  0x00, 0x00, 0x00, 0x00, 0x00, 0x00, 0x00, 0x00, 0xc3, 0x00, 0x33, 0x0c,
  0x9b, 0x0d, 0x7b, 0x05, 0x9b, 0x05, 0xba, 0x05, 0xbb, 0x05, 0xbb, 0x05,
  0x9b, 0x05, 0x9b, 0x05, 0x9b, 0x05, 0x9b, 0x05, 0x9b, 0x05, 0x9b, 0x05,
  0x9b, 0x05, 0x9b, 0x05, 0x9b, 0x05, 0x9b, 0x05, 0x9b, 0x05, 0x9b, 0x05,
  0x9b, 0x05, 0x9b, 0x05, 0x9b, 0x05, 0x9a, 0x05, 0x9b, 0x05, 0x9b, 0x05,
  0x9b, 0x05, 0x9b, 0x05, 0x9b, 0x05, 0xba, 0x05, 0x9a, 0x05, 0x9a, 0x05,
  0x9b, 0x05, 0x9b, 0x05, 0x7a, 0x05, 0x9a, 0x05, 0x7a, 0x05, 0x9a, 0x0d,
  0x79, 0x0d, 0x6b, 0x02, 0x00, 0x00, 0x00, 0x00, 0x00, 0x00, 0x00, 0x00,
  0x00, 0x00, 0x00, 0x00, 0x00, 0x00, 0x00, 0x00, 0x00, 0x00, 0x00, 0x00,
  0x00, 0x00, 0x00, 0x00, 0x00, 0x00, 0x00, 0x00, 0x00, 0x00, 0x00, 0x00,
  0x00, 0x00, 0x00, 0x00, 0x00, 0x00, 0x00, 0x00, 0x00, 0x00, 0x00, 0x00,
  0x00, 0x00, 0x00, 0x00, 0x00, 0x00, 0x00, 0x00, 0x00, 0x00, 0x00, 0x00,
  0x00, 0x00, 0x00, 0x00, 0x00, 0x00, 0x00, 0x00, 0x00, 0x00, 0x00, 0x00,
  0x00, 0x00, 0x66, 0x09, 0xb6, 0x0c, 0xbb, 0x0d, 0x7a, 0x05, 0x9b, 0x05,
  0x9b, 0x05, 0xbb, 0x05, 0xba, 0x05, 0x9a, 0x05, 0x9b, 0x05, 0x9b, 0x05,
  0x9b, 0x05, 0x9b, 0x05, 0x9b, 0x05, 0x9b, 0x05, 0x9b, 0x05, 0x9b, 0x05,
  0x9b, 0x05, 0x9b, 0x05, 0x9b, 0x05, 0x9b, 0x05, 0x9b, 0x05, 0x9b, 0x05,
  0x9b, 0x05, 0x9b, 0x05, 0x9b, 0x05, 0x9b, 0x05, 0x9b, 0x05, 0x9b, 0x05,
  0x9b, 0x05, 0x9b, 0x05, 0x9b, 0x05, 0x9b, 0x05, 0x9b, 0x05, 0xbb, 0x05,
  0xba, 0x05, 0x9a, 0x05, 0x9b, 0x0d, 0x18, 0x0d, 0xc8, 0x01, 0x00, 0x00,
  0x00, 0x00, 0x00, 0x00, 0x00, 0x00, 0x00, 0x00, 0x00, 0x00, 0x00, 0x00,
  0x00, 0x00, 0x00, 0x00, 0x01, 0x2a, 0x81, 0x65, 0x61, 0x6e, 0x41, 0x76,
  0x21, 0x3b, 0x00, 0x00, 0x00, 0x00, 0x00, 0x00, 0x00, 0x00, 0x00, 0x00,
  0x00, 0x00, 0x00, 0x00, 0x00, 0x00, 0x00, 0x00, 0x00, 0x00, 0x00, 0x00,
  0x00, 0x00, 0x00, 0x00, 0x00, 0x00, 0x00, 0x00, 0x00, 0x00, 0x00, 0x00,
  0x00, 0x00, 0x00, 0x00, 0x00, 0x00, 0x00, 0x00, 0x00, 0x00, 0x00, 0x00,
  0x00, 0x00, 0x00, 0x00, 0x00, 0x00, 0x00, 0x00, 0x00, 0x00, 0x00, 0x00,
  0x00, 0x00, 0x00, 0x00, 0x00, 0x00, 0x00, 0x00, 0x00, 0x00, 0x00, 0x00,
  0x00, 0x00, 0x00, 0x00, 0x00, 0x00, 0x00, 0x00, 0x00, 0x00, 0x00, 0x00,
  0x00, 0x00, 0x00, 0x00, 0x00, 0x00, 0x00, 0x00, 0x00, 0x00, 0x00, 0x00,
  0x00, 0x00, 0x00, 0x00, 0x00, 0x00, 0x00, 0x00, 0x00, 0x00, 0x00, 0x00,
  0x00, 0x00, 0x00, 0x00, 0x00, 0x00, 0x00, 0x00, 0x00, 0x00, 0x00, 0x00,
  0x00, 0x00, 0x00, 0x00, 0x00, 0x00, 0x00, 0x00, 0x00, 0x00, 0x00, 0x00,
  0x00, 0x00, 0x00, 0x00, 0x00, 0x00, 0x00, 0x00, 0x00, 0x00, 0x00, 0x00,
  0x00, 0x00, 0x00, 0x00, 0x00, 0x00, 0x00, 0x00, 0x00, 0x00, 0x00, 0x00,
  0x00, 0x00, 0x00, 0x00, 0x00, 0x00, 0x00, 0x00, 0x00, 0x00, 0x00, 0x00,
  0x00, 0x00, 0x00, 0x00, 0x00, 0x00, 0x00, 0x00, 0x00, 0x00, 0xe2, 0x7a,
  0xa3, 0xfd, 0xa1, 0xf5, 0xc0, 0xfd, 0xa0, 0xfd, 0xa0, 0xf5, 0xa0, 0xf5,
  0xa1, 0xf5, 0xa1, 0xf5, 0xa0, 0xfd, 0xa0, 0xfd, 0xa0, 0xfd, 0xa0, 0xfd,
  0xa0, 0xfd, 0xa0, 0xfd, 0xa0, 0xfd, 0xa0, 0xfd, 0xa0, 0xfd, 0xa0, 0xfd,
  0xa0, 0xfd, 0xa0, 0xfd, 0xa0, 0xfd, 0xa0, 0xfd, 0xa0, 0xfd, 0xa0, 0xfd,
  0x80, 0xfd, 0x80, 0xfd, 0x80, 0xfd, 0x80, 0xfd, 0xa0, 0xf5, 0xa0, 0xf5,
  0xa2, 0xfd, 0xa2, 0xd4, 0xc0, 0x20, 0x00, 0x00, 0x00, 0x00, 0x00, 0x00,
  0x00, 0x00, 0x00, 0x00, 0x00, 0x00, 0x00, 0x00, 0x00, 0x00, 0x00, 0x00,
  0x00, 0x00, 0x00, 0x00, 0x00, 0x00, 0x00, 0x00, 0x00, 0x00, 0x00, 0x00,
  0x00, 0x00, 0x00, 0x00, 0x00, 0x00, 0x00, 0x00, 0x00, 0x00, 0x00, 0x00,
  0x00, 0x00, 0x00, 0x00, 0x00, 0x00, 0x00, 0x00, 0x00, 0x00, 0x00, 0x00,
  0x00, 0x00, 0x00, 0x00, 0x00, 0x00, 0x00, 0x00, 0x00, 0x00, 0x00, 0x00,
  0x00, 0x00, 0x00, 0x00, 0x00, 0x00, 0x00, 0x00, 0x00, 0x00, 0x00, 0x00,
  0x00, 0x00, 0x00, 0x00, 0x00, 0x00, 0x00, 0x00, 0x00, 0x00, 0x00, 0x00,
  0x00, 0x00, 0x00, 0x00, 0x00, 0x00, 0x00, 0x00, 0xa1, 0x18, 0x62, 0x9b,
  0x81, 0xfd, 0xa1, 0xfd, 0xa0, 0xf5, 0xa0, 0xfd, 0xa0, 0xfd, 0xa1, 0xf5,
  0xc2, 0xf5, 0x62, 0xbc, 0x21, 0x29, 0x00, 0x00, 0x00, 0x00, 0x00, 0x00,
  0x00, 0x00, 0x00, 0x00, 0x00, 0x00, 0x00, 0x00, 0x00, 0x00, 0x20, 0x00,
  0xcd, 0x02, 0x99, 0x0d, 0x9b, 0x05, 0x9a, 0x05, 0xba, 0x05, 0xda, 0x05,
  0xbb, 0x05, 0xbb, 0x05, 0x9b, 0x05, 0x9b, 0x05, 0x9b, 0x05, 0x9b, 0x05,
  0x9a, 0x05, 0x9a, 0x05, 0x9a, 0x05, 0x9b, 0x05, 0x9b, 0x05, 0x9b, 0x05,
  0x9b, 0x05, 0x9b, 0x05, 0x9b, 0x05, 0x9b, 0x05, 0x9b, 0x05, 0x9b, 0x05,
  0x9b, 0x05, 0x9b, 0x05, 0x9b, 0x05, 0x9b, 0x05, 0x9b, 0x05, 0x9b, 0x0d,
  0x9b, 0x05, 0xba, 0x05, 0x9b, 0x05, 0x9b, 0x05, 0x7b, 0x05, 0x9a, 0x05,
  0x79, 0x05, 0x79, 0x0d, 0x90, 0x0b, 0x82, 0x00, 0x00, 0x00, 0x00, 0x00,
  0x00, 0x00, 0x00, 0x00, 0x00, 0x00, 0x00, 0x00, 0x00, 0x00, 0x00, 0x00,
  0x00, 0x00, 0x00, 0x00, 0x00, 0x00, 0x00, 0x00, 0x00, 0x00, 0x00, 0x00,
  0x00, 0x00, 0x00, 0x00, 0x00, 0x00, 0x00, 0x00, 0x00, 0x00, 0x00, 0x00,
  0x00, 0x00, 0x00, 0x00, 0x00, 0x00, 0x00, 0x00, 0x00, 0x00, 0x00, 0x00,
  0x00, 0x00, 0x00, 0x00, 0x00, 0x00, 0x00, 0x00, 0x00, 0x00, 0x00, 0x00,
  0x00, 0x00, 0x00, 0x00, 0x00, 0x00, 0x20, 0x00, 0xac, 0x02, 0x99, 0x05,
  0xdb, 0x0d, 0x9a, 0x05, 0x9a, 0x05, 0xba, 0x05, 0xba, 0x05, 0xba, 0x05,
  0x9b, 0x05, 0x9b, 0x05, 0x9b, 0x05, 0x9b, 0x05, 0x9b, 0x05, 0x9b, 0x05,
  0x9b, 0x05, 0x9b, 0x05, 0x9b, 0x05, 0x9b, 0x05, 0x9b, 0x05, 0x9b, 0x05,
  0x9b, 0x05, 0x9b, 0x05, 0x9b, 0x05, 0x9b, 0x05, 0x9a, 0x05, 0x9a, 0x05,
  0x9a, 0x05, 0x9a, 0x05, 0x9a, 0x05, 0x9a, 0x05, 0x9a, 0x05, 0xba, 0x05,
  0xbb, 0x05, 0xba, 0x05, 0x9a, 0x05, 0x9a, 0x05, 0x9a, 0x05, 0x9a, 0x0d,
  0xd1, 0x03, 0x82, 0x00, 0x00, 0x00, 0x00, 0x00, 0x00, 0x00, 0x00, 0x00,
  0x00, 0x00, 0x00, 0x00, 0x00, 0x00, 0x00, 0x00, 0x60, 0x08, 0xc2, 0x4b,
  0x01, 0x6e, 0x41, 0x76, 0x21, 0x43, 0x00, 0x00, 0x00, 0x00, 0x00, 0x00,
  0x00, 0x00, 0x00, 0x00, 0x00, 0x00, 0x00, 0x00, 0x00, 0x00, 0x00, 0x00,
  0x00, 0x00, 0x00, 0x00, 0x00, 0x00, 0x00, 0x00, 0x00, 0x00, 0x00, 0x00,
  0x00, 0x00, 0x00, 0x00, 0x00, 0x00, 0x00, 0x00, 0x00, 0x00, 0x00, 0x00,
  0x00, 0x00, 0x00, 0x00, 0x00, 0x00, 0x00, 0x00, 0x00, 0x00, 0x00, 0x00,
  0x00, 0x00, 0x00, 0x00, 0x00, 0x00, 0x00, 0x00, 0x00, 0x00, 0x00, 0x00,
  0x00, 0x00, 0x00, 0x00, 0x00, 0x00, 0x00, 0x00, 0x00, 0x00, 0x00, 0x00,
  0x00, 0x00, 0x00, 0x00, 0x00, 0x00, 0x00, 0x00, 0x00, 0x00, 0x00, 0x00,
  0x00, 0x00, 0x00, 0x00, 0x00, 0x00, 0x00, 0x00, 0x00, 0x00, 0x00, 0x00,
  0x00, 0x00, 0x00, 0x00, 0x00, 0x00, 0x00, 0x00, 0x00, 0x00, 0x00, 0x00,
  0x00, 0x00, 0x00, 0x00, 0x00, 0x00, 0x00, 0x00, 0x00, 0x00, 0x00, 0x00,
  0x00, 0x00, 0x00, 0x00, 0x00, 0x00, 0x00, 0x00, 0x00, 0x00, 0x00, 0x00,
  0x00, 0x00, 0x00, 0x00, 0x00, 0x00, 0x00, 0x00, 0x00, 0x00, 0x00, 0x00,
  0x00, 0x00, 0x00, 0x00, 0x00, 0x00, 0x00, 0x00, 0x00, 0x00, 0x00, 0x00,
  0x00, 0x00, 0x00, 0x00, 0x00, 0x00, 0x00, 0x00, 0x00, 0x00, 0x00, 0x00,
  0x00, 0x00, 0xe2, 0x7a, 0xc2, 0xf5, 0xa1, 0xf5, 0xc0, 0xf5, 0xa0, 0xfd,
  0xc0, 0xf5, 0xc0, 0xf5, 0xa0, 0xf5, 0xa1, 0xf5, 0xa0, 0xf5, 0xa0, 0xfd,
  0xa0, 0xfd, 0xa0, 0xfd, 0xa0, 0xfd, 0xa0, 0xfd, 0xa0, 0xfd, 0xa0, 0xfd,
  0xa0, 0xfd, 0xa0, 0xfd, 0xa0, 0xfd, 0xa0, 0xfd, 0xa0, 0xfd, 0xa0, 0xfd,
  0xa0, 0xfd, 0xa0, 0xfd, 0xa0, 0xfd, 0xa0, 0xfd, 0xa0, 0xfd, 0xa0, 0xfd,
  0xa0, 0xf5, 0xa0, 0xf5, 0x82, 0xfd, 0xa2, 0xe4, 0xe0, 0x28, 0x00, 0x00,
  0x00, 0x00, 0x00, 0x00, 0x00, 0x00, 0x00, 0x00, 0x00, 0x00, 0x00, 0x00,
  0x00, 0x00, 0x00, 0x00, 0x00, 0x00, 0x00, 0x00, 0x00, 0x00, 0x00, 0x00,
  0x00, 0x00, 0x00, 0x00, 0x00, 0x00, 0x00, 0x00, 0x00, 0x00, 0x00, 0x00,
  0x00, 0x00, 0x00, 0x00, 0x00, 0x00, 0x00, 0x00, 0x00, 0x00, 0x00, 0x00,
  0x00, 0x00, 0x00, 0x00, 0x00, 0x00, 0x00, 0x00, 0x00, 0x00, 0x00, 0x00,
  0x00, 0x00, 0x00, 0x00, 0x00, 0x00, 0x00, 0x00, 0x00, 0x00, 0x00, 0x00,
  0x00, 0x00, 0x00, 0x00, 0x00, 0x00, 0x00, 0x00, 0x00, 0x00, 0x00, 0x00,
  0x00, 0x00, 0x00, 0x00, 0x00, 0x00, 0x00, 0x00, 0x00, 0x00, 0x00, 0x00,
  0x00, 0x00, 0xe1, 0x28, 0x02, 0xb4, 0xa2, 0xfd, 0xa0, 0xf5, 0xc0, 0xfd,
  0xa0, 0xf5, 0xc1, 0xfd, 0x02, 0xe5, 0x01, 0x5a, 0x00, 0x00, 0x00, 0x00,
  0x00, 0x00, 0x00, 0x00, 0x00, 0x00, 0x00, 0x00, 0x00, 0x00, 0x00, 0x00,
  0x00, 0x00, 0x45, 0x01, 0xb6, 0x0c, 0x9b, 0x05, 0x9a, 0x05, 0x9a, 0x05,
  0xb9, 0x05, 0xba, 0x05, 0x9a, 0x05, 0x9b, 0x05, 0x9a, 0x05, 0x9a, 0x05,
  0x9a, 0x05, 0x9a, 0x05, 0x9a, 0x05, 0x9a, 0x05, 0x9a, 0x05, 0x9a, 0x05,
  0x9a, 0x05, 0x9b, 0x05, 0x9b, 0x05, 0x9b, 0x05, 0x9a, 0x05, 0x9a, 0x05,
  0x9a, 0x05, 0xba, 0x05, 0xba, 0x05, 0xba, 0x05, 0xba, 0x05, 0x9a, 0x05,
  0x7b, 0x05, 0x7b, 0x05, 0xbb, 0x05, 0xba, 0x05, 0x9a, 0x05, 0x9b, 0x05,
  0x9c, 0x05, 0x9b, 0x05, 0x9a, 0x05, 0xb5, 0x0c, 0x66, 0x01, 0x00, 0x00,
  0x00, 0x00, 0x00, 0x00, 0x00, 0x00, 0x00, 0x00, 0x00, 0x00, 0x00, 0x00,
  0x00, 0x00, 0x00, 0x00, 0x00, 0x00, 0x00, 0x00, 0x00, 0x00, 0x00, 0x00,
  0x00, 0x00, 0x00, 0x00, 0x00, 0x00, 0x00, 0x00, 0x00, 0x00, 0x00, 0x00,
  0x00, 0x00, 0x00, 0x00, 0x00, 0x00, 0x00, 0x00, 0x00, 0x00, 0x00, 0x00,
  0x00, 0x00, 0x00, 0x00, 0x00, 0x00, 0x00, 0x00, 0x00, 0x00, 0x00, 0x00,
  0x00, 0x00, 0x00, 0x00, 0x00, 0x00, 0x00, 0x00, 0x00, 0x00, 0x00, 0x00,
  0xe4, 0x00, 0x53, 0x04, 0xba, 0x05, 0x9a, 0x05, 0x9a, 0x05, 0x9a, 0x05,
  0xba, 0x05, 0xba, 0x05, 0x9a, 0x05, 0x9a, 0x05, 0x7a, 0x05, 0x9a, 0x05,
  0x9a, 0x05, 0x9a, 0x05, 0xba, 0x05, 0xba, 0x05, 0xba, 0x05, 0xba, 0x05,
  0x9a, 0x05, 0x9a, 0x05, 0x9a, 0x05, 0x9a, 0x05, 0x9a, 0x05, 0x9a, 0x05,
  0x9a, 0x05, 0x9a, 0x05, 0x9a, 0x05, 0x9a, 0x05, 0x9a, 0x05, 0x9a, 0x05,
  0x9a, 0x05, 0x9a, 0x05, 0xba, 0x05, 0xba, 0x05, 0x9a, 0x05, 0x9a, 0x05,
  0x9a, 0x05, 0x7a, 0x0d, 0x38, 0x0d, 0x4a, 0x02, 0x20, 0x00, 0x00, 0x00,
  0x00, 0x00, 0x00, 0x00, 0x00, 0x00, 0x00, 0x00, 0x00, 0x00, 0x00, 0x00,
  0x00, 0x00, 0x41, 0x19, 0x22, 0x65, 0x42, 0x76, 0x21, 0x43, 0x00, 0x00,
  0x00, 0x00, 0x00, 0x00, 0x00, 0x00, 0x00, 0x00, 0x00, 0x00, 0x00, 0x00,
  0x00, 0x00, 0x00, 0x00, 0x00, 0x00, 0x00, 0x00, 0x00, 0x00, 0x00, 0x00,
  0x00, 0x00, 0x00, 0x00, 0x00, 0x00, 0x00, 0x00, 0x00, 0x00, 0x00, 0x00,
  0x00, 0x00, 0x00, 0x00, 0x00, 0x00, 0x00, 0x00, 0x00, 0x00, 0x00, 0x00,
  0x00, 0x00, 0x00, 0x00, 0x00, 0x00, 0x00, 0x00, 0x00, 0x00, 0x00, 0x00,
  0x00, 0x00, 0x00, 0x00, 0x00, 0x00, 0x00, 0x00, 0x00, 0x00, 0x00, 0x00,
  0x00, 0x00, 0x00, 0x00, 0x00, 0x00, 0x00, 0x00, 0x00, 0x00, 0x00, 0x00,
  0x00, 0x00, 0x00, 0x00, 0x00, 0x00, 0x00, 0x00, 0x00, 0x00, 0x00, 0x00,
  0x00, 0x00, 0x00, 0x00, 0x00, 0x00, 0x00, 0x00, 0x00, 0x00, 0x00, 0x00,
  0x00, 0x00, 0x00, 0x00, 0x00, 0x00, 0x00, 0x00, 0x00, 0x00, 0x00, 0x00,
  0x00, 0x00, 0x00, 0x00, 0x00, 0x00, 0x00, 0x00, 0x00, 0x00, 0x00, 0x00,
  0x00, 0x00, 0x00, 0x00, 0x00, 0x00, 0x00, 0x00, 0x00, 0x00, 0x00, 0x00,
  0x00, 0x00, 0x00, 0x00, 0x00, 0x00, 0x00, 0x00, 0x00, 0x00, 0x00, 0x00,
  0x00, 0x00, 0x00, 0x00, 0x00, 0x00, 0x00, 0x00, 0x00, 0x00, 0x00, 0x00,
  0x00, 0x00, 0x00, 0x00, 0x00, 0x00, 0xc2, 0x7a, 0xa2, 0xfd, 0xa1, 0xf5,
  0xa1, 0xfd, 0x81, 0xfd, 0xa0, 0xfd, 0xa0, 0xfd, 0xa0, 0xfd, 0xa0, 0xfd,
  0xa0, 0xfd, 0xa0, 0xfd, 0xa0, 0xfd, 0xa0, 0xfd, 0xa0, 0xfd, 0xa0, 0xfd,
  0xa0, 0xfd, 0xa0, 0xfd, 0xa0, 0xfd, 0xa0, 0xfd, 0xa0, 0xfd, 0xa0, 0xfd,
  0xa0, 0xfd, 0xa0, 0xfd, 0xa0, 0xfd, 0xa0, 0xfd, 0xa0, 0xfd, 0xa0, 0xfd,
  0xa0, 0xfd, 0xa0, 0xfd, 0xa0, 0xf5, 0xa0, 0xf5, 0xa1, 0xfd, 0xc1, 0xdc,
  0xe0, 0x28, 0x00, 0x00, 0x00, 0x00, 0x00, 0x00, 0x00, 0x00, 0x00, 0x00,
  0x00, 0x00, 0x00, 0x00, 0x00, 0x00, 0x00, 0x00, 0x00, 0x00, 0x00, 0x00,
  0x00, 0x00, 0x00, 0x00, 0x00, 0x00, 0x00, 0x00, 0x00, 0x00, 0x00, 0x00,
  0x00, 0x00, 0x00, 0x00, 0x00, 0x00, 0x00, 0x00, 0x00, 0x00, 0x00, 0x00,
  0x00, 0x00, 0x00, 0x00, 0x00, 0x00, 0x00, 0x00, 0x00, 0x00, 0x00, 0x00,
  0x00, 0x00, 0x00, 0x00, 0x00, 0x00, 0x00, 0x00, 0x00, 0x00, 0x00, 0x00,
  0x00, 0x00, 0x00, 0x00, 0x00, 0x00, 0x00, 0x00, 0x00, 0x00, 0x00, 0x00,
  0x00, 0x00, 0x00, 0x00, 0x00, 0x00, 0x00, 0x00, 0x00, 0x00, 0x00, 0x00,
  0x00, 0x00, 0x00, 0x00, 0x00, 0x00, 0x00, 0x00, 0x61, 0x39, 0x62, 0xc4,
  0xa1, 0xfd, 0xa0, 0xf5, 0xa0, 0xfd, 0x61, 0xfd, 0x82, 0xab, 0x40, 0x08,
  0x00, 0x00, 0x00, 0x00, 0x00, 0x00, 0x00, 0x00, 0x00, 0x00, 0x00, 0x00,
  0x00, 0x00, 0x00, 0x00, 0x61, 0x00, 0x70, 0x03, 0xbb, 0x0d, 0xbc, 0x05,
  0x7b, 0x0d, 0x9b, 0x05, 0x9b, 0x05, 0x9b, 0x05, 0x9b, 0x05, 0x9b, 0x05,
  0x9b, 0x05, 0xbb, 0x05, 0xbb, 0x05, 0xbb, 0x05, 0xbb, 0x05, 0xbb, 0x05,
  0xbb, 0x05, 0xbb, 0x05, 0xbb, 0x05, 0x9b, 0x05, 0x9b, 0x05, 0x9b, 0x05,
  0x9b, 0x05, 0x9b, 0x05, 0x9b, 0x05, 0x9b, 0x05, 0x9b, 0x05, 0x9b, 0x05,
  0x9b, 0x05, 0x9b, 0x05, 0x7b, 0x05, 0x9b, 0x05, 0xda, 0x05, 0xd9, 0x05,
  0x9a, 0x05, 0x9b, 0x0d, 0xbc, 0x05, 0xbc, 0x05, 0x59, 0x0d, 0xad, 0x0a,
  0x20, 0x00, 0x00, 0x00, 0x00, 0x00, 0x00, 0x00, 0x00, 0x00, 0x00, 0x00,
  0x00, 0x00, 0x00, 0x00, 0x00, 0x00, 0x00, 0x00, 0x00, 0x00, 0x00, 0x00,
  0x00, 0x00, 0x00, 0x00, 0x00, 0x00, 0x00, 0x00, 0x00, 0x00, 0x00, 0x00,
  0x00, 0x00, 0x00, 0x00, 0x00, 0x00, 0x00, 0x00, 0x00, 0x00, 0x00, 0x00,
  0x00, 0x00, 0x00, 0x00, 0x00, 0x00, 0x00, 0x00, 0x00, 0x00, 0x00, 0x00,
  0x00, 0x00, 0x00, 0x00, 0x00, 0x00, 0x00, 0x00, 0x00, 0x00, 0x00, 0x00,
  0x00, 0x00, 0x00, 0x00, 0x00, 0x00, 0x09, 0x0a, 0x18, 0x05, 0xbb, 0x0d,
  0x9b, 0x05, 0x9b, 0x05, 0x9b, 0x05, 0x9b, 0x05, 0x9b, 0x05, 0x7b, 0x05,
  0x9b, 0x05, 0x9b, 0x05, 0x9b, 0x05, 0x9b, 0x05, 0x9a, 0x05, 0x9a, 0x05,
  0x9b, 0x05, 0x9b, 0x05, 0x9b, 0x05, 0x9b, 0x05, 0x9b, 0x05, 0x9b, 0x05,
  0x9b, 0x05, 0x9b, 0x05, 0x9b, 0x05, 0x9b, 0x05, 0x9b, 0x05, 0x9b, 0x05,
  0x9b, 0x05, 0x9b, 0x05, 0x9b, 0x05, 0x9b, 0x05, 0x9b, 0x05, 0x9b, 0x05,
  0xbb, 0x05, 0xbb, 0x05, 0x9b, 0x05, 0x7b, 0x05, 0x9b, 0x0d, 0xb6, 0x0c,
  0x46, 0x01, 0x00, 0x00, 0x00, 0x00, 0x00, 0x00, 0x00, 0x00, 0x00, 0x00,
  0x00, 0x00, 0x00, 0x00, 0x00, 0x00, 0x00, 0x00, 0x02, 0x3b, 0xc3, 0x75,
  0x21, 0x43, 0x00, 0x00, 0x00, 0x00, 0x00, 0x00, 0x00, 0x00, 0x00, 0x00,
  0x00, 0x00, 0x00, 0x00, 0x00, 0x00, 0x00, 0x00, 0x00, 0x00, 0x00, 0x00,
  0x00, 0x00, 0x00, 0x00, 0x00, 0x00, 0x00, 0x00, 0x00, 0x00, 0x00, 0x00,
  0x00, 0x00, 0x00, 0x00, 0x00, 0x00, 0x00, 0x00, 0x00, 0x00, 0x00, 0x00,
  0x00, 0x00, 0x00, 0x00, 0x00, 0x00, 0x00, 0x00, 0x00, 0x00, 0x00, 0x00,
  0x00, 0x00, 0x00, 0x00, 0x00, 0x00, 0x00, 0x00, 0x00, 0x00, 0x00, 0x00,
  0x00, 0x00, 0x00, 0x00, 0x00, 0x00, 0x00, 0x00, 0x00, 0x00, 0x00, 0x00,
  0x00, 0x00, 0x00, 0x00, 0x00, 0x00, 0x00, 0x00, 0x00, 0x00, 0x00, 0x00,
  0x00, 0x00, 0x00, 0x00, 0x00, 0x00, 0x00, 0x00, 0x00, 0x00, 0x00, 0x00,
  0x00, 0x00, 0x00, 0x00, 0x00, 0x00, 0x00, 0x00, 0x00, 0x00, 0x00, 0x00,
  0x00, 0x00, 0x00, 0x00, 0x00, 0x00, 0x00, 0x00, 0x00, 0x00, 0x00, 0x00,
  0x00, 0x00, 0x00, 0x00, 0x00, 0x00, 0x00, 0x00, 0x00, 0x00, 0x00, 0x00,
  0x00, 0x00, 0x00, 0x00, 0x00, 0x00, 0x00, 0x00, 0x00, 0x00, 0x00, 0x00,
  0x00, 0x00, 0x00, 0x00, 0x00, 0x00, 0x00, 0x00, 0x00, 0x00, 0x00, 0x00,
  0x00, 0x00, 0x00, 0x00, 0x00, 0x00, 0x00, 0x00, 0x00, 0x00, 0xe2, 0x7a,
  0xc1, 0xfd, 0xa0, 0xf5, 0x80, 0xfd, 0x81, 0xfd, 0x80, 0xfd, 0xa0, 0xfd,
  0xa0, 0xfd, 0xa0, 0xfd, 0xa0, 0xfd, 0xa0, 0xfd, 0xa0, 0xfd, 0xa0, 0xfd,
  0xa0, 0xfd, 0xa0, 0xfd, 0xa0, 0xfd, 0xa0, 0xfd, 0xa0, 0xfd, 0xa0, 0xfd,
  0xa0, 0xfd, 0xa0, 0xfd, 0xa0, 0xfd, 0xa0, 0xfd, 0xa0, 0xfd, 0xa0, 0xfd,
  0xa0, 0xfd, 0xa0, 0xfd, 0xa0, 0xfd, 0xa0, 0xfd, 0xc0, 0xf5, 0xc0, 0xf5,
  0xa1, 0xfd, 0x82, 0xc4, 0xc0, 0x18, 0x00, 0x00, 0x00, 0x00, 0x00, 0x00,
  0x00, 0x00, 0x00, 0x00, 0x00, 0x00, 0x00, 0x00, 0x00, 0x00, 0x00, 0x00,
  0x00, 0x00, 0x00, 0x00, 0x00, 0x00, 0x00, 0x00, 0x00, 0x00, 0x00, 0x00,
  0x00, 0x00, 0x00, 0x00, 0x00, 0x00, 0x00, 0x00, 0x00, 0x00, 0x00, 0x00,
  0x00, 0x00, 0x00, 0x00, 0x00, 0x00, 0x00, 0x00, 0x00, 0x00, 0x00, 0x00,
  0x00, 0x00, 0x00, 0x00, 0x00, 0x00, 0x00, 0x00, 0x00, 0x00, 0x00, 0x00,
  0x00, 0x00, 0x00, 0x00, 0x00, 0x00, 0x00, 0x00, 0x00, 0x00, 0x00, 0x00,
  0x00, 0x00, 0x00, 0x00, 0x00, 0x00, 0x00, 0x00, 0x00, 0x00, 0x00, 0x00,
  0x00, 0x00, 0x00, 0x00, 0x00, 0x00, 0x00, 0x00, 0x00, 0x00, 0x00, 0x00,
  0x00, 0x00, 0xc1, 0x49, 0xc2, 0xd4, 0xa1, 0xfd, 0x82, 0xfd, 0xa3, 0xdc,
  0x81, 0x49, 0x00, 0x00, 0x00, 0x00, 0x00, 0x00, 0x00, 0x00, 0x00, 0x00,
  0x00, 0x00, 0x00, 0x00, 0x00, 0x00, 0x00, 0x00, 0x09, 0x02, 0x17, 0x05,
  0xbc, 0x05, 0x7b, 0x05, 0x7b, 0x0d, 0x9b, 0x05, 0x9b, 0x05, 0x9b, 0x05,
  0x9b, 0x05, 0x9a, 0x05, 0x9a, 0x05, 0x9a, 0x05, 0x9b, 0x05, 0x9b, 0x05,
  0x9b, 0x05, 0x9b, 0x05, 0x9b, 0x05, 0x9b, 0x05, 0x9b, 0x05, 0x9b, 0x05,
  0x9b, 0x05, 0x9b, 0x05, 0x9b, 0x05, 0x9a, 0x05, 0x9b, 0x05, 0x9a, 0x05,
  0x9a, 0x05, 0x9a, 0x05, 0x9a, 0x05, 0x9b, 0x05, 0x7b, 0x05, 0xba, 0x05,
  0xda, 0x05, 0xb9, 0x05, 0x9a, 0x05, 0x7b, 0x05, 0xbb, 0x05, 0xba, 0x05,
  0xb1, 0x0b, 0xa3, 0x00, 0x00, 0x00, 0x00, 0x00, 0x00, 0x00, 0x00, 0x00,
  0x00, 0x00, 0x00, 0x00, 0x00, 0x00, 0x00, 0x00, 0x00, 0x00, 0x00, 0x00,
  0x00, 0x00, 0x00, 0x00, 0x00, 0x00, 0x00, 0x00, 0x00, 0x00, 0x00, 0x00,
  0x00, 0x00, 0x00, 0x00, 0x00, 0x00, 0x00, 0x00, 0x00, 0x00, 0x00, 0x00,
  0x00, 0x00, 0x00, 0x00, 0x00, 0x00, 0x00, 0x00, 0x00, 0x00, 0x00, 0x00,
  0x00, 0x00, 0x00, 0x00, 0x00, 0x00, 0x00, 0x00, 0x00, 0x00, 0x00, 0x00,
  0x00, 0x00, 0x00, 0x00, 0x00, 0x00, 0x00, 0x00, 0x00, 0x00, 0x41, 0x00,
  0x0e, 0x03, 0x79, 0x0d, 0x9a, 0x05, 0x9a, 0x05, 0xbb, 0x05, 0xbb, 0x05,
  0x9b, 0x05, 0x9b, 0x05, 0x9a, 0x05, 0x9b, 0x05, 0x9b, 0x05, 0x9b, 0x05,
  0x9a, 0x05, 0x9a, 0x05, 0x9a, 0x05, 0x9a, 0x05, 0x9a, 0x05, 0x9a, 0x05,
  0x9a, 0x05, 0x9a, 0x05, 0x9a, 0x05, 0x9b, 0x05, 0x9b, 0x05, 0x9b, 0x05,
  0x9b, 0x05, 0x9b, 0x05, 0x9b, 0x05, 0x9b, 0x05, 0x9b, 0x05, 0x7b, 0x05,
  0x7b, 0x05, 0x7b, 0x05, 0x9b, 0x05, 0xbb, 0x05, 0xba, 0x05, 0x99, 0x05,
  0x7a, 0x05, 0x9b, 0x15, 0x50, 0x0b, 0x62, 0x00, 0x00, 0x00, 0x00, 0x00,
  0x00, 0x00, 0x00, 0x00, 0x00, 0x00, 0x00, 0x00, 0x00, 0x00, 0x00, 0x00,
  0xc1, 0x10, 0x23, 0x5c, 0x02, 0x43, 0x00, 0x00, 0x00, 0x00, 0x00, 0x00,
  0x00, 0x00, 0x00, 0x00, 0x00, 0x00, 0x00, 0x00, 0x00, 0x00, 0x00, 0x00,
  0x00, 0x00, 0x00, 0x00, 0x00, 0x00, 0x00, 0x00, 0x00, 0x00, 0x00, 0x00,
  0x00, 0x00, 0x00, 0x00, 0x00, 0x00, 0x00, 0x00, 0x00, 0x00, 0x00, 0x00,
  0x00, 0x00, 0x00, 0x00, 0x00, 0x00, 0x00, 0x00, 0x00, 0x00, 0x00, 0x00,
  0x00, 0x00, 0x00, 0x00, 0x00, 0x00, 0x00, 0x00, 0x00, 0x00, 0x00, 0x00,
  0x00, 0x00, 0x00, 0x00, 0x00, 0x00, 0x00, 0x00, 0x00, 0x00, 0x00, 0x00,
  0x00, 0x00, 0x00, 0x00, 0x00, 0x00, 0x00, 0x00, 0x00, 0x00, 0x00, 0x00,
  0x00, 0x00, 0x00, 0x00, 0x00, 0x00, 0x00, 0x00, 0x00, 0x00, 0x00, 0x00,
  0x00, 0x00, 0x00, 0x00, 0x00, 0x00, 0x00, 0x00, 0x00, 0x00, 0x00, 0x00,
  0x00, 0x00, 0x00, 0x00, 0x00, 0x00, 0x00, 0x00, 0x00, 0x00, 0x00, 0x00,
  0x00, 0x00, 0x00, 0x00, 0x00, 0x00, 0x00, 0x00, 0x00, 0x00, 0x00, 0x00,
  0x00, 0x00, 0x00, 0x00, 0x00, 0x00, 0x00, 0x00, 0x00, 0x00, 0x00, 0x00,
  0x00, 0x00, 0x00, 0x00, 0x00, 0x00, 0x00, 0x00, 0x00, 0x00, 0x00, 0x00,
  0x00, 0x00, 0x00, 0x00, 0x00, 0x00, 0x00, 0x00, 0x00, 0x00, 0x00, 0x00,
  0x00, 0x00, 0x61, 0x62, 0x81, 0xed, 0xc0, 0xfd, 0xa0, 0xfd, 0x81, 0xfd,
  0x81, 0xfd, 0xa0, 0xfd, 0xa0, 0xfd, 0xc0, 0xfd, 0xa0, 0xfd, 0xa0, 0xf5,
  0xa0, 0xf5, 0xa0, 0xfd, 0xa0, 0xf5, 0xa0, 0xf5, 0xa0, 0xf5, 0xa0, 0xf5,
  0xa0, 0xf5, 0xa0, 0xf5, 0xa0, 0xf5, 0xa0, 0xf5, 0xa0, 0xfd, 0xa0, 0xfd,
  0xa0, 0xfd, 0xa0, 0xfd, 0xa0, 0xfd, 0xa0, 0xfd, 0xa0, 0xfd, 0xa0, 0xfd,
  0xa0, 0xf5, 0xa0, 0xf5, 0xc1, 0xfd, 0x83, 0xc4, 0xa0, 0x18, 0x00, 0x00,
  0x00, 0x00, 0x00, 0x00, 0x00, 0x00, 0x00, 0x00, 0x00, 0x00, 0x00, 0x00,
  0x00, 0x00, 0x00, 0x00, 0x00, 0x00, 0x00, 0x00, 0x00, 0x00, 0x00, 0x00,
  0x00, 0x00, 0x00, 0x00, 0x00, 0x00, 0x00, 0x00, 0x00, 0x00, 0x00, 0x00,
  0x00, 0x00, 0x00, 0x00, 0x00, 0x00, 0x00, 0x00, 0x00, 0x00, 0x00, 0x00,
  0x00, 0x00, 0x00, 0x00, 0x00, 0x00, 0x00, 0x00, 0x00, 0x00, 0x00, 0x00,
  0x00, 0x00, 0x00, 0x00, 0x00, 0x00, 0x00, 0x00, 0x00, 0x00, 0x00, 0x00,
  0x00, 0x00, 0x00, 0x00, 0x00, 0x00, 0x00, 0x00, 0x00, 0x00, 0x00, 0x00,
  0x00, 0x00, 0x00, 0x00, 0x00, 0x00, 0x00, 0x00, 0x00, 0x00, 0x00, 0x00,
  0x00, 0x00, 0x00, 0x00, 0x00, 0x00, 0x00, 0x00, 0x42, 0x62, 0xe3, 0xdc,
  0x44, 0xed, 0x62, 0x6a, 0x20, 0x00, 0x00, 0x00, 0x00, 0x00, 0x00, 0x00,
  0x00, 0x00, 0x00, 0x00, 0x00, 0x00, 0x00, 0x00, 0x00, 0x00, 0x25, 0x01,
  0x53, 0x04, 0xba, 0x05, 0x9a, 0x05, 0x7a, 0x0d, 0x7a, 0x0d, 0x9b, 0x05,
  0x9b, 0x05, 0x9b, 0x05, 0xba, 0x05, 0xb9, 0x05, 0x9a, 0x05, 0x9a, 0x05,
  0x9a, 0x05, 0x9a, 0x05, 0x9a, 0x05, 0x9a, 0x05, 0x9a, 0x05, 0x9a, 0x05,
  0x9a, 0x05, 0x9a, 0x05, 0x9a, 0x05, 0x9a, 0x05, 0x9b, 0x05, 0x9a, 0x05,
  0x9a, 0x05, 0x9a, 0x05, 0x9b, 0x05, 0x9a, 0x05, 0x7a, 0x05, 0x7b, 0x0d,
  0x7a, 0x0d, 0x9a, 0x05, 0x9a, 0x05, 0x7a, 0x05, 0x7b, 0x05, 0x9c, 0x05,
  0xbb, 0x05, 0xf6, 0x04, 0x86, 0x01, 0x00, 0x00, 0x00, 0x00, 0x00, 0x00,
  0x00, 0x00, 0x00, 0x00, 0x00, 0x00, 0x00, 0x00, 0x00, 0x00, 0x00, 0x00,
  0x00, 0x00, 0x00, 0x00, 0x00, 0x00, 0x00, 0x00, 0x00, 0x00, 0x00, 0x00,
  0x00, 0x00, 0x00, 0x00, 0x00, 0x00, 0x00, 0x00, 0x00, 0x00, 0x00, 0x00,
  0x00, 0x00, 0x00, 0x00, 0x00, 0x00, 0x00, 0x00, 0x00, 0x00, 0x00, 0x00,
  0x00, 0x00, 0x00, 0x00, 0x00, 0x00, 0x00, 0x00, 0x00, 0x00, 0x00, 0x00,
  0x00, 0x00, 0x00, 0x00, 0x00, 0x00, 0x00, 0x00, 0x00, 0x00, 0x00, 0x00,
  0x00, 0x00, 0x00, 0x00, 0xe4, 0x00, 0x33, 0x0c, 0xba, 0x0d, 0x9a, 0x0d,
  0x9a, 0x05, 0x9b, 0x05, 0x9a, 0x05, 0x9a, 0x05, 0x9a, 0x05, 0xba, 0x05,
  0xbb, 0x05, 0x9a, 0x05, 0x9a, 0x05, 0x9a, 0x05, 0x9a, 0x05, 0x9a, 0x05,
  0x9a, 0x05, 0x9a, 0x05, 0x9a, 0x05, 0x9a, 0x05, 0x9a, 0x05, 0xba, 0x05,
  0x9a, 0x05, 0xba, 0x05, 0x9a, 0x05, 0xba, 0x05, 0x9a, 0x05, 0x9b, 0x05,
  0x9b, 0x05, 0x7b, 0x05, 0x7b, 0x05, 0x7a, 0x05, 0x7a, 0x05, 0x9b, 0x05,
  0xba, 0x05, 0xb8, 0x05, 0xb9, 0x05, 0x9b, 0x0d, 0xf8, 0x0c, 0x09, 0x0a,
  0x00, 0x00, 0x00, 0x00, 0x00, 0x00, 0x00, 0x00, 0x00, 0x00, 0x00, 0x00,
  0x00, 0x00, 0x00, 0x00, 0x00, 0x00, 0x81, 0x21, 0x01, 0x32, 0x00, 0x00,
  0x00, 0x00, 0x00, 0x00, 0x00, 0x00, 0x00, 0x00, 0x00, 0x00, 0x00, 0x00,
  0x00, 0x00, 0x00, 0x00, 0x00, 0x00, 0x00, 0x00, 0x00, 0x00, 0x00, 0x00,
  0x00, 0x00, 0x00, 0x00, 0x00, 0x00, 0x00, 0x00, 0x00, 0x00, 0x00, 0x00,
  0x00, 0x00, 0x00, 0x00, 0x00, 0x00, 0x00, 0x00, 0x00, 0x00, 0x00, 0x00,
  0x00, 0x00, 0x00, 0x00, 0x00, 0x00, 0x00, 0x00, 0x00, 0x00, 0x00, 0x00,
  0x00, 0x00, 0x00, 0x00, 0x00, 0x00, 0x00, 0x00, 0x00, 0x00, 0x00, 0x00,
  0x00, 0x00, 0x00, 0x00, 0x00, 0x00, 0x00, 0x00, 0x00, 0x00, 0x00, 0x00,
  0x00, 0x00, 0x00, 0x00, 0x00, 0x00, 0x00, 0x00, 0x00, 0x00, 0x00, 0x00,
  0x00, 0x00, 0x00, 0x00, 0x00, 0x00, 0x00, 0x00, 0x00, 0x00, 0x00, 0x00,
  0x00, 0x00, 0x00, 0x00, 0x00, 0x00, 0x00, 0x00, 0x00, 0x00, 0x00, 0x00,
  0x00, 0x00, 0x00, 0x00, 0x00, 0x00, 0x00, 0x00, 0x00, 0x00, 0x00, 0x00,
  0x00, 0x00, 0x00, 0x00, 0x00, 0x00, 0x00, 0x00, 0x00, 0x00, 0x00, 0x00,
  0x00, 0x00, 0x00, 0x00, 0x00, 0x00, 0x00, 0x00, 0x00, 0x00, 0x00, 0x00,
  0x00, 0x00, 0x00, 0x00, 0x00, 0x00, 0x00, 0x00, 0x00, 0x00, 0x00, 0x00,
  0x00, 0x00, 0x00, 0x00, 0x00, 0x00, 0xc1, 0x49, 0x02, 0xdd, 0xc1, 0xfd,
  0xa0, 0xfd, 0xa1, 0xfd, 0xa2, 0xfd, 0xa1, 0xfd, 0xa2, 0xfd, 0xa1, 0xfd,
  0xa1, 0xfd, 0xc1, 0xfd, 0xc1, 0xfd, 0xc1, 0xfd, 0xc1, 0xfd, 0xc1, 0xfd,
  0xc1, 0xfd, 0xc1, 0xfd, 0xc1, 0xfd, 0xc1, 0xfd, 0xc1, 0xfd, 0xc1, 0xfd,
  0xa1, 0xfd, 0xa1, 0xfd, 0xa1, 0xfd, 0xa1, 0xfd, 0xa1, 0xfd, 0xa1, 0xfd,
  0xa1, 0xfd, 0xa1, 0xfd, 0xa0, 0xfd, 0x80, 0xfd, 0xa1, 0xfd, 0x63, 0xc4,
  0xa0, 0x18, 0x00, 0x00, 0x00, 0x00, 0x00, 0x00, 0x00, 0x00, 0x00, 0x00,
  0x00, 0x00, 0x00, 0x00, 0x00, 0x00, 0x00, 0x00, 0x00, 0x00, 0x00, 0x00,
  0x00, 0x00, 0x00, 0x00, 0x00, 0x00, 0x00, 0x00, 0x00, 0x00, 0x00, 0x00,
  0x00, 0x00, 0x00, 0x00, 0x00, 0x00, 0x00, 0x00, 0x00, 0x00, 0x00, 0x00,
  0x00, 0x00, 0x00, 0x00, 0x00, 0x00, 0x00, 0x00, 0x00, 0x00, 0x00, 0x00,
  0x00, 0x00, 0x00, 0x00, 0x00, 0x00, 0x00, 0x00, 0x00, 0x00, 0x00, 0x00,
  0x00, 0x00, 0x00, 0x00, 0x00, 0x00, 0x00, 0x00, 0x00, 0x00, 0x00, 0x00,
  0x00, 0x00, 0x00, 0x00, 0x00, 0x00, 0x00, 0x00, 0x00, 0x00, 0x00, 0x00,
  0x00, 0x00, 0x00, 0x00, 0x00, 0x00, 0x00, 0x00, 0x00, 0x00, 0x00, 0x00,
  0x60, 0x08, 0x42, 0x62, 0x83, 0x6a, 0x81, 0x10, 0x00, 0x00, 0x00, 0x00,
  0x00, 0x00, 0x00, 0x00, 0x00, 0x00, 0x00, 0x00, 0x00, 0x00, 0x00, 0x00,
  0x21, 0x00, 0xcd, 0x02, 0x9a, 0x05, 0xda, 0x0d, 0x9a, 0x0d, 0x9a, 0x15,
  0x9a, 0x0d, 0x9b, 0x05, 0xbb, 0x05, 0xbb, 0x05, 0xba, 0x05, 0xb9, 0x05,
  0x9a, 0x0d, 0x9a, 0x0d, 0x9a, 0x0d, 0x9a, 0x05, 0x9a, 0x05, 0x9a, 0x0d,
  0x9a, 0x0d, 0x9a, 0x0d, 0x9a, 0x0d, 0x9a, 0x0d, 0x7a, 0x0d, 0x9a, 0x0d,
  0x7a, 0x05, 0x9b, 0x05, 0x9b, 0x05, 0xbb, 0x0d, 0x9b, 0x05, 0x9b, 0x05,
  0x9b, 0x0d, 0x9b, 0x0d, 0x9a, 0x0d, 0x9a, 0x0d, 0x9b, 0x0d, 0x9b, 0x0d,
  0x7c, 0x0d, 0x9c, 0x0d, 0x39, 0x0d, 0x8b, 0x02, 0x20, 0x00, 0x00, 0x00,
  0x00, 0x00, 0x00, 0x00, 0x00, 0x00, 0x00, 0x00, 0x00, 0x00, 0x00, 0x00,
  0x00, 0x00, 0x00, 0x00, 0x00, 0x00, 0x00, 0x00, 0x00, 0x00, 0x00, 0x00,
  0x00, 0x00, 0x00, 0x00, 0x00, 0x00, 0x00, 0x00, 0x00, 0x00, 0x00, 0x00,
  0x00, 0x00, 0x00, 0x00, 0x00, 0x00, 0x00, 0x00, 0x00, 0x00, 0x00, 0x00,
  0x00, 0x00, 0x00, 0x00, 0x00, 0x00, 0x00, 0x00, 0x00, 0x00, 0x00, 0x00,
  0x00, 0x00, 0x00, 0x00, 0x00, 0x00, 0x00, 0x00, 0x00, 0x00, 0x00, 0x00,
  0x00, 0x00, 0x00, 0x00, 0x00, 0x00, 0x00, 0x00, 0x00, 0x00, 0x2a, 0x0a,
  0xf7, 0x14, 0x7a, 0x15, 0x9b, 0x15, 0x9b, 0x0d, 0x9a, 0x0d, 0x99, 0x0d,
  0x99, 0x0d, 0x9a, 0x0d, 0x9a, 0x0d, 0x9b, 0x0d, 0x9b, 0x05, 0x9b, 0x05,
  0x9b, 0x05, 0x9b, 0x0d, 0x9a, 0x05, 0x9a, 0x05, 0x9a, 0x05, 0x9a, 0x0d,
  0x9a, 0x05, 0x9a, 0x05, 0x9a, 0x0d, 0x99, 0x05, 0xba, 0x05, 0x9a, 0x05,
  0xba, 0x05, 0x9a, 0x05, 0x9a, 0x05, 0x9b, 0x05, 0xbb, 0x0d, 0x9b, 0x0d,
  0x5a, 0x0d, 0x9a, 0x0d, 0xb9, 0x0d, 0xb9, 0x05, 0xb9, 0x0d, 0xbb, 0x15,
  0x7b, 0x15, 0xd1, 0x13, 0xa3, 0x08, 0x00, 0x00, 0x00, 0x00, 0x00, 0x00,
  0x00, 0x00, 0x00, 0x00, 0x00, 0x00, 0x00, 0x00, 0x00, 0x00, 0x40, 0x08,
  0xc1, 0x10, 0x00, 0x00, 0x00, 0x00, 0x00, 0x00, 0x00, 0x00, 0x00, 0x00,
  0x00, 0x00, 0x00, 0x00, 0x00, 0x00, 0x00, 0x00, 0x00, 0x00, 0x00, 0x00,
  0x00, 0x00, 0x00, 0x00, 0x00, 0x00, 0x00, 0x00, 0x00, 0x00, 0x00, 0x00,
  0x00, 0x00, 0x00, 0x00, 0x00, 0x00, 0x00, 0x00, 0x00, 0x00, 0x00, 0x00,
  0x00, 0x00, 0x00, 0x00, 0x00, 0x00, 0x00, 0x00, 0x00, 0x00, 0x00, 0x00,
  0x00, 0x00, 0x00, 0x00, 0x00, 0x00, 0x00, 0x00, 0x00, 0x00, 0x00, 0x00,
  0x00, 0x00, 0x00, 0x00, 0x00, 0x00, 0x00, 0x00, 0x00, 0x00, 0x00, 0x00,
  0x00, 0x00, 0x00, 0x00, 0x00, 0x00, 0x00, 0x00, 0x00, 0x00, 0x00, 0x00,
  0x00, 0x00, 0x00, 0x00, 0x00, 0x00, 0x00, 0x00, 0x00, 0x00, 0x00, 0x00,
  0x00, 0x00, 0x00, 0x00, 0x00, 0x00, 0x00, 0x00, 0x00, 0x00, 0x00, 0x00,
  0x00, 0x00, 0x00, 0x00, 0x00, 0x00, 0x00, 0x00, 0x00, 0x00, 0x00, 0x00,
  0x00, 0x00, 0x00, 0x00, 0x00, 0x00, 0x00, 0x00, 0x00, 0x00, 0x00, 0x00,
  0x00, 0x00, 0x00, 0x00, 0x00, 0x00, 0x00, 0x00, 0x00, 0x00, 0x00, 0x00,
  0x00, 0x00, 0x00, 0x00, 0x00, 0x00, 0x00, 0x00, 0x00, 0x00, 0x00, 0x00,
  0x00, 0x00, 0x00, 0x00, 0x00, 0x00, 0x00, 0x00, 0x00, 0x00, 0xc0, 0x20,
  0x81, 0x6a, 0x41, 0x8b, 0xc0, 0xa3, 0xc1, 0xab, 0xa1, 0xa3, 0xa2, 0xa3,
  0xa2, 0xa3, 0xc2, 0xab, 0x02, 0xac, 0x02, 0xb4, 0x02, 0xb4, 0x02, 0xb4,
  0x02, 0xb4, 0x22, 0xb4, 0x22, 0xb4, 0x42, 0xbc, 0x42, 0xbc, 0x42, 0xbc,
  0x42, 0xbc, 0x22, 0xbc, 0x22, 0xbc, 0x22, 0xbc, 0x22, 0xb4, 0x22, 0xb4,
  0x02, 0xb4, 0xe2, 0xab, 0xc1, 0xa3, 0xa1, 0xa3, 0x81, 0xa3, 0x41, 0x9b,
  0x61, 0x9b, 0x62, 0x6a, 0x40, 0x08, 0x00, 0x00, 0x00, 0x00, 0x00, 0x00,
  0x00, 0x00, 0x00, 0x00, 0x00, 0x00, 0x00, 0x00, 0x00, 0x00, 0x00, 0x00,
  0x00, 0x00, 0x00, 0x00, 0x00, 0x00, 0x00, 0x00, 0x00, 0x00, 0x00, 0x00,
  0x00, 0x00, 0x00, 0x00, 0x00, 0x00, 0x00, 0x00, 0x00, 0x00, 0x00, 0x00,
  0x00, 0x00, 0x00, 0x00, 0x00, 0x00, 0x00, 0x00, 0x00, 0x00, 0x00, 0x00,
  0x00, 0x00, 0x00, 0x00, 0x00, 0x00, 0x00, 0x00, 0x00, 0x00, 0x00, 0x00,
  0x00, 0x00, 0x00, 0x00, 0x00, 0x00, 0x00, 0x00, 0x00, 0x00, 0x00, 0x00,
  0x00, 0x00, 0x00, 0x00, 0x00, 0x00, 0x00, 0x00, 0x00, 0x00, 0x00, 0x00,
  0x00, 0x00, 0x00, 0x00, 0x00, 0x00, 0x00, 0x00, 0x00, 0x00, 0x00, 0x00,
  0x00, 0x00, 0x00, 0x00, 0x00, 0x00, 0x20, 0x00, 0x20, 0x08, 0x00, 0x00,
  0x00, 0x00, 0x00, 0x00, 0x00, 0x00, 0x00, 0x00, 0x00, 0x00, 0x00, 0x00,
  0x00, 0x00, 0x00, 0x00, 0x61, 0x00, 0x6b, 0x0a, 0xd2, 0x0b, 0xd2, 0x0b,
  0xd2, 0x0b, 0xf2, 0x0b, 0xd2, 0x0b, 0xb2, 0x0b, 0xd2, 0x0b, 0xf2, 0x03,
  0xb1, 0x03, 0x71, 0x03, 0x91, 0x03, 0x91, 0x03, 0x91, 0x03, 0x90, 0x03,
  0x90, 0x03, 0x70, 0x03, 0x90, 0x0b, 0x50, 0x0b, 0x4f, 0x0b, 0x50, 0x0b,
  0x70, 0x0b, 0x4f, 0x0b, 0x70, 0x0b, 0x70, 0x0b, 0x90, 0x03, 0x91, 0x03,
  0xb1, 0x03, 0xd2, 0x03, 0xd2, 0x03, 0xd2, 0x03, 0xf1, 0x0b, 0xf1, 0x0b,
  0xf2, 0x0b, 0xd2, 0x0b, 0xd3, 0x0b, 0x71, 0x13, 0x2b, 0x0a, 0x62, 0x00,
  0x00, 0x00, 0x00, 0x00, 0x00, 0x00, 0x00, 0x00, 0x00, 0x00, 0x00, 0x00,
  0x00, 0x00, 0x00, 0x00, 0x00, 0x00, 0x00, 0x00, 0x00, 0x00, 0x00, 0x00,
  0x00, 0x00, 0x00, 0x00, 0x00, 0x00, 0x00, 0x00, 0x00, 0x00, 0x00, 0x00,
  0x00, 0x00, 0x00, 0x00, 0x00, 0x00, 0x00, 0x00, 0x00, 0x00, 0x00, 0x00,
  0x00, 0x00, 0x00, 0x00, 0x00, 0x00, 0x00, 0x00, 0x00, 0x00, 0x00, 0x00,
  0x00, 0x00, 0x00, 0x00, 0x00, 0x00, 0x00, 0x00, 0x00, 0x00, 0x00, 0x00,
  0x00, 0x00, 0x00, 0x00, 0x00, 0x00, 0x00, 0x00, 0x00, 0x00, 0x00, 0x00,
  0x00, 0x00, 0x62, 0x00, 0x4a, 0x0a, 0x2f, 0x0b, 0xb2, 0x13, 0x91, 0x0b,
  0xb1, 0x0b, 0x90, 0x0b, 0x6f, 0x0b, 0x50, 0x0b, 0x70, 0x0b, 0x91, 0x0b,
  0xd1, 0x03, 0xb1, 0x03, 0xb1, 0x03, 0x90, 0x03, 0x70, 0x03, 0x4f, 0x0b,
  0x4f, 0x0b, 0x2f, 0x0b, 0x2f, 0x0b, 0x2f, 0x0b, 0x2f, 0x0b, 0x2e, 0x03,
  0x4f, 0x0b, 0x6f, 0x03, 0x6f, 0x03, 0x70, 0x03, 0x90, 0x03, 0x91, 0x03,
  0xb1, 0x03, 0x91, 0x03, 0x70, 0x0b, 0x70, 0x0b, 0x90, 0x0b, 0xb1, 0x03,
  0xb2, 0x03, 0xd2, 0x0b, 0xd2, 0x0b, 0x0e, 0x13, 0x04, 0x09, 0x00, 0x00,
  0x00, 0x00, 0x00, 0x00, 0x00, 0x00, 0x00, 0x00, 0x00, 0x00, 0x00, 0x00,
  0x00, 0x00, 0x00, 0x00, 0x00, 0x00, 0x00, 0x00, 0x00, 0x00, 0x00, 0x00,
  0x00, 0x00, 0x00, 0x00, 0x00, 0x00, 0x00, 0x00, 0x00, 0x00, 0x00, 0x00,
  0x00, 0x00, 0x00, 0x00, 0x00, 0x00, 0x00, 0x00, 0x00, 0x00, 0x00, 0x00,
  0x00, 0x00, 0x00, 0x00, 0x00, 0x00, 0x00, 0x00, 0x00, 0x00, 0x00, 0x00,
  0x00, 0x00, 0x00, 0x00, 0x00, 0x00, 0x00, 0x00, 0x00, 0x00, 0x00, 0x00,
  0x00, 0x00, 0x00, 0x00, 0x00, 0x00, 0x00, 0x00, 0x00, 0x00, 0x00, 0x00,
  0x00, 0x00, 0x00, 0x00, 0x00, 0x00, 0x00, 0x00, 0x00, 0x00, 0x00, 0x00,
  0x00, 0x00, 0x00, 0x00, 0x00, 0x00, 0x00, 0x00, 0x00, 0x00, 0x00, 0x00,
  0x00, 0x00, 0x00, 0x00, 0x00, 0x00, 0x00, 0x00, 0x00, 0x00, 0x00, 0x00,
  0x00, 0x00, 0x00, 0x00, 0x00, 0x00, 0x00, 0x00, 0x00, 0x00, 0x00, 0x00,
  0x00, 0x00, 0x00, 0x00, 0x00, 0x00, 0x00, 0x00, 0x00, 0x00, 0x00, 0x00,
  0x00, 0x00, 0x00, 0x00, 0x00, 0x00, 0x00, 0x00, 0x00, 0x00, 0x00, 0x00,
  0x00, 0x00, 0x00, 0x00, 0x00, 0x00, 0x00, 0x00, 0x00, 0x00, 0x00, 0x00,
  0x00, 0x00, 0x00, 0x00, 0x00, 0x00, 0x00, 0x00, 0x00, 0x00, 0x00, 0x00,
  0x00, 0x00, 0x00, 0x00, 0x00, 0x00, 0x00, 0x00, 0x00, 0x00, 0x00, 0x00,
  0x00, 0x00, 0x00, 0x00, 0x00, 0x00, 0x00, 0x00, 0x20, 0x08, 0x20, 0x08,
  0x20, 0x08, 0x40, 0x08, 0x40, 0x08, 0x60, 0x08, 0x60, 0x08, 0x60, 0x10,
  0x60, 0x10, 0x60, 0x10, 0x60, 0x10, 0x60, 0x10, 0x60, 0x10, 0x60, 0x10,
  0x60, 0x10, 0x60, 0x10, 0x60, 0x10, 0x60, 0x10, 0x60, 0x10, 0x60, 0x10,
  0x60, 0x10, 0x60, 0x10, 0x60, 0x10, 0x40, 0x08, 0x40, 0x08, 0x20, 0x08,
  0x20, 0x00, 0x00, 0x00, 0x20, 0x00, 0x00, 0x00, 0x00, 0x00, 0x00, 0x00,
  0x00, 0x00, 0x00, 0x00, 0x00, 0x00, 0x00, 0x00, 0x00, 0x00, 0x00, 0x00,
  0x00, 0x00, 0x00, 0x00, 0x00, 0x00, 0x00, 0x00, 0x00, 0x00, 0x00, 0x00,
  0x00, 0x00, 0x00, 0x00, 0x00, 0x00, 0x00, 0x00, 0x00, 0x00, 0x00, 0x00,
  0x00, 0x00, 0x00, 0x00, 0x00, 0x00, 0x00, 0x00, 0x00, 0x00, 0x00, 0x00,
  0x00, 0x00, 0x00, 0x00, 0x00, 0x00, 0x00, 0x00, 0x00, 0x00, 0x00, 0x00,
  0x00, 0x00, 0x00, 0x00, 0x00, 0x00, 0x00, 0x00, 0x00, 0x00, 0x00, 0x00,
  0x00, 0x00, 0x00, 0x00, 0x00, 0x00, 0x00, 0x00, 0x00, 0x00, 0x00, 0x00,
  0x00, 0x00, 0x00, 0x00, 0x00, 0x00, 0x00, 0x00, 0x00, 0x00, 0x00, 0x00,
  0x00, 0x00, 0x00, 0x00, 0x00, 0x00, 0x00, 0x00, 0x00, 0x00, 0x00, 0x00,
  0x00, 0x00, 0x00, 0x00, 0x00, 0x00, 0x00, 0x00, 0x00, 0x00, 0x00, 0x00,
  0x00, 0x00, 0x00, 0x00, 0x00, 0x00, 0x00, 0x00, 0x00, 0x00, 0x20, 0x00,
  0x41, 0x00, 0x41, 0x00, 0x41, 0x00, 0x61, 0x00, 0x41, 0x00, 0x41, 0x00,
  0x41, 0x00, 0x41, 0x00, 0x41, 0x00, 0x21, 0x00, 0x21, 0x00, 0x21, 0x00,
  0x20, 0x00, 0x20, 0x00, 0x20, 0x00, 0x20, 0x00, 0x20, 0x00, 0x20, 0x00,
  0x00, 0x00, 0x00, 0x00, 0x00, 0x00, 0x20, 0x00, 0x20, 0x00, 0x20, 0x00,
  0x20, 0x00, 0x20, 0x00, 0x20, 0x00, 0x21, 0x00, 0x41, 0x00, 0x41, 0x00,
  0x41, 0x00, 0x41, 0x00, 0x41, 0x00, 0x41, 0x00, 0x41, 0x00, 0x20, 0x00,
  0x00, 0x00, 0x00, 0x00, 0x00, 0x00, 0x00, 0x00, 0x00, 0x00, 0x00, 0x00,
  0x00, 0x00, 0x00, 0x00, 0x00, 0x00, 0x00, 0x00, 0x00, 0x00, 0x00, 0x00,
  0x00, 0x00, 0x00, 0x00, 0x00, 0x00, 0x00, 0x00, 0x00, 0x00, 0x00, 0x00,
  0x00, 0x00, 0x00, 0x00, 0x00, 0x00, 0x00, 0x00, 0x00, 0x00, 0x00, 0x00,
  0x00, 0x00, 0x00, 0x00, 0x00, 0x00, 0x00, 0x00, 0x00, 0x00, 0x00, 0x00,
  0x00, 0x00, 0x00, 0x00, 0x00, 0x00, 0x00, 0x00, 0x00, 0x00, 0x00, 0x00,
  0x00, 0x00, 0x00, 0x00, 0x00, 0x00, 0x00, 0x00, 0x00, 0x00, 0x00, 0x00,
  0x00, 0x00, 0x00, 0x00, 0x00, 0x00, 0x00, 0x00, 0x00, 0x00, 0x20, 0x00,
  0x41, 0x00, 0x41, 0x00, 0x41, 0x00, 0x41, 0x00, 0x20, 0x00, 0x20, 0x00,
  0x21, 0x00, 0x41, 0x00, 0x21, 0x00, 0x21, 0x00, 0x20, 0x00, 0x20, 0x00,
  0x00, 0x00, 0x00, 0x00, 0x00, 0x00, 0x00, 0x00, 0x00, 0x00, 0x00, 0x00,
  0x00, 0x00, 0x00, 0x00, 0x00, 0x00, 0x00, 0x00, 0x20, 0x00, 0x20, 0x00,
  0x20, 0x00, 0x20, 0x00, 0x21, 0x00, 0x21, 0x00, 0x21, 0x00, 0x21, 0x00,
  0x41, 0x00, 0x41, 0x00, 0x41, 0x00, 0x41, 0x00, 0x41, 0x00, 0x41, 0x00,
  0x20, 0x00, 0x00, 0x00, 0x00, 0x00, 0x00, 0x00, 0x00, 0x00, 0x00, 0x00,
  0x00, 0x00, 0x00, 0x00, 0x00, 0x00, 0x00, 0x00, 0x00, 0x00, 0x00, 0x00,
  0x00, 0x00, 0x00, 0x00, 0x00, 0x00, 0x00, 0x00, 0x00, 0x00, 0x00, 0x00,
  0x00, 0x00, 0x00, 0x00, 0x00, 0x00, 0x00, 0x00, 0x00, 0x00, 0x00, 0x00,
  0x00, 0x00, 0x00, 0x00, 0x00, 0x00, 0x00, 0x00, 0x00, 0x00, 0x00, 0x00,
  0x00, 0x00, 0x00, 0x00, 0x00, 0x00, 0x00, 0x00, 0x00, 0x00, 0x00, 0x00,
  0x00, 0x00, 0x00, 0x00, 0x00, 0x00, 0x00, 0x00, 0x00, 0x00, 0x00, 0x00,
  0x00, 0x00, 0x00, 0x00, 0x00, 0x00, 0x00, 0x00, 0x00, 0x00, 0x00, 0x00,
  0x00, 0x00, 0x00, 0x00, 0x00, 0x00, 0x00, 0x00, 0x00, 0x00, 0x00, 0x00,
  0x00, 0x00, 0x00, 0x00, 0x00, 0x00, 0x00, 0x00, 0x00, 0x00, 0x00, 0x00,
  0x00, 0x00, 0x00, 0x00, 0x00, 0x00, 0x00, 0x00, 0x00, 0x00, 0x00, 0x00,
  0x00, 0x00, 0x00, 0x00, 0x00, 0x00, 0x00, 0x00, 0x00, 0x00, 0x00, 0x00,
  0x00, 0x00, 0x00, 0x00, 0x00, 0x00, 0x00, 0x00, 0x00, 0x00, 0x00, 0x00,
  0x00, 0x00, 0x00, 0x00, 0x00, 0x00, 0x00, 0x00, 0x00, 0x00, 0x00, 0x00,
  0x00, 0x00, 0x00, 0x00, 0x00, 0x00, 0x00, 0x00, 0x00, 0x00, 0x00, 0x00,
  0x00, 0x00, 0x00, 0x00, 0x00, 0x00, 0x00, 0x00, 0x00, 0x00, 0x00, 0x00,
  0x00, 0x00, 0x00, 0x00, 0x00, 0x00, 0x00, 0x00, 0x00, 0x00, 0x00, 0x00,
  0x00, 0x00, 0x00, 0x00, 0x00, 0x00, 0x00, 0x00, 0x00, 0x00, 0x00, 0x00,
  0x00, 0x00, 0x00, 0x00, 0x00, 0x00, 0x00, 0x00, 0x00, 0x00, 0x00, 0x00,
  0x00, 0x00, 0x00, 0x00, 0x00, 0x00, 0x00, 0x00, 0x00, 0x00, 0x00, 0x00,
  0x00, 0x00, 0x00, 0x00, 0x00, 0x00, 0x00, 0x00, 0x00, 0x00, 0x00, 0x00,
  0x00, 0x00, 0x00, 0x00, 0x00, 0x00, 0x00, 0x00, 0x00, 0x00, 0x00, 0x00,
  0x00, 0x00, 0x00, 0x00, 0x00, 0x00, 0x00, 0x00, 0x00, 0x00, 0x00, 0x00,
  0x00, 0x00, 0x00, 0x00, 0x00, 0x00, 0x00, 0x00, 0x00, 0x00, 0x00, 0x00,
  0x00, 0x00, 0x00, 0x00, 0x00, 0x00, 0x00, 0x00, 0x00, 0x00, 0x00, 0x00,
  0x00, 0x00, 0x00, 0x00, 0x00, 0x00, 0x00, 0x00, 0x00, 0x00, 0x00, 0x00,
  0x00, 0x00, 0x00, 0x00, 0x00, 0x00, 0x00, 0x00, 0x00, 0x00, 0x00, 0x00,
  0x00, 0x00, 0x00, 0x00, 0x00, 0x00, 0x00, 0x00, 0x00, 0x00, 0x00, 0x00,
  0x00, 0x00, 0x00, 0x00, 0x00, 0x00, 0x00, 0x00, 0x00, 0x00, 0x00, 0x00,
  0x00, 0x00, 0x00, 0x00, 0x00, 0x00, 0x00, 0x00, 0x00, 0x00, 0x00, 0x00,
  0x00, 0x00, 0x00, 0x00, 0x00, 0x00, 0x00, 0x00, 0x00, 0x00, 0x00, 0x00,
  0x00, 0x00, 0x00, 0x00, 0x00, 0x00, 0x00, 0x00, 0x00, 0x00, 0x00, 0x00,
  0x00, 0x00, 0x00, 0x00, 0x00, 0x00, 0x00, 0x00, 0x00, 0x00, 0x00, 0x00,
  0x00, 0x00, 0x00, 0x00, 0x00, 0x00, 0x00, 0x00, 0x00, 0x00, 0x00, 0x00,
  0x00, 0x00, 0x00, 0x00, 0x00, 0x00, 0x00, 0x00, 0x00, 0x00, 0x00, 0x00,
  0x00, 0x00, 0x00, 0x00, 0x00, 0x00, 0x00, 0x00, 0x00, 0x00, 0x00, 0x00,
  0x00, 0x00, 0x00, 0x00, 0x00, 0x00, 0x00, 0x00, 0x00, 0x00, 0x00, 0x00,
  0x00, 0x00, 0x00, 0x00, 0x00, 0x00, 0x00, 0x00, 0x00, 0x00, 0x00, 0x00,
  0x00, 0x00, 0x00, 0x00, 0x00, 0x00, 0x00, 0x00, 0x00, 0x00, 0x00, 0x00,
  0x00, 0x00, 0x00, 0x00, 0x00, 0x00, 0x00, 0x00, 0x00, 0x00, 0x00, 0x00,
  0x00, 0x00, 0x00, 0x00, 0x00, 0x00, 0x00, 0x00, 0x00, 0x00, 0x00, 0x00,
  0x00, 0x00, 0x00, 0x00, 0x00, 0x00, 0x00, 0x00, 0x00, 0x00, 0x00, 0x00,
  0x00, 0x00, 0x00, 0x00, 0x00, 0x00, 0x00, 0x00, 0x00, 0x00, 0x00, 0x00,
  0x00, 0x00, 0x00, 0x00, 0x00, 0x00, 0x00, 0x00, 0x00, 0x00, 0x00, 0x00,
  0x00, 0x00, 0x00, 0x00, 0x00, 0x00, 0x00, 0x00, 0x00, 0x00, 0x00, 0x00,
  0x00, 0x00, 0x00, 0x00, 0x00, 0x00, 0x00, 0x00, 0x00, 0x00, 0x00, 0x00,
  0x00, 0x00, 0x00, 0x00, 0x00, 0x00, 0x00, 0x00, 0x00, 0x00, 0x00, 0x00,
  0x00, 0x00, 0x00, 0x00, 0x00, 0x00, 0x00, 0x00, 0x00, 0x00, 0x00, 0x00,
  0x00, 0x00, 0x00, 0x00, 0x00, 0x00, 0x00, 0x00, 0x00, 0x00, 0x00, 0x00,
  0x00, 0x00, 0x00, 0x00, 0x00, 0x00, 0x00, 0x00, 0x00, 0x00, 0x00, 0x00,
  0x00, 0x00, 0x00, 0x00, 0x00, 0x00, 0x00, 0x00, 0x00, 0x00, 0x00, 0x00,
  0x00, 0x00, 0x00, 0x00, 0x00, 0x00, 0x00, 0x00, 0x00, 0x00, 0x00, 0x00,
  0x00, 0x00, 0x00, 0x00, 0x00, 0x00, 0x00, 0x00, 0x00, 0x00, 0x00, 0x00,
  0x00, 0x00, 0x00, 0x00, 0x00, 0x00, 0x00, 0x00, 0x00, 0x00, 0x00, 0x00,
  0x00, 0x00, 0x00, 0x00, 0x00, 0x00, 0x00, 0x00, 0x00, 0x00, 0x00, 0x00,
  0x00, 0x00, 0x00, 0x00, 0x00, 0x00, 0x00, 0x00, 0x00, 0x00, 0x00, 0x00,
  0x00, 0x00, 0x00, 0x00, 0x00, 0x00, 0x00, 0x00, 0x00, 0x00, 0x00, 0x00,
  0x00, 0x00, 0x00, 0x00, 0x00, 0x00, 0x00, 0x00, 0x00, 0x00, 0x00, 0x00,
  0x00, 0x00, 0x00, 0x00, 0x00, 0x00, 0x00, 0x00, 0x00, 0x00, 0x00, 0x00,
  0x00, 0x00, 0x00, 0x00, 0x00, 0x00, 0x00, 0x00, 0x00, 0x00, 0x00, 0x00,
  0x00, 0x00, 0x00, 0x00, 0x00, 0x00, 0x00, 0x00, 0x00, 0x00, 0x00, 0x00,
  0x00, 0x00, 0x00, 0x00, 0x00, 0x00, 0x00, 0x00, 0x00, 0x00, 0x00, 0x00,
  0x00, 0x00, 0x00, 0x00, 0x00, 0x00, 0x00, 0x00, 0x00, 0x00, 0x00, 0x00,
  0x00, 0x00, 0x00, 0x00, 0x00, 0x00, 0x00, 0x00, 0x00, 0x00, 0x00, 0x00,
  0x00, 0x00, 0x00, 0x00, 0x00, 0x00, 0x00, 0x00, 0x00, 0x00, 0x00, 0x00,
  0x00, 0x00, 0x00, 0x00, 0x00, 0x00, 0x00, 0x00, 0x00, 0x00, 0x00, 0x00,
  0x00, 0x00, 0x00, 0x00, 0x00, 0x00, 0x00, 0x00, 0x00, 0x00, 0x00, 0x00,
  0x00, 0x00, 0x00, 0x00, 0x00, 0x00, 0x00, 0x00, 0x00, 0x00, 0x00, 0x00,
  0x00, 0x00, 0x00, 0x00, 0x00, 0x00, 0x00, 0x00, 0x00, 0x00, 0x00, 0x00,
  0x00, 0x00, 0x00, 0x00, 0x00, 0x00, 0x00, 0x00, 0x00, 0x00, 0x00, 0x00,
  0x00, 0x00, 0x00, 0x00, 0x00, 0x00, 0x00, 0x00, 0x00, 0x00, 0x00, 0x00,
  0x00, 0x00, 0x00, 0x00, 0x00, 0x00, 0x00, 0x00, 0x00, 0x00, 0x00, 0x00,
  0x00, 0x00, 0x00, 0x00, 0x00, 0x00, 0x00, 0x00, 0x00, 0x00, 0x00, 0x00,
  0x00, 0x00, 0x00, 0x00, 0x00, 0x00, 0x00, 0x00, 0x00, 0x00, 0x00, 0x00,
  0x00, 0x00, 0x00, 0x00, 0x00, 0x00, 0x00, 0x00, 0x00, 0x00, 0x00, 0x00,
  0x00, 0x00, 0x00, 0x00, 0x00, 0x00, 0x00, 0x00, 0x00, 0x00, 0x00, 0x00,
  0x00, 0x00, 0x00, 0x00, 0x00, 0x00, 0x00, 0x00, 0x00, 0x00, 0x00, 0x00,
  0x00, 0x00, 0x00, 0x00, 0x00, 0x00, 0x00, 0x00, 0x00, 0x00, 0x00, 0x00,
  0x00, 0x00, 0x00, 0x00, 0x00, 0x00, 0x00, 0x00, 0x00, 0x00, 0x00, 0x00,
  0x00, 0x00, 0x00, 0x00, 0x00, 0x00, 0x00, 0x00, 0x00, 0x00, 0x00, 0x00,
  0x00, 0x00, 0x00, 0x00, 0x00, 0x00, 0x00, 0x00, 0x00, 0x00, 0x00, 0x00,
  0x00, 0x00, 0x00, 0x00, 0x00, 0x00, 0x00, 0x00, 0x00, 0x00, 0x00, 0x00,
  0x00, 0x00, 0x00, 0x00, 0x00, 0x00, 0x00, 0x00, 0x00, 0x00, 0x00, 0x00,
  0x00, 0x00, 0x00, 0x00, 0x00, 0x00, 0x00, 0x00, 0x00, 0x00, 0x00, 0x00,
  0x00, 0x00, 0x00, 0x00, 0x00, 0x00, 0x00, 0x00, 0x00, 0x00, 0x00, 0x00,
  0x00, 0x00, 0x00, 0x00, 0x00, 0x00, 0x00, 0x00, 0x00, 0x00, 0x00, 0x00,
  0x00, 0x00, 0x00, 0x00, 0x00, 0x00, 0x00, 0x00, 0x00, 0x00, 0x00, 0x00,
  0x00, 0x00, 0x00, 0x00, 0x00, 0x00, 0x00, 0x00, 0x00, 0x00, 0x00, 0x00,
  0x00, 0x00, 0x00, 0x00, 0x00, 0x00, 0x00, 0x00, 0x00, 0x00, 0x00, 0x00,
  0x00, 0x00, 0x00, 0x00, 0x00, 0x00, 0x00, 0x00, 0x00, 0x00, 0x00, 0x00,
  0x00, 0x00, 0x00, 0x00, 0x00, 0x00, 0x00, 0x00, 0x00, 0x00, 0x00, 0x00,
  0x00, 0x00, 0x00, 0x00, 0x00, 0x00, 0x00, 0x00, 0x00, 0x00, 0x00, 0x00,
  0x00, 0x00, 0x00, 0x00, 0x00, 0x00, 0x00, 0x00, 0x00, 0x00, 0x00, 0x00,
  0x00, 0x00, 0x00, 0x00, 0x00, 0x00, 0x00, 0x00, 0x00, 0x00, 0x00, 0x00,
  0x00, 0x00, 0x00, 0x00, 0x00, 0x00, 0x00, 0x00, 0x00, 0x00, 0x00, 0x00,
  0x00, 0x00, 0x00, 0x00, 0x00, 0x00, 0x00, 0x00, 0x00, 0x00, 0x00, 0x00,
  0x00, 0x00, 0x00, 0x00, 0x00, 0x00, 0x00, 0x00, 0x00, 0x00, 0x00, 0x00,
  0x00, 0x00, 0x00, 0x00, 0x00, 0x00, 0x00, 0x00, 0x00, 0x00, 0x00, 0x00,
  0x00, 0x00, 0x00, 0x00, 0x00, 0x00, 0x00, 0x00, 0x00, 0x00, 0x00, 0x00,
  0x00, 0x00, 0x00, 0x00, 0x00, 0x00, 0x00, 0x00, 0x00, 0x00, 0x00, 0x00,
  0x00, 0x00, 0x00, 0x00, 0x00, 0x00, 0x00, 0x00, 0x00, 0x00, 0x00, 0x00,
  0x00, 0x00, 0x00, 0x00, 0x00, 0x00, 0x00, 0x00, 0x00, 0x00, 0x00, 0x00,
  0x00, 0x00, 0x00, 0x00, 0x00, 0x00, 0x00, 0x00, 0x00, 0x00, 0x00, 0x00,
  0x00, 0x00, 0x00, 0x00, 0x00, 0x00, 0x00, 0x00, 0x00, 0x00, 0x00, 0x00,
  0x00, 0x00, 0x00, 0x00, 0x00, 0x00, 0x00, 0x00, 0x00, 0x00, 0x00, 0x00,
  0x00, 0x00, 0x00, 0x00, 0x00, 0x00, 0x00, 0x00, 0x00, 0x00, 0x00, 0x00,
  0x00, 0x00, 0x00, 0x00, 0x00, 0x00, 0x00, 0x00, 0x00, 0x00, 0x00, 0x00,
  0x00, 0x00, 0x00, 0x00, 0x00, 0x00, 0x00, 0x00, 0x00, 0x00, 0x00, 0x00,
  0x00, 0x00, 0x00, 0x00, 0x00, 0x00, 0x00, 0x00, 0x00, 0x00, 0x00, 0x00,
  0x00, 0x00, 0x00, 0x00, 0x00, 0x00, 0x00, 0x00, 0x00, 0x00, 0x00, 0x00,
  0x00, 0x00, 0x00, 0x00, 0x00, 0x00, 0x00, 0x00, 0x00, 0x00, 0x00, 0x00,
  0x00, 0x00, 0x00, 0x00, 0x00, 0x00, 0x00, 0x00, 0x00, 0x00, 0x00, 0x00,
  0x00, 0x00, 0x00, 0x00, 0x00, 0x00, 0x00, 0x00, 0x00, 0x00, 0x00, 0x00,
  0x00, 0x00, 0x00, 0x00, 0x00, 0x00, 0x00, 0x00, 0x00, 0x00, 0x00, 0x00,
  0x00, 0x00, 0x00, 0x00, 0x00, 0x00, 0x00, 0x00, 0x00, 0x00, 0x00, 0x00,
  0x00, 0x00, 0x00, 0x00, 0x00, 0x00, 0x00, 0x00, 0x00, 0x00, 0x00, 0x00,
  0x00, 0x00, 0x00, 0x00, 0x00, 0x00, 0x00, 0x00, 0x00, 0x00, 0x00, 0x00,
  0x00, 0x00, 0x00, 0x00, 0x00, 0x00, 0x00, 0x00, 0x00, 0x00, 0x00, 0x00,
  0x00, 0x00, 0x00, 0x00, 0x00, 0x00, 0x00, 0x00, 0x00, 0x00, 0x00, 0x00,
  0x00, 0x00, 0x00, 0x00, 0x00, 0x00, 0x00, 0x00, 0x00, 0x00, 0x00, 0x00,
  0x00, 0x00, 0x00, 0x00, 0x00, 0x00, 0x00, 0x00, 0x00, 0x00, 0x00, 0x00,
  0x00, 0x00, 0x00, 0x00, 0x00, 0x00, 0x00, 0x00, 0x00, 0x00, 0x00, 0x00,
  0x00, 0x00, 0x00, 0x00, 0x00, 0x00, 0x00, 0x00, 0x00, 0x00, 0x00, 0x00,
  0x00, 0x00, 0x00, 0x00, 0x00, 0x00, 0x00, 0x00, 0x00, 0x00, 0x00, 0x00,
  0x00, 0x00, 0x00, 0x00, 0x00, 0x00, 0x00, 0x00, 0x00, 0x00, 0x00, 0x00,
  0x00, 0x00, 0x00, 0x00, 0x00, 0x00, 0x00, 0x00, 0x00, 0x00, 0x00, 0x00,
  0x00, 0x00, 0x00, 0x00, 0x00, 0x00, 0x00, 0x00, 0x00, 0x00, 0x00, 0x00,
  0x00, 0x00, 0x00, 0x00, 0x00, 0x00, 0x00, 0x00, 0x00, 0x00, 0x00, 0x00,
  0x00, 0x00, 0x00, 0x00, 0x00, 0x00, 0x00, 0x00, 0x00, 0x00, 0x00, 0x00,
  0x00, 0x00, 0x00, 0x00, 0x00, 0x00, 0x00, 0x00, 0x00, 0x00, 0x00, 0x00,
  0x00, 0x00, 0x00, 0x00, 0x00, 0x00, 0x00, 0x00, 0x00, 0x00, 0x00, 0x00,
  0x00, 0x00, 0x00, 0x00, 0x00, 0x00, 0x00, 0x00, 0x00, 0x00, 0x00, 0x00,
  0x00, 0x00, 0x00, 0x00, 0x00, 0x00, 0x00, 0x00, 0x00, 0x00, 0x00, 0x00,
  0x00, 0x00, 0x00, 0x00, 0x00, 0x00, 0x00, 0x00, 0x00, 0x00, 0x00, 0x00,
  0x00, 0x00, 0x00, 0x00, 0x00, 0x00, 0x00, 0x00, 0x00, 0x00, 0x00, 0x00,
  0x00, 0x00, 0x00, 0x00, 0x00, 0x00, 0x00, 0x00, 0x00, 0x00, 0x00, 0x00,
  0x00, 0x00, 0x00, 0x00, 0x00, 0x00, 0x00, 0x00, 0x00, 0x00, 0x00, 0x00,
  0x00, 0x00, 0x00, 0x00, 0x00, 0x00, 0x00, 0x00, 0x00, 0x00, 0x00, 0x00,
  0x00, 0x00, 0x00, 0x00, 0x00, 0x00, 0x00, 0x00, 0x00, 0x00, 0x00, 0x00,
  0x00, 0x00, 0x00, 0x00, 0x00, 0x00, 0x00, 0x00, 0x00, 0x00, 0x00, 0x00,
  0x00, 0x00, 0x00, 0x00, 0x00, 0x00, 0x00, 0x00, 0x00, 0x00, 0x00, 0x00,
  0x00, 0x00, 0x00, 0x00, 0x00, 0x00, 0x00, 0x00, 0x00, 0x00, 0x00, 0x00,
  0x00, 0x00, 0x00, 0x00, 0x00, 0x00, 0x00, 0x00, 0x00, 0x00, 0x00, 0x00,
  0x00, 0x00, 0x00, 0x00, 0x00, 0x00, 0x00, 0x00, 0x00, 0x00, 0x00, 0x00,
  0x00, 0x00, 0x00, 0x00, 0x00, 0x00, 0x00, 0x00, 0x00, 0x00, 0x00, 0x00,
  0x00, 0x00, 0x00, 0x00, 0x00, 0x00, 0x00, 0x00, 0x00, 0x00, 0x00, 0x00,
  0x00, 0x00, 0x00, 0x00, 0x00, 0x00, 0x00, 0x00, 0x00, 0x00, 0x00, 0x00,
  0x00, 0x00, 0x00, 0x00, 0x00, 0x00, 0x00, 0x00, 0x00, 0x00, 0x00, 0x00,
  0x00, 0x00, 0x00, 0x00, 0x00, 0x00, 0x00, 0x00, 0x00, 0x00, 0x00, 0x00,
  0x00, 0x00, 0x00, 0x00, 0x00, 0x00, 0x00, 0x00, 0x00, 0x00, 0x00, 0x00,
  0x00, 0x00, 0x00, 0x00, 0x00, 0x00, 0x00, 0x00, 0x00, 0x00, 0x00, 0x00,
  0x00, 0x00, 0x00, 0x00, 0x00, 0x00, 0x00, 0x00, 0x00, 0x00, 0x00, 0x00,
  0x00, 0x00, 0x00, 0x00, 0x00, 0x00, 0x00, 0x00, 0x00, 0x00, 0x00, 0x00,
  0x00, 0x00, 0x00, 0x00, 0x00, 0x00, 0x00, 0x00, 0x00, 0x00, 0x00, 0x00,
  0x00, 0x00, 0x00, 0x00, 0x00, 0x00, 0x00, 0x00, 0x00, 0x00, 0x00, 0x00,
  0x00, 0x00, 0x00, 0x00, 0x00, 0x00, 0x00, 0x00, 0x00, 0x00, 0x00, 0x00,
  0x00, 0x00, 0x00, 0x00, 0x00, 0x00, 0x00, 0x00, 0x00, 0x00, 0x00, 0x00,
  0x00, 0x00, 0x00, 0x00, 0x00, 0x00, 0x00, 0x00, 0x00, 0x00, 0x00, 0x00,
  0x00, 0x00, 0x00, 0x00, 0x00, 0x00, 0x00, 0x00, 0x00, 0x00, 0x00, 0x00,
  0x00, 0x00, 0x00, 0x00, 0x00, 0x00, 0x00, 0x00, 0x00, 0x00, 0x00, 0x00,
  0x00, 0x00, 0x00, 0x00, 0x00, 0x00, 0x00, 0x00, 0x00, 0x00, 0x00, 0x00,
  0x00, 0x00, 0x00, 0x00, 0x00, 0x00, 0x00, 0x00, 0x00, 0x00, 0x00, 0x00,
  0x00, 0x00, 0x00, 0x00, 0x00, 0x00, 0x00, 0x00, 0x00, 0x00, 0x00, 0x00,
  0x00, 0x00, 0x00, 0x00, 0x00, 0x00, 0x00, 0x00, 0x00, 0x00, 0x00, 0x00,
  0x00, 0x00, 0x00, 0x00, 0x00, 0x00, 0x00, 0x00, 0x00, 0x00, 0x00, 0x00,
  0x00, 0x00, 0x00, 0x00, 0x00, 0x00, 0x00, 0x00, 0x00, 0x00, 0x00, 0x00,
  0x00, 0x00, 0x00, 0x00, 0x00, 0x00, 0x00, 0x00, 0x00, 0x00, 0x00, 0x00,
  0x00, 0x00, 0x00, 0x00, 0x00, 0x00, 0x00, 0x00, 0x00, 0x00, 0x00, 0x00,
  0x00, 0x00, 0x00, 0x00, 0x00, 0x00, 0x00, 0x00, 0x00, 0x00, 0x00, 0x00,
  0x00, 0x00, 0x00, 0x00, 0x00, 0x00, 0x00, 0x00, 0x00, 0x00, 0x00, 0x00,
  0x00, 0x00, 0x00, 0x00, 0x00, 0x00, 0x00, 0x00, 0x00, 0x00, 0x00, 0x00,
  0x00, 0x00, 0x00, 0x00, 0x00, 0x00, 0x00, 0x00, 0x00, 0x00, 0x00, 0x00,
  0x00, 0x00, 0x00, 0x00, 0x00, 0x00, 0x00, 0x00, 0x00, 0x00, 0x00, 0x00,
  0x00, 0x00, 0x00, 0x00, 0x00, 0x00, 0x00, 0x00, 0x00, 0x00, 0x00, 0x00,
  0x00, 0x00, 0x00, 0x00, 0x00, 0x00, 0x00, 0x00, 0x00, 0x00, 0x00, 0x00,
  0x00, 0x00, 0x00, 0x00, 0x00, 0x00, 0x00, 0x00, 0x00, 0x00, 0x00, 0x00,
  0x00, 0x00, 0x00, 0x00, 0x00, 0x00, 0x00, 0x00, 0x00, 0x00, 0x00, 0x00,
  0x00, 0x00, 0x00, 0x00, 0x00, 0x00, 0x00, 0x00, 0x00, 0x00, 0x00, 0x00,
  0x00, 0x00, 0x00, 0x00, 0x00, 0x00, 0x00, 0x00, 0x00, 0x00, 0x00, 0x00,
  0x00, 0x00, 0x00, 0x00, 0x00, 0x00, 0x00, 0x00, 0x00, 0x00, 0x00, 0x00,
  0x00, 0x00, 0x00, 0x00, 0x00, 0x00, 0x00, 0x00, 0x00, 0x00, 0x00, 0x00,
  0x00, 0x00, 0x00, 0x00, 0x00, 0x00, 0x00, 0x00, 0x00, 0x00, 0x00, 0x00,
  0x00, 0x00, 0x00, 0x00, 0x00, 0x00, 0x00, 0x00, 0x00, 0x00, 0x00, 0x00,
  0x00, 0x00, 0x00, 0x00, 0x00, 0x00, 0x00, 0x00, 0x00, 0x00, 0x00, 0x00,
  0x00, 0x00, 0x00, 0x00, 0x00, 0x00, 0x00, 0x00, 0x00, 0x00, 0x00, 0x00,
  0x00, 0x00, 0x00, 0x00, 0x00, 0x00, 0x00, 0x00, 0x00, 0x00, 0x00, 0x00,
  0x00, 0x00, 0x00, 0x00, 0x00, 0x00, 0x00, 0x00, 0x00, 0x00, 0x00, 0x00,
  0x00, 0x00, 0x00, 0x00, 0x00, 0x00, 0x00, 0x00, 0x00, 0x00, 0x00, 0x00,
  0x00, 0x00, 0x00, 0x00, 0x00, 0x00, 0x00, 0x00, 0x00, 0x00, 0x00, 0x00,
  0x00, 0x00, 0x00, 0x00, 0x00, 0x00, 0x00, 0x00, 0x00, 0x00, 0x00, 0x00,
  0x00, 0x00, 0x00, 0x00, 0x00, 0x00, 0x00, 0x00, 0x00, 0x00, 0x00, 0x00,
  0x00, 0x00, 0x00, 0x00, 0x00, 0x00, 0x00, 0x00, 0x00, 0x00, 0x00, 0x00,
  0x00, 0x00, 0x00, 0x00, 0x00, 0x00, 0x00, 0x00, 0x00, 0x00, 0x00, 0x00,
  0x00, 0x00, 0x00, 0x00, 0x00, 0x00, 0x00, 0x00, 0x00, 0x00, 0x00, 0x00,
  0x00, 0x00, 0x00, 0x00, 0x00, 0x00, 0x00, 0x00, 0x00, 0x00, 0x00, 0x00,
  0x00, 0x00, 0x00, 0x00, 0x00, 0x00, 0x00, 0x00, 0x00, 0x00, 0x00, 0x00,
  0x00, 0x00, 0x00, 0x00, 0x00, 0x00, 0x00, 0x00, 0x00, 0x00, 0x00, 0x00,
  0x00, 0x00, 0x00, 0x00, 0x00, 0x00, 0x00, 0x00, 0x00, 0x00, 0x00, 0x00,
  0x00, 0x00, 0x00, 0x00, 0x00, 0x00, 0x00, 0x00, 0x00, 0x00, 0x00, 0x00,
  0x00, 0x00, 0x00, 0x00, 0x00, 0x00, 0x00, 0x00, 0x00, 0x00, 0x00, 0x00,
  0x00, 0x00, 0x00, 0x00, 0x00, 0x00, 0x00, 0x00, 0x00, 0x00, 0x00, 0x00,
  0x00, 0x00, 0x00, 0x00, 0x00, 0x00, 0x00, 0x00, 0x00, 0x00, 0x00, 0x00,
  0x00, 0x00, 0x00, 0x00, 0x00, 0x00, 0x00, 0x00, 0x00, 0x00, 0x00, 0x00,
  0x00, 0x00, 0x00, 0x00, 0x00, 0x00, 0x00, 0x00, 0x00, 0x00, 0x00, 0x00,
  0x00, 0x00, 0x00, 0x00, 0x00, 0x00, 0x00, 0x00, 0x00, 0x00, 0x00, 0x00,
  0x00, 0x00, 0x00, 0x00, 0x00, 0x00, 0x00, 0x00, 0x00, 0x00, 0x00, 0x00,
  0x00, 0x00, 0x00, 0x00, 0x00, 0x00, 0x00, 0x00, 0x00, 0x00, 0x00, 0x00,
  0x00, 0x00, 0x00, 0x00, 0x00, 0x00, 0x00, 0x00, 0x00, 0x00, 0x00, 0x00,
  0x00, 0x00, 0x00, 0x00, 0x00, 0x00, 0x00, 0x00, 0x00, 0x00, 0x00, 0x00,
  0x00, 0x00, 0x00, 0x00, 0x00, 0x00, 0x00, 0x00, 0x00, 0x00, 0x00, 0x00,
  0x00, 0x00, 0x00, 0x00, 0x00, 0x00, 0x00, 0x00, 0x00, 0x00, 0x00, 0x00,
  0x00, 0x00, 0x00, 0x00, 0x00, 0x00, 0x00, 0x00, 0x00, 0x00, 0x00, 0x00,
  0x00, 0x00, 0x00, 0x00, 0x00, 0x00, 0x00, 0x00, 0x00, 0x00, 0x00, 0x00,
  0x00, 0x00, 0x00, 0x00, 0x00, 0x00, 0x00, 0x00, 0x00, 0x00, 0x00, 0x00,
  0x00, 0x00, 0x00, 0x00, 0x00, 0x00, 0x00, 0x00, 0x00, 0x00, 0x00, 0x00,
  0x00, 0x00, 0x00, 0x00, 0x00, 0x00, 0x00, 0x00, 0x00, 0x00, 0x00, 0x00,
  0x00, 0x00, 0x00, 0x00, 0x00, 0x00, 0x00, 0x00, 0x00, 0x00, 0x00, 0x00,
  0x00, 0x00, 0x00, 0x00, 0x00, 0x00, 0x00, 0x00, 0x00, 0x00, 0x00, 0x00,
  0x00, 0x00, 0x00, 0x00, 0x00, 0x00, 0x00, 0x00, 0x00, 0x00, 0x00, 0x00,
  0x00, 0x00, 0x00, 0x00, 0x00, 0x00, 0x00, 0x00, 0x00, 0x00, 0x00, 0x00,
  0x00, 0x00, 0x00, 0x00, 0x00, 0x00, 0x00, 0x00, 0x00, 0x00, 0x00, 0x00,
  0x00, 0x00, 0x00, 0x00, 0x00, 0x00, 0x00, 0x00, 0x00, 0x00, 0x00, 0x00,
  0x00, 0x00, 0x00, 0x00, 0x00, 0x00, 0x00, 0x00, 0x00, 0x00, 0x00, 0x00,
  0x00, 0x00, 0x00, 0x00, 0x00, 0x00, 0x00, 0x00, 0x00, 0x00, 0x00, 0x00,
  0x00, 0x00, 0x00, 0x00, 0x00, 0x00, 0x00, 0x00, 0x00, 0x00, 0x00, 0x00,
  0x00, 0x00, 0x00, 0x00, 0x00, 0x00, 0x00, 0x00, 0x00, 0x00, 0x00, 0x00,
  0x00, 0x00, 0x00, 0x00, 0x00, 0x00, 0x00, 0x00, 0x00, 0x00, 0x00, 0x00,
  0x00, 0x00, 0x00, 0x00, 0x00, 0x00, 0x00, 0x00, 0x00, 0x00, 0x00, 0x00,
  0x00, 0x00, 0x00, 0x00, 0x00, 0x00, 0x00, 0x00, 0x00, 0x00, 0x00, 0x00,
  0x00, 0x00, 0x00, 0x00, 0x00, 0x00, 0x00, 0x00, 0x00, 0x00, 0x00, 0x00,
  0x00, 0x00, 0x00, 0x00, 0x00, 0x00, 0x00, 0x00, 0x00, 0x00, 0x00, 0x00,
  0x00, 0x00, 0x00, 0x00, 0x00, 0x00, 0x00, 0x00, 0x00, 0x00, 0x00, 0x00,
  0x00, 0x00, 0x00, 0x00, 0x00, 0x00, 0x00, 0x00, 0x00, 0x00, 0x00, 0x00,
  0x00, 0x00, 0x00, 0x00, 0x00, 0x00, 0x00, 0x00, 0x00, 0x00, 0x00, 0x00,
  0x00, 0x00, 0x00, 0x00, 0x00, 0x00, 0x00, 0x00, 0x00, 0x00, 0x00, 0x00,
  0x00, 0x00, 0x00, 0x00, 0x00, 0x00, 0x00, 0x00, 0x00, 0x00, 0x00, 0x00,
  0x00, 0x00, 0x00, 0x00, 0x00, 0x00, 0x00, 0x00, 0x00, 0x00, 0x00, 0x00,
  0x00, 0x00, 0x00, 0x00, 0x00, 0x00, 0x00, 0x00, 0x00, 0x00, 0x00, 0x00,
  0x00, 0x00, 0x00, 0x00, 0x00, 0x00, 0x00, 0x00, 0x00, 0x00, 0x00, 0x00,
  0x00, 0x00, 0x00, 0x00, 0x00, 0x00, 0x00, 0x00, 0x00, 0x00, 0x00, 0x00,
  0x00, 0x00, 0x00, 0x00, 0x00, 0x00, 0x00, 0x00, 0x00, 0x00, 0x00, 0x00,
  0x00, 0x00, 0x00, 0x00, 0x00, 0x00, 0x00, 0x00, 0x00, 0x00, 0x00, 0x00,
  0x00, 0x00, 0x00, 0x00, 0x00, 0x00, 0x00, 0x00, 0x00, 0x00, 0x00, 0x00,
  0x00, 0x00, 0x00, 0x00, 0x00, 0x00, 0x00, 0x00, 0x00, 0x00, 0x00, 0x00,
  0x00, 0x00, 0x00, 0x00, 0x00, 0x00, 0x00, 0x00, 0x00, 0x00, 0x00, 0x00,
  0x00, 0x00, 0x00, 0x00, 0x00, 0x00, 0x00, 0x00, 0x00, 0x00, 0x00, 0x00,
  0x00, 0x00, 0x00, 0x00, 0x00, 0x00, 0x00, 0x00, 0x00, 0x00, 0x00, 0x00,
  0x00, 0x00, 0x00, 0x00, 0x00, 0x00, 0x00, 0x00, 0x00, 0x00, 0x00, 0x00,
  0x00, 0x00, 0x00, 0x00, 0x00, 0x00, 0x00, 0x00, 0x00, 0x00, 0x00, 0x00,
  0x00, 0x00, 0x00, 0x00, 0x00, 0x00, 0x00, 0x00, 0x00, 0x00, 0x00, 0x00,
  0x00, 0x00, 0x00, 0x00, 0x00, 0x00, 0x00, 0x00, 0x00, 0x00, 0x00, 0x00,
  0x00, 0x00, 0x00, 0x00, 0x00, 0x00, 0x00, 0x00, 0x00, 0x00, 0x00, 0x00,
  0x00, 0x00, 0x00, 0x00, 0x00, 0x00, 0x00, 0x00, 0x00, 0x00, 0x00, 0x00,
  0x00, 0x00, 0x00, 0x00, 0x00, 0x00, 0x00, 0x00, 0x00, 0x00, 0x00, 0x00,
  0x00, 0x00, 0x00, 0x00, 0x00, 0x00, 0x00, 0x00, 0x00, 0x00, 0x00, 0x00,
  0x00, 0x00, 0x00, 0x00, 0x00, 0x00, 0x00, 0x00, 0x00, 0x00, 0x00, 0x00,
  0x00, 0x00, 0x00, 0x00, 0x00, 0x00, 0x00, 0x00, 0x00, 0x00, 0x00, 0x00,
  0x00, 0x00, 0x00, 0x00, 0x00, 0x00, 0x00, 0x00, 0x00, 0x00, 0x00, 0x00,
  0x00, 0x00, 0x00, 0x00, 0x00, 0x00, 0x00, 0x00, 0x00, 0x00, 0x00, 0x00,
  0x00, 0x00, 0x00, 0x00, 0x00, 0x00, 0x00, 0x00, 0x00, 0x00, 0x00, 0x00,
  0x00, 0x00, 0x00, 0x00, 0x00, 0x00, 0x00, 0x00, 0x00, 0x00, 0x00, 0x00,
  0x00, 0x00, 0x00, 0x00, 0x00, 0x00, 0x00, 0x00, 0x00, 0x00, 0x00, 0x00,
  0x00, 0x00, 0x00, 0x00, 0x00, 0x00, 0x00, 0x00, 0x00, 0x00, 0x00, 0x00,
  0x00, 0x00, 0x00, 0x00, 0x00, 0x00, 0x00, 0x00, 0x00, 0x00, 0x00, 0x00,
  0x00, 0x00, 0x00, 0x00, 0x00, 0x00, 0x00, 0x00, 0x00, 0x00, 0x00, 0x00,
  0x00, 0x00, 0x00, 0x00, 0x00, 0x00, 0x00, 0x00, 0x00, 0x00, 0x00, 0x00,
  0x00, 0x00, 0x00, 0x00, 0x00, 0x00, 0x00, 0x00, 0x00, 0x00, 0x00, 0x00,
  0x00, 0x00, 0x00, 0x00, 0x00, 0x00, 0x00, 0x00, 0x00, 0x00, 0x00, 0x00,
  0x00, 0x00, 0x00, 0x00, 0x00, 0x00, 0x00, 0x00, 0x00, 0x00, 0x00, 0x00,
  0x00, 0x00, 0x00, 0x00, 0x00, 0x00, 0x00, 0x00, 0x00, 0x00, 0x00, 0x00,
  0x00, 0x00, 0x00, 0x00, 0x00, 0x00, 0x00, 0x00, 0x00, 0x00, 0x00, 0x00,
  0x00, 0x00, 0x00, 0x00, 0x00, 0x00, 0x00, 0x00, 0x00, 0x00, 0x00, 0x00,
  0x00, 0x00, 0x00, 0x00, 0x00, 0x00, 0x00, 0x00, 0x00, 0x00, 0x00, 0x00,
  0x00, 0x00, 0x00, 0x00, 0x00, 0x00, 0x00, 0x00, 0x00, 0x00, 0x00, 0x00,
  0x00, 0x00, 0x00, 0x00, 0x00, 0x00, 0x00, 0x00, 0x00, 0x00, 0x00, 0x00,
  0x00, 0x00, 0x00, 0x00, 0x00, 0x00, 0x00, 0x00, 0x00, 0x00, 0x00, 0x00,
  0x00, 0x00, 0x00, 0x00, 0x00, 0x00, 0x00, 0x00, 0x00, 0x00, 0x00, 0x00,
  0x00, 0x00, 0x00, 0x00, 0x00, 0x00, 0x00, 0x00, 0x00, 0x00, 0x00, 0x00,
  0x00, 0x00, 0x00, 0x00, 0x00, 0x00, 0x00, 0x00, 0x00, 0x00, 0x00, 0x00,
  0x00, 0x00, 0x00, 0x00, 0x00, 0x00, 0x00, 0x00, 0x00, 0x00, 0x00, 0x00,
  0x00, 0x00, 0x00, 0x00, 0x00, 0x00, 0x00, 0x00, 0x00, 0x00, 0x00, 0x00,
  0x00, 0x00, 0x00, 0x00, 0x00, 0x00, 0x00, 0x00, 0x00, 0x00, 0x00, 0x00,
  0x00, 0x00, 0x00, 0x00, 0x00, 0x00, 0x00, 0x00, 0x00, 0x00, 0x00, 0x00,
  0x00, 0x00, 0x00, 0x00, 0x00, 0x00, 0x00, 0x00, 0x00, 0x00, 0x00, 0x00,
  0x00, 0x00, 0x00, 0x00, 0x00, 0x00, 0x00, 0x00, 0x00, 0x00, 0x00, 0x00,
  0x00, 0x00, 0x00, 0x00, 0x00, 0x00, 0x00, 0x00, 0x00, 0x00, 0x00, 0x00,
  0x00, 0x00, 0x00, 0x00, 0x00, 0x00, 0x00, 0x00, 0x00, 0x00, 0x00, 0x00,
  0x00, 0x00, 0x00, 0x00, 0x00, 0x00, 0x00, 0x00, 0x00, 0x00, 0x00, 0x00,
  0x00, 0x00, 0x00, 0x00, 0x00, 0x00, 0x00, 0x00, 0x00, 0x00, 0x00, 0x00,
  0x00, 0x00, 0x00, 0x00, 0x00, 0x00, 0x00, 0x00, 0x00, 0x00, 0x00, 0x00,
  0x00, 0x00, 0x00, 0x00, 0x00, 0x00, 0x00, 0x00, 0x00, 0x00, 0x00, 0x00,
  0x00, 0x00, 0x00, 0x00, 0x00, 0x00, 0x00, 0x00, 0x00, 0x00, 0x00, 0x00,
  0x00, 0x00, 0x00, 0x00, 0x00, 0x00, 0x00, 0x00, 0x00, 0x00, 0x00, 0x00,
  0x00, 0x00, 0x00, 0x00, 0x00, 0x00, 0x00, 0x00, 0x00, 0x00, 0x00, 0x00,
  0x00, 0x00, 0x00, 0x00, 0x00, 0x00, 0x00, 0x00, 0x00, 0x00, 0x00, 0x00,
  0x00, 0x00, 0x00, 0x00, 0x00, 0x00, 0x00, 0x00, 0x00, 0x00, 0x00, 0x00,
  0x00, 0x00, 0x00, 0x00, 0x00, 0x00, 0x00, 0x00, 0x00, 0x00, 0x00, 0x00,
  0x00, 0x00, 0x00, 0x00, 0x00, 0x00, 0x00, 0x00, 0x00, 0x00, 0x00, 0x00,
  0x00, 0x00, 0x00, 0x00, 0x00, 0x00, 0x00, 0x00, 0x00, 0x00, 0x00, 0x00,
  0x00, 0x00, 0x00, 0x00, 0x00, 0x00, 0x00, 0x00, 0x00, 0x00, 0x00, 0x00,
  0x00, 0x00, 0x00, 0x00, 0x00, 0x00, 0x00, 0x00, 0x00, 0x00, 0x00, 0x00,
  0x00, 0x00, 0x00, 0x00, 0x00, 0x00, 0x00, 0x00, 0x00, 0x00, 0x00, 0x00,
  0x00, 0x00, 0x00, 0x00, 0x00, 0x00, 0x00, 0x00, 0x00, 0x00, 0x00, 0x00,
  0x00, 0x00, 0x00, 0x00, 0x00, 0x00, 0x00, 0x00, 0x00, 0x00, 0x00, 0x00,
  0x00, 0x00, 0x00, 0x00, 0x00, 0x00, 0x00, 0x00, 0x00, 0x00, 0x00, 0x00,
  0x00, 0x00, 0x00, 0x00, 0x00, 0x00, 0x00, 0x00, 0x00, 0x00, 0x00, 0x00,
  0x00, 0x00, 0x00, 0x00, 0x00, 0x00, 0x00, 0x00, 0x00, 0x00, 0x00, 0x00,
  0x00, 0x00, 0x00, 0x00, 0x00, 0x00, 0x00, 0x00, 0x00, 0x00, 0x00, 0x00,
  0x00, 0x00, 0x00, 0x00, 0x00, 0x00, 0x00, 0x00, 0x00, 0x00, 0x00, 0x00,
  0x00, 0x00, 0x00, 0x00, 0x00, 0x00, 0x00, 0x00, 0x00, 0x00, 0x00, 0x00,
  0x00, 0x00, 0x00, 0x00, 0x00, 0x00, 0x00, 0x00, 0x00, 0x00, 0x00, 0x00,
  0x00, 0x00, 0x00, 0x00, 0x00, 0x00, 0x00, 0x00, 0x00, 0x00, 0x00, 0x00,
  0x00, 0x00, 0x00, 0x00, 0x00, 0x00, 0x00, 0x00, 0x00, 0x00, 0x00, 0x00,
  0x00, 0x00, 0x00, 0x00, 0x00, 0x00, 0x00, 0x00, 0x00, 0x00, 0x00, 0x00,
  0x00, 0x00, 0x00, 0x00, 0x00, 0x00, 0x00, 0x00, 0x00, 0x00, 0x00, 0x00,
  0x00, 0x00, 0x00, 0x00, 0x00, 0x00, 0x00, 0x00, 0x00, 0x00, 0x00, 0x00,
  0x00, 0x00, 0x00, 0x00, 0x00, 0x00, 0x00, 0x00, 0x00, 0x00, 0x00, 0x00,
  0x00, 0x00, 0x00, 0x00, 0x00, 0x00, 0x00, 0x00, 0x00, 0x00, 0x00, 0x00,
  0x00, 0x00, 0x00, 0x00, 0x00, 0x00, 0x00, 0x00, 0x00, 0x00, 0x00, 0x00,
  0x00, 0x00, 0x00, 0x00, 0x00, 0x00, 0x00, 0x00, 0x00, 0x00, 0x00, 0x00,
  0x00, 0x00, 0x00, 0x00, 0x00, 0x00, 0x00, 0x00, 0x00, 0x00, 0x00, 0x00,
  0x00, 0x00, 0x00, 0x00, 0x00, 0x00, 0x00, 0x00, 0x00, 0x00, 0x00, 0x00,
  0x00, 0x00, 0x00, 0x00, 0x00, 0x00, 0x00, 0x00, 0x00, 0x00, 0x00, 0x00,
  0x00, 0x00, 0x00, 0x00, 0x00, 0x00, 0x00, 0x00, 0x00, 0x00, 0x00, 0x00,
  0x00, 0x00, 0x00, 0x00, 0x00, 0x00, 0x00, 0x00, 0x00, 0x00, 0x00, 0x00,
  0x00, 0x00, 0x00, 0x00, 0x00, 0x00, 0x00, 0x00, 0x00, 0x00, 0x00, 0x00,
  0x00, 0x00, 0x00, 0x00, 0x00, 0x00, 0x00, 0x00, 0x00, 0x00, 0x00, 0x00,
  0x00, 0x00, 0x00, 0x00, 0x00, 0x00, 0x00, 0x00, 0x00, 0x00, 0x00, 0x00,
  0x00, 0x00, 0x00, 0x00, 0x00, 0x00, 0x00, 0x00, 0x00, 0x00, 0x00, 0x00,
  0x00, 0x00, 0x00, 0x00, 0x00, 0x00, 0x00, 0x00, 0x00, 0x00, 0x00, 0x00,
  0x00, 0x00, 0x00, 0x00, 0x00, 0x00, 0x00, 0x00, 0x00, 0x00, 0x00, 0x00,
  0x00, 0x00, 0x00, 0x00, 0x00, 0x00, 0x00, 0x00, 0x00, 0x00, 0x00, 0x00,
  0x00, 0x00, 0x00, 0x00, 0x00, 0x00, 0x00, 0x00, 0x00, 0x00, 0x00, 0x00,
  0x00, 0x00, 0x00, 0x00, 0x00, 0x00, 0x00, 0x00, 0x00, 0x00, 0x00, 0x00,
  0x00, 0x00, 0x00, 0x00, 0x00, 0x00, 0x00, 0x00, 0x00, 0x00, 0x00, 0x00,
  0x00, 0x00, 0x00, 0x00, 0x00, 0x00, 0x00, 0x00, 0x00, 0x00, 0x00, 0x00,
  0x00, 0x00, 0x00, 0x00, 0x00, 0x00, 0x00, 0x00, 0x00, 0x00, 0x00, 0x00,
  0x00, 0x00, 0x00, 0x00, 0x00, 0x00, 0x00, 0x00, 0x00, 0x00, 0x00, 0x00,
  0x00, 0x00, 0x00, 0x00, 0x00, 0x00, 0x00, 0x00, 0x00, 0x00, 0x00, 0x00,
  0x00, 0x00, 0x00, 0x00, 0x00, 0x00, 0x00, 0x00, 0x00, 0x00, 0x00, 0x00,
  0x00, 0x00, 0x00, 0x00, 0x00, 0x00, 0x00, 0x00, 0x00, 0x00, 0x00, 0x00,
  0x00, 0x00, 0x00, 0x00, 0x00, 0x00, 0x00, 0x00, 0x00, 0x00, 0x00, 0x00,
  0x00, 0x00, 0x00, 0x00, 0x00, 0x00, 0x00, 0x00, 0x00, 0x00, 0x00, 0x00,
  0x00, 0x00, 0x00, 0x00, 0x00, 0x00, 0x00, 0x00, 0x00, 0x00, 0x00, 0x00,
  0x00, 0x00, 0x00, 0x00, 0x00, 0x00, 0x00, 0x00, 0x00, 0x00, 0x00, 0x00,
  0x00, 0x00, 0x00, 0x00, 0x00, 0x00, 0x00, 0x00, 0x00, 0x00, 0x00, 0x00,
  0x00, 0x00, 0x00, 0x00, 0x00, 0x00, 0x00, 0x00, 0x00, 0x00, 0x00, 0x00,
  0x00, 0x00, 0x00, 0x00, 0x00, 0x00, 0x00, 0x00, 0x00, 0x00, 0x00, 0x00,
  0x00, 0x00, 0x00, 0x00, 0x00, 0x00, 0x00, 0x00, 0x00, 0x00, 0x00, 0x00,
  0x00, 0x00, 0x00, 0x00, 0x00, 0x00, 0x00, 0x00, 0x00, 0x00, 0x00, 0x00,
  0x00, 0x00, 0x00, 0x00, 0x00, 0x00, 0x00, 0x00, 0x00, 0x00, 0x00, 0x00,
  0x00, 0x00, 0x00, 0x00, 0x00, 0x00, 0x00, 0x00, 0x00, 0x00, 0x00, 0x00,
  0x00, 0x00, 0x00, 0x00, 0x00, 0x00, 0x00, 0x00, 0x00, 0x00, 0x00, 0x00,
  0x00, 0x00, 0x00, 0x00, 0x00, 0x00, 0x00, 0x00, 0x00, 0x00, 0x00, 0x00,
  0x00, 0x00, 0x00, 0x00, 0x00, 0x00, 0x00, 0x00, 0x00, 0x00, 0x00, 0x00,
  0x00, 0x00, 0x00, 0x00, 0x00, 0x00, 0x00, 0x00, 0x00, 0x00, 0x00, 0x00,
  0x00, 0x00, 0x00, 0x00, 0x00, 0x00, 0x00, 0x00, 0x00, 0x00, 0x00, 0x00,
  0x00, 0x00, 0x00, 0x00, 0x00, 0x00, 0x00, 0x00, 0x00, 0x00, 0x00, 0x00,
  0x00, 0x00, 0x00, 0x00, 0x00, 0x00, 0x00, 0x00, 0x00, 0x00, 0x00, 0x00,
  0x00, 0x00, 0x00, 0x00, 0x00, 0x00, 0x00, 0x00, 0x00, 0x00, 0x00, 0x00,
  0x00, 0x00, 0x00, 0x00, 0x00, 0x00, 0x00, 0x00, 0x00, 0x00, 0x00, 0x00,
  0x00, 0x00, 0x00, 0x00, 0x00, 0x00, 0x00, 0x00, 0x00, 0x00, 0x00, 0x00,
  0x00, 0x00, 0x00, 0x00, 0x00, 0x00, 0x00, 0x00, 0x00, 0x00, 0x00, 0x00,
  0x00, 0x00, 0x00, 0x00, 0x00, 0x00, 0x00, 0x00, 0x00, 0x00, 0x00, 0x00,
  0x00, 0x00, 0x00, 0x00, 0x00, 0x00, 0x00, 0x00, 0x00, 0x00, 0x00, 0x00,
  0x00, 0x00, 0x00, 0x00, 0x00, 0x00, 0x00, 0x00, 0x00, 0x00, 0x00, 0x00,
  0x00, 0x00, 0x00, 0x00, 0x00, 0x00, 0x00, 0x00, 0x00, 0x00, 0x00, 0x00,
  0x00, 0x00, 0x00, 0x00, 0x00, 0x00, 0x00, 0x00, 0x00, 0x00, 0x00, 0x00,
  0x00, 0x00, 0x00, 0x00, 0x00, 0x00, 0x00, 0x00, 0x00, 0x00, 0x00, 0x00,
  0x00, 0x00, 0x00, 0x00, 0x00, 0x00, 0x00, 0x00, 0x00, 0x00, 0x00, 0x00,
  0x00, 0x00, 0x00, 0x00, 0x00, 0x00, 0x00, 0x00, 0x00, 0x00, 0x00, 0x00,
  0x00, 0x00, 0x00, 0x00, 0x00, 0x00, 0x00, 0x00, 0x00, 0x00, 0x00, 0x00,
  0x00, 0x00, 0x00, 0x00, 0x00, 0x00, 0x00, 0x00, 0x00, 0x00, 0x00, 0x00,
  0x00, 0x00, 0x00, 0x00, 0x00, 0x00, 0x00, 0x00, 0x00, 0x00, 0x00, 0x00,
  0x00, 0x00, 0x00, 0x00, 0x00, 0x00, 0x00, 0x00, 0x00, 0x00, 0x00, 0x00,
  0x00, 0x00, 0x00, 0x00, 0x00, 0x00, 0x00, 0x00, 0x00, 0x00, 0x00, 0x00,
  0x00, 0x00, 0x00, 0x00, 0x00, 0x00, 0x00, 0x00, 0x00, 0x00, 0x00, 0x00,
  0x00, 0x00, 0x00, 0x00, 0x00, 0x00, 0x00, 0x00, 0x00, 0x00, 0x00, 0x00,
  0x00, 0x00, 0x00, 0x00, 0x00, 0x00, 0x00, 0x00, 0x00, 0x00, 0x00, 0x00,
  0x00, 0x00, 0x00, 0x00, 0x00, 0x00, 0x00, 0x00, 0x00, 0x00, 0x00, 0x00,
  0x00, 0x00, 0x00, 0x00, 0x00, 0x00, 0x00, 0x00, 0x00, 0x00, 0x00, 0x00,
  0x00, 0x00, 0x00, 0x00, 0x00, 0x00, 0x00, 0x00, 0x00, 0x00, 0x00, 0x00,
  0x00, 0x00, 0x00, 0x00, 0x00, 0x00, 0x00, 0x00, 0x00, 0x00, 0x00, 0x00,
  0x00, 0x00, 0x00, 0x00, 0x00, 0x00, 0x00, 0x00, 0x00, 0x00, 0x00, 0x00,
  0x00, 0x00, 0x00, 0x00, 0x00, 0x00, 0x00, 0x00, 0x00, 0x00, 0x00, 0x00,
  0x00, 0x00, 0x00, 0x00, 0x00, 0x00, 0x00, 0x00, 0x00, 0x00, 0x00, 0x00,
  0x00, 0x00, 0x00, 0x00, 0x00, 0x00, 0x00, 0x00, 0x00, 0x00, 0x00, 0x00,
  0x00, 0x00, 0x00, 0x00, 0x00, 0x00, 0x00, 0x00, 0x00, 0x00, 0x00, 0x00,
  0x00, 0x00, 0x00, 0x00, 0x00, 0x00, 0x00, 0x00, 0x00, 0x00, 0x00, 0x00,
  0x00, 0x00, 0x00, 0x00, 0x00, 0x00, 0x00, 0x00, 0x00, 0x00, 0x00, 0x00,
  0x00, 0x00, 0x00, 0x00, 0x00, 0x00, 0x00, 0x00, 0x00, 0x00, 0x00, 0x00,
  0x00, 0x00, 0x00, 0x00, 0x00, 0x00, 0x00, 0x00, 0x00, 0x00, 0x00, 0x00,
  0x00, 0x00, 0x00, 0x00, 0x00, 0x00, 0x00, 0x00, 0x00, 0x00, 0x00, 0x00,
  0x00, 0x00, 0x00, 0x00, 0x00, 0x00, 0x00, 0x00, 0x00, 0x00, 0x00, 0x00,
  0x00, 0x00, 0x00, 0x00, 0x00, 0x00, 0x00, 0x00, 0x00, 0x00, 0x00, 0x00,
  0x00, 0x00, 0x00, 0x00, 0x00, 0x00, 0x00, 0x00, 0x00, 0x00, 0x00, 0x00,
  0x00, 0x00, 0x00, 0x00, 0x00, 0x00, 0x00, 0x00, 0x00, 0x00, 0x00, 0x00,
  0x00, 0x00, 0x00, 0x00, 0x00, 0x00, 0x00, 0x00, 0x00, 0x00, 0x00, 0x00,
  0x00, 0x00, 0x00, 0x00, 0x00, 0x00, 0x00, 0x00, 0x00, 0x00, 0x00, 0x00,
  0x00, 0x00, 0x00, 0x00, 0x00, 0x00, 0x00, 0x00, 0x00, 0x00, 0x00, 0x00,
  0x00, 0x00, 0x00, 0x00, 0x00, 0x00, 0x00, 0x00, 0x00, 0x00, 0x00, 0x00,
  0x00, 0x00, 0x00, 0x00, 0x00, 0x00, 0x00, 0x00, 0x00, 0x00, 0x00, 0x00,
  0x00, 0x00, 0x00, 0x00, 0x00, 0x00, 0x00, 0x00, 0x00, 0x00, 0x00, 0x00,
  0x00, 0x00, 0x00, 0x00, 0x00, 0x00, 0x00, 0x00, 0x00, 0x00, 0x00, 0x00,
  0x00, 0x00, 0x00, 0x00, 0x00, 0x00, 0x00, 0x00, 0x00, 0x00, 0x00, 0x00,
  0x00, 0x00, 0x00, 0x00, 0x00, 0x00, 0x00, 0x00, 0x00, 0x00, 0x00, 0x00,
  0x00, 0x00, 0x00, 0x00, 0x00, 0x00, 0x00, 0x00, 0x00, 0x00, 0x00, 0x00,
  0x00, 0x00, 0x00, 0x00, 0x00, 0x00, 0x00, 0x00, 0x00, 0x00, 0x00, 0x00,
  0x00, 0x00, 0x00, 0x00, 0x00, 0x00, 0x00, 0x00, 0x00, 0x00, 0x00, 0x00,
  0x00, 0x00, 0x00, 0x00, 0x00, 0x00, 0x00, 0x00, 0x00, 0x00, 0x00, 0x00,
  0x00, 0x00, 0x00, 0x00, 0x00, 0x00, 0x00, 0x00, 0x00, 0x00, 0x00, 0x00,
  0x00, 0x00, 0x00, 0x00, 0x00, 0x00, 0x00, 0x00, 0x00, 0x00, 0x00, 0x00,
  0x00, 0x00, 0x00, 0x00, 0x00, 0x00, 0x00, 0x00, 0x00, 0x00, 0x00, 0x00,
  0x00, 0x00, 0x00, 0x00, 0x00, 0x00, 0x00, 0x00, 0x00, 0x00, 0x00, 0x00,
  0x00, 0x00, 0x00, 0x00, 0x00, 0x00, 0x00, 0x00, 0x00, 0x00, 0x00, 0x00,
  0x00, 0x00, 0x00, 0x00, 0x00, 0x00, 0x00, 0x00, 0x00, 0x00, 0x00, 0x00,
  0x00, 0x00, 0x00, 0x00, 0x00, 0x00, 0x00, 0x00, 0x00, 0x00, 0x00, 0x00,
  0x00, 0x00, 0x00, 0x00, 0x00, 0x00, 0x00, 0x00, 0x00, 0x00, 0x00, 0x00,
  0x00, 0x00, 0x00, 0x00, 0x00, 0x00, 0x00, 0x00, 0x00, 0x00, 0x00, 0x00,
  0x00, 0x00, 0x00, 0x00, 0x00, 0x00, 0x00, 0x00, 0x00, 0x00, 0x00, 0x00,
  0x00, 0x00, 0x00, 0x00, 0x00, 0x00, 0x00, 0x00, 0x00, 0x00, 0x00, 0x00,
  0x00, 0x00, 0x00, 0x00, 0x00, 0x00, 0x00, 0x00, 0x00, 0x00, 0x00, 0x00,
  0x00, 0x00, 0x00, 0x00, 0x00, 0x00, 0x00, 0x00, 0x00, 0x00, 0x00, 0x00,
  0x00, 0x00, 0x00, 0x00, 0x00, 0x00, 0x00, 0x00, 0x00, 0x00, 0x00, 0x00,
  0x00, 0x00, 0x00, 0x00, 0x00, 0x00, 0x00, 0x00, 0x00, 0x00, 0x00, 0x00,
  0x00, 0x00, 0x00, 0x00, 0x00, 0x00, 0x00, 0x00, 0x00, 0x00, 0x00, 0x00,
  0x00, 0x00, 0x00, 0x00, 0x00, 0x00, 0x00, 0x00, 0x00, 0x00, 0x00, 0x00,
  0x00, 0x00, 0x00, 0x00, 0x00, 0x00, 0x00, 0x00, 0x00, 0x00, 0x00, 0x00,
  0x00, 0x00, 0x00, 0x00, 0x00, 0x00, 0x00, 0x00, 0x00, 0x00, 0x00, 0x00,
  0x00, 0x00, 0x00, 0x00, 0x00, 0x00, 0x00, 0x00, 0x00, 0x00, 0x00, 0x00,
  0x00, 0x00, 0x00, 0x00, 0x00, 0x00, 0x00, 0x00, 0x00, 0x00, 0x00, 0x00,
  0x00, 0x00, 0x00, 0x00, 0x00, 0x00, 0x00, 0x00, 0x00, 0x00, 0x00, 0x00,
  0x00, 0x00, 0x00, 0x00, 0x00, 0x00, 0x00, 0x00, 0x00, 0x00, 0x00, 0x00,
  0x00, 0x00, 0x00, 0x00, 0x00, 0x00, 0x00, 0x00, 0x00, 0x00, 0x00, 0x00,
  0x00, 0x00, 0x00, 0x00, 0x00, 0x00, 0x00, 0x00, 0x00, 0x00, 0x00, 0x00,
  0x00, 0x00, 0x00, 0x00, 0x00, 0x00, 0x00, 0x00, 0x00, 0x00, 0x00, 0x00,
  0x00, 0x00, 0x00, 0x00, 0x00, 0x00, 0x00, 0x00, 0x00, 0x00, 0x00, 0x00,
  0x00, 0x00, 0x00, 0x00, 0x00, 0x00, 0x00, 0x00, 0x00, 0x00, 0x00, 0x00,
  0x00, 0x00, 0x00, 0x00, 0x00, 0x00, 0x00, 0x00, 0x00, 0x00, 0x00, 0x00,
  0x00, 0x00, 0x00, 0x00, 0x00, 0x00, 0x00, 0x00, 0x00, 0x00, 0x00, 0x00,
  0x00, 0x00, 0x00, 0x00, 0x00, 0x00, 0x00, 0x00, 0x00, 0x00, 0x00, 0x00,
  0x00, 0x00, 0x00, 0x00, 0x00, 0x00, 0x00, 0x00, 0x00, 0x00, 0x00, 0x00,
  0x00, 0x00, 0x00, 0x00, 0x00, 0x00, 0x00, 0x00, 0x00, 0x00, 0x00, 0x00,
  0x00, 0x00, 0x00, 0x00, 0x00, 0x00, 0x00, 0x00, 0x00, 0x00, 0x00, 0x00,
  0x00, 0x00, 0x00, 0x00, 0x00, 0x00, 0x00, 0x00, 0x00, 0x00, 0x00, 0x00,
  0x00, 0x00, 0x00, 0x00, 0x00, 0x00, 0x00, 0x00, 0x00, 0x00, 0x00, 0x00,
  0x00, 0x00, 0x00, 0x00, 0x00, 0x00, 0x00, 0x00, 0x00, 0x00, 0x00, 0x00,
  0x00, 0x00, 0x00, 0x00, 0x00, 0x00, 0x00, 0x00, 0x00, 0x00, 0x00, 0x00,
  0x00, 0x00, 0x00, 0x00, 0x00, 0x00, 0x00, 0x00, 0x00, 0x00, 0x00, 0x00,
  0x00, 0x00, 0x00, 0x00, 0x00, 0x00, 0x00, 0x00, 0x00, 0x00, 0x00, 0x00,
  0x00, 0x00, 0x00, 0x00, 0x00, 0x00, 0x00, 0x00, 0x00, 0x00, 0x00, 0x00,
  0x00, 0x00, 0x00, 0x00, 0x00, 0x00, 0x00, 0x00, 0x00, 0x00, 0x00, 0x00,
  0x00, 0x00, 0x00, 0x00, 0x00, 0x00, 0x00, 0x00, 0x00, 0x00, 0x00, 0x00,
  0x00, 0x00, 0x00, 0x00, 0x00, 0x00, 0x00, 0x00, 0x00, 0x00, 0x00, 0x00,
  0x00, 0x00, 0x00, 0x00, 0x00, 0x00, 0x00, 0x00, 0x00, 0x00, 0x00, 0x00,
  0x00, 0x00, 0x00, 0x00, 0x00, 0x00, 0x00, 0x00, 0x00, 0x00, 0x00, 0x00,
  0x00, 0x00, 0x00, 0x00, 0x00, 0x00, 0x00, 0x00, 0x00, 0x00, 0x00, 0x00,
  0x00, 0x00, 0x00, 0x00, 0x00, 0x00, 0x00, 0x00, 0x00, 0x00, 0x00, 0x00,
  0x00, 0x00, 0x00, 0x00, 0x00, 0x00, 0x00, 0x00, 0x00, 0x00, 0x00, 0x00,
  0x00, 0x00, 0x00, 0x00, 0x00, 0x00, 0x00, 0x00, 0x00, 0x00, 0x00, 0x00,
  0x00, 0x00, 0x00, 0x00, 0x00, 0x00, 0x00, 0x00, 0x00, 0x00, 0x00, 0x00,
  0x00, 0x00, 0x00, 0x00, 0x00, 0x00, 0x00, 0x00, 0x00, 0x00, 0x00, 0x00,
  0x00, 0x00, 0x00, 0x00, 0x00, 0x00, 0x00, 0x00, 0x00, 0x00, 0x00, 0x00,
  0x00, 0x00, 0x00, 0x00, 0x00, 0x00, 0x00, 0x00, 0x00, 0x00, 0x00, 0x00,
  0x00, 0x00, 0x00, 0x00, 0x00, 0x00, 0x00, 0x00, 0x00, 0x00, 0x00, 0x00,
  0x00, 0x00, 0x00, 0x00, 0x00, 0x00, 0x00, 0x00, 0x00, 0x00, 0x00, 0x00,
  0x00, 0x00, 0x00, 0x00, 0x00, 0x00, 0x00, 0x00, 0x00, 0x00, 0x00, 0x00,
  0x00, 0x00, 0x00, 0x00, 0x00, 0x00, 0x00, 0x00, 0x00, 0x00, 0x00, 0x00,
  0x00, 0x00, 0x00, 0x00, 0x00, 0x00, 0x00, 0x00, 0x00, 0x00, 0x00, 0x00,
  0x00, 0x00, 0x00, 0x00, 0x00, 0x00, 0x00, 0x00, 0x00, 0x00, 0x00, 0x00,
  0x00, 0x00, 0x00, 0x00, 0x00, 0x00, 0x00, 0x00, 0x00, 0x00, 0x00, 0x00,
  0x00, 0x00, 0x00, 0x00, 0x00, 0x00, 0x00, 0x00, 0x00, 0x00, 0x00, 0x00,
  0x00, 0x00, 0x00, 0x00, 0x00, 0x00, 0x00, 0x00, 0x00, 0x00, 0x00, 0x00,
  0x00, 0x00, 0x00, 0x00, 0x00, 0x00, 0x00, 0x00, 0x00, 0x00, 0x00, 0x00,
  0x00, 0x00, 0x00, 0x00, 0x00, 0x00, 0x00, 0x00, 0x00, 0x00, 0x00, 0x00,
  0x00, 0x00, 0x00, 0x00, 0x00, 0x00, 0x00, 0x00, 0x00, 0x00, 0x00, 0x00,
  0x00, 0x00, 0x00, 0x00, 0x00, 0x00, 0x00, 0x00, 0x00, 0x00, 0x00, 0x00,
  0x00, 0x00, 0x00, 0x00, 0x00, 0x00, 0x00, 0x00, 0x00, 0x00, 0x00, 0x00,
  0x00, 0x00, 0x00, 0x00, 0x00, 0x00, 0x00, 0x00, 0x00, 0x00, 0x00, 0x00,
  0x00, 0x00, 0x00, 0x00, 0x00, 0x00, 0x00, 0x00, 0x00, 0x00, 0x00, 0x00,
  0x00, 0x00, 0x00, 0x00, 0x00, 0x00, 0x00, 0x00, 0x00, 0x00, 0x00, 0x00,
  0x00, 0x00, 0x00, 0x00, 0x00, 0x00, 0x00, 0x00, 0x00, 0x00, 0x00, 0x00,
  0x00, 0x00, 0x00, 0x00, 0x00, 0x00, 0x00, 0x00, 0x00, 0x00, 0x00, 0x00,
  0x00, 0x00, 0x00, 0x00, 0x00, 0x00, 0x00, 0x00, 0x00, 0x00, 0x00, 0x00,
  0x00, 0x00, 0x00, 0x00, 0x00, 0x00, 0x00, 0x00, 0x00, 0x00, 0x00, 0x00,
  0x00, 0x00, 0x00, 0x00, 0x00, 0x00, 0x00, 0x00, 0x00, 0x00, 0x00, 0x00,
  0x00, 0x00, 0x00, 0x00, 0x00, 0x00, 0x00, 0x00, 0x00, 0x00, 0x00, 0x00,
  0x00, 0x00, 0x00, 0x00, 0x00, 0x00, 0x00, 0x00, 0x00, 0x00, 0x00, 0x00,
  0x00, 0x00, 0x00, 0x00, 0x00, 0x00, 0x00, 0x00, 0x00, 0x00, 0x00, 0x00,
  0x00, 0x00, 0x00, 0x00, 0x00, 0x00, 0x00, 0x00, 0x00, 0x00, 0x00, 0x00,
  0x00, 0x00, 0x00, 0x00, 0x00, 0x00, 0x00, 0x00, 0x00, 0x00, 0x00, 0x00,
  0x00, 0x00, 0x00, 0x00, 0x00, 0x00, 0x00, 0x00, 0x00, 0x00, 0x00, 0x00,
  0x00, 0x00, 0x00, 0x00, 0x00, 0x00, 0x00, 0x00, 0x00, 0x00, 0x00, 0x00,
  0x00, 0x00, 0x00, 0x00, 0x00, 0x00, 0x00, 0x00, 0x00, 0x00, 0x00, 0x00,
  0x00, 0x00, 0x00, 0x00, 0x00, 0x00, 0x00, 0x00, 0x00, 0x00, 0x00, 0x00,
  0x00, 0x00, 0x00, 0x00, 0x00, 0x00, 0x00, 0x00, 0x00, 0x00, 0x00, 0x00,
  0x00, 0x00, 0x00, 0x00, 0x00, 0x00, 0x00, 0x00, 0x00, 0x00, 0x00, 0x00,
  0x00, 0x00, 0x00, 0x00, 0x00, 0x00, 0x00, 0x00, 0x00, 0x00, 0x00, 0x00,
  0x00, 0x00, 0x00, 0x00, 0x00, 0x00, 0x00, 0x00, 0x00, 0x00, 0x00, 0x00,
  0x00, 0x00, 0x00, 0x00, 0x00, 0x00, 0x00, 0x00, 0x00, 0x00, 0x00, 0x00,
  0x00, 0x00, 0x00, 0x00, 0x00, 0x00, 0x00, 0x00, 0x00, 0x00, 0x00, 0x00,
  0x00, 0x00, 0x00, 0x00, 0x00, 0x00, 0x00, 0x00, 0x00, 0x00, 0x00, 0x00,
  0x00, 0x00, 0x00, 0x00, 0x00, 0x00, 0x00, 0x00, 0x00, 0x00, 0x00, 0x00,
  0x00, 0x00, 0x00, 0x00, 0x00, 0x00, 0x00, 0x00, 0x00, 0x00, 0x00, 0x00,
  0x00, 0x00, 0x00, 0x00, 0x00, 0x00, 0x00, 0x00, 0x00, 0x00, 0x00, 0x00,
  0x00, 0x00, 0x00, 0x00, 0x00, 0x00, 0x00, 0x00, 0x00, 0x00, 0x00, 0x00,
  0x00, 0x00, 0x00, 0x00, 0x00, 0x00, 0x00, 0x00, 0x00, 0x00, 0x00, 0x00,
  0x00, 0x00, 0x00, 0x00, 0x00, 0x00, 0x00, 0x00, 0x00, 0x00, 0x00, 0x00,
  0x00, 0x00, 0x00, 0x00, 0x00, 0x00, 0x00, 0x00, 0x00, 0x00, 0x00, 0x00,
  0x00, 0x00, 0x00, 0x00, 0x00, 0x00, 0x00, 0x00, 0x00, 0x00, 0x00, 0x00,
  0x00, 0x00, 0x00, 0x00, 0x00, 0x00, 0x00, 0x00, 0x00, 0x00, 0x00, 0x00,
  0x00, 0x00, 0x00, 0x00, 0x00, 0x00, 0x00, 0x00, 0x00, 0x00, 0x00, 0x00,
  0x00, 0x00, 0x00, 0x00, 0x00, 0x00, 0x00, 0x00, 0x00, 0x00, 0x00, 0x00,
  0x00, 0x00, 0x00, 0x00, 0x00, 0x00, 0x00, 0x00, 0x00, 0x00, 0x00, 0x00,
  0x00, 0x00, 0x00, 0x00, 0x00, 0x00, 0x00, 0x00, 0x00, 0x00, 0x00, 0x00,
  0x00, 0x00, 0x00, 0x00, 0x00, 0x00, 0x00, 0x00, 0x00, 0x00, 0x00, 0x00,
  0x00, 0x00, 0x00, 0x00, 0x00, 0x00, 0x00, 0x00, 0x00, 0x00, 0x00, 0x00,
  0x00, 0x00, 0x00, 0x00, 0x00, 0x00, 0x00, 0x00, 0x00, 0x00, 0x00, 0x00,
  0x00, 0x00, 0x00, 0x00, 0x00, 0x00, 0x00, 0x00, 0x00, 0x00, 0x00, 0x00,
  0x00, 0x00, 0x00, 0x00, 0x00, 0x00, 0x00, 0x00, 0x00, 0x00, 0x00, 0x00,
  0x00, 0x00, 0x00, 0x00, 0x00, 0x00, 0x00, 0x00, 0x00, 0x00, 0x00, 0x00,
  0x00, 0x00, 0x00, 0x00, 0x00, 0x00, 0x00, 0x00, 0x00, 0x00, 0x00, 0x00,
  0x00, 0x00, 0x00, 0x00, 0x00, 0x00, 0x00, 0x00, 0x00, 0x00, 0x00, 0x00,
  0x00, 0x00, 0x00, 0x00, 0x00, 0x00, 0x00, 0x00, 0x00, 0x00, 0x00, 0x00,
  0x00, 0x00, 0x00, 0x00, 0x00, 0x00, 0x00, 0x00, 0x00, 0x00, 0x00, 0x00,
  0x00, 0x00, 0x00, 0x00, 0x00, 0x00, 0x00, 0x00, 0x00, 0x00, 0x00, 0x00,
  0x00, 0x00, 0x00, 0x00, 0x00, 0x00, 0x00, 0x00, 0x00, 0x00, 0x00, 0x00,
  0x00, 0x00, 0x00, 0x00, 0x00, 0x00, 0x00, 0x00, 0x00, 0x00, 0x00, 0x00,
  0x00, 0x00, 0x00, 0x00, 0x00, 0x00, 0x00, 0x00, 0x00, 0x00, 0x00, 0x00,
  0x00, 0x00, 0x00, 0x00, 0x00, 0x00, 0x00, 0x00, 0x00, 0x00, 0x00, 0x00,
  0x00, 0x00, 0x00, 0x00, 0x00, 0x00, 0x00, 0x00, 0x00, 0x00, 0x00, 0x00,
  0x00, 0x00, 0x00, 0x00, 0x00, 0x00, 0x00, 0x00, 0x00, 0x00, 0x00, 0x00,
  0x00, 0x00, 0x00, 0x00, 0x00, 0x00, 0x00, 0x00, 0x00, 0x00, 0x00, 0x00,
  0x00, 0x00, 0x00, 0x00, 0x00, 0x00, 0x00, 0x00, 0x00, 0x00, 0x00, 0x00,
  0x00, 0x00, 0x00, 0x00, 0x00, 0x00, 0x00, 0x00, 0x00, 0x00, 0x00, 0x00,
  0x00, 0x00, 0x00, 0x00, 0x00, 0x00, 0x00, 0x00, 0x00, 0x00, 0x00, 0x00,
  0x00, 0x00, 0x00, 0x00, 0x00, 0x00, 0x00, 0x00, 0x00, 0x00, 0x00, 0x00,
  0x00, 0x00, 0x00, 0x00, 0x00, 0x00, 0x00, 0x00, 0x00, 0x00, 0x00, 0x00,
  0x00, 0x00, 0x00, 0x00, 0x00, 0x00, 0x00, 0x00, 0x00, 0x00, 0x00, 0x00,
  0x00, 0x00, 0x00, 0x00, 0x00, 0x00, 0x00, 0x00, 0x00, 0x00, 0x00, 0x00,
  0x00, 0x00, 0x00, 0x00, 0x00, 0x00, 0x00, 0x00, 0x00, 0x00, 0x00, 0x00,
  0x00, 0x00, 0x00, 0x00, 0x00, 0x00, 0x00, 0x00, 0x00, 0x00, 0x00, 0x00,
  0x00, 0x00, 0x00, 0x00, 0x00, 0x00, 0x00, 0x00, 0x00, 0x00, 0x00, 0x00,
  0x00, 0x00, 0x00, 0x00, 0x00, 0x00, 0x00, 0x00, 0x00, 0x00, 0x00, 0x00,
  0x00, 0x00, 0x00, 0x00, 0x00, 0x00, 0x00, 0x00, 0x00, 0x00, 0x00, 0x00,
  0x00, 0x00, 0x00, 0x00, 0x00, 0x00, 0x00, 0x00, 0x00, 0x00, 0x00, 0x00,
  0x00, 0x00, 0x00, 0x00, 0x00, 0x00, 0x00, 0x00, 0x00, 0x00, 0x00, 0x00,
  0x00, 0x00, 0x00, 0x00, 0x00, 0x00, 0x00, 0x00, 0x00, 0x00, 0x00, 0x00,
  0x00, 0x00, 0x00, 0x00, 0x00, 0x00, 0x00, 0x00, 0x00, 0x00, 0x00, 0x00,
  0x00, 0x00, 0x00, 0x00, 0x00, 0x00, 0x00, 0x00, 0x00, 0x00, 0x00, 0x00,
  0x00, 0x00, 0x00, 0x00, 0x00, 0x00, 0x00, 0x00, 0x00, 0x00, 0x00, 0x00,
  0x00, 0x00, 0x00, 0x00, 0x00, 0x00, 0x00, 0x00, 0x00, 0x00, 0x00, 0x00,
  0x00, 0x00, 0x00, 0x00, 0x00, 0x00, 0x00, 0x00, 0x00, 0x00, 0x00, 0x00,
  0x00, 0x00, 0x00, 0x00, 0x00, 0x00, 0x00, 0x00, 0x00, 0x00, 0x00, 0x00,
  0x00, 0x00, 0x00, 0x00, 0x00, 0x00, 0x00, 0x00, 0x00, 0x00, 0x00, 0x00,
  0x00, 0x00, 0x00, 0x00, 0x00, 0x00, 0x00, 0x00, 0x00, 0x00, 0x00, 0x00,
  0x00, 0x00, 0x00, 0x00, 0x00, 0x00, 0x00, 0x00, 0x00, 0x00, 0x00, 0x00,
  0x00, 0x00, 0x00, 0x00, 0x00, 0x00, 0x00, 0x00, 0x00, 0x00, 0x00, 0x00,
  0x00, 0x00, 0x00, 0x00, 0x00, 0x00, 0x00, 0x00, 0x00, 0x00, 0x00, 0x00,
  0x00, 0x00, 0x00, 0x00, 0x00, 0x00, 0x00, 0x00, 0x00, 0x00, 0x00, 0x00,
  0x00, 0x00, 0x00, 0x00, 0x00, 0x00, 0x00, 0x00, 0x00, 0x00, 0x00, 0x00,
  0x00, 0x00, 0x00, 0x00, 0x00, 0x00, 0x00, 0x00, 0x00, 0x00, 0x00, 0x00,
  0x00, 0x00, 0x00, 0x00, 0x00, 0x00, 0x00, 0x00, 0x00, 0x00, 0x00, 0x00,
  0x00, 0x00, 0x00, 0x00, 0x00, 0x00, 0x00, 0x00, 0x00, 0x00, 0x00, 0x00,
  0x00, 0x00, 0x00, 0x00, 0x00, 0x00, 0x00, 0x00, 0x00, 0x00, 0x00, 0x00,
  0x00, 0x00, 0x00, 0x00, 0x00, 0x00, 0x00, 0x00, 0x00, 0x00, 0x00, 0x00,
  0x00, 0x00, 0x00, 0x00, 0x00, 0x00, 0x00, 0x00, 0x00, 0x00, 0x00, 0x00,
  0x00, 0x00, 0x00, 0x00, 0x00, 0x00, 0x00, 0x00, 0x00, 0x00, 0x00, 0x00,
  0x00, 0x00, 0x00, 0x00, 0x00, 0x00, 0x00, 0x00, 0x00, 0x00, 0x00, 0x00,
  0x00, 0x00, 0x00, 0x00, 0x00, 0x00, 0x00, 0x00, 0x00, 0x00, 0x00, 0x00,
  0x00, 0x00, 0x00, 0x00, 0x00, 0x00, 0x00, 0x00, 0x00, 0x00, 0x00, 0x00,
  0x00, 0x00, 0x00, 0x00, 0x00, 0x00, 0x00, 0x00, 0x00, 0x00, 0x00, 0x00,
  0x00, 0x00, 0x00, 0x00, 0x00, 0x00, 0x00, 0x00, 0x00, 0x00, 0x00, 0x00,
  0x00, 0x00, 0x00, 0x00, 0x00, 0x00, 0x00, 0x00, 0x00, 0x00, 0x00, 0x00,
  0x00, 0x00, 0x00, 0x00, 0x00, 0x00, 0x00, 0x00, 0x00, 0x00, 0x00, 0x00,
  0x00, 0x00, 0x00, 0x00, 0x00, 0x00, 0x00, 0x00, 0x00, 0x00, 0x00, 0x00,
  0x00, 0x00, 0x00, 0x00, 0x00, 0x00, 0x00, 0x00, 0x00, 0x00, 0x00, 0x00,
  0x00, 0x00, 0x00, 0x00, 0x00, 0x00, 0x00, 0x00, 0x00, 0x00, 0x00, 0x00,
  0x00, 0x00, 0x00, 0x00, 0x00, 0x00, 0x00, 0x00, 0x00, 0x00, 0x00, 0x00,
  0x00, 0x00, 0x00, 0x00, 0x00, 0x00, 0x00, 0x00, 0x00, 0x00, 0x00, 0x00,
  0x00, 0x00, 0x00, 0x00, 0x00, 0x00, 0x00, 0x00, 0x00, 0x00, 0x00, 0x00,
  0x00, 0x00, 0x00, 0x00, 0x00, 0x00, 0x00, 0x00, 0x00, 0x00, 0x00, 0x00,
  0x00, 0x00, 0x00, 0x00, 0x00, 0x00, 0x00, 0x00, 0x00, 0x00, 0x00, 0x00,
  0x00, 0x00, 0x00, 0x00, 0x00, 0x00, 0x00, 0x00, 0x00, 0x00, 0x00, 0x00,
  0x00, 0x00, 0x00, 0x00, 0x00, 0x00, 0x00, 0x00, 0x00, 0x00, 0x00, 0x00,
  0x00, 0x00, 0x00, 0x00, 0x00, 0x00, 0x00, 0x00, 0x00, 0x00, 0x00, 0x00,
  0x00, 0x00, 0x00, 0x00, 0x00, 0x00, 0x00, 0x00, 0x00, 0x00, 0x00, 0x00,
  0x00, 0x00, 0x00, 0x00, 0x00, 0x00, 0x00, 0x00, 0x00, 0x00, 0x00, 0x00,
  0x00, 0x00, 0x00, 0x00, 0x00, 0x00, 0x00, 0x00, 0x00, 0x00, 0x00, 0x00,
  0x00, 0x00, 0x00, 0x00, 0x00, 0x00, 0x00, 0x00, 0x00, 0x00, 0x00, 0x00,
  0x00, 0x00, 0x00, 0x00, 0x00, 0x00, 0x00, 0x00, 0x00, 0x00, 0x00, 0x00,
  0x00, 0x00, 0x00, 0x00, 0x00, 0x00, 0x00, 0x00, 0x00, 0x00, 0x00, 0x00,
  0x00, 0x00, 0x00, 0x00, 0x00, 0x00, 0x00, 0x00, 0x00, 0x00, 0x00, 0x00,
  0x00, 0x00, 0x00, 0x00, 0x00, 0x00, 0x00, 0x00, 0x00, 0x00, 0x00, 0x00,
  0x00, 0x00, 0x00, 0x00, 0x00, 0x00, 0x00, 0x00, 0x00, 0x00, 0x00, 0x00,
  0x00, 0x00, 0x00, 0x00, 0x00, 0x00, 0x00, 0x00, 0x00, 0x00, 0x00, 0x00,
  0x00, 0x00, 0x00, 0x00, 0x00, 0x00, 0x00, 0x00, 0x00, 0x00, 0x00, 0x00,
  0x00, 0x00, 0x00, 0x00, 0x00, 0x00, 0x00, 0x00, 0x00, 0x00, 0x00, 0x00,
  0x00, 0x00, 0x00, 0x00, 0x00, 0x00, 0x00, 0x00, 0x00, 0x00, 0x00, 0x00,
  0x00, 0x00, 0x00, 0x00, 0x00, 0x00, 0x00, 0x00, 0x00, 0x00, 0x00, 0x00,
  0x00, 0x00, 0x00, 0x00, 0x00, 0x00, 0x00, 0x00, 0x00, 0x00, 0x00, 0x00,
  0x00, 0x00, 0x00, 0x00, 0x00, 0x00, 0x00, 0x00, 0x00, 0x00, 0x00, 0x00,
  0x00, 0x00, 0x00, 0x00, 0x00, 0x00, 0x00, 0x00, 0x00, 0x00, 0x00, 0x00,
  0x00, 0x00, 0x00, 0x00, 0x00, 0x00, 0x00, 0x00, 0x00, 0x00, 0x00, 0x00,
  0x00, 0x00, 0x00, 0x00, 0x00, 0x00, 0x00, 0x00, 0x00, 0x00, 0x00, 0x00,
  0x00, 0x00, 0x00, 0x00, 0x00, 0x00, 0x00, 0x00, 0x00, 0x00, 0x00, 0x00,
  0x00, 0x00, 0x00, 0x00, 0x00, 0x00, 0x00, 0x00, 0x00, 0x00, 0x00, 0x00,
  0x00, 0x00, 0x00, 0x00, 0x00, 0x00, 0x00, 0x00, 0x00, 0x00, 0x00, 0x00,
  0x00, 0x00, 0x00, 0x00, 0x00, 0x00, 0x00, 0x00, 0x00, 0x00, 0x00, 0x00,
  0x00, 0x00, 0x00, 0x00, 0x00, 0x00, 0x00, 0x00, 0x00, 0x00, 0x00, 0x00,
  0x00, 0x00, 0x00, 0x00, 0x00, 0x00, 0x00, 0x00, 0x00, 0x00, 0x00, 0x00,
  0x00, 0x00, 0x00, 0x00, 0x00, 0x00, 0x00, 0x00, 0x00, 0x00, 0x00, 0x00,
  0x00, 0x00, 0x00, 0x00, 0x00, 0x00, 0x00, 0x00, 0x00, 0x00, 0x00, 0x00,
  0x00, 0x00, 0x00, 0x00, 0x00, 0x00, 0x00, 0x00, 0x00, 0x00, 0x00, 0x00,
  0x00, 0x00, 0x00, 0x00, 0x00, 0x00, 0x00, 0x00, 0x00, 0x00, 0x00, 0x00,
  0x00, 0x00, 0x00, 0x00, 0x00, 0x00, 0x00, 0x00, 0x00, 0x00, 0x00, 0x00,
  0x00, 0x00, 0x00, 0x00, 0x00, 0x00, 0x00, 0x00, 0x00, 0x00, 0x00, 0x00,
  0x00, 0x00, 0x00, 0x00, 0x00, 0x00, 0x00, 0x00, 0x00, 0x00, 0x00, 0x00,
  0x00, 0x00, 0x00, 0x00, 0x00, 0x00, 0x00, 0x00, 0x00, 0x00, 0x00, 0x00,
  0x00, 0x00, 0x00, 0x00, 0x00, 0x00, 0x00, 0x00, 0x00, 0x00, 0x00, 0x00,
  0x00, 0x00, 0x00, 0x00, 0x00, 0x00, 0x00, 0x00, 0x00, 0x00, 0x00, 0x00,
  0x00, 0x00, 0x00, 0x00, 0x00, 0x00, 0x00, 0x00, 0x00, 0x00, 0x00, 0x00,
  0x00, 0x00, 0x00, 0x00, 0x00, 0x00, 0x00, 0x00, 0x00, 0x00, 0x00, 0x00,
  0x00, 0x00, 0x00, 0x00, 0x00, 0x00, 0x00, 0x00, 0x00, 0x00, 0x00, 0x00,
  0x00, 0x00, 0x00, 0x00, 0x00, 0x00, 0x00, 0x00, 0x00, 0x00, 0x00, 0x00,
  0x00, 0x00, 0x00, 0x00, 0x00, 0x00, 0x00, 0x00, 0x00, 0x00, 0x00, 0x00,
  0x00, 0x00, 0x00, 0x00, 0x00, 0x00, 0x00, 0x00, 0x00, 0x00, 0x00, 0x00,
  0x00, 0x00, 0x00, 0x00, 0x00, 0x00, 0x00, 0x00, 0x00, 0x00, 0x00, 0x00,
  0x00, 0x00, 0x00, 0x00, 0x00, 0x00, 0x00, 0x00, 0x00, 0x00, 0x00, 0x00,
  0x00, 0x00, 0x00, 0x00, 0x00, 0x00, 0x00, 0x00, 0x00, 0x00, 0x00, 0x00,
  0x00, 0x00, 0x00, 0x00, 0x00, 0x00, 0x00, 0x00, 0x00, 0x00, 0x00, 0x00,
  0x00, 0x00, 0x00, 0x00, 0x00, 0x00, 0x00, 0x00, 0x00, 0x00, 0x00, 0x00,
  0x00, 0x00, 0x00, 0x00, 0x00, 0x00, 0x00, 0x00, 0x00, 0x00, 0x00, 0x00,
  0x00, 0x00, 0x00, 0x00, 0x00, 0x00, 0x00, 0x00, 0x00, 0x00, 0x00, 0x00,
  0x00, 0x00, 0x00, 0x00, 0x00, 0x00, 0x00, 0x00, 0x00, 0x00, 0x00, 0x00,
  0x00, 0x00, 0x00, 0x00, 0x00, 0x00, 0x00, 0x00, 0x00, 0x00, 0x00, 0x00,
  0x00, 0x00, 0x00, 0x00, 0x00, 0x00, 0x00, 0x00, 0x00, 0x00, 0x00, 0x00,
  0x00, 0x00, 0x00, 0x00, 0x00, 0x00, 0x00, 0x00, 0x00, 0x00, 0x00, 0x00,
  0x00, 0x00, 0x00, 0x00, 0x00, 0x00, 0x00, 0x00, 0x00, 0x00, 0x00, 0x00,
  0x00, 0x00, 0x00, 0x00, 0x00, 0x00, 0x00, 0x00, 0x00, 0x00, 0x00, 0x00,
  0x00, 0x00, 0x00, 0x00, 0x00, 0x00, 0x00, 0x00, 0x00, 0x00, 0x00, 0x00,
  0x00, 0x00, 0x00, 0x00, 0x00, 0x00, 0x00, 0x00, 0x00, 0x00, 0x00, 0x00,
  0x00, 0x00, 0x00, 0x00, 0x00, 0x00, 0x00, 0x00, 0x00, 0x00, 0x00, 0x00,
  0x00, 0x00, 0x00, 0x00, 0x00, 0x00, 0x00, 0x00, 0x00, 0x00, 0x00, 0x00,
  0x00, 0x00, 0x00, 0x00, 0x00, 0x00, 0x00, 0x00, 0x00, 0x00, 0x00, 0x00,
  0x00, 0x00, 0x00, 0x00, 0x00, 0x00, 0x00, 0x00, 0x00, 0x00, 0x00, 0x00,
  0x00, 0x00, 0x00, 0x00, 0x00, 0x00, 0x00, 0x00, 0x00, 0x00, 0x00, 0x00,
  0x00, 0x00, 0x00, 0x00, 0x00, 0x00, 0x00, 0x00, 0x00, 0x00, 0x00, 0x00,
  0x00, 0x00, 0x00, 0x00, 0x00, 0x00, 0x00, 0x00, 0x00, 0x00, 0x00, 0x00,
  0x00, 0x00, 0x00, 0x00, 0x00, 0x00, 0x00, 0x00, 0x00, 0x00, 0x00, 0x00,
  0x00, 0x00, 0x00, 0x00, 0x00, 0x00, 0x00, 0x00, 0x00, 0x00, 0x00, 0x00,
  0x00, 0x00, 0x00, 0x00, 0x00, 0x00, 0x00, 0x00, 0x00, 0x00, 0x00, 0x00,
  0x00, 0x00, 0x00, 0x00, 0x00, 0x00, 0x00, 0x00, 0x00, 0x00, 0x00, 0x00,
  0x00, 0x00, 0x00, 0x00, 0x00, 0x00, 0x00, 0x00, 0x00, 0x00, 0x00, 0x00,
  0x00, 0x00, 0x00, 0x00, 0x00, 0x00, 0x00, 0x00, 0x00, 0x00, 0x00, 0x00,
  0x00, 0x00, 0x00, 0x00, 0x00, 0x00, 0x00, 0x00, 0x00, 0x00, 0x00, 0x00,
  0x00, 0x00, 0x00, 0x00, 0x00, 0x00, 0x00, 0x00, 0x00, 0x00, 0x00, 0x00,
  0x00, 0x00, 0x00, 0x00, 0x00, 0x00, 0x00, 0x00, 0x00, 0x00, 0x00, 0x00,
  0x00, 0x00, 0x00, 0x00, 0x00, 0x00, 0x00, 0x00, 0x00, 0x00, 0x00, 0x00,
  0x00, 0x00, 0x00, 0x00, 0x00, 0x00, 0x00, 0x00, 0x00, 0x00, 0x00, 0x00,
  0x00, 0x00, 0x00, 0x00, 0x00, 0x00, 0x00, 0x00, 0x00, 0x00, 0x00, 0x00,
  0x00, 0x00, 0x00, 0x00, 0x00, 0x00, 0x00, 0x00, 0x00, 0x00, 0x00, 0x00,
  0x00, 0x00, 0x00, 0x00, 0x00, 0x00, 0x00, 0x00, 0x00, 0x00, 0x00, 0x00,
  0x00, 0x00, 0x00, 0x00, 0x00, 0x00, 0x00, 0x00, 0x00, 0x00, 0x00, 0x00,
  0x00, 0x00, 0x00, 0x00, 0x00, 0x00, 0x00, 0x00, 0x00, 0x00, 0x00, 0x00,
  0x00, 0x00, 0x00, 0x00, 0x00, 0x00, 0x00, 0x00, 0x00, 0x00, 0x00, 0x00,
  0x00, 0x00, 0x00, 0x00, 0x00, 0x00, 0x00, 0x00, 0x00, 0x00, 0x00, 0x00,
  0x00, 0x00, 0x00, 0x00, 0x00, 0x00, 0x00, 0x00, 0x00, 0x00, 0x00, 0x00,
  0x00, 0x00, 0x00, 0x00, 0x00, 0x00, 0x00, 0x00, 0x00, 0x00, 0x00, 0x00,
  0x00, 0x00, 0x00, 0x00, 0x00, 0x00, 0x00, 0x00, 0x00, 0x00, 0x00, 0x00,
  0x00, 0x00, 0x00, 0x00, 0x00, 0x00, 0x00, 0x00, 0x00, 0x00, 0x00, 0x00,
  0x00, 0x00, 0x00, 0x00, 0x00, 0x00, 0x00, 0x00, 0x00, 0x00, 0x00, 0x00,
  0x00, 0x00, 0x00, 0x00, 0x00, 0x00, 0x00, 0x00, 0x00, 0x00, 0x00, 0x00,
  0x00, 0x00, 0x00, 0x00, 0x00, 0x00, 0x00, 0x00, 0x00, 0x00, 0x00, 0x00,
  0x00, 0x00, 0x00, 0x00, 0x00, 0x00, 0x00, 0x00, 0x00, 0x00, 0x00, 0x00,
  0x00, 0x00, 0x00, 0x00, 0x00, 0x00, 0x00, 0x00, 0x00, 0x00, 0x00, 0x00,
  0x00, 0x00, 0x00, 0x00, 0x00, 0x00, 0x00, 0x00, 0x00, 0x00, 0x00, 0x00,
  0x00, 0x00, 0x00, 0x00, 0x00, 0x00, 0x00, 0x00, 0x00, 0x00, 0x00, 0x00,
  0x00, 0x00, 0x00, 0x00, 0x00, 0x00, 0x00, 0x00, 0x00, 0x00, 0x00, 0x00,
  0x00, 0x00, 0x00, 0x00, 0x00, 0x00, 0x00, 0x00, 0x00, 0x00, 0x00, 0x00,
  0x00, 0x00, 0x00, 0x00, 0x00, 0x00, 0x00, 0x00, 0x00, 0x00, 0x00, 0x00,
  0x00, 0x00, 0x00, 0x00, 0x00, 0x00, 0x00, 0x00, 0x00, 0x00, 0x00, 0x00,
  0x00, 0x00, 0x00, 0x00, 0x00, 0x00, 0x00, 0x00, 0x00, 0x00, 0x00, 0x00,
  0x00, 0x00, 0x00, 0x00, 0x00, 0x00, 0x00, 0x00, 0x00, 0x00, 0x00, 0x00,
  0x00, 0x00, 0x00, 0x00, 0x00, 0x00, 0x00, 0x00, 0x00, 0x00, 0x00, 0x00,
  0x00, 0x00, 0x00, 0x00, 0x00, 0x00, 0x00, 0x00, 0x00, 0x00, 0x00, 0x00,
  0x00, 0x00, 0x00, 0x00, 0x00, 0x00, 0x00, 0x00, 0x00, 0x00, 0x00, 0x00,
  0x00, 0x00, 0x00, 0x00, 0x00, 0x00, 0x00, 0x00, 0x00, 0x00, 0x00, 0x00,
  0x00, 0x00, 0x00, 0x00, 0x00, 0x00, 0x00, 0x00, 0x00, 0x00, 0x00, 0x00,
  0x00, 0x00, 0x00, 0x00, 0x00, 0x00, 0x00, 0x00, 0x00, 0x00, 0x00, 0x00,
  0x00, 0x00, 0x00, 0x00, 0x00, 0x00, 0x00, 0x00, 0x00, 0x00, 0x00, 0x00,
  0x00, 0x00, 0x00, 0x00, 0x00, 0x00, 0x00, 0x00, 0x00, 0x00, 0x00, 0x00,
  0x00, 0x00, 0x00, 0x00, 0x00, 0x00, 0x00, 0x00, 0x00, 0x00, 0x00, 0x00,
  0x00, 0x00, 0x00, 0x00, 0x00, 0x00, 0x00, 0x00, 0x00, 0x00, 0x00, 0x00,
  0x00, 0x00, 0x00, 0x00, 0x00, 0x00, 0x00, 0x00, 0x00, 0x00, 0x00, 0x00,
  0x00, 0x00, 0x00, 0x00, 0x00, 0x00, 0x00, 0x00, 0x00, 0x00, 0x00, 0x00,
  0x00, 0x00, 0x00, 0x00, 0x00, 0x00, 0x00, 0x00, 0x00, 0x00, 0x00, 0x00,
  0x00, 0x00, 0x00, 0x00, 0x00, 0x00, 0x00, 0x00, 0x00, 0x00, 0x00, 0x00,
  0x00, 0x00, 0x00, 0x00, 0x00, 0x00, 0x00, 0x00, 0x00, 0x00, 0x00, 0x00,
  0x00, 0x00, 0x00, 0x00, 0x00, 0x00, 0x00, 0x00, 0x00, 0x00, 0x00, 0x00,
  0x00, 0x00, 0x00, 0x00, 0x00, 0x00, 0x00, 0x00, 0x00, 0x00, 0x00, 0x00,
  0x00, 0x00, 0x00, 0x00, 0x00, 0x00, 0x00, 0x00, 0x00, 0x00, 0x00, 0x00,
  0x00, 0x00, 0x00, 0x00, 0x00, 0x00, 0x00, 0x00, 0x00, 0x00, 0x00, 0x00,
  0x00, 0x00, 0x00, 0x00, 0x00, 0x00, 0x00, 0x00, 0x00, 0x00, 0x00, 0x00,
  0x00, 0x00, 0x00, 0x00, 0x00, 0x00, 0x00, 0x00, 0x00, 0x00, 0x00, 0x00,
  0x00, 0x00, 0x00, 0x00, 0x00, 0x00, 0x00, 0x00, 0x00, 0x00, 0x00, 0x00,
  0x00, 0x00, 0x00, 0x00, 0x00, 0x00, 0x00, 0x00, 0x00, 0x00, 0x00, 0x00,
  0x00, 0x00, 0x00, 0x00, 0x00, 0x00, 0x00, 0x00, 0x00, 0x00, 0x00, 0x00,
  0x00, 0x00, 0x00, 0x00, 0x00, 0x00, 0x00, 0x00, 0x00, 0x00, 0x00, 0x00,
  0x00, 0x00, 0x00, 0x00, 0x00, 0x00, 0x00, 0x00, 0x00, 0x00, 0x00, 0x00,
  0x00, 0x00, 0x00, 0x00, 0x00, 0x00, 0x00, 0x00, 0x00, 0x00, 0x00, 0x00,
  0x00, 0x00, 0x00, 0x00, 0x00, 0x00, 0x00, 0x00, 0x00, 0x00, 0x00, 0x00,
  0x00, 0x00, 0x00, 0x00, 0x00, 0x00, 0x00, 0x00, 0x00, 0x00, 0x00, 0x00,
  0x00, 0x00, 0x00, 0x00, 0x00, 0x00, 0x00, 0x00, 0x00, 0x00, 0x00, 0x00,
  0x00, 0x00, 0x00, 0x00, 0x00, 0x00, 0x00, 0x00, 0x00, 0x00, 0x00, 0x00,
  0x00, 0x00, 0x00, 0x00, 0x00, 0x00, 0x00, 0x00, 0x00, 0x00, 0x00, 0x00,
  0x00, 0x00, 0x00, 0x00, 0x00, 0x00, 0x00, 0x00, 0x00, 0x00, 0x00, 0x00,
  0x00, 0x00, 0x00, 0x00, 0x00, 0x00, 0x00, 0x00, 0x00, 0x00, 0x00, 0x00,
  0x00, 0x00, 0x00, 0x00, 0x00, 0x00, 0x00, 0x00, 0x00, 0x00, 0x00, 0x00,
  0x00, 0x00, 0x00, 0x00, 0x00, 0x00, 0x00, 0x00, 0x00, 0x00, 0x00, 0x00,
  0x00, 0x00, 0x00, 0x00, 0x00, 0x00, 0x00, 0x00, 0x00, 0x00, 0x00, 0x00,
  0x00, 0x00, 0x00, 0x00, 0x00, 0x00, 0x00, 0x00, 0x00, 0x00, 0x00, 0x00,
  0x00, 0x00, 0x00, 0x00, 0x00, 0x00, 0x00, 0x00, 0x00, 0x00, 0x00, 0x00,
  0x00, 0x00, 0x00, 0x00, 0x00, 0x00, 0x00, 0x00, 0x00, 0x00, 0x00, 0x00,
  0x00, 0x00, 0x00, 0x00, 0x00, 0x00, 0x00, 0x00, 0x00, 0x00, 0x00, 0x00,
  0x00, 0x00, 0x00, 0x00, 0x00, 0x00, 0x00, 0x00, 0x00, 0x00, 0x00, 0x00,
  0x00, 0x00, 0x00, 0x00, 0x00, 0x00, 0x00, 0x00, 0x00, 0x00, 0x00, 0x00,
  0x00, 0x00, 0x00, 0x00, 0x00, 0x00, 0x00, 0x00, 0x00, 0x00, 0x00, 0x00,
  0x00, 0x00, 0x00, 0x00, 0x00, 0x00, 0x00, 0x00, 0x00, 0x00, 0x00, 0x00,
  0x00, 0x00, 0x00, 0x00, 0x00, 0x00, 0x00, 0x00, 0x00, 0x00, 0x00, 0x00,
  0x00, 0x00, 0x00, 0x00, 0x00, 0x00, 0x00, 0x00, 0x00, 0x00, 0x00, 0x00,
  0x00, 0x00, 0x00, 0x00, 0x00, 0x00, 0x00, 0x00, 0x00, 0x00, 0x00, 0x00,
  0x00, 0x00, 0x00, 0x00, 0x00, 0x00, 0x00, 0x00, 0x00, 0x00, 0x00, 0x00,
  0x00, 0x00, 0x00, 0x00, 0x00, 0x00, 0x00, 0x00, 0x00, 0x00, 0x00, 0x00,
  0x00, 0x00, 0x00, 0x00, 0x00, 0x00, 0x00, 0x00, 0x00, 0x00, 0x00, 0x00,
  0x00, 0x00, 0x00, 0x00, 0x00, 0x00, 0x00, 0x00, 0x00, 0x00, 0x00, 0x00,
  0x00, 0x00, 0x00, 0x00, 0x00, 0x00, 0x00, 0x00, 0x00, 0x00, 0x00, 0x00,
  0x00, 0x00, 0x00, 0x00, 0x00, 0x00, 0x00, 0x00, 0x00, 0x00, 0x00, 0x00,
  0x00, 0x00, 0x00, 0x00, 0x00, 0x00, 0x00, 0x00, 0x00, 0x00, 0x00, 0x00,
  0x00, 0x00, 0x00, 0x00, 0x00, 0x00, 0x00, 0x00, 0x00, 0x00, 0x00, 0x00,
  0x00, 0x00, 0x00, 0x00, 0x00, 0x00, 0x00, 0x00, 0x00, 0x00, 0x00, 0x00,
  0x00, 0x00, 0x00, 0x00, 0x00, 0x00, 0x00, 0x00, 0x00, 0x00, 0x00, 0x00,
  0x00, 0x00, 0x00, 0x00, 0x00, 0x00, 0x00, 0x00, 0x00, 0x00, 0x00, 0x00,
  0x00, 0x00, 0x00, 0x00, 0x00, 0x00, 0x00, 0x00, 0x00, 0x00, 0x00, 0x00,
  0x00, 0x00, 0x00, 0x00, 0x00, 0x00, 0x00, 0x00, 0x00, 0x00, 0x00, 0x00,
  0x00, 0x00, 0x00, 0x00, 0x00, 0x00, 0x00, 0x00, 0x00, 0x00, 0x00, 0x00,
  0x00, 0x00, 0x00, 0x00, 0x00, 0x00, 0x00, 0x00, 0x00, 0x00, 0x00, 0x00,
  0x00, 0x00, 0x00, 0x00, 0x00, 0x00, 0x00, 0x00, 0x00, 0x00, 0x00, 0x00,
  0x00, 0x00, 0x00, 0x00, 0x00, 0x00, 0x00, 0x00, 0x00, 0x00, 0x00, 0x00,
  0x00, 0x00, 0x00, 0x00, 0x00, 0x00, 0x00, 0x00, 0x00, 0x00, 0x00, 0x00,
  0x00, 0x00, 0x00, 0x00, 0x00, 0x00, 0x00, 0x00, 0x00, 0x00, 0x00, 0x00,
  0x00, 0x00, 0x00, 0x00, 0x00, 0x00, 0x00, 0x00, 0x00, 0x00, 0x00, 0x00,
  0x00, 0x00, 0x00, 0x00, 0x00, 0x00, 0x00, 0x00, 0x00, 0x00, 0x00, 0x00,
  0x00, 0x00, 0x00, 0x00, 0x00, 0x00, 0x00, 0x00, 0x00, 0x00, 0x00, 0x00,
  0x00, 0x00, 0x00, 0x00, 0x00, 0x00, 0x00, 0x00, 0x00, 0x00, 0x00, 0x00,
  0x00, 0x00, 0x00, 0x00, 0x00, 0x00, 0x00, 0x00, 0x00, 0x00, 0x00, 0x00,
  0x00, 0x00, 0x00, 0x00, 0x00, 0x00, 0x00, 0x00, 0x00, 0x00, 0x00, 0x00,
  0x00, 0x00, 0x00, 0x00, 0x00, 0x00, 0x00, 0x00, 0x00, 0x00, 0x00, 0x00,
  0x00, 0x00, 0x00, 0x00, 0x00, 0x00, 0x00, 0x00, 0x00, 0x00, 0x00, 0x00,
  0x00, 0x00, 0x00, 0x00, 0x00, 0x00, 0x00, 0x00, 0x00, 0x00, 0x00, 0x00,
  0x00, 0x00, 0x00, 0x00, 0x00, 0x00, 0x00, 0x00, 0x00, 0x00, 0x00, 0x00,
  0x00, 0x00, 0x00, 0x00, 0x00, 0x00, 0x00, 0x00, 0x00, 0x00, 0x00, 0x00,
  0x00, 0x00, 0x00, 0x00, 0x00, 0x00, 0x00, 0x00, 0x00, 0x00, 0x00, 0x00,
  0x00, 0x00, 0x00, 0x00, 0x00, 0x00, 0x00, 0x00, 0x00, 0x00, 0x00, 0x00,
  0x00, 0x00, 0x00, 0x00, 0x00, 0x00, 0x00, 0x00, 0x00, 0x00, 0x00, 0x00,
  0x00, 0x00, 0x00, 0x00, 0x00, 0x00, 0x00, 0x00, 0x00, 0x00, 0x00, 0x00,
  0x00, 0x00, 0x00, 0x00, 0x00, 0x00, 0x00, 0x00, 0x00, 0x00, 0x00, 0x00,
  0x00, 0x00, 0x00, 0x00, 0x00, 0x00, 0x00, 0x00, 0x00, 0x00, 0x00, 0x00,
  0x00, 0x00, 0x00, 0x00, 0x00, 0x00, 0x00, 0x00, 0x00, 0x00, 0x00, 0x00,
  0x00, 0x00, 0x00, 0x00, 0x00, 0x00, 0x00, 0x00, 0x00, 0x00, 0x00, 0x00,
  0x00, 0x00, 0x00, 0x00, 0x00, 0x00, 0x00, 0x00, 0x00, 0x00, 0x00, 0x00,
  0x00, 0x00, 0x00, 0x00, 0x00, 0x00, 0x00, 0x00, 0x00, 0x00, 0x00, 0x00,
  0x00, 0x00, 0x00, 0x00, 0x00, 0x00, 0x00, 0x00, 0x00, 0x00, 0x00, 0x00,
  0x00, 0x00, 0x00, 0x00, 0x00, 0x00, 0x00, 0x00, 0x00, 0x00, 0x00, 0x00,
  0x00, 0x00, 0x00, 0x00, 0x00, 0x00, 0x00, 0x00, 0x00, 0x00, 0x00, 0x00,
  0x00, 0x00, 0x00, 0x00, 0x00, 0x00, 0x00, 0x00, 0x00, 0x00, 0x00, 0x00,
  0x00, 0x00, 0x00, 0x00, 0x00, 0x00, 0x00, 0x00, 0x00, 0x00, 0x00, 0x00,
  0x00, 0x00, 0x00, 0x00, 0x00, 0x00, 0x00, 0x00, 0x00, 0x00, 0x00, 0x00,
  0x00, 0x00, 0x00, 0x00, 0x00, 0x00, 0x00, 0x00, 0x00, 0x00, 0x00, 0x00,
  0x00, 0x00, 0x00, 0x00, 0x00, 0x00, 0x00, 0x00, 0x00, 0x00, 0x00, 0x00,
  0x00, 0x00, 0x00, 0x00, 0x00, 0x00, 0x00, 0x00, 0x00, 0x00, 0x00, 0x00,
  0x00, 0x00, 0x00, 0x00, 0x00, 0x00, 0x00, 0x00, 0x00, 0x00, 0x00, 0x00,
  0x00, 0x00, 0x00, 0x00, 0x00, 0x00, 0x00, 0x00, 0x00, 0x00, 0x00, 0x00,
  0x00, 0x00, 0x00, 0x00, 0x00, 0x00, 0x00, 0x00, 0x00, 0x00, 0x00, 0x00,
  0x00, 0x00, 0x00, 0x00, 0x00, 0x00, 0x00, 0x00, 0x00, 0x00, 0x00, 0x00,
  0x00, 0x00, 0x00, 0x00, 0x00, 0x00, 0x00, 0x00, 0x00, 0x00, 0x00, 0x00,
  0x00, 0x00, 0x00, 0x00, 0x00, 0x00, 0x00, 0x00, 0x00, 0x00, 0x00, 0x00,
  0x00, 0x00, 0x00, 0x00, 0x00, 0x00, 0x00, 0x00, 0x00, 0x00, 0x00, 0x00,
  0x00, 0x00, 0x00, 0x00, 0x00, 0x00, 0x00, 0x00, 0x00, 0x00, 0x00, 0x00,
  0x00, 0x00, 0x00, 0x00, 0x00, 0x00, 0x00, 0x00, 0x00, 0x00, 0x00, 0x00,
  0x00, 0x00, 0x00, 0x00, 0x00, 0x00, 0x00, 0x00, 0x00, 0x00, 0x00, 0x00,
  0x00, 0x00, 0x00, 0x00, 0x00, 0x00, 0x00, 0x00, 0x00, 0x00, 0x00, 0x00,
  0x00, 0x00, 0x00, 0x00, 0x00, 0x00, 0x00, 0x00, 0x00, 0x00, 0x00, 0x00,
  0x00, 0x00, 0x00, 0x00, 0x00, 0x00, 0x00, 0x00, 0x00, 0x00, 0x00, 0x00,
  0x00, 0x00, 0x00, 0x00, 0x00, 0x00, 0x00, 0x00, 0x00, 0x00, 0x00, 0x00,
  0x00, 0x00, 0x00, 0x00, 0x00, 0x00, 0x00, 0x00, 0x00, 0x00, 0x00, 0x00,
  0x00, 0x00, 0x00, 0x00, 0x00, 0x00, 0x00, 0x00, 0x00, 0x00, 0x00, 0x00,
  0x00, 0x00, 0x00, 0x00, 0x00, 0x00, 0x00, 0x00, 0x00, 0x00, 0x00, 0x00,
  0x00, 0x00, 0x00, 0x00, 0x00, 0x00, 0x00, 0x00, 0x00, 0x00, 0x00, 0x00,
  0x00, 0x00, 0x00, 0x00, 0x00, 0x00, 0x00, 0x00, 0x00, 0x00, 0x00, 0x00,
  0x00, 0x00, 0x00, 0x00, 0x00, 0x00, 0x00, 0x00, 0x00, 0x00, 0x00, 0x00,
  0x00, 0x00, 0x00, 0x00, 0x00, 0x00, 0x00, 0x00, 0x00, 0x00, 0x00, 0x00,
  0x00, 0x00, 0x00, 0x00, 0x00, 0x00, 0x00, 0x00, 0x00, 0x00, 0x00, 0x00,
  0x00, 0x00, 0x00, 0x00, 0x00, 0x00, 0x00, 0x00, 0x00, 0x00, 0x00, 0x00,
  0x00, 0x00, 0x00, 0x00, 0x00, 0x00, 0x00, 0x00, 0x00, 0x00, 0x00, 0x00,
  0x00, 0x00, 0x00, 0x00, 0x00, 0x00, 0x00, 0x00, 0x00, 0x00, 0x00, 0x00,
  0x00, 0x00, 0x00, 0x00, 0x00, 0x00, 0x00, 0x00, 0x00, 0x00, 0x00, 0x00,
  0x00, 0x00, 0x00, 0x00, 0x00, 0x00, 0x00, 0x00, 0x00, 0x00, 0x00, 0x00,
  0x00, 0x00, 0x00, 0x00, 0x00, 0x00, 0x00, 0x00, 0x00, 0x00, 0x00, 0x00,
  0x00, 0x00, 0x00, 0x00, 0x00, 0x00, 0x00, 0x00, 0x00, 0x00, 0x00, 0x00,
  0x00, 0x00, 0x00, 0x00, 0x00, 0x00, 0x00, 0x00, 0x00, 0x00, 0x00, 0x00,
  0x00, 0x00, 0x00, 0x00, 0x00, 0x00, 0x00, 0x00, 0x00, 0x00, 0x00, 0x00,
  0x00, 0x00, 0x00, 0x00, 0x00, 0x00, 0x00, 0x00, 0x00, 0x00, 0x00, 0x00,
  0x00, 0x00, 0x00, 0x00, 0x00, 0x00, 0x00, 0x00, 0x00, 0x00, 0x00, 0x00,
  0x00, 0x00, 0x00, 0x00, 0x00, 0x00, 0x00, 0x00, 0x00, 0x00, 0x00, 0x00,
  0x00, 0x00, 0x00, 0x00, 0x00, 0x00, 0x00, 0x00, 0x00, 0x00, 0x00, 0x00,
  0x00, 0x00, 0x00, 0x00, 0x00, 0x00, 0x00, 0x00, 0x00, 0x00, 0x00, 0x00,
  0x00, 0x00, 0x00, 0x00, 0x00, 0x00, 0x00, 0x00, 0x00, 0x00, 0x00, 0x00,
  0x00, 0x00, 0x00, 0x00, 0x00, 0x00, 0x00, 0x00, 0x00, 0x00, 0x00, 0x00,
  0x00, 0x00, 0x00, 0x00, 0x00, 0x00, 0x00, 0x00, 0x00, 0x00, 0x00, 0x00,
  0x00, 0x00, 0x00, 0x00, 0x00, 0x00, 0x00, 0x00, 0x00, 0x00, 0x00, 0x00,
  0x00, 0x00, 0x00, 0x00, 0x00, 0x00, 0x00, 0x00, 0x00, 0x00, 0x00, 0x00,
  0x00, 0x00, 0x00, 0x00, 0x00, 0x00, 0x00, 0x00, 0x00, 0x00, 0x00, 0x00,
  0x00, 0x00, 0x00, 0x00, 0x00, 0x00, 0x00, 0x00, 0x00, 0x00, 0x00, 0x00,
  0x00, 0x00, 0x00, 0x00, 0x00, 0x00, 0x00, 0x00, 0x00, 0x00, 0x00, 0x00,
  0x00, 0x00, 0x00, 0x00, 0x00, 0x00, 0x00, 0x00, 0x00, 0x00, 0x00, 0x00,
  0x00, 0x00, 0x00, 0x00, 0x00, 0x00, 0x00, 0x00, 0x00, 0x00, 0x00, 0x00,
  0x00, 0x00, 0x00, 0x00, 0x00, 0x00, 0x00, 0x00, 0x00, 0x00, 0x00, 0x00,
  0x00, 0x00, 0x00, 0x00, 0x00, 0x00, 0x00, 0x00, 0x00, 0x00, 0x00, 0x00,
  0x00, 0x00, 0x00, 0x00, 0x00, 0x00, 0x00, 0x00, 0x00, 0x00, 0x00, 0x00,
  0x00, 0x00, 0x00, 0x00, 0x00, 0x00, 0x00, 0x00, 0x00, 0x00, 0x00, 0x00,
  0x00, 0x00, 0x00, 0x00, 0x00, 0x00, 0x00, 0x00, 0x00, 0x00, 0x00, 0x00,
  0x00, 0x00, 0x00, 0x00, 0x00, 0x00, 0x00, 0x00, 0x00, 0x00, 0x00, 0x00,
  0x00, 0x00, 0x00, 0x00, 0x00, 0x00, 0x00, 0x00, 0x00, 0x00, 0x00, 0x00,
  0x00, 0x00, 0x00, 0x00, 0x00, 0x00, 0x00, 0x00, 0x00, 0x00, 0x00, 0x00,
  0x00, 0x00, 0x00, 0x00, 0x00, 0x00, 0x00, 0x00, 0x00, 0x00, 0x00, 0x00,
  0x00, 0x00, 0x00, 0x00, 0x00, 0x00, 0x00, 0x00, 0x00, 0x00, 0x00, 0x00,
  0x00, 0x00, 0x00, 0x00, 0x00, 0x00, 0x00, 0x00, 0x00, 0x00, 0x00, 0x00,
  0x00, 0x00, 0x00, 0x00, 0x00, 0x00, 0x00, 0x00, 0x00, 0x00, 0x00, 0x00,
  0x00, 0x00, 0x00, 0x00, 0x00, 0x00, 0x00, 0x00, 0x00, 0x00, 0x00, 0x00,
  0x00, 0x00, 0x00, 0x00, 0x00, 0x00, 0x00, 0x00, 0x00, 0x00, 0x00, 0x00,
  0x00, 0x00, 0x00, 0x00, 0x00, 0x00, 0x00, 0x00, 0x00, 0x00, 0x00, 0x00,
  0x00, 0x00, 0x00, 0x00, 0x00, 0x00, 0x00, 0x00, 0x00, 0x00, 0x00, 0x00,
  0x00, 0x00, 0x00, 0x00, 0x00, 0x00, 0x00, 0x00, 0x00, 0x00, 0x00, 0x00,
  0x00, 0x00, 0x00, 0x00, 0x00, 0x00, 0x00, 0x00, 0x00, 0x00, 0x00, 0x00,
  0x00, 0x00, 0x00, 0x00, 0x00, 0x00, 0x00, 0x00, 0x00, 0x00, 0x00, 0x00,
  0x00, 0x00, 0x00, 0x00, 0x00, 0x00, 0x00, 0x00, 0x00, 0x00, 0x00, 0x00,
  0x00, 0x00, 0x00, 0x00, 0x00, 0x00, 0x00, 0x00, 0x00, 0x00, 0x00, 0x00,
  0x00, 0x00, 0x00, 0x00, 0x00, 0x00, 0x00, 0x00, 0x00, 0x00, 0x00, 0x00,
  0x00, 0x00, 0x00, 0x00, 0x00, 0x00, 0x00, 0x00, 0x00, 0x00, 0x00, 0x00,
  0x00, 0x00, 0x00, 0x00, 0x00, 0x00, 0x00, 0x00, 0x00, 0x00, 0x00, 0x00,
  0x00, 0x00, 0x00, 0x00, 0x00, 0x00, 0x00, 0x00, 0x00, 0x00, 0x00, 0x00,
  0x00, 0x00, 0x00, 0x00, 0x00, 0x00, 0x00, 0x00, 0x00, 0x00, 0x00, 0x00,
  0x00, 0x00, 0x00, 0x00, 0x00, 0x00, 0x00, 0x00, 0x00, 0x00, 0x00, 0x00,
  0x00, 0x00, 0x00, 0x00, 0x00, 0x00, 0x00, 0x00, 0x00, 0x00, 0x00, 0x00,
  0x00, 0x00, 0x00, 0x00, 0x00, 0x00, 0x00, 0x00, 0x00, 0x00, 0x00, 0x00,
  0x00, 0x00, 0x00, 0x00, 0x00, 0x00, 0x00, 0x00, 0x00, 0x00, 0x00, 0x00,
  0x00, 0x00, 0x00, 0x00, 0x00, 0x00, 0x00, 0x00, 0x00, 0x00, 0x00, 0x00,
  0x00, 0x00, 0x00, 0x00, 0x00, 0x00, 0x00, 0x00, 0x00, 0x00, 0x00, 0x00,
  0x00, 0x00, 0x00, 0x00, 0x00, 0x00, 0x00, 0x00, 0x00, 0x00, 0x00, 0x00,
  0x00, 0x00, 0x00, 0x00, 0x00, 0x00, 0x00, 0x00, 0x00, 0x00, 0x00, 0x00,
  0x00, 0x00, 0x00, 0x00, 0x00, 0x00, 0x00, 0x00, 0x00, 0x00, 0x00, 0x00,
  0x00, 0x00, 0x00, 0x00, 0x00, 0x00, 0x00, 0x00, 0x00, 0x00, 0x00, 0x00,
  0x00, 0x00, 0x00, 0x00, 0x00, 0x00, 0x00, 0x00, 0x00, 0x00, 0x00, 0x00,
  0x00, 0x00, 0x00, 0x00, 0x00, 0x00, 0x00, 0x00, 0x00, 0x00, 0x00, 0x00,
  0x00, 0x00, 0x00, 0x00, 0x00, 0x00, 0x00, 0x00, 0x00, 0x00, 0x00, 0x00,
  0x00, 0x00, 0x00, 0x00, 0x00, 0x00, 0x00, 0x00, 0x00, 0x00, 0x00, 0x00,
  0x00, 0x00, 0x00, 0x00, 0x00, 0x00, 0x00, 0x00, 0x00, 0x00, 0x00, 0x00,
  0x00, 0x00, 0x00, 0x00, 0x00, 0x00, 0x00, 0x00, 0x00, 0x00, 0x00, 0x00,
  0x00, 0x00, 0x00, 0x00, 0x00, 0x00, 0x00, 0x00, 0x00, 0x00, 0x00, 0x00,
  0x00, 0x00, 0x00, 0x00, 0x00, 0x00, 0x00, 0x00, 0x00, 0x00, 0x00, 0x00,
  0x00, 0x00, 0x00, 0x00, 0x00, 0x00, 0x00, 0x00, 0x00, 0x00, 0x00, 0x00,
  0x00, 0x00, 0x00, 0x00, 0x00, 0x00, 0x00, 0x00, 0x00, 0x00, 0x00, 0x00,
  0x00, 0x00, 0x00, 0x00, 0x00, 0x00, 0x00, 0x00, 0x00, 0x00, 0x00, 0x00,
  0x00, 0x00, 0x00, 0x00, 0x00, 0x00, 0x00, 0x00, 0x00, 0x00, 0x00, 0x00,
  0x00, 0x00, 0x00, 0x00, 0x00, 0x00, 0x00, 0x00, 0x00, 0x00, 0x00, 0x00,
  0x00, 0x00, 0x00, 0x00, 0x00, 0x00, 0x00, 0x00, 0x00, 0x00, 0x00, 0x00,
  0x00, 0x00, 0x00, 0x00, 0x00, 0x00, 0x00, 0x00, 0x00, 0x00, 0x00, 0x00,
  0x00, 0x00, 0x00, 0x00, 0x00, 0x00, 0x00, 0x00, 0x00, 0x00, 0x00, 0x00,
  0x00, 0x00, 0x00, 0x00, 0x00, 0x00, 0x00, 0x00, 0x00, 0x00, 0x00, 0x00,
  0x00, 0x00, 0x00, 0x00, 0x00, 0x00, 0x00, 0x00, 0x00, 0x00, 0x00, 0x00,
  0x00, 0x00, 0x00, 0x00, 0x00, 0x00, 0x00, 0x00, 0x00, 0x00, 0x00, 0x00,
  0x00, 0x00, 0x00, 0x00, 0x00, 0x00, 0x00, 0x00, 0x00, 0x00, 0x00, 0x00,
  0x00, 0x00, 0x00, 0x00, 0x00, 0x00, 0x00, 0x00, 0x00, 0x00, 0x00, 0x00,
  0x00, 0x00, 0x00, 0x00, 0x00, 0x00, 0x00, 0x00, 0x00, 0x00, 0x00, 0x00,
  0x00, 0x00, 0x00, 0x00, 0x00, 0x00, 0x00, 0x00, 0x00, 0x00, 0x00, 0x00,
  0x00, 0x00, 0x00, 0x00, 0x00, 0x00, 0x00, 0x00, 0x00, 0x00, 0x00, 0x00,
  0x00, 0x00, 0x00, 0x00, 0x00, 0x00, 0x00, 0x00, 0x00, 0x00, 0x00, 0x00,
  0x00, 0x00, 0x00, 0x00, 0x00, 0x00, 0x00, 0x00, 0x00, 0x00, 0x00, 0x00,
  0x00, 0x00, 0x00, 0x00, 0x00, 0x00, 0x00, 0x00, 0x00, 0x00, 0x00, 0x00,
  0x00, 0x00, 0x00, 0x00, 0x00, 0x00, 0x00, 0x00, 0x00, 0x00, 0x00, 0x00,
  0x00, 0x00, 0x00, 0x00, 0x00, 0x00, 0x00, 0x00, 0x00, 0x00, 0x00, 0x00,
  0x00, 0x00, 0x00, 0x00, 0x00, 0x00, 0x00, 0x00, 0x00, 0x00, 0x00, 0x00,
  0x00, 0x00, 0x00, 0x00, 0x00, 0x00, 0x00, 0x00, 0x00, 0x00, 0x00, 0x00,
  0x00, 0x00, 0x00, 0x00, 0x00, 0x00, 0x00, 0x00, 0x00, 0x00, 0x00, 0x00,
  0x00, 0x00, 0x00, 0x00, 0x00, 0x00, 0x00, 0x00, 0x00, 0x00, 0x00, 0x00,
  0x00, 0x00, 0x00, 0x00, 0x00, 0x00, 0x00, 0x00, 0x00, 0x00, 0x00, 0x00,
  0x00, 0x00, 0x00, 0x00, 0x00, 0x00, 0x00, 0x00, 0x00, 0x00, 0x00, 0x00,
  0x00, 0x00, 0x00, 0x00, 0x00, 0x00, 0x00, 0x00, 0x00, 0x00, 0x00, 0x00,
  0x00, 0x00, 0x00, 0x00, 0x00, 0x00, 0x00, 0x00, 0x00, 0x00, 0x00, 0x00,
  0x00, 0x00, 0x00, 0x00, 0x00, 0x00, 0x00, 0x00, 0x00, 0x00, 0x00, 0x00,
  0x00, 0x00, 0x00, 0x00, 0x00, 0x00, 0x00, 0x00, 0x00, 0x00, 0x00, 0x00,
  0x00, 0x00, 0x00, 0x00, 0x00, 0x00, 0x00, 0x00, 0x00, 0x00, 0x00, 0x00,
  0x00, 0x00, 0x00, 0x00, 0x00, 0x00, 0x00, 0x00, 0x00, 0x00, 0x00, 0x00,
  0x00, 0x00, 0x00, 0x00, 0x00, 0x00, 0x00, 0x00, 0x00, 0x00, 0x00, 0x00,
  0x00, 0x00, 0x00, 0x00, 0x00, 0x00, 0x00, 0x00, 0x00, 0x00, 0x00, 0x00,
  0x00, 0x00, 0x00, 0x00, 0x00, 0x00, 0x00, 0x00, 0x00, 0x00, 0x00, 0x00,
  0x00, 0x00, 0x00, 0x00, 0x00, 0x00, 0x00, 0x00, 0x00, 0x00, 0x00, 0x00,
  0x00, 0x00, 0x00, 0x00, 0x00, 0x00, 0x00, 0x00, 0x00, 0x00, 0x00, 0x00,
  0x00, 0x00, 0x00, 0x00, 0x00, 0x00, 0x00, 0x00, 0x00, 0x00, 0x00, 0x00,
  0x00, 0x00, 0x00, 0x00, 0x00, 0x00, 0x00, 0x00, 0x00, 0x00, 0x00, 0x00,
  0x00, 0x00, 0x00, 0x00, 0x00, 0x00, 0x00, 0x00, 0x00, 0x00, 0x00, 0x00,
  0x00, 0x00, 0x00, 0x00, 0x00, 0x00, 0x00, 0x00, 0x00, 0x00, 0x00, 0x00,
  0x00, 0x00, 0x00, 0x00, 0x00, 0x00, 0x00, 0x00, 0x00, 0x00, 0x00, 0x00,
  0x00, 0x00, 0x00, 0x00, 0x00, 0x00, 0x00, 0x00, 0x00, 0x00, 0x00, 0x00,
  0x00, 0x00, 0x00, 0x00, 0x00, 0x00, 0x00, 0x00, 0x00, 0x00, 0x00, 0x00,
  0x00, 0x00, 0x00, 0x00, 0x00, 0x00, 0x00, 0x00, 0x00, 0x00, 0x00, 0x00,
  0x00, 0x00, 0x00, 0x00, 0x00, 0x00, 0x00, 0x00, 0x00, 0x00, 0x00, 0x00,
  0x00, 0x00, 0x00, 0x00, 0x00, 0x00, 0x00, 0x00, 0x00, 0x00, 0x00, 0x00,
  0x00, 0x00, 0x00, 0x00, 0x00, 0x00, 0x00, 0x00, 0x00, 0x00, 0x00, 0x00,
  0x00, 0x00, 0x00, 0x00, 0x00, 0x00, 0x00, 0x00, 0x00, 0x00, 0x00, 0x00,
  0x00, 0x00, 0x00, 0x00, 0x00, 0x00, 0x00, 0x00, 0x00, 0x00, 0x00, 0x00,
  0x00, 0x00, 0x00, 0x00, 0x00, 0x00, 0x00, 0x00, 0x00, 0x00, 0x00, 0x00,
  0x00, 0x00, 0x00, 0x00, 0x00, 0x00, 0x00, 0x00, 0x00, 0x00, 0x00, 0x00,
  0x00, 0x00, 0x00, 0x00, 0x00, 0x00, 0x00, 0x00, 0x00, 0x00, 0x00, 0x00,
  0x00, 0x00, 0x00, 0x00, 0x00, 0x00, 0x00, 0x00, 0x00, 0x00, 0x00, 0x00,
  0x00, 0x00, 0x00, 0x00, 0x00, 0x00, 0x00, 0x00, 0x00, 0x00, 0x00, 0x00,
  0x00, 0x00, 0x00, 0x00, 0x00, 0x00, 0x00, 0x00, 0x00, 0x00, 0x00, 0x00,
  0x00, 0x00, 0x00, 0x00, 0x00, 0x00, 0x00, 0x00, 0x00, 0x00, 0x00, 0x00,
  0x00, 0x00, 0x00, 0x00, 0x00, 0x00, 0x00, 0x00, 0x00, 0x00, 0x00, 0x00,
  0x00, 0x00, 0x00, 0x00, 0x00, 0x00, 0x00, 0x00, 0x00, 0x00, 0x00, 0x00,
  0x00, 0x00, 0x00, 0x00, 0x00, 0x00, 0x00, 0x00, 0x00, 0x00, 0x00, 0x00,
  0x00, 0x00, 0x00, 0x00, 0x00, 0x00, 0x00, 0x00, 0x00, 0x00, 0x00, 0x00,
  0x00, 0x00, 0x00, 0x00, 0x00, 0x00, 0x00, 0x00, 0x00, 0x00, 0x00, 0x00,
  0x00, 0x00, 0x00, 0x00, 0x00, 0x00, 0x00, 0x00, 0x00, 0x00, 0x00, 0x00,
  0x00, 0x00, 0x00, 0x00, 0x00, 0x00, 0x00, 0x00, 0x00, 0x00, 0x00, 0x00,
  0x00, 0x00, 0x00, 0x00, 0x00, 0x00, 0x00, 0x00, 0x00, 0x00, 0x00, 0x00,
  0x00, 0x00, 0x00, 0x00, 0x00, 0x00, 0x00, 0x00, 0x00, 0x00, 0x00, 0x00,
  0x00, 0x00, 0x00, 0x00, 0x00, 0x00, 0x00, 0x00, 0x00, 0x00, 0x00, 0x00,
  0x00, 0x00, 0x00, 0x00, 0x00, 0x00, 0x00, 0x00, 0x00, 0x00, 0x00, 0x00,
  0x00, 0x00, 0x00, 0x00, 0x00, 0x00, 0x00, 0x00, 0x00, 0x00, 0x00, 0x00,
  0x00, 0x00, 0x00, 0x00, 0x00, 0x00, 0x00, 0x00, 0x00, 0x00, 0x00, 0x00,
  0x00, 0x00, 0x00, 0x00, 0x00, 0x00, 0x00, 0x00, 0x00, 0x00, 0x00, 0x00,
  0x00, 0x00, 0x00, 0x00, 0x00, 0x00, 0x00, 0x00, 0x00, 0x00, 0x00, 0x00,
  0x00, 0x00, 0x00, 0x00, 0x00, 0x00, 0x00, 0x00, 0x00, 0x00, 0x00, 0x00,
  0x00, 0x00, 0x00, 0x00, 0x00, 0x00, 0x00, 0x00, 0x00, 0x00, 0x00, 0x00,
  0x00, 0x00, 0x00, 0x00, 0x00, 0x00, 0x00, 0x00, 0x00, 0x00, 0x00, 0x00,
  0x00, 0x00, 0x00, 0x00, 0x00, 0x00, 0x00, 0x00, 0x00, 0x00, 0x00, 0x00,
  0x00, 0x00, 0x00, 0x00, 0x00, 0x00, 0x00, 0x00, 0x00, 0x00, 0x00, 0x00,
  0x00, 0x00, 0x00, 0x00, 0x00, 0x00, 0x00, 0x00, 0x00, 0x00, 0x00, 0x00,
  0x00, 0x00, 0x00, 0x00, 0x00, 0x00, 0x00, 0x00, 0x00, 0x00, 0x00, 0x00,
  0x00, 0x00, 0x00, 0x00, 0x00, 0x00, 0x00, 0x00, 0x00, 0x00, 0x00, 0x00,
  0x00, 0x00, 0x00, 0x00, 0x00, 0x00, 0x00, 0x00, 0x00, 0x00, 0x00, 0x00,
  0x00, 0x00, 0x00, 0x00, 0x00, 0x00, 0x00, 0x00, 0x00, 0x00, 0x00, 0x00,
  0x00, 0x00, 0x00, 0x00, 0x00, 0x00, 0x00, 0x00, 0x00, 0x00, 0x00, 0x00,
  0x00, 0x00, 0x00, 0x00, 0x00, 0x00, 0x00, 0x00, 0x00, 0x00, 0x00, 0x00,
  0x00, 0x00, 0x00, 0x00, 0x00, 0x00, 0x00, 0x00, 0x00, 0x00, 0x00, 0x00,
  0x00, 0x00, 0x00, 0x00, 0x00, 0x00, 0x00, 0x00, 0x00, 0x00, 0x00, 0x00,
  0x00, 0x00, 0x00, 0x00, 0x00, 0x00, 0x00, 0x00, 0x00, 0x00, 0x00, 0x00,
  0x00, 0x00, 0x00, 0x00, 0x00, 0x00, 0x00, 0x00, 0x00, 0x00, 0x00, 0x00,
  0x00, 0x00, 0x00, 0x00, 0x00, 0x00, 0x00, 0x00, 0x00, 0x00, 0x00, 0x00,
  0x00, 0x00, 0x00, 0x00, 0x00, 0x00, 0x00, 0x00, 0x00, 0x00, 0x00, 0x00,
  0x00, 0x00, 0x00, 0x00, 0x00, 0x00, 0x00, 0x00, 0x00, 0x00, 0x00, 0x00,
  0x00, 0x00, 0x00, 0x00, 0x00, 0x00, 0x00, 0x00, 0x00, 0x00, 0x00, 0x00,
  0x00, 0x00, 0x00, 0x00, 0x00, 0x00, 0x00, 0x00, 0x00, 0x00, 0x00, 0x00,
  0x00, 0x00, 0x00, 0x00, 0x00, 0x00, 0x00, 0x00, 0x00, 0x00, 0x00, 0x00,
  0x00, 0x00, 0x00, 0x00, 0x00, 0x00, 0x00, 0x00, 0x00, 0x00, 0x00, 0x00,
  0x00, 0x00, 0x00, 0x00, 0x00, 0x00, 0x00, 0x00, 0x00, 0x00, 0x00, 0x00,
  0x00, 0x00, 0x00, 0x00, 0x00, 0x00, 0x00, 0x00, 0x00, 0x00, 0x00, 0x00,
  0x00, 0x00, 0x00, 0x00, 0x00, 0x00, 0x00, 0x00, 0x00, 0x00, 0x00, 0x00,
  0x00, 0x00, 0x00, 0x00, 0x00, 0x00, 0x00, 0x00, 0x00, 0x00, 0x00, 0x00,
  0x00, 0x00, 0x00, 0x00, 0x00, 0x00, 0x00, 0x00, 0x00, 0x00, 0x00, 0x00,
  0x00, 0x00, 0x00, 0x00, 0x00, 0x00, 0x00, 0x00, 0x00, 0x00, 0x00, 0x00,
  0x00, 0x00, 0x00, 0x00, 0x00, 0x00, 0x00, 0x00, 0x00, 0x00, 0x00, 0x00,
  0x00, 0x00, 0x00, 0x00, 0x00, 0x00, 0x00, 0x00, 0x00, 0x00, 0x00, 0x00,
  0x00, 0x00, 0x00, 0x00, 0x00, 0x00, 0x00, 0x00, 0x00, 0x00, 0x00, 0x00,
  0x00, 0x00, 0x00, 0x00, 0x00, 0x00, 0x00, 0x00, 0x00, 0x00, 0x00, 0x00,
  0x00, 0x00, 0x00, 0x00, 0x00, 0x00, 0x00, 0x00, 0x00, 0x00, 0x00, 0x00,
  0x00, 0x00, 0x00, 0x00, 0x00, 0x00, 0x00, 0x00, 0x00, 0x00, 0x00, 0x00,
  0x00, 0x00, 0x00, 0x00, 0x00, 0x00, 0x00, 0x00, 0x00, 0x00, 0x00, 0x00,
  0x00, 0x00, 0x00, 0x00, 0x00, 0x00, 0x00, 0x00, 0x00, 0x00, 0x00, 0x00,
  0x00, 0x00, 0x00, 0x00, 0x00, 0x00, 0x00, 0x00, 0x00, 0x00, 0x00, 0x00,
  0x00, 0x00, 0x00, 0x00, 0x00, 0x00, 0x00, 0x00, 0x00, 0x00, 0x00, 0x00,
  0x00, 0x00, 0x00, 0x00, 0x00, 0x00, 0x00, 0x00, 0x00, 0x00, 0x00, 0x00,
  0x00, 0x00, 0x00, 0x00, 0x00, 0x00, 0x00, 0x00, 0x00, 0x00, 0x00, 0x00,
  0x00, 0x00, 0x00, 0x00, 0x00, 0x00, 0x00, 0x00, 0x00, 0x00, 0x00, 0x00,
  0x00, 0x00, 0x00, 0x00, 0x00, 0x00, 0x00, 0x00, 0x00, 0x00, 0x00, 0x00,
  0x00, 0x00, 0x00, 0x00, 0x00, 0x00, 0x00, 0x00, 0x00, 0x00, 0x00, 0x00,
  0x00, 0x00, 0x00, 0x00, 0x00, 0x00, 0x00, 0x00, 0x00, 0x00, 0x00, 0x00,
  0x00, 0x00, 0x00, 0x00, 0x00, 0x00, 0x00, 0x00, 0x00, 0x00, 0x00, 0x00,
  0x00, 0x00, 0x00, 0x00, 0x00, 0x00, 0x00, 0x00, 0x00, 0x00, 0x00, 0x00,
  0x00, 0x00, 0x00, 0x00, 0x00, 0x00, 0x00, 0x00, 0x00, 0x00, 0x00, 0x00,
  0x00, 0x00, 0x00, 0x00, 0x00, 0x00, 0x00, 0x00, 0x00, 0x00, 0x00, 0x00,
  0x00, 0x00, 0x00, 0x00, 0x00, 0x00, 0x00, 0x00, 0x00, 0x00, 0x00, 0x00,
  0x00, 0x00, 0x00, 0x00, 0x00, 0x00, 0x00, 0x00, 0x00, 0x00, 0x00, 0x00,
  0x00, 0x00, 0x00, 0x00, 0x00, 0x00, 0x00, 0x00, 0x00, 0x00, 0x00, 0x00,
  0x00, 0x00, 0x00, 0x00, 0x00, 0x00, 0x00, 0x00, 0x00, 0x00, 0x00, 0x00,
  0x00, 0x00, 0x00, 0x00, 0x00, 0x00, 0x00, 0x00, 0x00, 0x00, 0x00, 0x00,
  0x00, 0x00, 0x00, 0x00, 0x00, 0x00, 0x00, 0x00, 0x00, 0x00, 0x00, 0x00,
  0x00, 0x00, 0x00, 0x00, 0x00, 0x00, 0x00, 0x00, 0x00, 0x00, 0x00, 0x00,
  0x00, 0x00, 0x00, 0x00, 0x00, 0x00, 0x00, 0x00, 0x00, 0x00, 0x00, 0x00,
  0x00, 0x00, 0x00, 0x00, 0x00, 0x00, 0x00, 0x00, 0x00, 0x00, 0x00, 0x00,
  0x00, 0x00, 0x00, 0x00, 0x00, 0x00, 0x00, 0x00, 0x00, 0x00, 0x00, 0x00,
  0x00, 0x00, 0x00, 0x00, 0x00, 0x00, 0x00, 0x00, 0x00, 0x00, 0x00, 0x00,
  0x00, 0x00, 0x00, 0x00, 0x00, 0x00, 0x00, 0x00, 0x00, 0x00, 0x00, 0x00,
  0x00, 0x00, 0x00, 0x00, 0x00, 0x00, 0x00, 0x00, 0x00, 0x00, 0x00, 0x00,
  0x00, 0x00, 0x00, 0x00, 0x00, 0x00, 0x00, 0x00, 0x00, 0x00, 0x00, 0x00,
  0x00, 0x00, 0x00, 0x00, 0x00, 0x00, 0x00, 0x00, 0x00, 0x00, 0x00, 0x00,
  0x00, 0x00, 0x00, 0x00, 0x00, 0x00, 0x00, 0x00, 0x00, 0x00, 0x00, 0x00,
  0x00, 0x00, 0x00, 0x00, 0x00, 0x00, 0x00, 0x00, 0x00, 0x00, 0x00, 0x00,
  0x00, 0x00, 0x00, 0x00, 0x00, 0x00, 0x00, 0x00, 0x00, 0x00, 0x00, 0x00,
  0x00, 0x00, 0x00, 0x00, 0x00, 0x00, 0x00, 0x00, 0x00, 0x00, 0x00, 0x00,
  0x00, 0x00, 0x00, 0x00, 0x00, 0x00, 0x00, 0x00, 0x00, 0x00, 0x00, 0x00,
  0x00, 0x00, 0x00, 0x00, 0x00, 0x00, 0x00, 0x00, 0x00, 0x00, 0x00, 0x00,
  0x00, 0x00, 0x00, 0x00, 0x00, 0x00, 0x00, 0x00, 0x00, 0x00, 0x00, 0x00,
  0x00, 0x00, 0x00, 0x00, 0x00, 0x00, 0x00, 0x00, 0x00, 0x00, 0x00, 0x00,
  0x00, 0x00, 0x00, 0x00, 0x00, 0x00, 0x00, 0x00, 0x00, 0x00, 0x00, 0x00,
  0x00, 0x00, 0x00, 0x00, 0x00, 0x00, 0x00, 0x00, 0x00, 0x00, 0x00, 0x00,
  0x00, 0x00, 0x00, 0x00, 0x00, 0x00, 0x00, 0x00, 0x00, 0x00, 0x00, 0x00,
  0x00, 0x00, 0x00, 0x00, 0x00, 0x00, 0x00, 0x00, 0x00, 0x00, 0x00, 0x00,
  0x00, 0x00, 0x00, 0x00, 0x00, 0x00, 0x00, 0x00, 0x00, 0x00, 0x00, 0x00,
  0x00, 0x00, 0x00, 0x00, 0x00, 0x00, 0x00, 0x00, 0x00, 0x00, 0x00, 0x00,
  0x00, 0x00, 0x00, 0x00, 0x00, 0x00, 0x00, 0x00, 0x00, 0x00, 0x00, 0x00,
  0x00, 0x00, 0x00, 0x00, 0x00, 0x00, 0x00, 0x00, 0x00, 0x00, 0x00, 0x00,
  0x00, 0x00, 0x00, 0x00, 0x00, 0x00, 0x00, 0x00, 0x00, 0x00, 0x00, 0x00,
  0x00, 0x00, 0x00, 0x00, 0x00, 0x00, 0x00, 0x00, 0x00, 0x00, 0x00, 0x00,
  0x00, 0x00, 0x00, 0x00, 0x00, 0x00, 0x00, 0x00, 0x00, 0x00, 0x00, 0x00,
  0x00, 0x00, 0x00, 0x00, 0x00, 0x00, 0x00, 0x00, 0x00, 0x00, 0x00, 0x00,
  0x00, 0x00, 0x00, 0x00, 0x00, 0x00, 0x00, 0x00, 0x00, 0x00, 0x00, 0x00,
  0x00, 0x00, 0x00, 0x00, 0x00, 0x00, 0x00, 0x00, 0x00, 0x00, 0x00, 0x00,
  0x00, 0x00, 0x00, 0x00, 0x00, 0x00, 0x00, 0x00, 0x00, 0x00, 0x00, 0x00,
  0x00, 0x00, 0x00, 0x00, 0x00, 0x00, 0x00, 0x00, 0x00, 0x00, 0x00, 0x00,
  0x00, 0x00, 0x00, 0x00, 0x00, 0x00, 0x00, 0x00, 0x00, 0x00, 0x00, 0x00,
  0x00, 0x00, 0x00, 0x00, 0x00, 0x00, 0x00, 0x00, 0x00, 0x00, 0x00, 0x00,
  0x00, 0x00, 0x00, 0x00, 0x00, 0x00, 0x00, 0x00, 0x00, 0x00, 0x00, 0x00,
  0x00, 0x00, 0x00, 0x00, 0x00, 0x00, 0x00, 0x00, 0x00, 0x00, 0x00, 0x00,
  0x00, 0x00, 0x00, 0x00, 0x00, 0x00, 0x00, 0x00, 0x00, 0x00, 0x00, 0x00,
  0x00, 0x00, 0x00, 0x00, 0x00, 0x00, 0x00, 0x00, 0x00, 0x00, 0x00, 0x00,
  0x00, 0x00, 0x00, 0x00, 0x00, 0x00, 0x00, 0x00, 0x00, 0x00, 0x00, 0x00,
  0x00, 0x00, 0x00, 0x00, 0x00, 0x00, 0x00, 0x00, 0x00, 0x00, 0x00, 0x00,
  0x00, 0x00, 0x00, 0x00, 0x00, 0x00, 0x00, 0x00, 0x00, 0x00, 0x00, 0x00,
  0x00, 0x00, 0x00, 0x00, 0x00, 0x00, 0x00, 0x00, 0x00, 0x00, 0x00, 0x00,
  0x00, 0x00, 0x00, 0x00, 0x00, 0x00, 0x00, 0x00, 0x00, 0x00, 0x00, 0x00,
  0x00, 0x00, 0x00, 0x00, 0x00, 0x00, 0x00, 0x00, 0x00, 0x00, 0x00, 0x00,
  0x00, 0x00, 0x00, 0x00, 0x00, 0x00, 0x00, 0x00, 0x00, 0x00, 0x00, 0x00,
  0x00, 0x00, 0x00, 0x00, 0x00, 0x00, 0x00, 0x00, 0x00, 0x00, 0x00, 0x00,
  0x00, 0x00, 0x00, 0x00, 0x00, 0x00, 0x00, 0x00, 0x00, 0x00, 0x00, 0x00,
  0x00, 0x00, 0x00, 0x00, 0x00, 0x00, 0x00, 0x00, 0x00, 0x00, 0x00, 0x00,
  0x00, 0x00, 0x00, 0x00, 0x00, 0x00, 0x00, 0x00, 0x00, 0x00, 0x00, 0x00,
  0x00, 0x00, 0x00, 0x00, 0x00, 0x00, 0x00, 0x00, 0x00, 0x00, 0x00, 0x00,
  0x00, 0x00, 0x00, 0x00, 0x00, 0x00, 0x00, 0x00, 0x00, 0x00, 0x00, 0x00,
  0x00, 0x00, 0x00, 0x00, 0x00, 0x00, 0x00, 0x00, 0x00, 0x00, 0x00, 0x00,
  0x00, 0x00, 0x00, 0x00, 0x00, 0x00, 0x00, 0x00, 0x00, 0x00, 0x00, 0x00,
  0x00, 0x00, 0x00, 0x00, 0x00, 0x00, 0x00, 0x00, 0x00, 0x00, 0x00, 0x00,
  0x00, 0x00, 0x00, 0x00, 0x00, 0x00, 0x00, 0x00, 0x00, 0x00, 0x00, 0x00,
  0x00, 0x00, 0x00, 0x00, 0x00, 0x00, 0x00, 0x00, 0x00, 0x00, 0x00, 0x00,
  0x00, 0x00, 0x00, 0x00, 0x00, 0x00, 0x00, 0x00, 0x00, 0x00, 0x00, 0x00,
  0x00, 0x00, 0x00, 0x00, 0x00, 0x00, 0x00, 0x00, 0x00, 0x00, 0x00, 0x00,
  0x00, 0x00, 0x00, 0x00, 0x00, 0x00, 0x00, 0x00, 0x00, 0x00, 0x00, 0x00,
  0x00, 0x00, 0x00, 0x00, 0x00, 0x00, 0x00, 0x00, 0x00, 0x00, 0x00, 0x00,
  0x00, 0x00, 0x00, 0x00, 0x00, 0x00, 0x00, 0x00, 0x00, 0x00, 0x00, 0x00,
  0x00, 0x00, 0x00, 0x00, 0x00, 0x00, 0x00, 0x00, 0x00, 0x00, 0x00, 0x00,
  0x00, 0x00, 0x00, 0x00, 0x00, 0x00, 0x00, 0x00, 0x00, 0x00, 0x00, 0x00,
  0x00, 0x00, 0x00, 0x00, 0x00, 0x00, 0x00, 0x00, 0x00, 0x00, 0x00, 0x00,
  0x00, 0x00, 0x00, 0x00, 0x00, 0x00, 0x00, 0x00, 0x00, 0x00, 0x00, 0x00,
  0x00, 0x00, 0x00, 0x00, 0x00, 0x00, 0x00, 0x00, 0x00, 0x00, 0x00, 0x00,
  0x00, 0x00, 0x00, 0x00, 0x00, 0x00, 0x00, 0x00, 0x00, 0x00, 0x00, 0x00,
  0x00, 0x00, 0x00, 0x00, 0x00, 0x00, 0x00, 0x00, 0x00, 0x00, 0x00, 0x00,
  0x00, 0x00, 0x00, 0x00, 0x00, 0x00, 0x00, 0x00, 0x00, 0x00, 0x00, 0x00,
  0x00, 0x00, 0x00, 0x00, 0x00, 0x00, 0x00, 0x00, 0x00, 0x00, 0x00, 0x00,
  0x00, 0x00, 0x00, 0x00, 0x00, 0x00, 0x00, 0x00, 0x00, 0x00, 0x00, 0x00,
  0x00, 0x00, 0x00, 0x00, 0x00, 0x00, 0x00, 0x00, 0x00, 0x00, 0x00, 0x00,
  0x00, 0x00, 0x00, 0x00, 0x00, 0x00, 0x00, 0x00, 0x00, 0x00, 0x00, 0x00,
  0x00, 0x00, 0x00, 0x00, 0x00, 0x00, 0x00, 0x00, 0x00, 0x00, 0x00, 0x00,
  0x00, 0x00, 0x00, 0x00, 0x00, 0x00, 0x00, 0x00, 0x00, 0x00, 0x00, 0x00,
  0x00, 0x00, 0x00, 0x00, 0x00, 0x00, 0x00, 0x00, 0x00, 0x00, 0x00, 0x00,
  0x00, 0x00, 0x00, 0x00, 0x00, 0x00, 0x00, 0x00, 0x00, 0x00, 0x00, 0x00,
  0x00, 0x00, 0x00, 0x00, 0x00, 0x00, 0x00, 0x00, 0x00, 0x00, 0x00, 0x00,
  0x00, 0x00, 0x00, 0x00, 0x00, 0x00, 0x00, 0x00, 0x00, 0x00, 0x00, 0x00,
  0x00, 0x00, 0x00, 0x00, 0x00, 0x00, 0x00, 0x00, 0x00, 0x00, 0x00, 0x00,
  0x00, 0x00, 0x00, 0x00, 0x00, 0x00, 0x00, 0x00, 0x00, 0x00, 0x00, 0x00,
  0x00, 0x00, 0x00, 0x00, 0x00, 0x00, 0x00, 0x00, 0x00, 0x00, 0x00, 0x00,
  0x00, 0x00, 0x00, 0x00, 0x00, 0x00, 0x00, 0x00, 0x00, 0x00, 0x00, 0x00
};
const unsigned int logo_320_150_rgb565_data_len = 96000;

#endif /* __LOGO_320_150_RGB565_H__ */
