/*
  * Copyright 2025 NXP
  * All rights reserved.
  * SPDX-License-Identifier: BSD-3-Clause
  */

/*
 * converted with:
 * image_operation.py -i logo.jpg -o logo_160_75.rgb565 -W 177 -H 503 -C 2 --rsz_w 160 --rsz_h 75 --rsz_mode pad --img_op conv_JPEG2FMT --pix_fmt rgb565
 * xxd -i logo_160_75.rgb565 > logo_160_75_rgb565.h
 */

#ifndef __IMAGE_LOGO_160_75_RGB565_DATA_H__
#define __IMAGE_LOGO_160_75_RGB565_DATA_H__

#define SRC_IMAGE_LOGO_160_75_RGB565_WIDTH       		  160
#define SRC_IMAGE_LOGO_160_75_RGB565_HEIGHT     		  75
#define SRC_IMAGE_LOGO_160_75_RGB565_CHANNELS_NUMBER	3
#define SRC_IMAGE_LOGO_160_75_RGB565_FORMAT     		  MPP_PIXEL_RGB565

unsigned char logo_160_75_rgb565_data[] = {
 0x00, 0x00, 0x00, 0x00, 0x00, 0x00, 0x00, 0x00, 0x00, 0x00, 0x00, 0x00,
  0x00, 0x00, 0x00, 0x00, 0x00, 0x00, 0x00, 0x00, 0x00, 0x00, 0x00, 0x00,
  0x00, 0x00, 0x00, 0x00, 0x00, 0x00, 0x00, 0x00, 0x00, 0x00, 0x00, 0x00,
  0x00, 0x00, 0x00, 0x00, 0x00, 0x00, 0x00, 0x00, 0x00, 0x00, 0x00, 0x00,
  0x00, 0x00, 0x00, 0x00, 0x00, 0x00, 0x00, 0x00, 0x00, 0x00, 0x00, 0x00,
  0x00, 0x00, 0x00, 0x00, 0x00, 0x00, 0x00, 0x00, 0x00, 0x00, 0x00, 0x00,
  0x00, 0x00, 0x00, 0x00, 0x00, 0x00, 0x00, 0x00, 0x00, 0x00, 0x00, 0x00,
  0x00, 0x00, 0x00, 0x00, 0x00, 0x00, 0x00, 0x00, 0x00, 0x00, 0x00, 0x00,
  0x00, 0x00, 0x00, 0x00, 0x00, 0x00, 0x00, 0x00, 0x00, 0x00, 0x00, 0x00,
  0x00, 0x00, 0x00, 0x00, 0x00, 0x00, 0x00, 0x00, 0x00, 0x00, 0x00, 0x00,
  0x00, 0x00, 0x00, 0x00, 0x00, 0x00, 0x00, 0x00, 0x00, 0x00, 0x00, 0x00,
  0x00, 0x00, 0x00, 0x00, 0x00, 0x00, 0x00, 0x00, 0x00, 0x00, 0x00, 0x00,
  0x00, 0x00, 0x00, 0x00, 0x00, 0x00, 0x00, 0x00, 0x00, 0x00, 0x00, 0x00,
  0x00, 0x00, 0x00, 0x00, 0x00, 0x00, 0x00, 0x00, 0x00, 0x00, 0x00, 0x00,
  0x00, 0x00, 0x00, 0x00, 0x00, 0x00, 0x00, 0x00, 0x00, 0x00, 0x00, 0x00,
  0x00, 0x00, 0x00, 0x00, 0x00, 0x00, 0x00, 0x00, 0x00, 0x00, 0x00, 0x00,
  0x00, 0x00, 0x00, 0x00, 0x00, 0x00, 0x00, 0x00, 0x00, 0x00, 0x00, 0x00,
  0x00, 0x00, 0x00, 0x00, 0x00, 0x00, 0x00, 0x00, 0x00, 0x00, 0x00, 0x00,
  0x00, 0x00, 0x00, 0x00, 0x00, 0x00, 0x00, 0x00, 0x00, 0x00, 0x00, 0x00,
  0x00, 0x00, 0x00, 0x00, 0x00, 0x00, 0x00, 0x00, 0x00, 0x00, 0x00, 0x00,
  0x00, 0x00, 0x00, 0x00, 0x00, 0x00, 0x00, 0x00, 0x00, 0x00, 0x00, 0x00,
  0x00, 0x00, 0x00, 0x00, 0x00, 0x00, 0x00, 0x00, 0x00, 0x00, 0x00, 0x00,
  0x00, 0x00, 0x00, 0x00, 0x00, 0x00, 0x00, 0x00, 0x00, 0x00, 0x00, 0x00,
  0x00, 0x00, 0x00, 0x00, 0x00, 0x00, 0x00, 0x00, 0x00, 0x00, 0x00, 0x00,
  0x00, 0x00, 0x00, 0x00, 0x00, 0x00, 0x00, 0x00, 0x00, 0x00, 0x00, 0x00,
  0x00, 0x00, 0x00, 0x00, 0x00, 0x00, 0x00, 0x00, 0x00, 0x00, 0x00, 0x00,
  0x00, 0x00, 0x00, 0x00, 0x00, 0x00, 0x00, 0x00, 0x00, 0x00, 0x00, 0x00,
  0x00, 0x00, 0x00, 0x00, 0x00, 0x00, 0x00, 0x00, 0x00, 0x00, 0x00, 0x00,
  0x00, 0x00, 0x00, 0x00, 0x00, 0x00, 0x00, 0x00, 0x00, 0x00, 0x00, 0x00,
  0x00, 0x00, 0x00, 0x00, 0x00, 0x00, 0x00, 0x00, 0x00, 0x00, 0x00, 0x00,
  0x00, 0x00, 0x00, 0x00, 0x00, 0x00, 0x00, 0x00, 0x00, 0x00, 0x00, 0x00,
  0x00, 0x00, 0x00, 0x00, 0x00, 0x00, 0x00, 0x00, 0x00, 0x00, 0x00, 0x00,
  0x00, 0x00, 0x00, 0x00, 0x00, 0x00, 0x00, 0x00, 0x00, 0x00, 0x00, 0x00,
  0x00, 0x00, 0x00, 0x00, 0x00, 0x00, 0x00, 0x00, 0x00, 0x00, 0x00, 0x00,
  0x00, 0x00, 0x00, 0x00, 0x00, 0x00, 0x00, 0x00, 0x00, 0x00, 0x00, 0x00,
  0x00, 0x00, 0x00, 0x00, 0x00, 0x00, 0x00, 0x00, 0x00, 0x00, 0x00, 0x00,
  0x00, 0x00, 0x00, 0x00, 0x00, 0x00, 0x00, 0x00, 0x00, 0x00, 0x00, 0x00,
  0x00, 0x00, 0x00, 0x00, 0x00, 0x00, 0x00, 0x00, 0x00, 0x00, 0x00, 0x00,
  0x00, 0x00, 0x00, 0x00, 0x00, 0x00, 0x00, 0x00, 0x00, 0x00, 0x00, 0x00,
  0x00, 0x00, 0x00, 0x00, 0x00, 0x00, 0x00, 0x00, 0x00, 0x00, 0x00, 0x00,
  0x00, 0x00, 0x00, 0x00, 0x00, 0x00, 0x00, 0x00, 0x00, 0x00, 0x00, 0x00,
  0x00, 0x00, 0x00, 0x00, 0x00, 0x00, 0x00, 0x00, 0x00, 0x00, 0x00, 0x00,
  0x00, 0x00, 0x00, 0x00, 0x00, 0x00, 0x00, 0x00, 0x00, 0x00, 0x00, 0x00,
  0x00, 0x00, 0x00, 0x00, 0x00, 0x00, 0x00, 0x00, 0x00, 0x00, 0x00, 0x00,
  0x00, 0x00, 0x00, 0x00, 0x00, 0x00, 0x00, 0x00, 0x00, 0x00, 0x00, 0x00,
  0x00, 0x00, 0x00, 0x00, 0x00, 0x00, 0x00, 0x00, 0x00, 0x00, 0x00, 0x00,
  0x00, 0x00, 0x00, 0x00, 0x00, 0x00, 0x00, 0x00, 0x00, 0x00, 0x00, 0x00,
  0x00, 0x00, 0x00, 0x00, 0x00, 0x00, 0x00, 0x00, 0x00, 0x00, 0x00, 0x00,
  0x00, 0x00, 0x00, 0x00, 0x00, 0x00, 0x00, 0x00, 0x00, 0x00, 0x00, 0x00,
  0x00, 0x00, 0x00, 0x00, 0x00, 0x00, 0x00, 0x00, 0x00, 0x00, 0x00, 0x00,
  0x00, 0x00, 0x00, 0x00, 0x00, 0x00, 0x00, 0x00, 0x00, 0x00, 0x00, 0x00,
  0x00, 0x00, 0x00, 0x00, 0x00, 0x00, 0x00, 0x00, 0x00, 0x00, 0x00, 0x00,
  0x00, 0x00, 0x00, 0x00, 0x00, 0x00, 0x00, 0x00, 0x00, 0x00, 0x00, 0x00,
  0x00, 0x00, 0x00, 0x00, 0x00, 0x00, 0x00, 0x00, 0x00, 0x00, 0x00, 0x00,
  0x00, 0x00, 0x00, 0x00, 0x00, 0x00, 0x00, 0x00, 0x00, 0x00, 0x00, 0x00,
  0x00, 0x00, 0x00, 0x00, 0x00, 0x00, 0x00, 0x00, 0x00, 0x00, 0x00, 0x00,
  0x00, 0x00, 0x00, 0x00, 0x00, 0x00, 0x00, 0x00, 0x00, 0x00, 0x00, 0x00,
  0x00, 0x00, 0x00, 0x00, 0x00, 0x00, 0x00, 0x00, 0x00, 0x00, 0x00, 0x00,
  0x00, 0x00, 0x00, 0x00, 0x00, 0x00, 0x00, 0x00, 0x00, 0x00, 0x00, 0x00,
  0x00, 0x00, 0x00, 0x00, 0x00, 0x00, 0x00, 0x00, 0x00, 0x00, 0x00, 0x00,
  0x00, 0x00, 0x00, 0x00, 0x00, 0x00, 0x00, 0x00, 0x00, 0x00, 0x00, 0x00,
  0x00, 0x00, 0x00, 0x00, 0x00, 0x00, 0x00, 0x00, 0x00, 0x00, 0x00, 0x00,
  0x00, 0x00, 0x00, 0x00, 0x00, 0x00, 0x00, 0x00, 0x00, 0x00, 0x00, 0x00,
  0x00, 0x00, 0x00, 0x00, 0x00, 0x00, 0x00, 0x00, 0x00, 0x00, 0x00, 0x00,
  0x00, 0x00, 0x00, 0x00, 0x00, 0x00, 0x00, 0x00, 0x00, 0x00, 0x00, 0x00,
  0x00, 0x00, 0x00, 0x00, 0x00, 0x00, 0x00, 0x00, 0x00, 0x00, 0x00, 0x00,
  0x00, 0x00, 0x00, 0x00, 0x00, 0x00, 0x00, 0x00, 0x00, 0x00, 0x00, 0x00,
  0x00, 0x00, 0x00, 0x00, 0x00, 0x00, 0x00, 0x00, 0x00, 0x00, 0x00, 0x00,
  0x00, 0x00, 0x00, 0x00, 0x00, 0x00, 0x00, 0x00, 0x00, 0x00, 0x00, 0x00,
  0x00, 0x00, 0x00, 0x00, 0x00, 0x00, 0x00, 0x00, 0x00, 0x00, 0x00, 0x00,
  0x00, 0x00, 0x00, 0x00, 0x00, 0x00, 0x00, 0x00, 0x00, 0x00, 0x00, 0x00,
  0x00, 0x00, 0x00, 0x00, 0x00, 0x00, 0x00, 0x00, 0x00, 0x00, 0x00, 0x00,
  0x00, 0x00, 0x00, 0x00, 0x00, 0x00, 0x00, 0x00, 0x00, 0x00, 0x00, 0x00,
  0x00, 0x00, 0x00, 0x00, 0x00, 0x00, 0x00, 0x00, 0x00, 0x00, 0x00, 0x00,
  0x00, 0x00, 0x00, 0x00, 0x00, 0x00, 0x00, 0x00, 0x00, 0x00, 0x00, 0x00,
  0x00, 0x00, 0x00, 0x00, 0x00, 0x00, 0x00, 0x00, 0x00, 0x00, 0x00, 0x00,
  0x00, 0x00, 0x00, 0x00, 0x00, 0x00, 0x00, 0x00, 0x00, 0x00, 0x00, 0x00,
  0x00, 0x00, 0x00, 0x00, 0x00, 0x00, 0x00, 0x00, 0x00, 0x00, 0x00, 0x00,
  0x00, 0x00, 0x00, 0x00, 0x00, 0x00, 0x00, 0x00, 0x00, 0x00, 0x00, 0x00,
  0x00, 0x00, 0x00, 0x00, 0x00, 0x00, 0x00, 0x00, 0x00, 0x00, 0x00, 0x00,
  0x00, 0x00, 0x00, 0x00, 0x00, 0x00, 0x00, 0x00, 0x00, 0x00, 0x00, 0x00,
  0x00, 0x00, 0x00, 0x00, 0x00, 0x00, 0x00, 0x00, 0x00, 0x00, 0x00, 0x00,
  0x00, 0x00, 0x00, 0x00, 0x00, 0x00, 0x00, 0x00, 0x00, 0x00, 0x00, 0x00,
  0x00, 0x00, 0x00, 0x00, 0x00, 0x00, 0x00, 0x00, 0x00, 0x00, 0x00, 0x00,
  0x00, 0x00, 0x00, 0x00, 0x00, 0x00, 0x00, 0x00, 0x00, 0x00, 0x00, 0x00,
  0x00, 0x00, 0x00, 0x00, 0x00, 0x00, 0x00, 0x00, 0x00, 0x00, 0x00, 0x00,
  0x00, 0x00, 0x00, 0x00, 0x00, 0x00, 0x00, 0x00, 0x00, 0x00, 0x00, 0x00,
  0x00, 0x00, 0x00, 0x00, 0x00, 0x00, 0x00, 0x00, 0x00, 0x00, 0x00, 0x00,
  0x00, 0x00, 0x00, 0x00, 0x00, 0x00, 0x00, 0x00, 0x00, 0x00, 0x00, 0x00,
  0x00, 0x00, 0x00, 0x00, 0x00, 0x00, 0x00, 0x00, 0x00, 0x00, 0x00, 0x00,
  0x00, 0x00, 0x00, 0x00, 0x00, 0x00, 0x00, 0x00, 0x00, 0x00, 0x00, 0x00,
  0x00, 0x00, 0x00, 0x00, 0x00, 0x00, 0x00, 0x00, 0x00, 0x00, 0x00, 0x00,
  0x00, 0x00, 0x00, 0x00, 0x00, 0x00, 0x00, 0x00, 0x00, 0x00, 0x00, 0x00,
  0x00, 0x00, 0x00, 0x00, 0x00, 0x00, 0x00, 0x00, 0x00, 0x00, 0x00, 0x00,
  0x00, 0x00, 0x00, 0x00, 0x00, 0x00, 0x00, 0x00, 0x00, 0x00, 0x00, 0x00,
  0x00, 0x00, 0x00, 0x00, 0x00, 0x00, 0x00, 0x00, 0x00, 0x00, 0x00, 0x00,
  0x00, 0x00, 0x00, 0x00, 0x00, 0x00, 0x00, 0x00, 0x00, 0x00, 0x00, 0x00,
  0x00, 0x00, 0x00, 0x00, 0x00, 0x00, 0x00, 0x00, 0x00, 0x00, 0x00, 0x00,
  0x00, 0x00, 0x00, 0x00, 0x00, 0x00, 0x00, 0x00, 0x00, 0x00, 0x00, 0x00,
  0x00, 0x00, 0x00, 0x00, 0x00, 0x00, 0x00, 0x00, 0x00, 0x00, 0x00, 0x00,
  0x00, 0x00, 0x00, 0x00, 0x00, 0x00, 0x00, 0x00, 0x00, 0x00, 0x00, 0x00,
  0x00, 0x00, 0x00, 0x00, 0x00, 0x00, 0x00, 0x00, 0x00, 0x00, 0x00, 0x00,
  0x00, 0x00, 0x00, 0x00, 0x00, 0x00, 0x00, 0x00, 0x00, 0x00, 0x00, 0x00,
  0x00, 0x00, 0x00, 0x00, 0x00, 0x00, 0x00, 0x00, 0x00, 0x00, 0x00, 0x00,
  0x00, 0x00, 0x00, 0x00, 0x00, 0x00, 0x00, 0x00, 0x00, 0x00, 0x00, 0x00,
  0x00, 0x00, 0x00, 0x00, 0x00, 0x00, 0x00, 0x00, 0x00, 0x00, 0x00, 0x00,
  0x00, 0x00, 0x00, 0x00, 0x00, 0x00, 0x00, 0x00, 0x00, 0x00, 0x00, 0x00,
  0x00, 0x00, 0x00, 0x00, 0x00, 0x00, 0x00, 0x00, 0x00, 0x00, 0x00, 0x00,
  0x00, 0x00, 0x00, 0x00, 0x00, 0x00, 0x00, 0x00, 0x00, 0x00, 0x00, 0x00,
  0x00, 0x00, 0x00, 0x00, 0x00, 0x00, 0x00, 0x00, 0x00, 0x00, 0x00, 0x00,
  0x00, 0x00, 0x00, 0x00, 0x00, 0x00, 0x00, 0x00, 0x00, 0x00, 0x00, 0x00,
  0x00, 0x00, 0x00, 0x00, 0x00, 0x00, 0x00, 0x00, 0x00, 0x00, 0x00, 0x00,
  0x00, 0x00, 0x00, 0x00, 0x00, 0x00, 0x00, 0x00, 0x00, 0x00, 0x00, 0x00,
  0x00, 0x00, 0x00, 0x00, 0x00, 0x00, 0x00, 0x00, 0x00, 0x00, 0x00, 0x00,
  0x00, 0x00, 0x00, 0x00, 0x00, 0x00, 0x00, 0x00, 0x00, 0x00, 0x00, 0x00,
  0x00, 0x00, 0x00, 0x00, 0x00, 0x00, 0x00, 0x00, 0x00, 0x00, 0x00, 0x00,
  0x00, 0x00, 0x00, 0x00, 0x00, 0x00, 0x00, 0x00, 0x00, 0x00, 0x00, 0x00,
  0x00, 0x00, 0x00, 0x00, 0x00, 0x00, 0x00, 0x00, 0x00, 0x00, 0x00, 0x00,
  0x00, 0x00, 0x00, 0x00, 0x00, 0x00, 0x00, 0x00, 0x00, 0x00, 0x00, 0x00,
  0x00, 0x00, 0x00, 0x00, 0x00, 0x00, 0x00, 0x00, 0x00, 0x00, 0x00, 0x00,
  0x00, 0x00, 0x00, 0x00, 0x00, 0x00, 0x00, 0x00, 0x00, 0x00, 0x00, 0x00,
  0x00, 0x00, 0x00, 0x00, 0x00, 0x00, 0x00, 0x00, 0x00, 0x00, 0x00, 0x00,
  0x00, 0x00, 0x00, 0x00, 0x00, 0x00, 0x00, 0x00, 0x00, 0x00, 0x00, 0x00,
  0x00, 0x00, 0x00, 0x00, 0x00, 0x00, 0x00, 0x00, 0x00, 0x00, 0x00, 0x00,
  0x00, 0x00, 0x00, 0x00, 0x00, 0x00, 0x00, 0x00, 0x00, 0x00, 0x00, 0x00,
  0x00, 0x00, 0x00, 0x00, 0x00, 0x00, 0x00, 0x00, 0x00, 0x00, 0x00, 0x00,
  0x00, 0x00, 0x00, 0x00, 0x00, 0x00, 0x00, 0x00, 0x00, 0x00, 0x00, 0x00,
  0x00, 0x00, 0x00, 0x00, 0x00, 0x00, 0x00, 0x00, 0x00, 0x00, 0x00, 0x00,
  0x00, 0x00, 0x00, 0x00, 0x00, 0x00, 0x00, 0x00, 0x00, 0x00, 0x00, 0x00,
  0x00, 0x00, 0x00, 0x00, 0x00, 0x00, 0x00, 0x00, 0x00, 0x00, 0x00, 0x00,
  0x00, 0x00, 0x00, 0x00, 0x00, 0x00, 0x00, 0x00, 0x00, 0x00, 0x00, 0x00,
  0x00, 0x00, 0x00, 0x00, 0x00, 0x00, 0x00, 0x00, 0x00, 0x00, 0x00, 0x00,
  0x00, 0x00, 0x00, 0x00, 0x00, 0x00, 0x00, 0x00, 0x00, 0x00, 0x00, 0x00,
  0x00, 0x00, 0x00, 0x00, 0x00, 0x00, 0x00, 0x00, 0x00, 0x00, 0x00, 0x00,
  0x00, 0x00, 0x00, 0x00, 0x00, 0x00, 0x00, 0x00, 0x00, 0x00, 0x00, 0x00,
  0x00, 0x00, 0x00, 0x00, 0x00, 0x00, 0x00, 0x00, 0x00, 0x00, 0x00, 0x00,
  0x00, 0x00, 0x00, 0x00, 0x00, 0x00, 0x00, 0x00, 0x00, 0x00, 0x00, 0x00,
  0x00, 0x00, 0x00, 0x00, 0x00, 0x00, 0x00, 0x00, 0x00, 0x00, 0x00, 0x00,
  0x00, 0x00, 0x00, 0x00, 0x00, 0x00, 0x00, 0x00, 0x00, 0x00, 0x00, 0x00,
  0x00, 0x00, 0x00, 0x00, 0x00, 0x00, 0x00, 0x00, 0x00, 0x00, 0x00, 0x00,
  0x00, 0x00, 0x00, 0x00, 0x00, 0x00, 0x00, 0x00, 0x00, 0x00, 0x00, 0x00,
  0x00, 0x00, 0x00, 0x00, 0x00, 0x00, 0x00, 0x00, 0x00, 0x00, 0x00, 0x00,
  0x00, 0x00, 0x00, 0x00, 0x00, 0x00, 0x00, 0x00, 0x00, 0x00, 0x00, 0x00,
  0x00, 0x00, 0x00, 0x00, 0x00, 0x00, 0x00, 0x00, 0x00, 0x00, 0x00, 0x00,
  0x00, 0x00, 0x00, 0x00, 0x00, 0x00, 0x00, 0x00, 0x00, 0x00, 0x00, 0x00,
  0x00, 0x00, 0x00, 0x00, 0x00, 0x00, 0x00, 0x00, 0x00, 0x00, 0x00, 0x00,
  0x00, 0x00, 0x00, 0x00, 0x00, 0x00, 0x00, 0x00, 0x00, 0x00, 0x00, 0x00,
  0x00, 0x00, 0x00, 0x00, 0x00, 0x00, 0x00, 0x00, 0x00, 0x00, 0x00, 0x00,
  0x00, 0x00, 0x00, 0x00, 0x00, 0x00, 0x00, 0x00, 0x00, 0x00, 0x00, 0x00,
  0x00, 0x00, 0x00, 0x00, 0x00, 0x00, 0x00, 0x00, 0x00, 0x00, 0x00, 0x00,
  0x00, 0x00, 0x00, 0x00, 0x00, 0x00, 0x00, 0x00, 0x00, 0x00, 0x00, 0x00,
  0x00, 0x00, 0x00, 0x00, 0x00, 0x00, 0x00, 0x00, 0x00, 0x00, 0x00, 0x00,
  0x00, 0x00, 0x00, 0x00, 0x00, 0x00, 0x00, 0x00, 0x00, 0x00, 0x00, 0x00,
  0x00, 0x00, 0x00, 0x00, 0x00, 0x00, 0x00, 0x00, 0x00, 0x00, 0x00, 0x00,
  0x00, 0x00, 0x00, 0x00, 0x00, 0x00, 0x00, 0x00, 0x00, 0x00, 0x00, 0x00,
  0x00, 0x00, 0x00, 0x00, 0x00, 0x00, 0x00, 0x00, 0x00, 0x00, 0x00, 0x00,
  0x00, 0x00, 0x00, 0x00, 0x00, 0x00, 0x00, 0x00, 0x00, 0x00, 0x00, 0x00,
  0x00, 0x00, 0x00, 0x00, 0x00, 0x00, 0x00, 0x00, 0x00, 0x00, 0x00, 0x00,
  0x00, 0x00, 0x00, 0x00, 0x00, 0x00, 0x00, 0x00, 0x00, 0x00, 0x00, 0x00,
  0x00, 0x00, 0x00, 0x00, 0x00, 0x00, 0x00, 0x00, 0x00, 0x00, 0x00, 0x00,
  0x00, 0x00, 0x00, 0x00, 0x00, 0x00, 0x00, 0x00, 0x00, 0x00, 0x00, 0x00,
  0x00, 0x00, 0x00, 0x00, 0x00, 0x00, 0x00, 0x00, 0x00, 0x00, 0x00, 0x00,
  0x00, 0x00, 0x00, 0x00, 0x00, 0x00, 0x00, 0x00, 0x00, 0x00, 0x00, 0x00,
  0x00, 0x00, 0x00, 0x00, 0x00, 0x00, 0x00, 0x00, 0x00, 0x00, 0x00, 0x00,
  0x00, 0x00, 0x00, 0x00, 0x00, 0x00, 0x00, 0x00, 0x00, 0x00, 0x00, 0x00,
  0x00, 0x00, 0x00, 0x00, 0x00, 0x00, 0x00, 0x00, 0x00, 0x00, 0x00, 0x00,
  0x00, 0x00, 0x00, 0x00, 0x00, 0x00, 0x00, 0x00, 0x00, 0x00, 0x00, 0x00,
  0x00, 0x00, 0x00, 0x00, 0x00, 0x00, 0x00, 0x00, 0x00, 0x00, 0x00, 0x00,
  0x00, 0x00, 0x00, 0x00, 0x00, 0x00, 0x00, 0x00, 0x00, 0x00, 0x00, 0x00,
  0x00, 0x00, 0x00, 0x00, 0x00, 0x00, 0x00, 0x00, 0x00, 0x00, 0x00, 0x00,
  0x00, 0x00, 0x00, 0x00, 0x00, 0x00, 0x00, 0x00, 0x00, 0x00, 0x00, 0x00,
  0x00, 0x00, 0x00, 0x00, 0x00, 0x00, 0x00, 0x00, 0x00, 0x00, 0x00, 0x00,
  0x00, 0x00, 0x00, 0x00, 0x00, 0x00, 0x00, 0x00, 0x00, 0x00, 0x00, 0x00,
  0x00, 0x00, 0x00, 0x00, 0x00, 0x00, 0x00, 0x00, 0x00, 0x00, 0x00, 0x00,
  0x00, 0x00, 0x00, 0x00, 0x00, 0x00, 0x00, 0x00, 0x00, 0x00, 0x00, 0x00,
  0x00, 0x00, 0x00, 0x00, 0x00, 0x00, 0x00, 0x00, 0x00, 0x00, 0x00, 0x00,
  0x00, 0x00, 0x00, 0x00, 0x00, 0x00, 0x00, 0x00, 0x00, 0x00, 0x00, 0x00,
  0x00, 0x00, 0x00, 0x00, 0x00, 0x00, 0x00, 0x00, 0x00, 0x00, 0x00, 0x00,
  0x00, 0x00, 0x00, 0x00, 0x00, 0x00, 0x00, 0x00, 0x00, 0x00, 0x00, 0x00,
  0x00, 0x00, 0x00, 0x00, 0x00, 0x00, 0x00, 0x00, 0x00, 0x00, 0x00, 0x00,
  0x00, 0x00, 0x00, 0x00, 0x00, 0x00, 0x00, 0x00, 0x00, 0x00, 0x00, 0x00,
  0x00, 0x00, 0x00, 0x00, 0x00, 0x00, 0x00, 0x00, 0x00, 0x00, 0x00, 0x00,
  0x00, 0x00, 0x00, 0x00, 0x00, 0x00, 0x00, 0x00, 0x00, 0x00, 0x00, 0x00,
  0x00, 0x00, 0x00, 0x00, 0x00, 0x00, 0x00, 0x00, 0x00, 0x00, 0x00, 0x00,
  0x00, 0x00, 0x00, 0x00, 0x00, 0x00, 0x00, 0x00, 0x00, 0x00, 0x00, 0x00,
  0x00, 0x00, 0x00, 0x00, 0x00, 0x00, 0x00, 0x00, 0x00, 0x00, 0x00, 0x00,
  0x00, 0x00, 0x00, 0x00, 0x00, 0x00, 0x00, 0x00, 0x00, 0x00, 0x00, 0x00,
  0x00, 0x00, 0x00, 0x00, 0x00, 0x00, 0x00, 0x00, 0x00, 0x00, 0x00, 0x00,
  0x00, 0x00, 0x00, 0x00, 0x00, 0x00, 0x00, 0x00, 0x00, 0x00, 0x00, 0x00,
  0x00, 0x00, 0x00, 0x00, 0x00, 0x00, 0x00, 0x00, 0x00, 0x00, 0x00, 0x00,
  0x00, 0x00, 0x00, 0x00, 0x00, 0x00, 0x00, 0x00, 0x00, 0x00, 0x00, 0x00,
  0x00, 0x00, 0x00, 0x00, 0x00, 0x00, 0x00, 0x00, 0x00, 0x00, 0x00, 0x00,
  0x00, 0x00, 0x00, 0x00, 0x00, 0x00, 0x00, 0x00, 0x00, 0x00, 0x00, 0x00,
  0x00, 0x00, 0x00, 0x00, 0x00, 0x00, 0x00, 0x00, 0x00, 0x00, 0x00, 0x00,
  0x00, 0x00, 0x00, 0x00, 0x00, 0x00, 0x00, 0x00, 0x00, 0x00, 0x00, 0x00,
  0x00, 0x00, 0x00, 0x00, 0x00, 0x00, 0x00, 0x00, 0x00, 0x00, 0x00, 0x00,
  0x00, 0x00, 0x00, 0x00, 0x00, 0x00, 0x00, 0x00, 0x00, 0x00, 0x00, 0x00,
  0x00, 0x00, 0x00, 0x00, 0x00, 0x00, 0x00, 0x00, 0x00, 0x00, 0x00, 0x00,
  0x00, 0x00, 0x00, 0x00, 0x00, 0x00, 0x00, 0x00, 0x00, 0x00, 0x00, 0x00,
  0x00, 0x00, 0x00, 0x00, 0x00, 0x00, 0x00, 0x00, 0x00, 0x00, 0x00, 0x00,
  0x00, 0x00, 0x00, 0x00, 0x00, 0x00, 0x00, 0x00, 0x00, 0x00, 0x00, 0x00,
  0x00, 0x00, 0x00, 0x00, 0x00, 0x00, 0x00, 0x00, 0x00, 0x00, 0x00, 0x00,
  0x00, 0x00, 0x00, 0x00, 0x00, 0x00, 0x00, 0x00, 0x00, 0x00, 0x00, 0x00,
  0x00, 0x00, 0x00, 0x00, 0x00, 0x00, 0x00, 0x00, 0x00, 0x00, 0x00, 0x00,
  0x00, 0x00, 0x00, 0x00, 0x00, 0x00, 0x00, 0x00, 0x00, 0x00, 0x00, 0x00,
  0x00, 0x00, 0x00, 0x00, 0x00, 0x00, 0x00, 0x00, 0x00, 0x00, 0x00, 0x00,
  0x00, 0x00, 0x00, 0x00, 0x00, 0x00, 0x00, 0x00, 0x00, 0x00, 0x00, 0x00,
  0x00, 0x00, 0x00, 0x00, 0x00, 0x00, 0x00, 0x00, 0x00, 0x00, 0x00, 0x00,
  0x00, 0x00, 0x00, 0x00, 0x00, 0x00, 0x00, 0x00, 0x00, 0x00, 0x00, 0x00,
  0x00, 0x00, 0x00, 0x00, 0x00, 0x00, 0x00, 0x00, 0x00, 0x00, 0x00, 0x00,
  0x00, 0x00, 0x00, 0x00, 0x00, 0x00, 0x00, 0x00, 0x00, 0x00, 0x00, 0x00,
  0x00, 0x00, 0x00, 0x00, 0x00, 0x00, 0x00, 0x00, 0x00, 0x00, 0x00, 0x00,
  0x00, 0x00, 0x00, 0x00, 0x00, 0x00, 0x00, 0x00, 0x00, 0x00, 0x00, 0x00,
  0x00, 0x00, 0x00, 0x00, 0x00, 0x00, 0x00, 0x00, 0x00, 0x00, 0x00, 0x00,
  0x00, 0x00, 0x00, 0x00, 0x00, 0x00, 0x00, 0x00, 0x00, 0x00, 0x00, 0x00,
  0x00, 0x00, 0x00, 0x00, 0x00, 0x00, 0x00, 0x00, 0x00, 0x00, 0x00, 0x00,
  0x00, 0x00, 0x00, 0x00, 0x00, 0x00, 0x00, 0x00, 0x00, 0x00, 0x00, 0x00,
  0x00, 0x00, 0x00, 0x00, 0x00, 0x00, 0x00, 0x00, 0x00, 0x00, 0x00, 0x00,
  0x00, 0x00, 0x00, 0x00, 0x00, 0x00, 0x00, 0x00, 0x00, 0x00, 0x00, 0x00,
  0x00, 0x00, 0x00, 0x00, 0x00, 0x00, 0x00, 0x00, 0x00, 0x00, 0x00, 0x00,
  0x00, 0x00, 0x00, 0x00, 0x00, 0x00, 0x00, 0x00, 0x00, 0x00, 0x00, 0x00,
  0x00, 0x00, 0x00, 0x00, 0x00, 0x00, 0x00, 0x00, 0x00, 0x00, 0x00, 0x00,
  0x00, 0x00, 0x00, 0x00, 0x00, 0x00, 0x00, 0x00, 0x00, 0x00, 0x00, 0x00,
  0x00, 0x00, 0x00, 0x00, 0x00, 0x00, 0x00, 0x00, 0x00, 0x00, 0x00, 0x00,
  0x00, 0x00, 0x00, 0x00, 0x00, 0x00, 0x00, 0x00, 0x00, 0x00, 0x00, 0x00,
  0x00, 0x00, 0x00, 0x00, 0x00, 0x00, 0x00, 0x00, 0x00, 0x00, 0x00, 0x00,
  0x00, 0x00, 0x00, 0x00, 0x00, 0x00, 0x00, 0x00, 0x00, 0x00, 0x00, 0x00,
  0x00, 0x00, 0x00, 0x00, 0x00, 0x00, 0x00, 0x00, 0x00, 0x00, 0x00, 0x00,
  0x00, 0x00, 0x00, 0x00, 0x00, 0x00, 0x00, 0x00, 0x00, 0x00, 0x00, 0x00,
  0x00, 0x00, 0x00, 0x00, 0x00, 0x00, 0x00, 0x00, 0x00, 0x00, 0x00, 0x00,
  0x00, 0x00, 0x00, 0x00, 0x00, 0x00, 0x00, 0x00, 0x00, 0x00, 0x00, 0x00,
  0x00, 0x00, 0x00, 0x00, 0x00, 0x00, 0x00, 0x00, 0x00, 0x00, 0x00, 0x00,
  0x00, 0x00, 0x00, 0x00, 0x00, 0x00, 0x00, 0x00, 0x00, 0x00, 0x00, 0x00,
  0x00, 0x00, 0x00, 0x00, 0x00, 0x00, 0x00, 0x00, 0x00, 0x00, 0x00, 0x00,
  0x00, 0x00, 0x00, 0x00, 0x00, 0x00, 0x00, 0x00, 0x00, 0x00, 0x00, 0x00,
  0x00, 0x00, 0x00, 0x00, 0x00, 0x00, 0x00, 0x00, 0x00, 0x00, 0x00, 0x00,
  0x00, 0x00, 0x00, 0x00, 0x00, 0x00, 0x00, 0x00, 0x00, 0x00, 0x00, 0x00,
  0x00, 0x00, 0x00, 0x00, 0x00, 0x00, 0x00, 0x00, 0x00, 0x00, 0x00, 0x00,
  0x00, 0x00, 0x00, 0x00, 0x00, 0x00, 0x00, 0x00, 0x00, 0x00, 0x00, 0x00,
  0x00, 0x00, 0x00, 0x00, 0x00, 0x00, 0x00, 0x00, 0x00, 0x00, 0x00, 0x00,
  0x00, 0x00, 0x00, 0x00, 0x00, 0x00, 0x00, 0x00, 0x00, 0x00, 0x00, 0x00,
  0x00, 0x00, 0x00, 0x00, 0x00, 0x00, 0x00, 0x00, 0x00, 0x00, 0x00, 0x00,
  0x00, 0x00, 0x00, 0x00, 0x00, 0x00, 0x00, 0x00, 0x00, 0x00, 0x00, 0x00,
  0x00, 0x00, 0x00, 0x00, 0x00, 0x00, 0x00, 0x00, 0x00, 0x00, 0x00, 0x00,
  0x00, 0x00, 0x00, 0x00, 0x00, 0x00, 0x00, 0x00, 0x00, 0x00, 0x00, 0x00,
  0x00, 0x00, 0x00, 0x00, 0x00, 0x00, 0x00, 0x00, 0x00, 0x00, 0x00, 0x00,
  0x00, 0x00, 0x00, 0x00, 0x00, 0x00, 0x00, 0x00, 0x00, 0x00, 0x00, 0x00,
  0x00, 0x00, 0x00, 0x00, 0x00, 0x00, 0x00, 0x00, 0x00, 0x00, 0x00, 0x00,
  0x00, 0x00, 0x00, 0x00, 0x00, 0x00, 0x00, 0x00, 0x00, 0x00, 0x00, 0x00,
  0x00, 0x00, 0x00, 0x00, 0x00, 0x00, 0x00, 0x00, 0x00, 0x00, 0x00, 0x00,
  0x00, 0x00, 0x00, 0x00, 0x00, 0x00, 0x00, 0x00, 0x00, 0x00, 0x00, 0x00,
  0x00, 0x00, 0x00, 0x00, 0x00, 0x00, 0x00, 0x00, 0x00, 0x00, 0x00, 0x00,
  0x00, 0x00, 0x00, 0x00, 0x00, 0x00, 0x00, 0x00, 0x00, 0x00, 0x00, 0x00,
  0x00, 0x00, 0x00, 0x00, 0x00, 0x00, 0x00, 0x00, 0x00, 0x00, 0x00, 0x00,
  0x00, 0x00, 0x00, 0x00, 0x00, 0x00, 0x00, 0x00, 0x00, 0x00, 0x00, 0x00,
  0x00, 0x00, 0x00, 0x00, 0x00, 0x00, 0x00, 0x00, 0x00, 0x00, 0x00, 0x00,
  0x00, 0x00, 0x00, 0x00, 0x00, 0x00, 0x00, 0x00, 0x00, 0x00, 0x00, 0x00,
  0x00, 0x00, 0x00, 0x00, 0x00, 0x00, 0x00, 0x00, 0x00, 0x00, 0x00, 0x00,
  0x00, 0x00, 0x00, 0x00, 0x00, 0x00, 0x00, 0x00, 0x00, 0x00, 0x00, 0x00,
  0x00, 0x00, 0x00, 0x00, 0x00, 0x00, 0x00, 0x00, 0x00, 0x00, 0x00, 0x00,
  0x00, 0x00, 0x00, 0x00, 0x00, 0x00, 0x00, 0x00, 0x00, 0x00, 0x00, 0x00,
  0x00, 0x00, 0x00, 0x00, 0x00, 0x00, 0x00, 0x00, 0x00, 0x00, 0x00, 0x00,
  0x00, 0x00, 0x00, 0x00, 0x00, 0x00, 0x00, 0x00, 0x00, 0x00, 0x00, 0x00,
  0x00, 0x00, 0x00, 0x00, 0x00, 0x00, 0x00, 0x00, 0x00, 0x00, 0x00, 0x00,
  0x00, 0x00, 0x00, 0x00, 0x00, 0x00, 0x00, 0x00, 0x00, 0x00, 0x00, 0x00,
  0x00, 0x00, 0x00, 0x00, 0x00, 0x00, 0x00, 0x00, 0x00, 0x00, 0x00, 0x00,
  0x00, 0x00, 0x00, 0x00, 0x00, 0x00, 0x00, 0x00, 0x00, 0x00, 0x00, 0x00,
  0x00, 0x00, 0x00, 0x00, 0x00, 0x00, 0x00, 0x00, 0x00, 0x00, 0x00, 0x00,
  0x00, 0x00, 0x00, 0x00, 0x00, 0x00, 0x00, 0x00, 0x00, 0x00, 0x00, 0x00,
  0x00, 0x00, 0x00, 0x00, 0x00, 0x00, 0x00, 0x00, 0x00, 0x00, 0x00, 0x00,
  0x00, 0x00, 0x00, 0x00, 0x00, 0x00, 0x00, 0x00, 0x00, 0x00, 0x00, 0x00,
  0x00, 0x00, 0x00, 0x00, 0x00, 0x00, 0x00, 0x00, 0x00, 0x00, 0x00, 0x00,
  0x00, 0x00, 0x00, 0x00, 0x00, 0x00, 0x00, 0x00, 0x00, 0x00, 0x00, 0x00,
  0x00, 0x00, 0x00, 0x00, 0x00, 0x00, 0x00, 0x00, 0x00, 0x00, 0x00, 0x00,
  0x00, 0x00, 0x00, 0x00, 0x00, 0x00, 0x00, 0x00, 0x00, 0x00, 0x00, 0x00,
  0x00, 0x00, 0x00, 0x00, 0x00, 0x00, 0x00, 0x00, 0x00, 0x00, 0x00, 0x00,
  0x00, 0x00, 0x00, 0x00, 0x00, 0x00, 0x00, 0x00, 0x00, 0x00, 0x00, 0x00,
  0x00, 0x00, 0x00, 0x00, 0x00, 0x00, 0x00, 0x00, 0x00, 0x00, 0x00, 0x00,
  0x00, 0x00, 0x00, 0x00, 0x00, 0x00, 0x00, 0x00, 0x00, 0x00, 0x00, 0x00,
  0x00, 0x00, 0x00, 0x00, 0x00, 0x00, 0x00, 0x00, 0x00, 0x00, 0x00, 0x00,
  0x00, 0x00, 0x00, 0x00, 0x00, 0x00, 0x00, 0x00, 0x00, 0x00, 0x00, 0x00,
  0x00, 0x00, 0x00, 0x00, 0x00, 0x00, 0x00, 0x00, 0x00, 0x00, 0x00, 0x00,
  0x00, 0x00, 0x00, 0x00, 0x00, 0x00, 0x00, 0x00, 0x00, 0x00, 0x00, 0x00,
  0x00, 0x00, 0x00, 0x00, 0x00, 0x00, 0x00, 0x00, 0x00, 0x00, 0x00, 0x00,
  0x00, 0x00, 0x00, 0x00, 0x00, 0x00, 0x00, 0x00, 0x00, 0x00, 0x00, 0x00,
  0x00, 0x00, 0x00, 0x00, 0x00, 0x00, 0x00, 0x00, 0x00, 0x00, 0x00, 0x00,
  0x00, 0x00, 0x00, 0x00, 0x00, 0x00, 0x00, 0x00, 0x00, 0x00, 0x00, 0x00,
  0x00, 0x00, 0x00, 0x00, 0x00, 0x00, 0x00, 0x00, 0x00, 0x00, 0x00, 0x00,
  0x00, 0x00, 0x00, 0x00, 0x00, 0x00, 0x00, 0x00, 0x00, 0x00, 0x00, 0x00,
  0x00, 0x00, 0x00, 0x00, 0x00, 0x00, 0x00, 0x00, 0x00, 0x00, 0x00, 0x00,
  0x00, 0x00, 0x00, 0x00, 0x00, 0x00, 0x00, 0x00, 0x00, 0x00, 0x00, 0x00,
  0x00, 0x00, 0x00, 0x00, 0x00, 0x00, 0x00, 0x00, 0x00, 0x00, 0x00, 0x00,
  0x00, 0x00, 0x00, 0x00, 0x00, 0x00, 0x00, 0x00, 0x00, 0x00, 0x00, 0x00,
  0x00, 0x00, 0x00, 0x00, 0xc0, 0x20, 0x21, 0x83, 0x61, 0x9b, 0x81, 0x9b,
  0x61, 0x93, 0x82, 0x93, 0x62, 0x93, 0x61, 0x93, 0x61, 0x93, 0x61, 0x93,
  0x61, 0x93, 0x61, 0x93, 0x61, 0x93, 0x61, 0x93, 0x61, 0x93, 0x62, 0x93,
  0x42, 0x93, 0x61, 0x39, 0x00, 0x00, 0x00, 0x00, 0x00, 0x00, 0x00, 0x00,
  0x00, 0x00, 0x00, 0x00, 0x00, 0x00, 0x00, 0x00, 0x00, 0x00, 0x00, 0x00,
  0x00, 0x00, 0x00, 0x00, 0x00, 0x00, 0x00, 0x00, 0x00, 0x00, 0x00, 0x00,
  0x00, 0x00, 0x00, 0x00, 0x00, 0x00, 0x00, 0x00, 0x00, 0x00, 0x00, 0x00,
  0x00, 0x00, 0x00, 0x00, 0x00, 0x00, 0x00, 0x00, 0x00, 0x00, 0x61, 0x08,
  0x00, 0x00, 0x00, 0x00, 0x00, 0x00, 0x00, 0x00, 0x05, 0x01, 0x2f, 0x0b,
  0x50, 0x0b, 0x2f, 0x0b, 0x4f, 0x0b, 0x4f, 0x0b, 0x2f, 0x0b, 0x4f, 0x0b,
  0x4f, 0x0b, 0x2f, 0x0b, 0x4f, 0x0b, 0x4f, 0x0b, 0x4f, 0x0b, 0x4f, 0x0b,
  0x4f, 0x0b, 0x4f, 0x0b, 0x2f, 0x0b, 0x50, 0x03, 0x30, 0x0b, 0xc8, 0x09,
  0x00, 0x00, 0x00, 0x00, 0x00, 0x00, 0x00, 0x00, 0x00, 0x00, 0x00, 0x00,
  0x00, 0x00, 0x00, 0x00, 0x00, 0x00, 0x00, 0x00, 0x00, 0x00, 0x00, 0x00,
  0x00, 0x00, 0x00, 0x00, 0x00, 0x00, 0x00, 0x00, 0x00, 0x00, 0x00, 0x00,
  0x00, 0x00, 0x00, 0x00, 0x00, 0x00, 0x62, 0x00, 0xac, 0x0a, 0x2f, 0x0b,
  0x2f, 0x0b, 0x2f, 0x0b, 0x4f, 0x0b, 0x4f, 0x0b, 0x4f, 0x0b, 0x4f, 0x0b,
  0x4f, 0x0b, 0x4f, 0x0b, 0x4f, 0x0b, 0x4f, 0x0b, 0x4f, 0x0b, 0x4f, 0x0b,
  0x4f, 0x0b, 0x2f, 0x0b, 0x4f, 0x0b, 0x2f, 0x0b, 0xcc, 0x0a, 0x61, 0x00,
  0x00, 0x00, 0x00, 0x00, 0x00, 0x00, 0x00, 0x00, 0xc1, 0x21, 0xa1, 0x43,
  0xa1, 0x43, 0xa1, 0x43, 0xc1, 0x43, 0xc1, 0x43, 0xc1, 0x43, 0xc1, 0x43,
  0xc1, 0x4b, 0xc1, 0x4b, 0xc1, 0x4b, 0xc1, 0x4b, 0xc1, 0x4b, 0xc1, 0x4b,
  0xc1, 0x4b, 0xc1, 0x4b, 0xc1, 0x4b, 0xc1, 0x4b, 0xc1, 0x4b, 0xc1, 0x4b,
  0xc1, 0x43, 0xc1, 0x43, 0xc1, 0x43, 0xa1, 0x43, 0xa1, 0x43, 0xa1, 0x43,
  0x61, 0x43, 0xc1, 0x3a, 0x41, 0x2a, 0xa1, 0x21, 0xc0, 0x10, 0x40, 0x08,
  0x00, 0x00, 0x00, 0x00, 0x00, 0x00, 0x00, 0x00, 0x00, 0x00, 0x00, 0x00,
  0x00, 0x00, 0x00, 0x00, 0x00, 0x00, 0x00, 0x00, 0x00, 0x00, 0x00, 0x00,
  0xe1, 0x49, 0xe1, 0xfd, 0xc1, 0xfd, 0xc0, 0xfd, 0xe0, 0xfd, 0xe0, 0xfd,
  0xe0, 0xfd, 0xe0, 0xfd, 0xe0, 0xfd, 0xe0, 0xfd, 0xe0, 0xfd, 0xe0, 0xfd,
  0xc0, 0xfd, 0xc0, 0xfd, 0xc0, 0xfd, 0xe0, 0xfd, 0xc1, 0xfd, 0xe2, 0xd4,
  0x00, 0x29, 0x00, 0x00, 0x00, 0x00, 0x00, 0x00, 0x00, 0x00, 0x00, 0x00,
  0x00, 0x00, 0x00, 0x00, 0x00, 0x00, 0x00, 0x00, 0x00, 0x00, 0x00, 0x00,
  0x00, 0x00, 0x00, 0x00, 0x00, 0x00, 0x00, 0x00, 0x00, 0x00, 0x00, 0x00,
  0x00, 0x00, 0x00, 0x00, 0x00, 0x00, 0x00, 0x00, 0x00, 0x00, 0x00, 0x00,
  0x00, 0x00, 0x00, 0x00, 0x00, 0x00, 0xc3, 0x72, 0x80, 0x10, 0x00, 0x00,
  0x00, 0x00, 0x00, 0x00, 0xe4, 0x00, 0x18, 0x0d, 0xfc, 0x05, 0xbb, 0x05,
  0xdb, 0x05, 0xdb, 0x05, 0xdb, 0x05, 0xdb, 0x05, 0xdb, 0x05, 0xdb, 0x05,
  0xdb, 0x05, 0xbb, 0x05, 0xbb, 0x05, 0xbb, 0x05, 0xbb, 0x05, 0xbb, 0x05,
  0xbb, 0x05, 0xdc, 0x05, 0xbc, 0x05, 0x37, 0x0d, 0x25, 0x09, 0x00, 0x00,
  0x00, 0x00, 0x00, 0x00, 0x00, 0x00, 0x00, 0x00, 0x00, 0x00, 0x00, 0x00,
  0x00, 0x00, 0x00, 0x00, 0x00, 0x00, 0x00, 0x00, 0x00, 0x00, 0x00, 0x00,
  0x00, 0x00, 0x00, 0x00, 0x00, 0x00, 0x00, 0x00, 0x00, 0x00, 0x00, 0x00,
  0x00, 0x00, 0xed, 0x0a, 0xda, 0x0d, 0xbb, 0x05, 0xbb, 0x05, 0xbb, 0x05,
  0xdb, 0x05, 0xdb, 0x05, 0xdb, 0x05, 0xdb, 0x05, 0xdb, 0x05, 0xdb, 0x05,
  0xdb, 0x05, 0xdb, 0x05, 0xdb, 0x05, 0xdb, 0x05, 0xdb, 0x05, 0xbc, 0x05,
  0xbc, 0x05, 0xdc, 0x0d, 0xd1, 0x0b, 0x20, 0x00, 0x00, 0x00, 0x00, 0x00,
  0x00, 0x00, 0x21, 0x19, 0xa1, 0x65, 0x80, 0x6e, 0x60, 0x6e, 0x60, 0x6e,
  0x80, 0x6e, 0x60, 0x6e, 0x60, 0x6e, 0x60, 0x6e, 0x60, 0x6e, 0x60, 0x6e,
  0x60, 0x6e, 0x60, 0x6e, 0x60, 0x6e, 0x60, 0x6e, 0x60, 0x6e, 0x60, 0x6e,
  0x60, 0x6e, 0x60, 0x6e, 0x60, 0x6e, 0x60, 0x6e, 0x60, 0x6e, 0x60, 0x6e,
  0x60, 0x6e, 0x80, 0x6e, 0x60, 0x6e, 0x60, 0x6e, 0x61, 0x6e, 0x61, 0x76,
  0x41, 0x6e, 0x21, 0x6e, 0xa1, 0x65, 0x02, 0x5d, 0xc2, 0x4b, 0xe1, 0x29,
  0x60, 0x08, 0x00, 0x00, 0x00, 0x00, 0x00, 0x00, 0x00, 0x00, 0x00, 0x00,
  0x00, 0x00, 0x00, 0x00, 0x00, 0x00, 0x00, 0x00, 0xc1, 0x49, 0xa1, 0xf5,
  0xa0, 0xf5, 0xa0, 0xfd, 0xa0, 0xfd, 0xa0, 0xfd, 0xa0, 0xfd, 0xa0, 0xfd,
  0xa0, 0xfd, 0xa0, 0xfd, 0xa0, 0xfd, 0xa0, 0xfd, 0xa0, 0xfd, 0xa0, 0xfd,
  0xa0, 0xfd, 0xa0, 0xfd, 0xa1, 0xf5, 0xc0, 0xfd, 0x62, 0xc4, 0xa0, 0x18,
  0x00, 0x00, 0x00, 0x00, 0x00, 0x00, 0x00, 0x00, 0x00, 0x00, 0x00, 0x00,
  0x00, 0x00, 0x00, 0x00, 0x00, 0x00, 0x00, 0x00, 0x00, 0x00, 0x00, 0x00,
  0x00, 0x00, 0x00, 0x00, 0x00, 0x00, 0x00, 0x00, 0x00, 0x00, 0x00, 0x00,
  0x00, 0x00, 0x00, 0x00, 0x00, 0x00, 0x00, 0x00, 0x00, 0x00, 0x00, 0x00,
  0x00, 0x00, 0x03, 0xb4, 0xe2, 0x7a, 0x00, 0x00, 0x00, 0x00, 0x00, 0x00,
  0x00, 0x00, 0x4a, 0x0a, 0x9a, 0x0d, 0x9b, 0x05, 0x9a, 0x05, 0x9b, 0x05,
  0x9b, 0x05, 0x9b, 0x05, 0x9b, 0x05, 0x9b, 0x05, 0x9b, 0x05, 0x9b, 0x05,
  0x9b, 0x05, 0x9b, 0x05, 0x9b, 0x05, 0x9b, 0x05, 0x7a, 0x05, 0x9a, 0x05,
  0x9b, 0x05, 0xdb, 0x05, 0x13, 0x0c, 0x21, 0x00, 0x00, 0x00, 0x00, 0x00,
  0x00, 0x00, 0x00, 0x00, 0x00, 0x00, 0x00, 0x00, 0x00, 0x00, 0x00, 0x00,
  0x00, 0x00, 0x00, 0x00, 0x00, 0x00, 0x00, 0x00, 0x00, 0x00, 0x00, 0x00,
  0x00, 0x00, 0x00, 0x00, 0x00, 0x00, 0x00, 0x00, 0x46, 0x09, 0x39, 0x0d,
  0xbb, 0x05, 0x9b, 0x05, 0x9b, 0x05, 0x9b, 0x05, 0x9b, 0x05, 0x9b, 0x05,
  0x9b, 0x05, 0x9b, 0x05, 0x9b, 0x05, 0x9b, 0x05, 0x9b, 0x05, 0x9b, 0x05,
  0x9b, 0x05, 0x9b, 0x05, 0x9b, 0x05, 0x9b, 0x05, 0x9b, 0x05, 0xf6, 0x0c,
  0xc3, 0x00, 0x00, 0x00, 0x00, 0x00, 0x00, 0x00, 0x20, 0x00, 0x42, 0x54,
  0x80, 0x6e, 0x40, 0x66, 0x40, 0x6e, 0x40, 0x6e, 0x40, 0x6e, 0x40, 0x6e,
  0x40, 0x6e, 0x40, 0x6e, 0x40, 0x6e, 0x40, 0x6e, 0x40, 0x6e, 0x40, 0x6e,
  0x40, 0x6e, 0x40, 0x6e, 0x40, 0x6e, 0x40, 0x6e, 0x40, 0x6e, 0x40, 0x6e,
  0x40, 0x6e, 0x40, 0x6e, 0x40, 0x6e, 0x40, 0x6e, 0x40, 0x6e, 0x40, 0x6e,
  0x40, 0x6e, 0x40, 0x6e, 0x40, 0x6e, 0x40, 0x6e, 0x40, 0x6e, 0x40, 0x6e,
  0x40, 0x6e, 0x60, 0x6e, 0x80, 0x76, 0x21, 0x6e, 0xe2, 0x5c, 0xc2, 0x3a,
  0xa0, 0x10, 0x00, 0x00, 0x00, 0x00, 0x00, 0x00, 0x00, 0x00, 0x00, 0x00,
  0x00, 0x00, 0x00, 0x00, 0xa1, 0x49, 0x82, 0xf5, 0xa0, 0xfd, 0xa0, 0xfd,
  0xa0, 0xfd, 0xa0, 0xfd, 0xa0, 0xfd, 0xa0, 0xfd, 0xa0, 0xfd, 0xa0, 0xfd,
  0xa0, 0xfd, 0xa0, 0xfd, 0xa0, 0xfd, 0xa0, 0xfd, 0xa0, 0xfd, 0xa0, 0xfd,
  0xa0, 0xfd, 0xa0, 0xfd, 0xe1, 0xfd, 0xe2, 0xab, 0x40, 0x08, 0x00, 0x00,
  0x00, 0x00, 0x00, 0x00, 0x00, 0x00, 0x00, 0x00, 0x00, 0x00, 0x00, 0x00,
  0x00, 0x00, 0x00, 0x00, 0x00, 0x00, 0x00, 0x00, 0x00, 0x00, 0x00, 0x00,
  0x00, 0x00, 0x00, 0x00, 0x00, 0x00, 0x00, 0x00, 0x00, 0x00, 0x00, 0x00,
  0x00, 0x00, 0x00, 0x00, 0x00, 0x00, 0x00, 0x00, 0x00, 0x00, 0xa2, 0xa3,
  0x63, 0xed, 0x01, 0x29, 0x00, 0x00, 0x00, 0x00, 0x00, 0x00, 0x20, 0x00,
  0xf2, 0x0b, 0xbc, 0x05, 0x9b, 0x05, 0x9b, 0x05, 0x9a, 0x05, 0x9a, 0x05,
  0x9a, 0x05, 0x9a, 0x05, 0x9a, 0x05, 0x9a, 0x05, 0x9a, 0x05, 0x9a, 0x05,
  0x9a, 0x05, 0x9a, 0x05, 0x9b, 0x05, 0x9b, 0x05, 0x9b, 0x05, 0x9b, 0x05,
  0x9a, 0x0d, 0x2a, 0x0a, 0x00, 0x00, 0x00, 0x00, 0x00, 0x00, 0x00, 0x00,
  0x00, 0x00, 0x00, 0x00, 0x00, 0x00, 0x00, 0x00, 0x00, 0x00, 0x00, 0x00,
  0x00, 0x00, 0x00, 0x00, 0x00, 0x00, 0x00, 0x00, 0x00, 0x00, 0x00, 0x00,
  0x00, 0x00, 0x41, 0x00, 0x13, 0x0c, 0xdb, 0x05, 0x9b, 0x05, 0x9b, 0x05,
  0x9a, 0x05, 0x9b, 0x05, 0x9b, 0x05, 0x9a, 0x05, 0x9a, 0x05, 0x9a, 0x05,
  0x9a, 0x05, 0x9a, 0x05, 0x9a, 0x05, 0x9a, 0x05, 0x9a, 0x05, 0x9a, 0x05,
  0x9a, 0x05, 0x9b, 0x05, 0x9b, 0x05, 0x4a, 0x0a, 0x00, 0x00, 0x00, 0x00,
  0x00, 0x00, 0x00, 0x00, 0x21, 0x2a, 0x22, 0x6e, 0x40, 0x6e, 0x40, 0x6e,
  0x40, 0x6e, 0x40, 0x6e, 0x40, 0x6e, 0x40, 0x6e, 0x40, 0x6e, 0x40, 0x6e,
  0x40, 0x6e, 0x40, 0x6e, 0x40, 0x6e, 0x40, 0x6e, 0x40, 0x6e, 0x40, 0x6e,
  0x40, 0x6e, 0x40, 0x6e, 0x40, 0x6e, 0x40, 0x6e, 0x40, 0x6e, 0x40, 0x6e,
  0x40, 0x6e, 0x40, 0x6e, 0x40, 0x6e, 0x40, 0x6e, 0x40, 0x6e, 0x40, 0x6e,
  0x40, 0x6e, 0x40, 0x6e, 0x40, 0x6e, 0x40, 0x6e, 0x40, 0x6e, 0x40, 0x6e,
  0x40, 0x6e, 0x40, 0x6e, 0x60, 0x76, 0x61, 0x76, 0x21, 0x65, 0x01, 0x2a,
  0x00, 0x00, 0x00, 0x00, 0x00, 0x00, 0x00, 0x00, 0x00, 0x00, 0x00, 0x00,
  0xa1, 0x41, 0x81, 0xf5, 0xa0, 0xfd, 0xa0, 0xfd, 0xa0, 0xfd, 0xa0, 0xfd,
  0xa0, 0xfd, 0xa0, 0xfd, 0xa0, 0xfd, 0xa0, 0xfd, 0xa0, 0xfd, 0xa0, 0xfd,
  0xa0, 0xfd, 0xa0, 0xfd, 0xa0, 0xfd, 0xa0, 0xfd, 0xa0, 0xfd, 0x80, 0xfd,
  0xa0, 0xfd, 0xc1, 0xfd, 0x42, 0x8b, 0x20, 0x00, 0x00, 0x00, 0x00, 0x00,
  0x00, 0x00, 0x00, 0x00, 0x00, 0x00, 0x00, 0x00, 0x00, 0x00, 0x00, 0x00,
  0x00, 0x00, 0x00, 0x00, 0x00, 0x00, 0x00, 0x00, 0x00, 0x00, 0x00, 0x00,
  0x00, 0x00, 0x00, 0x00, 0x00, 0x00, 0x00, 0x00, 0x00, 0x00, 0x00, 0x00,
  0x00, 0x00, 0x00, 0x00, 0x00, 0x00, 0xa1, 0x9b, 0x01, 0xfe, 0xa3, 0x9b,
  0x00, 0x00, 0x00, 0x00, 0x00, 0x00, 0x00, 0x00, 0x25, 0x01, 0x39, 0x05,
  0x9b, 0x05, 0x9a, 0x05, 0x9a, 0x05, 0x9a, 0x05, 0x9a, 0x05, 0x9b, 0x05,
  0x9b, 0x05, 0x9a, 0x05, 0x9a, 0x05, 0x9a, 0x05, 0x9a, 0x05, 0x9b, 0x05,
  0x9b, 0x05, 0x9b, 0x05, 0x9b, 0x05, 0x9b, 0x05, 0xbb, 0x05, 0xb6, 0x0c,
  0xa3, 0x00, 0x00, 0x00, 0x00, 0x00, 0x00, 0x00, 0x00, 0x00, 0x00, 0x00,
  0x00, 0x00, 0x00, 0x00, 0x00, 0x00, 0x00, 0x00, 0x00, 0x00, 0x00, 0x00,
  0x00, 0x00, 0x00, 0x00, 0x00, 0x00, 0x00, 0x00, 0x00, 0x00, 0x4a, 0x0a,
  0x9a, 0x0d, 0x9b, 0x05, 0x9a, 0x05, 0x9a, 0x05, 0x9a, 0x05, 0x9a, 0x05,
  0x9a, 0x05, 0x9a, 0x05, 0x9a, 0x05, 0x9a, 0x05, 0x9a, 0x05, 0x9a, 0x05,
  0x9a, 0x05, 0x9b, 0x05, 0xbb, 0x05, 0xba, 0x05, 0x9a, 0x05, 0xbb, 0x05,
  0xf3, 0x03, 0x21, 0x00, 0x00, 0x00, 0x00, 0x00, 0x00, 0x00, 0xa0, 0x08,
  0x22, 0x65, 0x60, 0x76, 0x40, 0x6e, 0x40, 0x6e, 0x40, 0x6e, 0x40, 0x6e,
  0x40, 0x6e, 0x40, 0x6e, 0x40, 0x6e, 0x40, 0x6e, 0x40, 0x6e, 0x40, 0x6e,
  0x40, 0x6e, 0x40, 0x6e, 0x40, 0x6e, 0x40, 0x6e, 0x40, 0x6e, 0x40, 0x6e,
  0x40, 0x6e, 0x40, 0x6e, 0x40, 0x6e, 0x40, 0x6e, 0x40, 0x6e, 0x40, 0x6e,
  0x40, 0x6e, 0x40, 0x6e, 0x40, 0x6e, 0x40, 0x6e, 0x40, 0x6e, 0x40, 0x6e,
  0x40, 0x6e, 0x40, 0x6e, 0x40, 0x6e, 0x40, 0x6e, 0x40, 0x6e, 0x40, 0x6e,
  0x40, 0x6e, 0x60, 0x6e, 0x60, 0x6e, 0x01, 0x76, 0x22, 0x43, 0x20, 0x00,
  0x00, 0x00, 0x00, 0x00, 0x00, 0x00, 0x00, 0x00, 0xa1, 0x41, 0x81, 0xf5,
  0xa0, 0xfd, 0xa0, 0xfd, 0x80, 0xfd, 0xa0, 0xfd, 0xa0, 0xfd, 0xa0, 0xfd,
  0xa0, 0xfd, 0xa0, 0xfd, 0xa0, 0xfd, 0xa0, 0xfd, 0xa0, 0xfd, 0xa0, 0xfd,
  0xa0, 0xfd, 0xa0, 0xfd, 0xa0, 0xfd, 0xa0, 0xfd, 0xa0, 0xfd, 0xa0, 0xfd,
  0xa1, 0xfd, 0xc1, 0x72, 0x00, 0x00, 0x00, 0x00, 0x00, 0x00, 0x00, 0x00,
  0x00, 0x00, 0x00, 0x00, 0x00, 0x00, 0x00, 0x00, 0x00, 0x00, 0x00, 0x00,
  0x00, 0x00, 0x00, 0x00, 0x00, 0x00, 0x00, 0x00, 0x00, 0x00, 0x00, 0x00,
  0x00, 0x00, 0x00, 0x00, 0x00, 0x00, 0x00, 0x00, 0x00, 0x00, 0x00, 0x00,
  0x00, 0x00, 0xa1, 0x9b, 0xe0, 0xfd, 0x82, 0xf5, 0xc2, 0x49, 0x00, 0x00,
  0x00, 0x00, 0x00, 0x00, 0x00, 0x00, 0xed, 0x02, 0xbb, 0x05, 0x9b, 0x05,
  0x9b, 0x05, 0x9b, 0x05, 0x9b, 0x05, 0x9b, 0x05, 0x9b, 0x05, 0x9b, 0x05,
  0x9b, 0x05, 0x9b, 0x05, 0x9b, 0x05, 0x9b, 0x05, 0x9b, 0x05, 0x9b, 0x05,
  0x9b, 0x05, 0x9b, 0x05, 0x9b, 0x05, 0xbb, 0x05, 0x2f, 0x0b, 0x00, 0x00,
  0x00, 0x00, 0x00, 0x00, 0x00, 0x00, 0x00, 0x00, 0x00, 0x00, 0x00, 0x00,
  0x00, 0x00, 0x00, 0x00, 0x00, 0x00, 0x00, 0x00, 0x00, 0x00, 0x00, 0x00,
  0x00, 0x00, 0x00, 0x00, 0xc3, 0x00, 0xd7, 0x0c, 0x9b, 0x05, 0x9a, 0x05,
  0x9a, 0x05, 0x9a, 0x05, 0x9a, 0x05, 0x9a, 0x05, 0x9a, 0x05, 0x9b, 0x05,
  0x9b, 0x05, 0x9b, 0x05, 0x9b, 0x05, 0x9b, 0x05, 0xba, 0x05, 0x9a, 0x05,
  0x9a, 0x05, 0x9b, 0x05, 0x9b, 0x05, 0x59, 0x05, 0x25, 0x01, 0x00, 0x00,
  0x00, 0x00, 0x00, 0x00, 0x00, 0x00, 0x62, 0x43, 0x60, 0x76, 0x40, 0x6e,
  0x40, 0x6e, 0x40, 0x6e, 0x40, 0x6e, 0x40, 0x6e, 0x40, 0x6e, 0x40, 0x6e,
  0x40, 0x6e, 0x40, 0x6e, 0x40, 0x6e, 0x40, 0x6e, 0x40, 0x6e, 0x40, 0x6e,
  0x40, 0x6e, 0x40, 0x6e, 0x40, 0x6e, 0x40, 0x6e, 0x40, 0x6e, 0x40, 0x6e,
  0x40, 0x6e, 0x40, 0x6e, 0x40, 0x6e, 0x40, 0x6e, 0x40, 0x6e, 0x40, 0x6e,
  0x40, 0x6e, 0x40, 0x6e, 0x40, 0x6e, 0x40, 0x6e, 0x40, 0x6e, 0x40, 0x6e,
  0x40, 0x6e, 0x40, 0x6e, 0x40, 0x6e, 0x40, 0x6e, 0x40, 0x6e, 0x40, 0x6e,
  0x40, 0x6e, 0x40, 0x6e, 0x22, 0x76, 0x01, 0x43, 0x00, 0x00, 0x00, 0x00,
  0x00, 0x00, 0x00, 0x00, 0xa1, 0x41, 0x81, 0xf5, 0xa0, 0xfd, 0xa0, 0xfd,
  0x80, 0xfd, 0xa0, 0xfd, 0xa0, 0xfd, 0xa0, 0xfd, 0xa0, 0xfd, 0xa0, 0xfd,
  0xa0, 0xfd, 0xa0, 0xfd, 0xa0, 0xfd, 0xa0, 0xfd, 0xa0, 0xfd, 0xa0, 0xfd,
  0xa0, 0xfd, 0xa0, 0xf5, 0xa0, 0xfd, 0x80, 0xfd, 0xa0, 0xfd, 0x81, 0xed,
  0xe1, 0x51, 0x00, 0x00, 0x00, 0x00, 0x00, 0x00, 0x00, 0x00, 0x00, 0x00,
  0x00, 0x00, 0x00, 0x00, 0x00, 0x00, 0x00, 0x00, 0x00, 0x00, 0x00, 0x00,
  0x00, 0x00, 0x00, 0x00, 0x00, 0x00, 0x00, 0x00, 0x00, 0x00, 0x00, 0x00,
  0x00, 0x00, 0x00, 0x00, 0x00, 0x00, 0x00, 0x00, 0x00, 0x00, 0xa1, 0x9b,
  0xc0, 0xfd, 0xc0, 0xfd, 0x82, 0xbc, 0x60, 0x08, 0x00, 0x00, 0x00, 0x00,
  0x00, 0x00, 0x61, 0x00, 0x75, 0x04, 0xbc, 0x05, 0x9b, 0x05, 0x9b, 0x05,
  0x9b, 0x05, 0x9b, 0x05, 0x9a, 0x05, 0x9b, 0x05, 0x9b, 0x05, 0x9b, 0x05,
  0x9b, 0x05, 0x9b, 0x05, 0x9b, 0x05, 0x9b, 0x05, 0x9b, 0x05, 0x9b, 0x05,
  0x9b, 0x05, 0xbb, 0x05, 0x5a, 0x0d, 0x66, 0x01, 0x00, 0x00, 0x00, 0x00,
  0x00, 0x00, 0x00, 0x00, 0x00, 0x00, 0x00, 0x00, 0x00, 0x00, 0x00, 0x00,
  0x00, 0x00, 0x00, 0x00, 0x00, 0x00, 0x00, 0x00, 0x00, 0x00, 0x00, 0x00,
  0x70, 0x0b, 0xbc, 0x05, 0x9b, 0x05, 0x9a, 0x05, 0x9b, 0x05, 0x9b, 0x05,
  0x9b, 0x05, 0x9b, 0x05, 0x9b, 0x05, 0x9b, 0x05, 0x9b, 0x05, 0x9b, 0x05,
  0x9b, 0x05, 0xbb, 0x05, 0x9b, 0x05, 0x7a, 0x05, 0x9a, 0x05, 0x9b, 0x05,
  0xbb, 0x05, 0xee, 0x0a, 0x00, 0x00, 0x00, 0x00, 0x00, 0x00, 0x00, 0x00,
  0x61, 0x21, 0xe1, 0x6d, 0x60, 0x6e, 0x40, 0x66, 0x40, 0x6e, 0x40, 0x6e,
  0x40, 0x6e, 0x40, 0x6e, 0x40, 0x6e, 0x40, 0x6e, 0x40, 0x6e, 0x40, 0x6e,
  0x40, 0x6e, 0x40, 0x6e, 0x40, 0x6e, 0x40, 0x6e, 0x40, 0x6e, 0x40, 0x6e,
  0x40, 0x6e, 0x40, 0x6e, 0x40, 0x6e, 0x40, 0x6e, 0x40, 0x6e, 0x40, 0x6e,
  0x40, 0x6e, 0x40, 0x6e, 0x40, 0x6e, 0x40, 0x6e, 0x40, 0x6e, 0x40, 0x6e,
  0x40, 0x6e, 0x40, 0x6e, 0x40, 0x6e, 0x40, 0x6e, 0x40, 0x6e, 0x40, 0x6e,
  0x40, 0x6e, 0x40, 0x6e, 0x40, 0x6e, 0x40, 0x6e, 0x40, 0x6e, 0x40, 0x6e,
  0x60, 0x6e, 0x21, 0x6e, 0x01, 0x2a, 0x00, 0x00, 0x00, 0x00, 0x00, 0x00,
  0xa1, 0x41, 0x81, 0xf5, 0xa0, 0xfd, 0xa0, 0xfd, 0x80, 0xfd, 0xa0, 0xfd,
  0xa0, 0xfd, 0xa0, 0xfd, 0xa0, 0xfd, 0xa0, 0xfd, 0xa0, 0xfd, 0xa0, 0xfd,
  0xa0, 0xfd, 0xa0, 0xfd, 0xa0, 0xfd, 0xa0, 0xfd, 0xa0, 0xfd, 0xa0, 0xfd,
  0xa0, 0xfd, 0xa0, 0xfd, 0xa0, 0xfd, 0xc0, 0xfd, 0x02, 0xe5, 0x61, 0x39,
  0x00, 0x00, 0x00, 0x00, 0x00, 0x00, 0x00, 0x00, 0x00, 0x00, 0x00, 0x00,
  0x00, 0x00, 0x00, 0x00, 0x00, 0x00, 0x00, 0x00, 0x00, 0x00, 0x00, 0x00,
  0x00, 0x00, 0x00, 0x00, 0x00, 0x00, 0x00, 0x00, 0x00, 0x00, 0x00, 0x00,
  0x00, 0x00, 0x00, 0x00, 0x00, 0x00, 0xa1, 0x9b, 0xe0, 0xfd, 0xc0, 0xf5,
  0xc1, 0xfd, 0xa2, 0x72, 0x00, 0x00, 0x00, 0x00, 0x00, 0x00, 0x00, 0x00,
  0xc8, 0x01, 0x7a, 0x0d, 0xbb, 0x05, 0x9b, 0x05, 0x9b, 0x05, 0x9b, 0x05,
  0x9a, 0x05, 0x9b, 0x05, 0x9b, 0x05, 0x9b, 0x05, 0x9b, 0x05, 0x9b, 0x05,
  0x9b, 0x05, 0x9b, 0x05, 0x9b, 0x05, 0x9b, 0x05, 0x9b, 0x05, 0x9b, 0x05,
  0xba, 0x05, 0x13, 0x0c, 0x41, 0x00, 0x00, 0x00, 0x00, 0x00, 0x00, 0x00,
  0x00, 0x00, 0x00, 0x00, 0x00, 0x00, 0x00, 0x00, 0x00, 0x00, 0x00, 0x00,
  0x00, 0x00, 0x00, 0x00, 0x00, 0x00, 0xa7, 0x01, 0x7a, 0x05, 0x9a, 0x05,
  0x9b, 0x05, 0x9a, 0x05, 0x9b, 0x05, 0x9b, 0x05, 0x9b, 0x05, 0x9b, 0x05,
  0x9b, 0x05, 0x9b, 0x05, 0x9b, 0x05, 0x9b, 0x05, 0x9b, 0x05, 0x9b, 0x05,
  0x9b, 0x05, 0x9a, 0x05, 0xbb, 0x05, 0xbb, 0x05, 0x95, 0x14, 0x82, 0x00,
  0x00, 0x00, 0x00, 0x00, 0x00, 0x00, 0x40, 0x08, 0x81, 0x5c, 0x60, 0x76,
  0x60, 0x66, 0x40, 0x6e, 0x40, 0x6e, 0x40, 0x6e, 0x40, 0x6e, 0x40, 0x6e,
  0x40, 0x6e, 0x40, 0x6e, 0x40, 0x6e, 0x40, 0x6e, 0x40, 0x6e, 0x40, 0x6e,
  0x40, 0x6e, 0x40, 0x6e, 0x40, 0x6e, 0x40, 0x6e, 0x40, 0x6e, 0x40, 0x6e,
  0x40, 0x6e, 0x40, 0x6e, 0x40, 0x6e, 0x40, 0x6e, 0x40, 0x6e, 0x40, 0x6e,
  0x40, 0x6e, 0x40, 0x6e, 0x40, 0x6e, 0x40, 0x6e, 0x40, 0x6e, 0x40, 0x6e,
  0x40, 0x6e, 0x40, 0x6e, 0x40, 0x6e, 0x40, 0x6e, 0x40, 0x6e, 0x40, 0x6e,
  0x40, 0x6e, 0x40, 0x6e, 0x40, 0x6e, 0x40, 0x6e, 0x60, 0x66, 0x80, 0x6e,
  0x21, 0x65, 0xa0, 0x08, 0x00, 0x00, 0x00, 0x00, 0xa1, 0x41, 0x81, 0xf5,
  0xa0, 0xfd, 0xa0, 0xfd, 0x80, 0xfd, 0xa0, 0xfd, 0xa0, 0xfd, 0xa0, 0xfd,
  0xa0, 0xfd, 0xa0, 0xfd, 0xa0, 0xfd, 0xa0, 0xfd, 0xa0, 0xfd, 0xa0, 0xfd,
  0xa0, 0xfd, 0xa0, 0xfd, 0xa0, 0xfd, 0xa0, 0xfd, 0xa0, 0xfd, 0xa0, 0xf5,
  0xa0, 0xf5, 0xa0, 0xfd, 0xc0, 0xfd, 0xc1, 0xcc, 0xe1, 0x28, 0x00, 0x00,
  0x00, 0x00, 0x00, 0x00, 0x00, 0x00, 0x00, 0x00, 0x00, 0x00, 0x00, 0x00,
  0x00, 0x00, 0x00, 0x00, 0x00, 0x00, 0x00, 0x00, 0x00, 0x00, 0x00, 0x00,
  0x00, 0x00, 0x00, 0x00, 0x00, 0x00, 0x00, 0x00, 0x00, 0x00, 0x00, 0x00,
  0x00, 0x00, 0xa1, 0xa3, 0xc0, 0xfd, 0xa0, 0xfd, 0xa0, 0xfd, 0x03, 0xe5,
  0x01, 0x29, 0x00, 0x00, 0x00, 0x00, 0x00, 0x00, 0x00, 0x00, 0x90, 0x0b,
  0xdb, 0x05, 0x9b, 0x05, 0x9b, 0x05, 0x9b, 0x05, 0x9a, 0x05, 0x9b, 0x05,
  0x9b, 0x05, 0x9b, 0x05, 0x9b, 0x05, 0x9b, 0x05, 0x9b, 0x05, 0x9b, 0x05,
  0x9b, 0x05, 0x9b, 0x05, 0x9b, 0x05, 0x9a, 0x05, 0x9a, 0x05, 0xbb, 0x05,
  0x6b, 0x0a, 0x00, 0x00, 0x00, 0x00, 0x00, 0x00, 0x00, 0x00, 0x00, 0x00,
  0x00, 0x00, 0x00, 0x00, 0x00, 0x00, 0x00, 0x00, 0x00, 0x00, 0x00, 0x00,
  0x62, 0x00, 0x55, 0x0c, 0xbb, 0x05, 0x9a, 0x05, 0x9b, 0x05, 0x9b, 0x05,
  0x9b, 0x05, 0x9b, 0x05, 0x9b, 0x05, 0x9b, 0x05, 0x9b, 0x05, 0x9b, 0x05,
  0x9b, 0x05, 0x9b, 0x05, 0x9b, 0x05, 0x9b, 0x05, 0x9a, 0x05, 0x9a, 0x05,
  0xbb, 0x05, 0x59, 0x15, 0xe8, 0x09, 0x00, 0x00, 0x00, 0x00, 0x00, 0x00,
  0x00, 0x00, 0xa1, 0x32, 0x41, 0x76, 0x40, 0x6e, 0x40, 0x6e, 0x40, 0x6e,
  0x40, 0x6e, 0x40, 0x6e, 0x40, 0x6e, 0x40, 0x6e, 0x40, 0x6e, 0x40, 0x6e,
  0x40, 0x6e, 0x40, 0x6e, 0x40, 0x6e, 0x40, 0x6e, 0x40, 0x6e, 0x40, 0x6e,
  0x40, 0x6e, 0x40, 0x6e, 0x40, 0x6e, 0x40, 0x6e, 0x40, 0x6e, 0x40, 0x6e,
  0x40, 0x6e, 0x40, 0x6e, 0x40, 0x6e, 0x40, 0x6e, 0x40, 0x6e, 0x40, 0x6e,
  0x40, 0x6e, 0x40, 0x6e, 0x40, 0x6e, 0x40, 0x6e, 0x40, 0x6e, 0x40, 0x6e,
  0x40, 0x6e, 0x40, 0x6e, 0x40, 0x6e, 0x40, 0x6e, 0x40, 0x6e, 0x40, 0x6e,
  0x40, 0x6e, 0x40, 0x6e, 0x41, 0x6e, 0x60, 0x66, 0x61, 0x76, 0x01, 0x43,
  0x00, 0x00, 0x00, 0x00, 0xc1, 0x49, 0x81, 0xf5, 0xa0, 0xfd, 0xa0, 0xfd,
  0xa0, 0xfd, 0xa0, 0xfd, 0xa0, 0xfd, 0xa0, 0xfd, 0xa0, 0xfd, 0xa0, 0xfd,
  0xa0, 0xfd, 0xa0, 0xfd, 0xa0, 0xfd, 0xa0, 0xfd, 0xa0, 0xfd, 0xa0, 0xfd,
  0xa0, 0xfd, 0xa0, 0xfd, 0xa0, 0xfd, 0xa0, 0xfd, 0xa0, 0xfd, 0xa0, 0xfd,
  0xa0, 0xfd, 0xc0, 0xfd, 0x62, 0xbc, 0xa1, 0x18, 0x00, 0x00, 0x00, 0x00,
  0x00, 0x00, 0x00, 0x00, 0x00, 0x00, 0x00, 0x00, 0x00, 0x00, 0x00, 0x00,
  0x00, 0x00, 0x00, 0x00, 0x00, 0x00, 0x00, 0x00, 0x00, 0x00, 0x00, 0x00,
  0x00, 0x00, 0x00, 0x00, 0x00, 0x00, 0x00, 0x00, 0x00, 0x00, 0xa1, 0x9b,
  0xc1, 0xfd, 0xa0, 0xfd, 0xa0, 0xfd, 0xc1, 0xfd, 0xe2, 0xab, 0x20, 0x00,
  0x00, 0x00, 0x00, 0x00, 0x00, 0x00, 0xe4, 0x00, 0xf7, 0x0c, 0xbb, 0x05,
  0xbb, 0x05, 0x9b, 0x05, 0x9b, 0x05, 0x9b, 0x05, 0x9b, 0x05, 0x9b, 0x05,
  0x9b, 0x05, 0x9b, 0x05, 0x9b, 0x05, 0x9b, 0x05, 0x9b, 0x05, 0x9b, 0x05,
  0x9b, 0x05, 0x9a, 0x05, 0x9b, 0x05, 0xba, 0x05, 0x38, 0x0d, 0x05, 0x01,
  0x00, 0x00, 0x00, 0x00, 0x00, 0x00, 0x00, 0x00, 0x00, 0x00, 0x00, 0x00,
  0x00, 0x00, 0x00, 0x00, 0x00, 0x00, 0x00, 0x00, 0xcc, 0x02, 0xbb, 0x05,
  0x9a, 0x05, 0xbb, 0x05, 0x9b, 0x05, 0x9b, 0x05, 0x9b, 0x05, 0x9b, 0x05,
  0x9b, 0x05, 0x9b, 0x05, 0x9b, 0x05, 0x9b, 0x05, 0x9b, 0x05, 0x9b, 0x05,
  0x9b, 0x05, 0x9b, 0x05, 0x9a, 0x05, 0x9a, 0x05, 0xdb, 0x05, 0x91, 0x13,
  0x20, 0x00, 0x00, 0x00, 0x00, 0x00, 0x00, 0x00, 0xc0, 0x10, 0x62, 0x65,
  0x61, 0x6e, 0x40, 0x6e, 0x40, 0x6e, 0x40, 0x6e, 0x40, 0x6e, 0x40, 0x6e,
  0x40, 0x6e, 0x40, 0x6e, 0x40, 0x6e, 0x40, 0x6e, 0x40, 0x6e, 0x40, 0x6e,
  0x40, 0x6e, 0x40, 0x6e, 0x40, 0x6e, 0x40, 0x6e, 0x40, 0x6e, 0x40, 0x6e,
  0x40, 0x6e, 0x40, 0x6e, 0x40, 0x6e, 0x40, 0x6e, 0x40, 0x6e, 0x40, 0x6e,
  0x40, 0x6e, 0x40, 0x6e, 0x40, 0x6e, 0x40, 0x6e, 0x40, 0x6e, 0x40, 0x6e,
  0x40, 0x6e, 0x40, 0x6e, 0x40, 0x6e, 0x40, 0x6e, 0x40, 0x6e, 0x40, 0x6e,
  0x40, 0x6e, 0x40, 0x6e, 0x40, 0x6e, 0x40, 0x6e, 0x40, 0x6e, 0x40, 0x6e,
  0x40, 0x6e, 0x40, 0x6e, 0x60, 0x6e, 0x41, 0x65, 0x80, 0x08, 0x00, 0x00,
  0xc1, 0x49, 0x81, 0xf5, 0xa0, 0xfd, 0xa0, 0xfd, 0xa0, 0xfd, 0xa0, 0xfd,
  0xa0, 0xfd, 0xa0, 0xfd, 0xa0, 0xfd, 0xa0, 0xfd, 0xa0, 0xfd, 0xa0, 0xfd,
  0xa0, 0xfd, 0xa0, 0xfd, 0xa0, 0xfd, 0xa0, 0xfd, 0xa0, 0xfd, 0xa0, 0xfd,
  0xa0, 0xfd, 0xa0, 0xfd, 0xa0, 0xfd, 0xa0, 0xfd, 0xa0, 0xfd, 0xa0, 0xfd,
  0xe1, 0xfd, 0xe2, 0xa3, 0x40, 0x08, 0x00, 0x00, 0x00, 0x00, 0x00, 0x00,
  0x00, 0x00, 0x00, 0x00, 0x00, 0x00, 0x00, 0x00, 0x00, 0x00, 0x00, 0x00,
  0x00, 0x00, 0x00, 0x00, 0x00, 0x00, 0x00, 0x00, 0x00, 0x00, 0x00, 0x00,
  0x00, 0x00, 0x00, 0x00, 0x00, 0x00, 0xa1, 0x9b, 0xc0, 0xfd, 0xa0, 0xfd,
  0xa0, 0xfd, 0xa0, 0xfd, 0x82, 0xf5, 0x02, 0x5a, 0x00, 0x00, 0x00, 0x00,
  0x00, 0x00, 0x00, 0x00, 0x6b, 0x0a, 0x9b, 0x05, 0x9b, 0x05, 0x9b, 0x05,
  0x9a, 0x05, 0x9b, 0x05, 0x9b, 0x05, 0x9b, 0x05, 0x9b, 0x05, 0x9b, 0x05,
  0x9b, 0x05, 0x9b, 0x05, 0x9b, 0x05, 0x9b, 0x05, 0x9b, 0x05, 0x9a, 0x05,
  0x9b, 0x05, 0x9a, 0x05, 0xbc, 0x05, 0xb2, 0x0b, 0x20, 0x00, 0x00, 0x00,
  0x00, 0x00, 0x00, 0x00, 0x00, 0x00, 0x00, 0x00, 0x00, 0x00, 0x00, 0x00,
  0x00, 0x00, 0x05, 0x01, 0x18, 0x0d, 0x9b, 0x05, 0x9a, 0x05, 0xbb, 0x05,
  0x9b, 0x05, 0x9b, 0x05, 0x9b, 0x05, 0x9b, 0x05, 0x9b, 0x05, 0x9b, 0x05,
  0x9b, 0x05, 0x9b, 0x05, 0x9b, 0x05, 0x9b, 0x05, 0x9b, 0x05, 0x9a, 0x05,
  0x9b, 0x05, 0x9b, 0x05, 0x37, 0x0d, 0x04, 0x01, 0x00, 0x00, 0x00, 0x00,
  0x00, 0x00, 0x00, 0x00, 0x81, 0x43, 0x61, 0x6e, 0x40, 0x6e, 0x40, 0x6e,
  0x40, 0x6e, 0x41, 0x6e, 0x40, 0x6e, 0x40, 0x6e, 0x40, 0x6e, 0x40, 0x6e,
  0x40, 0x6e, 0x40, 0x6e, 0x40, 0x6e, 0x40, 0x6e, 0x40, 0x6e, 0x40, 0x6e,
  0x40, 0x6e, 0x40, 0x6e, 0x40, 0x6e, 0x40, 0x6e, 0x40, 0x6e, 0x40, 0x6e,
  0x40, 0x6e, 0x40, 0x6e, 0x40, 0x6e, 0x40, 0x6e, 0x40, 0x6e, 0x40, 0x6e,
  0x40, 0x6e, 0x40, 0x6e, 0x40, 0x6e, 0x40, 0x6e, 0x40, 0x6e, 0x40, 0x6e,
  0x40, 0x6e, 0x40, 0x6e, 0x40, 0x6e, 0x40, 0x6e, 0x40, 0x6e, 0x40, 0x6e,
  0x40, 0x6e, 0x40, 0x6e, 0x40, 0x6e, 0x40, 0x6e, 0x40, 0x6e, 0x40, 0x6e,
  0x40, 0x6e, 0x40, 0x76, 0xe1, 0x29, 0x00, 0x00, 0xc1, 0x49, 0x81, 0xf5,
  0xa0, 0xfd, 0xa0, 0xfd, 0xa0, 0xfd, 0xa0, 0xfd, 0xa0, 0xfd, 0xa0, 0xfd,
  0xa0, 0xfd, 0xa0, 0xfd, 0xa0, 0xfd, 0xa0, 0xfd, 0xa0, 0xfd, 0xa0, 0xfd,
  0xa0, 0xfd, 0xa0, 0xfd, 0xa0, 0xfd, 0xa0, 0xfd, 0xa0, 0xfd, 0xa0, 0xfd,
  0xa0, 0xfd, 0xa0, 0xfd, 0xa0, 0xf5, 0xa0, 0xfd, 0xa0, 0xfd, 0xc1, 0xfd,
  0x41, 0x93, 0x20, 0x00, 0x00, 0x00, 0x00, 0x00, 0x00, 0x00, 0x00, 0x00,
  0x00, 0x00, 0x00, 0x00, 0x00, 0x00, 0x00, 0x00, 0x00, 0x00, 0x00, 0x00,
  0x00, 0x00, 0x00, 0x00, 0x00, 0x00, 0x00, 0x00, 0x00, 0x00, 0x00, 0x00,
  0x00, 0x00, 0xa1, 0x9b, 0xc0, 0xfd, 0xa0, 0xfd, 0xa0, 0xfd, 0xa0, 0xfd,
  0xc0, 0xfd, 0xc3, 0xd4, 0xa1, 0x18, 0x00, 0x00, 0x00, 0x00, 0x00, 0x00,
  0x41, 0x00, 0x34, 0x0c, 0xbb, 0x05, 0x9b, 0x05, 0x9b, 0x05, 0x9a, 0x05,
  0x9b, 0x05, 0x9b, 0x05, 0x9b, 0x05, 0x9b, 0x05, 0x9b, 0x05, 0x9b, 0x05,
  0x9b, 0x05, 0x9b, 0x05, 0x9b, 0x05, 0x9b, 0x05, 0x9b, 0x05, 0x9a, 0x05,
  0x9b, 0x05, 0x9b, 0x05, 0x09, 0x0a, 0x00, 0x00, 0x00, 0x00, 0x00, 0x00,
  0x00, 0x00, 0x00, 0x00, 0x00, 0x00, 0x00, 0x00, 0x20, 0x00, 0xd2, 0x0b,
  0xbb, 0x05, 0x9a, 0x05, 0x9a, 0x05, 0x9b, 0x05, 0x9b, 0x05, 0x9b, 0x05,
  0x9b, 0x05, 0x9b, 0x05, 0x9b, 0x05, 0x9b, 0x05, 0x9b, 0x05, 0x9b, 0x05,
  0x9b, 0x05, 0x9b, 0x05, 0x9b, 0x05, 0x9b, 0x05, 0xbb, 0x05, 0xba, 0x05,
  0xac, 0x0a, 0x00, 0x00, 0x00, 0x00, 0x00, 0x00, 0x00, 0x00, 0xa0, 0x21,
  0xe0, 0x6d, 0x40, 0x6e, 0x40, 0x6e, 0x40, 0x6e, 0x40, 0x6e, 0x40, 0x6e,
  0x60, 0x66, 0x40, 0x6e, 0x40, 0x6e, 0x40, 0x6e, 0x40, 0x6e, 0x40, 0x6e,
  0x40, 0x6e, 0x40, 0x6e, 0x40, 0x6e, 0x40, 0x6e, 0x40, 0x6e, 0x40, 0x6e,
  0x40, 0x6e, 0x40, 0x6e, 0x40, 0x6e, 0x60, 0x6e, 0x40, 0x6e, 0x40, 0x6e,
  0x40, 0x6e, 0x40, 0x66, 0x40, 0x6e, 0x40, 0x66, 0x60, 0x66, 0x40, 0x6e,
  0x40, 0x6e, 0x40, 0x6e, 0x40, 0x6e, 0x40, 0x6e, 0x40, 0x6e, 0x40, 0x6e,
  0x40, 0x6e, 0x40, 0x6e, 0x40, 0x6e, 0x40, 0x6e, 0x40, 0x6e, 0x40, 0x6e,
  0x40, 0x6e, 0x40, 0x6e, 0x40, 0x6e, 0x40, 0x6e, 0x40, 0x6e, 0x60, 0x76,
  0x61, 0x43, 0x00, 0x00, 0xa1, 0x49, 0x81, 0xf5, 0xa0, 0xfd, 0xa0, 0xfd,
  0xa0, 0xfd, 0xa0, 0xfd, 0xa0, 0xfd, 0xa0, 0xfd, 0xa0, 0xfd, 0xa0, 0xfd,
  0xa0, 0xfd, 0xa0, 0xfd, 0xa0, 0xfd, 0xa0, 0xfd, 0xa0, 0xfd, 0xa0, 0xfd,
  0xa0, 0xfd, 0xa0, 0xfd, 0xa0, 0xfd, 0xa0, 0xfd, 0xa0, 0xfd, 0xc0, 0xfd,
  0xa0, 0xf5, 0xa0, 0xfd, 0xa0, 0xfd, 0xa0, 0xfd, 0xa1, 0xfd, 0xa2, 0x72,
  0x00, 0x00, 0x00, 0x00, 0x00, 0x00, 0x00, 0x00, 0x00, 0x00, 0x00, 0x00,
  0x00, 0x00, 0x00, 0x00, 0x00, 0x00, 0x00, 0x00, 0x00, 0x00, 0x00, 0x00,
  0x00, 0x00, 0x00, 0x00, 0x00, 0x00, 0x00, 0x00, 0x00, 0x00, 0xa1, 0x9b,
  0xc0, 0xfd, 0xa0, 0xfd, 0xa0, 0xfd, 0xa0, 0xfd, 0xa0, 0xfd, 0xc1, 0xfd,
  0x02, 0x8b, 0x00, 0x00, 0x00, 0x00, 0x00, 0x00, 0x00, 0x00, 0x87, 0x01,
  0x79, 0x05, 0xbb, 0x05, 0x9b, 0x05, 0x9a, 0x05, 0x9b, 0x05, 0x9b, 0x05,
  0x9b, 0x05, 0x9b, 0x05, 0x9b, 0x05, 0x9b, 0x05, 0x9b, 0x05, 0x9b, 0x05,
  0x9b, 0x05, 0x9b, 0x05, 0x9b, 0x05, 0x9a, 0x05, 0x9a, 0x05, 0xbb, 0x05,
  0xb6, 0x0c, 0x82, 0x00, 0x00, 0x00, 0x00, 0x00, 0x00, 0x00, 0x00, 0x00,
  0x00, 0x00, 0x00, 0x00, 0x09, 0x02, 0x9b, 0x0d, 0xbb, 0x05, 0x9a, 0x05,
  0x9b, 0x05, 0x9b, 0x05, 0x9b, 0x05, 0x9b, 0x05, 0x9b, 0x05, 0x9b, 0x05,
  0x9b, 0x05, 0x9b, 0x05, 0x9b, 0x05, 0x9b, 0x05, 0x9b, 0x05, 0x9b, 0x05,
  0x9b, 0x05, 0x9b, 0x05, 0xbb, 0x05, 0x74, 0x0c, 0x41, 0x00, 0x00, 0x00,
  0x00, 0x00, 0x00, 0x00, 0x40, 0x00, 0xa0, 0x5c, 0x60, 0x6e, 0x40, 0x6e,
  0x40, 0x6e, 0x40, 0x6e, 0x40, 0x6e, 0x40, 0x6e, 0x40, 0x76, 0x40, 0x6e,
  0x40, 0x6e, 0x40, 0x6e, 0x40, 0x6e, 0x40, 0x6e, 0x40, 0x6e, 0x40, 0x6e,
  0x40, 0x6e, 0x40, 0x6e, 0x40, 0x6e, 0x41, 0x6e, 0x41, 0x6e, 0x40, 0x6e,
  0x40, 0x6e, 0x40, 0x6e, 0x40, 0x6e, 0x40, 0x6e, 0x40, 0x6e, 0x40, 0x76,
  0x40, 0x76, 0x40, 0x6e, 0x60, 0x6e, 0x60, 0x76, 0x60, 0x76, 0x60, 0x6e,
  0x40, 0x6e, 0x40, 0x6e, 0x40, 0x6e, 0x40, 0x6e, 0x40, 0x6e, 0x40, 0x6e,
  0x40, 0x6e, 0x40, 0x6e, 0x40, 0x6e, 0x40, 0x6e, 0x40, 0x6e, 0x40, 0x6e,
  0x40, 0x6e, 0x40, 0x6e, 0x40, 0x6e, 0x60, 0x6e, 0xc1, 0x5c, 0x40, 0x00,
  0xa1, 0x49, 0x81, 0xf5, 0xa0, 0xfd, 0xa0, 0xfd, 0xa0, 0xfd, 0xa0, 0xfd,
  0xa0, 0xfd, 0xa0, 0xfd, 0xa0, 0xfd, 0xa0, 0xfd, 0xa0, 0xfd, 0xa0, 0xfd,
  0xa0, 0xfd, 0xa0, 0xfd, 0xa0, 0xfd, 0xa0, 0xfd, 0xa0, 0xfd, 0xa0, 0xfd,
  0xa0, 0xfd, 0xa0, 0xfd, 0xa0, 0xfd, 0xa0, 0xfd, 0xa0, 0xfd, 0x80, 0xfd,
  0xa0, 0xfd, 0xa0, 0xfd, 0xa0, 0xfd, 0x61, 0xf5, 0x01, 0x5a, 0x00, 0x00,
  0x00, 0x00, 0x00, 0x00, 0x00, 0x00, 0x00, 0x00, 0x00, 0x00, 0x00, 0x00,
  0x00, 0x00, 0x00, 0x00, 0x00, 0x00, 0x00, 0x00, 0x00, 0x00, 0x00, 0x00,
  0x00, 0x00, 0x00, 0x00, 0x00, 0x00, 0xc1, 0xa3, 0xc0, 0xfd, 0xa0, 0xfd,
  0xa0, 0xfd, 0xa0, 0xfd, 0xa0, 0xfd, 0xc0, 0xfd, 0x22, 0xed, 0x41, 0x39,
  0x00, 0x00, 0x00, 0x00, 0x00, 0x00, 0x00, 0x00, 0x4f, 0x0b, 0xbb, 0x05,
  0x9b, 0x05, 0x9b, 0x05, 0x9b, 0x05, 0x9b, 0x05, 0x9b, 0x05, 0x9b, 0x05,
  0x9b, 0x05, 0x9b, 0x05, 0x9b, 0x05, 0x9b, 0x05, 0x9b, 0x05, 0x9b, 0x05,
  0x9a, 0x05, 0x9b, 0x05, 0xbb, 0x05, 0x9a, 0x05, 0xbc, 0x05, 0x0e, 0x03,
  0x00, 0x00, 0x00, 0x00, 0x00, 0x00, 0x00, 0x00, 0x00, 0x00, 0x82, 0x00,
  0xb6, 0x0c, 0xbb, 0x05, 0x9a, 0x05, 0x9b, 0x05, 0x9b, 0x05, 0x9b, 0x05,
  0x9b, 0x05, 0x9b, 0x05, 0x9b, 0x05, 0x9b, 0x05, 0x9b, 0x05, 0x9b, 0x05,
  0x9b, 0x05, 0x9b, 0x05, 0x9a, 0x05, 0x9b, 0x05, 0x9b, 0x05, 0x9b, 0x05,
  0x79, 0x0d, 0x87, 0x09, 0x00, 0x00, 0x00, 0x00, 0x00, 0x00, 0x00, 0x00,
  0xa1, 0x32, 0x40, 0x76, 0x40, 0x6e, 0x40, 0x6e, 0x40, 0x6e, 0x40, 0x66,
  0x60, 0x66, 0x20, 0x6e, 0x61, 0x43, 0x00, 0x2a, 0x20, 0x2a, 0x20, 0x2a,
  0x20, 0x2a, 0x20, 0x2a, 0x20, 0x2a, 0x20, 0x2a, 0x20, 0x2a, 0x20, 0x2a,
  0x20, 0x2a, 0x00, 0x2a, 0x00, 0x2a, 0x00, 0x2a, 0xe0, 0x21, 0xe0, 0x21,
  0xe0, 0x21, 0xe0, 0x21, 0xe0, 0x21, 0xe0, 0x29, 0xe0, 0x29, 0x00, 0x2a,
  0x40, 0x32, 0xe1, 0x3a, 0x41, 0x54, 0xc1, 0x6d, 0x60, 0x76, 0x40, 0x6e,
  0x40, 0x6e, 0x40, 0x6e, 0x40, 0x6e, 0x40, 0x6e, 0x40, 0x6e, 0x40, 0x6e,
  0x40, 0x6e, 0x40, 0x6e, 0x40, 0x6e, 0x40, 0x6e, 0x40, 0x6e, 0x40, 0x6e,
  0x40, 0x6e, 0x60, 0x6e, 0x81, 0x65, 0xc0, 0x10, 0xc1, 0x49, 0x81, 0xf5,
  0xa0, 0xfd, 0xa0, 0xfd, 0xa0, 0xfd, 0xa0, 0xfd, 0xa0, 0xfd, 0xa0, 0xfd,
  0xa0, 0xfd, 0xa0, 0xfd, 0xa0, 0xfd, 0xa0, 0xfd, 0xa0, 0xfd, 0xa0, 0xfd,
  0xa0, 0xfd, 0xa0, 0xfd, 0xa0, 0xfd, 0xa0, 0xfd, 0xa0, 0xfd, 0xa0, 0xfd,
  0xa0, 0xfd, 0xa0, 0xfd, 0xa0, 0xfd, 0xa0, 0xfd, 0xa0, 0xfd, 0xa0, 0xfd,
  0xa0, 0xfd, 0xa0, 0xfd, 0x21, 0xe5, 0x61, 0x39, 0x00, 0x00, 0x00, 0x00,
  0x00, 0x00, 0x00, 0x00, 0x00, 0x00, 0x00, 0x00, 0x00, 0x00, 0x00, 0x00,
  0x00, 0x00, 0x00, 0x00, 0x00, 0x00, 0x00, 0x00, 0x00, 0x00, 0x00, 0x00,
  0x00, 0x00, 0xc1, 0xa3, 0xc0, 0xfd, 0xa0, 0xfd, 0xa0, 0xfd, 0xa0, 0xfd,
  0xa0, 0xfd, 0xa0, 0xfd, 0xa1, 0xfd, 0x22, 0xb4, 0x40, 0x08, 0x00, 0x00,
  0x00, 0x00, 0x00, 0x00, 0xa3, 0x00, 0xb6, 0x0c, 0xbb, 0x05, 0x9a, 0x05,
  0x9a, 0x05, 0xbb, 0x05, 0x9b, 0x05, 0x9a, 0x05, 0x9b, 0x05, 0x9b, 0x05,
  0x9b, 0x05, 0x9b, 0x05, 0x9b, 0x05, 0x9b, 0x05, 0x9b, 0x05, 0x9b, 0x05,
  0x9b, 0x05, 0x9b, 0x05, 0x9b, 0x05, 0x59, 0x0d, 0x45, 0x01, 0x00, 0x00,
  0x00, 0x00, 0x00, 0x00, 0x00, 0x00, 0x2f, 0x0b, 0x9c, 0x0d, 0x9b, 0x05,
  0xba, 0x05, 0x9b, 0x05, 0x9b, 0x05, 0x9b, 0x05, 0x9b, 0x05, 0x9b, 0x05,
  0x9b, 0x05, 0x9b, 0x05, 0x9b, 0x05, 0x9b, 0x05, 0x9b, 0x05, 0x9b, 0x05,
  0xba, 0x05, 0x9b, 0x05, 0x7b, 0x05, 0xdb, 0x05, 0x4f, 0x0b, 0x00, 0x00,
  0x00, 0x00, 0x00, 0x00, 0x00, 0x00, 0xe0, 0x10, 0x81, 0x65, 0x60, 0x6e,
  0x40, 0x6e, 0x40, 0x6e, 0x40, 0x6e, 0x40, 0x6e, 0x40, 0x6e, 0x20, 0x6e,
  0xa0, 0x21, 0x00, 0x00, 0x00, 0x00, 0x00, 0x00, 0x00, 0x00, 0x00, 0x00,
  0x00, 0x00, 0x00, 0x00, 0x00, 0x00, 0x00, 0x00, 0x00, 0x00, 0x00, 0x00,
  0x00, 0x00, 0x00, 0x00, 0x00, 0x00, 0x00, 0x00, 0x00, 0x00, 0x00, 0x00,
  0x00, 0x00, 0x00, 0x00, 0x00, 0x00, 0x00, 0x00, 0x00, 0x00, 0x00, 0x00,
  0x00, 0x00, 0x00, 0x11, 0xc1, 0x4b, 0x21, 0x76, 0x41, 0x6e, 0x60, 0x6e,
  0x40, 0x6e, 0x40, 0x6e, 0x40, 0x6e, 0x40, 0x6e, 0x40, 0x6e, 0x40, 0x6e,
  0x40, 0x6e, 0x40, 0x6e, 0x40, 0x6e, 0x40, 0x6e, 0x40, 0x6e, 0x60, 0x6e,
  0xe1, 0x6d, 0x80, 0x19, 0xc1, 0x49, 0x81, 0xf5, 0xa0, 0xfd, 0xa0, 0xfd,
  0xa0, 0xfd, 0xa0, 0xfd, 0xa0, 0xfd, 0xa0, 0xfd, 0xa0, 0xfd, 0xa0, 0xfd,
  0xa0, 0xfd, 0xa0, 0xfd, 0xa0, 0xfd, 0xa0, 0xfd, 0xa0, 0xfd, 0xa0, 0xfd,
  0xa0, 0xfd, 0xa0, 0xfd, 0xa0, 0xfd, 0xa0, 0xfd, 0xa0, 0xfd, 0xa0, 0xfd,
  0xa0, 0xfd, 0xa0, 0xfd, 0xa0, 0xfd, 0xa0, 0xfd, 0xc0, 0xf5, 0xa0, 0xfd,
  0xc0, 0xfd, 0xa1, 0xcc, 0xe0, 0x20, 0x00, 0x00, 0x00, 0x00, 0x00, 0x00,
  0x00, 0x00, 0x00, 0x00, 0x00, 0x00, 0x00, 0x00, 0x00, 0x00, 0x00, 0x00,
  0x00, 0x00, 0x00, 0x00, 0x00, 0x00, 0x00, 0x00, 0x00, 0x00, 0xc1, 0xa3,
  0xe0, 0xfd, 0xa0, 0xfd, 0xa0, 0xfd, 0xa0, 0xfd, 0xa0, 0xfd, 0x80, 0xfd,
  0xa0, 0xfd, 0xa1, 0xf5, 0x22, 0x5a, 0x00, 0x00, 0x00, 0x00, 0x00, 0x00,
  0x00, 0x00, 0x2a, 0x02, 0xba, 0x05, 0x9b, 0x05, 0x9b, 0x05, 0xba, 0x05,
  0x9a, 0x05, 0x9a, 0x05, 0x9b, 0x05, 0x9b, 0x05, 0x9b, 0x05, 0x9b, 0x05,
  0x9b, 0x05, 0x9b, 0x05, 0x9b, 0x05, 0x9b, 0x05, 0x9b, 0x05, 0x9b, 0x05,
  0x9b, 0x05, 0xbb, 0x05, 0xf2, 0x0b, 0x20, 0x00, 0x00, 0x00, 0x00, 0x00,
  0x87, 0x01, 0x79, 0x05, 0x9a, 0x05, 0x9a, 0x05, 0x9b, 0x05, 0x9b, 0x05,
  0x9b, 0x05, 0x9b, 0x05, 0x9b, 0x05, 0x9b, 0x05, 0x9b, 0x05, 0x9b, 0x05,
  0x9b, 0x05, 0x9b, 0x05, 0x9a, 0x05, 0x9a, 0x05, 0x9b, 0x05, 0x9b, 0x05,
  0x9b, 0x0d, 0xd6, 0x0c, 0xa2, 0x00, 0x00, 0x00, 0x00, 0x00, 0x00, 0x00,
  0x00, 0x00, 0xc1, 0x4b, 0x60, 0x76, 0x40, 0x6e, 0x40, 0x6e, 0x40, 0x6e,
  0x40, 0x6e, 0x40, 0x6e, 0x40, 0x6e, 0x40, 0x6e, 0xe1, 0x21, 0x00, 0x00,
  0x00, 0x00, 0x00, 0x00, 0x00, 0x00, 0x00, 0x00, 0x00, 0x00, 0x00, 0x00,
  0x00, 0x00, 0x00, 0x00, 0x00, 0x00, 0x00, 0x00, 0x00, 0x00, 0x00, 0x00,
  0x00, 0x00, 0x00, 0x00, 0x00, 0x00, 0x00, 0x00, 0x00, 0x00, 0x00, 0x00,
  0x00, 0x00, 0x00, 0x00, 0x00, 0x00, 0x00, 0x00, 0x00, 0x00, 0x00, 0x00,
  0x20, 0x00, 0xc1, 0x4b, 0x61, 0x6e, 0x40, 0x6e, 0x40, 0x6e, 0x40, 0x6e,
  0x40, 0x6e, 0x40, 0x6e, 0x40, 0x6e, 0x40, 0x6e, 0x40, 0x6e, 0x40, 0x6e,
  0x40, 0x6e, 0x40, 0x6e, 0x40, 0x6e, 0x40, 0x6e, 0x21, 0x6e, 0x01, 0x2a,
  0xc1, 0x49, 0x81, 0xf5, 0xa0, 0xfd, 0xa0, 0xfd, 0xa0, 0xfd, 0xa0, 0xfd,
  0xa0, 0xfd, 0xa0, 0xfd, 0xa0, 0xfd, 0xa0, 0xfd, 0xa0, 0xfd, 0xa0, 0xfd,
  0xa0, 0xfd, 0xa0, 0xfd, 0xa0, 0xfd, 0xa0, 0xfd, 0xa0, 0xfd, 0xa0, 0xfd,
  0xa0, 0xfd, 0xa0, 0xfd, 0xa0, 0xfd, 0xa0, 0xfd, 0xa0, 0xfd, 0xa0, 0xfd,
  0xa0, 0xfd, 0xa0, 0xfd, 0xc0, 0xfd, 0xa0, 0xfd, 0xa0, 0xfd, 0xe0, 0xfd,
  0x41, 0xbc, 0x80, 0x10, 0x00, 0x00, 0x00, 0x00, 0x00, 0x00, 0x00, 0x00,
  0x00, 0x00, 0x00, 0x00, 0x00, 0x00, 0x00, 0x00, 0x00, 0x00, 0x00, 0x00,
  0x00, 0x00, 0x00, 0x00, 0x00, 0x00, 0xc1, 0xa3, 0xe0, 0xfd, 0xa0, 0xfd,
  0xa0, 0xfd, 0xa0, 0xfd, 0xa0, 0xfd, 0xa0, 0xfd, 0xa0, 0xfd, 0xc0, 0xfd,
  0xc2, 0xd4, 0xa1, 0x18, 0x00, 0x00, 0x00, 0x00, 0x00, 0x00, 0x20, 0x00,
  0xf3, 0x0b, 0xbc, 0x05, 0x9b, 0x05, 0x9a, 0x05, 0x9a, 0x05, 0x9a, 0x05,
  0x9b, 0x05, 0x9b, 0x05, 0x9b, 0x05, 0x9b, 0x05, 0x9b, 0x05, 0x9b, 0x05,
  0x9b, 0x05, 0x9b, 0x05, 0x9b, 0x05, 0x9b, 0x05, 0xba, 0x05, 0x9b, 0x05,
  0x9b, 0x05, 0x6b, 0x02, 0x00, 0x00, 0x41, 0x00, 0x54, 0x0c, 0xbc, 0x05,
  0x9a, 0x05, 0x9a, 0x05, 0x9b, 0x05, 0x9b, 0x05, 0x9b, 0x05, 0x9b, 0x05,
  0x9b, 0x05, 0x9b, 0x05, 0x9b, 0x05, 0x9b, 0x05, 0x9b, 0x05, 0x9b, 0x05,
  0x9b, 0x05, 0x9a, 0x05, 0x9b, 0x05, 0x9b, 0x05, 0x9a, 0x0d, 0x09, 0x0a,
  0x00, 0x00, 0x00, 0x00, 0x00, 0x00, 0x00, 0x00, 0xe1, 0x29, 0x21, 0x6e,
  0x40, 0x6e, 0x40, 0x6e, 0x40, 0x6e, 0x40, 0x6e, 0x40, 0x6e, 0x40, 0x6e,
  0x40, 0x6e, 0x40, 0x6e, 0xe1, 0x21, 0x00, 0x00, 0x00, 0x00, 0x00, 0x00,
  0x00, 0x00, 0x00, 0x00, 0x00, 0x00, 0x00, 0x00, 0x00, 0x00, 0x00, 0x00,
  0x00, 0x00, 0x00, 0x00, 0x00, 0x00, 0x00, 0x00, 0x00, 0x00, 0x00, 0x00,
  0x00, 0x00, 0x00, 0x00, 0x00, 0x00, 0x00, 0x00, 0x00, 0x00, 0x00, 0x00,
  0x00, 0x00, 0x00, 0x00, 0x00, 0x00, 0x00, 0x00, 0x00, 0x00, 0x00, 0x11,
  0xc1, 0x65, 0x60, 0x6e, 0x40, 0x6e, 0x40, 0x66, 0x40, 0x6e, 0x40, 0x6e,
  0x40, 0x6e, 0x40, 0x6e, 0x40, 0x6e, 0x40, 0x6e, 0x40, 0x6e, 0x40, 0x6e,
  0x40, 0x6e, 0x40, 0x6e, 0x41, 0x6e, 0x81, 0x32, 0xc1, 0x49, 0x81, 0xf5,
  0xa0, 0xfd, 0xa0, 0xfd, 0xa0, 0xfd, 0xa0, 0xfd, 0xa0, 0xfd, 0xa0, 0xfd,
  0xa0, 0xfd, 0xa0, 0xfd, 0xa0, 0xfd, 0xa0, 0xfd, 0xa0, 0xfd, 0xa0, 0xfd,
  0xa0, 0xfd, 0xa0, 0xfd, 0xa0, 0xfd, 0xa0, 0xfd, 0xa0, 0xfd, 0xa0, 0xfd,
  0xa0, 0xfd, 0xa0, 0xfd, 0xa0, 0xfd, 0xa0, 0xfd, 0xa0, 0xfd, 0xa0, 0xfd,
  0xa0, 0xfd, 0xa0, 0xfd, 0xa0, 0xf5, 0xa0, 0xf5, 0xa0, 0xfd, 0xa0, 0xa3,
  0x40, 0x08, 0x00, 0x00, 0x00, 0x00, 0x00, 0x00, 0x00, 0x00, 0x00, 0x00,
  0x00, 0x00, 0x00, 0x00, 0x00, 0x00, 0x00, 0x00, 0x00, 0x00, 0x00, 0x00,
  0x00, 0x00, 0xc1, 0xa3, 0xe0, 0xfd, 0xa0, 0xfd, 0xa0, 0xfd, 0xa0, 0xfd,
  0xa0, 0xfd, 0xa0, 0xfd, 0xa0, 0xfd, 0x80, 0xfd, 0xc1, 0xfd, 0x42, 0x8b,
  0x00, 0x00, 0x00, 0x00, 0x00, 0x00, 0x00, 0x00, 0x46, 0x09, 0x38, 0x0d,
  0xbb, 0x05, 0x9b, 0x05, 0x9a, 0x05, 0x9b, 0x05, 0x9b, 0x05, 0x9b, 0x05,
  0x9b, 0x05, 0x9b, 0x05, 0x9b, 0x05, 0x9b, 0x05, 0x9b, 0x05, 0x9b, 0x05,
  0x9b, 0x05, 0x9b, 0x05, 0x9a, 0x05, 0xbb, 0x05, 0x9c, 0x05, 0x17, 0x05,
  0x04, 0x01, 0x8b, 0x02, 0xbb, 0x05, 0x9b, 0x05, 0x9b, 0x05, 0x9b, 0x05,
  0xbb, 0x05, 0x9b, 0x05, 0x9b, 0x05, 0x9b, 0x05, 0x9b, 0x05, 0x9b, 0x05,
  0x9b, 0x05, 0x9b, 0x05, 0x9b, 0x05, 0x9b, 0x05, 0x9b, 0x05, 0x9a, 0x05,
  0x9a, 0x05, 0xdb, 0x05, 0xf1, 0x0b, 0x20, 0x00, 0x00, 0x00, 0x00, 0x00,
  0x00, 0x00, 0x80, 0x08, 0x01, 0x5d, 0x60, 0x6e, 0x41, 0x6e, 0x40, 0x6e,
  0x40, 0x6e, 0x40, 0x6e, 0x40, 0x6e, 0x40, 0x6e, 0x40, 0x6e, 0x41, 0x6e,
  0xc1, 0x21, 0x00, 0x00, 0x00, 0x00, 0x00, 0x00, 0x00, 0x00, 0x00, 0x00,
  0x00, 0x00, 0x00, 0x00, 0x00, 0x00, 0x00, 0x00, 0x00, 0x00, 0x00, 0x00,
  0x00, 0x00, 0x00, 0x00, 0x00, 0x00, 0x00, 0x00, 0x00, 0x00, 0x00, 0x00,
  0x00, 0x00, 0x00, 0x00, 0x00, 0x00, 0x00, 0x00, 0x00, 0x00, 0x00, 0x00,
  0x00, 0x00, 0x00, 0x00, 0x00, 0x00, 0x00, 0x00, 0xa1, 0x54, 0x80, 0x6e,
  0x40, 0x6e, 0x40, 0x6e, 0x40, 0x6e, 0x40, 0x6e, 0x40, 0x6e, 0x40, 0x6e,
  0x40, 0x6e, 0x40, 0x6e, 0x40, 0x6e, 0x40, 0x6e, 0x40, 0x6e, 0x60, 0x6e,
  0x60, 0x6e, 0x00, 0x3b, 0xc1, 0x49, 0x81, 0xf5, 0xa0, 0xfd, 0xa0, 0xfd,
  0xa0, 0xfd, 0xa0, 0xfd, 0xa0, 0xfd, 0xa0, 0xfd, 0xa0, 0xfd, 0xa0, 0xfd,
  0xa0, 0xfd, 0xa0, 0xfd, 0xa0, 0xfd, 0xa0, 0xfd, 0xa0, 0xfd, 0xa0, 0xfd,
  0xa0, 0xfd, 0xa0, 0xfd, 0xa0, 0xfd, 0xa0, 0xfd, 0xa0, 0xfd, 0xa0, 0xfd,
  0xa0, 0xfd, 0xa0, 0xfd, 0xa0, 0xfd, 0xa0, 0xfd, 0xa0, 0xfd, 0xa0, 0xfd,
  0xa0, 0xfd, 0xa0, 0xfd, 0xa0, 0xfd, 0xa1, 0xfd, 0x21, 0x8b, 0x00, 0x00,
  0x00, 0x00, 0x00, 0x00, 0x00, 0x00, 0x00, 0x00, 0x00, 0x00, 0x00, 0x00,
  0x00, 0x00, 0x00, 0x00, 0x00, 0x00, 0x00, 0x00, 0x00, 0x00, 0xe1, 0xa3,
  0xe0, 0xfd, 0xa0, 0xfd, 0xa0, 0xfd, 0xa0, 0xfd, 0xa0, 0xfd, 0xa0, 0xfd,
  0xa0, 0xfd, 0xa0, 0xfd, 0xc0, 0xfd, 0x62, 0xed, 0x81, 0x41, 0x00, 0x00,
  0x00, 0x00, 0x00, 0x00, 0x00, 0x00, 0xec, 0x0a, 0xba, 0x0d, 0x9b, 0x05,
  0xbb, 0x05, 0xbb, 0x05, 0x9b, 0x05, 0x9b, 0x05, 0x9b, 0x05, 0x9b, 0x05,
  0x9b, 0x05, 0x9b, 0x05, 0x9b, 0x05, 0x9b, 0x05, 0x9b, 0x05, 0x9b, 0x05,
  0x9b, 0x05, 0xba, 0x05, 0x9a, 0x05, 0xbb, 0x05, 0xd6, 0x04, 0x38, 0x05,
  0x9b, 0x0d, 0x9a, 0x05, 0x9a, 0x05, 0x9b, 0x05, 0x9b, 0x05, 0x9b, 0x05,
  0x9b, 0x05, 0x9b, 0x05, 0x9b, 0x05, 0x9b, 0x05, 0x9b, 0x05, 0x9b, 0x05,
  0x9b, 0x05, 0x9b, 0x05, 0x9a, 0x05, 0x9b, 0x05, 0x9b, 0x05, 0x17, 0x0d,
  0x04, 0x01, 0x00, 0x00, 0x00, 0x00, 0x00, 0x00, 0x00, 0x00, 0x01, 0x3b,
  0x60, 0x6e, 0x40, 0x6e, 0x40, 0x6e, 0x40, 0x6e, 0x40, 0x6e, 0x40, 0x6e,
  0x40, 0x6e, 0x40, 0x6e, 0x40, 0x6e, 0x41, 0x6e, 0xc1, 0x21, 0x00, 0x00,
  0x00, 0x00, 0x00, 0x00, 0x00, 0x00, 0x00, 0x00, 0x00, 0x00, 0x00, 0x00,
  0x00, 0x00, 0x00, 0x00, 0x00, 0x00, 0x00, 0x00, 0x00, 0x00, 0x00, 0x00,
  0x00, 0x00, 0x00, 0x00, 0x00, 0x00, 0x00, 0x00, 0x00, 0x00, 0x00, 0x00,
  0x00, 0x00, 0x00, 0x00, 0x00, 0x00, 0x00, 0x00, 0x00, 0x00, 0x00, 0x00,
  0x00, 0x00, 0x00, 0x00, 0xc1, 0x4b, 0x60, 0x6e, 0x60, 0x66, 0x40, 0x6e,
  0x40, 0x6e, 0x40, 0x6e, 0x40, 0x6e, 0x40, 0x6e, 0x40, 0x6e, 0x40, 0x6e,
  0x40, 0x6e, 0x40, 0x6e, 0x40, 0x6e, 0x40, 0x6e, 0x60, 0x6e, 0x21, 0x43,
  0xc1, 0x49, 0xa1, 0xf5, 0xa0, 0xfd, 0xa0, 0xfd, 0xa0, 0xfd, 0xa0, 0xfd,
  0xa0, 0xfd, 0xa0, 0xfd, 0xa0, 0xfd, 0xa0, 0xfd, 0xa0, 0xfd, 0xa0, 0xfd,
  0xa0, 0xfd, 0xa0, 0xfd, 0xa0, 0xfd, 0xa0, 0xfd, 0xa0, 0xf5, 0xa0, 0xfd,
  0xa0, 0xfd, 0xa0, 0xfd, 0xa0, 0xfd, 0xa0, 0xfd, 0xa0, 0xfd, 0xa0, 0xfd,
  0xa0, 0xfd, 0xa0, 0xfd, 0xa0, 0xfd, 0xa0, 0xfd, 0xa0, 0xfd, 0xa0, 0xfd,
  0xa0, 0xf5, 0xa1, 0xfd, 0x81, 0xfd, 0x60, 0x6a, 0x00, 0x00, 0x00, 0x00,
  0x00, 0x00, 0x00, 0x00, 0x00, 0x00, 0x00, 0x00, 0x00, 0x00, 0x00, 0x00,
  0x00, 0x00, 0x00, 0x00, 0x00, 0x00, 0xe1, 0xab, 0xe0, 0xfd, 0xa0, 0xfd,
  0xa0, 0xfd, 0xa0, 0xfd, 0xa0, 0xfd, 0xa0, 0xfd, 0xa0, 0xfd, 0xa0, 0xfd,
  0xa0, 0xfd, 0xc0, 0xfd, 0x42, 0xbc, 0x40, 0x08, 0x00, 0x00, 0x00, 0x00,
  0x00, 0x00, 0x62, 0x00, 0x75, 0x14, 0xbb, 0x05, 0x9b, 0x05, 0x9b, 0x05,
  0x9b, 0x05, 0x9b, 0x05, 0x9b, 0x05, 0x9b, 0x05, 0x9b, 0x05, 0x9b, 0x05,
  0x9b, 0x05, 0x9b, 0x05, 0x9b, 0x05, 0x9b, 0x05, 0x9b, 0x05, 0xbb, 0x05,
  0x9a, 0x05, 0x9a, 0x05, 0xbb, 0x05, 0xbb, 0x05, 0x9b, 0x05, 0x9b, 0x05,
  0x9a, 0x05, 0x9b, 0x05, 0x9b, 0x05, 0x9b, 0x05, 0x9b, 0x05, 0x9b, 0x05,
  0x9b, 0x05, 0x9b, 0x05, 0x9b, 0x05, 0x9b, 0x05, 0x9b, 0x05, 0x9b, 0x05,
  0x9a, 0x05, 0x9a, 0x05, 0xbc, 0x0d, 0xac, 0x0a, 0x00, 0x00, 0x00, 0x00,
  0x00, 0x00, 0x00, 0x00, 0x41, 0x19, 0xa2, 0x6d, 0x60, 0x6e, 0x40, 0x6e,
  0x40, 0x6e, 0x40, 0x6e, 0x40, 0x6e, 0x40, 0x6e, 0x40, 0x6e, 0x40, 0x6e,
  0x40, 0x6e, 0x40, 0x6e, 0xc0, 0x21, 0x00, 0x00, 0x00, 0x00, 0x00, 0x00,
  0x00, 0x00, 0x00, 0x00, 0x00, 0x00, 0x00, 0x00, 0x00, 0x00, 0x00, 0x00,
  0x00, 0x00, 0x00, 0x00, 0x00, 0x00, 0x00, 0x00, 0x00, 0x00, 0x00, 0x00,
  0x00, 0x00, 0x00, 0x00, 0x00, 0x00, 0x00, 0x00, 0x00, 0x00, 0x00, 0x00,
  0x00, 0x00, 0x00, 0x00, 0x00, 0x00, 0x00, 0x00, 0x00, 0x00, 0x00, 0x00,
  0x61, 0x43, 0x60, 0x76, 0x60, 0x6e, 0x40, 0x6e, 0x40, 0x6e, 0x40, 0x6e,
  0x40, 0x6e, 0x40, 0x6e, 0x40, 0x6e, 0x40, 0x6e, 0x40, 0x6e, 0x40, 0x6e,
  0x40, 0x6e, 0x40, 0x6e, 0x60, 0x6e, 0x41, 0x43, 0xc1, 0x49, 0xa1, 0xf5,
  0xa0, 0xfd, 0xa0, 0xfd, 0xa0, 0xfd, 0xa0, 0xfd, 0xa0, 0xfd, 0xa0, 0xfd,
  0xa0, 0xfd, 0xa0, 0xfd, 0xa0, 0xfd, 0xa0, 0xfd, 0xa0, 0xfd, 0xa0, 0xfd,
  0xa0, 0xfd, 0xa0, 0xfd, 0x81, 0xfd, 0xa0, 0xfd, 0xc0, 0xf5, 0xa0, 0xfd,
  0xa0, 0xfd, 0xa0, 0xfd, 0xa0, 0xfd, 0xa0, 0xfd, 0xa0, 0xfd, 0xa0, 0xfd,
  0xa0, 0xfd, 0xa0, 0xfd, 0xa0, 0xfd, 0xa0, 0xfd, 0xa0, 0xfd, 0xa0, 0xfd,
  0xa0, 0xfd, 0x80, 0xed, 0x01, 0x52, 0x00, 0x00, 0x00, 0x00, 0x00, 0x00,
  0x00, 0x00, 0x00, 0x00, 0x00, 0x00, 0x00, 0x00, 0x00, 0x00, 0x00, 0x00,
  0x00, 0x00, 0xe1, 0xab, 0xe0, 0xfd, 0xa0, 0xfd, 0xa0, 0xfd, 0xa0, 0xfd,
  0xa0, 0xfd, 0xa0, 0xfd, 0xa0, 0xfd, 0xa0, 0xfd, 0xa0, 0xfd, 0xa0, 0xfd,
  0xa2, 0xfd, 0x82, 0x6a, 0x00, 0x00, 0x00, 0x00, 0x00, 0x00, 0x00, 0x00,
  0xc8, 0x09, 0x79, 0x0d, 0x7b, 0x05, 0x9a, 0x05, 0x9b, 0x05, 0x9b, 0x05,
  0x9b, 0x05, 0x9b, 0x05, 0x9b, 0x05, 0x9b, 0x05, 0x9b, 0x05, 0x9b, 0x05,
  0x9b, 0x05, 0x9b, 0x05, 0x9b, 0x05, 0x9b, 0x05, 0x9b, 0x05, 0x9b, 0x05,
  0x9b, 0x05, 0x9b, 0x05, 0x9b, 0x05, 0x9b, 0x05, 0x9b, 0x05, 0x9b, 0x05,
  0x9b, 0x05, 0x9b, 0x05, 0x9b, 0x05, 0x9b, 0x05, 0x9b, 0x05, 0x9b, 0x05,
  0x9b, 0x05, 0x9b, 0x05, 0x9b, 0x05, 0x9b, 0x05, 0x9b, 0x05, 0xbb, 0x05,
  0x74, 0x0c, 0x61, 0x00, 0x00, 0x00, 0x00, 0x00, 0x00, 0x00, 0x20, 0x00,
  0x41, 0x54, 0x80, 0x6e, 0x40, 0x6e, 0x40, 0x6e, 0x40, 0x6e, 0x40, 0x6e,
  0x40, 0x6e, 0x40, 0x6e, 0x40, 0x6e, 0x40, 0x6e, 0x40, 0x6e, 0x40, 0x6e,
  0xc0, 0x21, 0x00, 0x00, 0x00, 0x00, 0x00, 0x00, 0x00, 0x00, 0x00, 0x00,
  0x00, 0x00, 0x00, 0x00, 0x00, 0x00, 0x00, 0x00, 0x00, 0x00, 0x00, 0x00,
  0x00, 0x00, 0x00, 0x00, 0x00, 0x00, 0x00, 0x00, 0x00, 0x00, 0x00, 0x00,
  0x00, 0x00, 0x00, 0x00, 0x00, 0x00, 0x00, 0x00, 0x00, 0x00, 0x00, 0x00,
  0x00, 0x00, 0x00, 0x00, 0x00, 0x00, 0x00, 0x00, 0x41, 0x3b, 0x60, 0x76,
  0x40, 0x6e, 0x40, 0x6e, 0x40, 0x6e, 0x40, 0x6e, 0x40, 0x6e, 0x40, 0x6e,
  0x40, 0x6e, 0x40, 0x6e, 0x40, 0x6e, 0x40, 0x6e, 0x40, 0x6e, 0x40, 0x6e,
  0x60, 0x6e, 0x60, 0x43, 0xc1, 0x49, 0xa1, 0xf5, 0xa0, 0xfd, 0xa0, 0xfd,
  0xa0, 0xfd, 0xa0, 0xfd, 0xa0, 0xfd, 0xa0, 0xfd, 0xa0, 0xfd, 0xa0, 0xfd,
  0xa0, 0xfd, 0xa0, 0xfd, 0xa0, 0xfd, 0xa0, 0xfd, 0xa0, 0xfd, 0xa0, 0xfd,
  0x80, 0xf5, 0xe2, 0xd4, 0xa0, 0xfd, 0x80, 0xfd, 0xa0, 0xfd, 0xa0, 0xfd,
  0xa0, 0xfd, 0xa0, 0xfd, 0xa0, 0xfd, 0xa0, 0xfd, 0xa0, 0xfd, 0xa0, 0xfd,
  0xa0, 0xfd, 0xa0, 0xfd, 0xa0, 0xfd, 0xa0, 0xfd, 0xa0, 0xfd, 0xa1, 0xfd,
  0x41, 0xe5, 0x81, 0x39, 0x00, 0x00, 0x00, 0x00, 0x00, 0x00, 0x00, 0x00,
  0x00, 0x00, 0x00, 0x00, 0x00, 0x00, 0x00, 0x00, 0x00, 0x00, 0xe2, 0xab,
  0xe0, 0xfd, 0xa0, 0xfd, 0xa0, 0xfd, 0xa0, 0xfd, 0xa0, 0xfd, 0xa0, 0xfd,
  0xa0, 0xfd, 0xa0, 0xfd, 0xa0, 0xfd, 0xa0, 0xfd, 0xa1, 0xfd, 0x21, 0xdd,
  0xc0, 0x20, 0x00, 0x00, 0x00, 0x00, 0x00, 0x00, 0x00, 0x00, 0x70, 0x13,
  0xbb, 0x0d, 0xba, 0x05, 0x9b, 0x05, 0x9b, 0x05, 0x9b, 0x05, 0x9b, 0x05,
  0x9b, 0x05, 0x9b, 0x05, 0x9b, 0x05, 0x9b, 0x05, 0x9b, 0x05, 0x9b, 0x05,
  0x9b, 0x05, 0x9b, 0x05, 0x9b, 0x05, 0x9b, 0x05, 0x9b, 0x05, 0x9b, 0x05,
  0x9b, 0x05, 0x9b, 0x05, 0x9b, 0x05, 0x9b, 0x05, 0x9b, 0x05, 0x9b, 0x05,
  0x9b, 0x05, 0x9b, 0x05, 0x9b, 0x05, 0x9b, 0x05, 0x9b, 0x05, 0xbb, 0x05,
  0xbb, 0x05, 0xbb, 0x05, 0x9b, 0x05, 0x7a, 0x05, 0x87, 0x01, 0x00, 0x00,
  0x00, 0x00, 0x00, 0x00, 0x00, 0x00, 0x41, 0x2a, 0x40, 0x6e, 0x60, 0x66,
  0x40, 0x6e, 0x40, 0x6e, 0x40, 0x6e, 0x40, 0x6e, 0x40, 0x6e, 0x40, 0x6e,
  0x40, 0x6e, 0x40, 0x6e, 0x40, 0x6e, 0x40, 0x6e, 0xc0, 0x21, 0x00, 0x00,
  0x00, 0x00, 0x00, 0x00, 0x00, 0x00, 0x00, 0x00, 0x00, 0x00, 0x00, 0x00,
  0x00, 0x00, 0x00, 0x00, 0x00, 0x00, 0x00, 0x00, 0x00, 0x00, 0x00, 0x00,
  0x00, 0x00, 0x00, 0x00, 0x00, 0x00, 0x00, 0x00, 0x00, 0x00, 0x00, 0x00,
  0x00, 0x00, 0x00, 0x00, 0x00, 0x00, 0x00, 0x00, 0x00, 0x00, 0x00, 0x00,
  0x00, 0x00, 0x00, 0x00, 0x41, 0x3b, 0x61, 0x6e, 0x40, 0x6e, 0x40, 0x6e,
  0x40, 0x6e, 0x40, 0x6e, 0x40, 0x6e, 0x40, 0x6e, 0x40, 0x6e, 0x40, 0x6e,
  0x40, 0x6e, 0x40, 0x6e, 0x40, 0x6e, 0x40, 0x6e, 0x60, 0x6e, 0x81, 0x43,
  0xc1, 0x49, 0xa1, 0xf5, 0xa0, 0xfd, 0xa0, 0xfd, 0xa0, 0xfd, 0xa0, 0xfd,
  0xa0, 0xfd, 0xa0, 0xfd, 0xa0, 0xfd, 0xa0, 0xfd, 0xa0, 0xfd, 0xa0, 0xfd,
  0xa0, 0xfd, 0xa0, 0xfd, 0xa0, 0xfd, 0xc0, 0xfd, 0x21, 0xdd, 0x61, 0x39,
  0xe2, 0xb3, 0xc1, 0xfd, 0xa0, 0xfd, 0xa0, 0xfd, 0xa0, 0xfd, 0xa0, 0xfd,
  0xa0, 0xfd, 0xa0, 0xfd, 0xa0, 0xfd, 0xa0, 0xfd, 0xa0, 0xfd, 0xa0, 0xfd,
  0xa0, 0xfd, 0xa0, 0xfd, 0xa0, 0xfd, 0x80, 0xfd, 0xa0, 0xfd, 0xc1, 0xd4,
  0x01, 0x29, 0x00, 0x00, 0x00, 0x00, 0x00, 0x00, 0x00, 0x00, 0x00, 0x00,
  0x00, 0x00, 0x00, 0x00, 0x00, 0x00, 0xe2, 0xab, 0xe0, 0xfd, 0xa0, 0xfd,
  0xa0, 0xfd, 0xa0, 0xfd, 0xa0, 0xfd, 0xa0, 0xfd, 0xa0, 0xfd, 0xa0, 0xfd,
  0xa0, 0xfd, 0xa0, 0xfd, 0xa0, 0xfd, 0xc1, 0xfd, 0x62, 0x93, 0x00, 0x00,
  0x00, 0x00, 0x00, 0x00, 0x00, 0x00, 0xe4, 0x00, 0x37, 0x0d, 0xbb, 0x05,
  0x9b, 0x05, 0x9b, 0x05, 0x9b, 0x05, 0x9b, 0x05, 0x9b, 0x05, 0x9b, 0x05,
  0x9b, 0x05, 0x9b, 0x05, 0x9b, 0x05, 0x9b, 0x05, 0x9b, 0x05, 0x9b, 0x05,
  0x9b, 0x05, 0x9b, 0x05, 0x9b, 0x05, 0x9b, 0x05, 0x9b, 0x05, 0x9b, 0x05,
  0x9b, 0x05, 0x9b, 0x05, 0x9b, 0x05, 0x9b, 0x05, 0x9b, 0x05, 0x9b, 0x05,
  0x9b, 0x05, 0x9b, 0x05, 0x9b, 0x05, 0xbb, 0x05, 0x9b, 0x05, 0x9b, 0x05,
  0xbb, 0x05, 0x4f, 0x0b, 0x00, 0x00, 0x00, 0x00, 0x00, 0x00, 0x00, 0x00,
  0x80, 0x08, 0x21, 0x65, 0x60, 0x6e, 0x40, 0x6e, 0x40, 0x6e, 0x40, 0x6e,
  0x40, 0x6e, 0x40, 0x6e, 0x40, 0x6e, 0x40, 0x6e, 0x40, 0x6e, 0x40, 0x6e,
  0x40, 0x6e, 0x40, 0x6e, 0xc1, 0x21, 0x00, 0x00, 0x00, 0x00, 0x00, 0x00,
  0x00, 0x00, 0x00, 0x00, 0x00, 0x00, 0x00, 0x00, 0x00, 0x00, 0x00, 0x00,
  0x00, 0x00, 0x00, 0x00, 0x00, 0x00, 0x00, 0x00, 0x00, 0x00, 0x00, 0x00,
  0x00, 0x00, 0x00, 0x00, 0x00, 0x00, 0x00, 0x00, 0x00, 0x00, 0x00, 0x00,
  0x00, 0x00, 0x00, 0x00, 0x00, 0x00, 0x00, 0x00, 0x00, 0x00, 0x00, 0x00,
  0x81, 0x43, 0x60, 0x6e, 0x40, 0x6e, 0x40, 0x6e, 0x40, 0x6e, 0x40, 0x6e,
  0x40, 0x6e, 0x40, 0x6e, 0x40, 0x6e, 0x40, 0x6e, 0x40, 0x6e, 0x40, 0x6e,
  0x40, 0x6e, 0x40, 0x6e, 0x60, 0x6e, 0x81, 0x43, 0xc1, 0x49, 0xa1, 0xf5,
  0xa0, 0xfd, 0xa0, 0xfd, 0xa0, 0xfd, 0xa0, 0xfd, 0xa0, 0xfd, 0xa0, 0xfd,
  0xa0, 0xfd, 0xa0, 0xfd, 0xa0, 0xfd, 0xa0, 0xfd, 0xa0, 0xfd, 0xa0, 0xfd,
  0xa0, 0xfd, 0xc0, 0xfd, 0x02, 0xe5, 0xa0, 0x18, 0xa1, 0x18, 0x82, 0xc4,
  0xc0, 0xfd, 0xa0, 0xfd, 0xa0, 0xfd, 0xa0, 0xfd, 0xa0, 0xfd, 0xa0, 0xfd,
  0xa0, 0xfd, 0xa0, 0xfd, 0xa0, 0xfd, 0xa0, 0xfd, 0xa0, 0xfd, 0xa0, 0xfd,
  0xa0, 0xfd, 0xc0, 0xfd, 0xa1, 0xfd, 0xc0, 0xfd, 0x41, 0xc4, 0xa0, 0x18,
  0x00, 0x00, 0x00, 0x00, 0x00, 0x00, 0x00, 0x00, 0x00, 0x00, 0x00, 0x00,
  0x00, 0x00, 0x02, 0xac, 0xe0, 0xfd, 0xa0, 0xfd, 0xa0, 0xfd, 0xa0, 0xfd,
  0xa0, 0xfd, 0xa0, 0xfd, 0xa0, 0xfd, 0xa0, 0xfd, 0xa0, 0xfd, 0xa0, 0xfd,
  0xa0, 0xf5, 0xa0, 0xfd, 0x61, 0xf5, 0xa1, 0x41, 0x00, 0x00, 0x00, 0x00,
  0x00, 0x00, 0x00, 0x00, 0xab, 0x0a, 0xba, 0x0d, 0x9b, 0x05, 0x9b, 0x05,
  0x9b, 0x05, 0x9b, 0x05, 0x9b, 0x05, 0x9b, 0x05, 0x9b, 0x05, 0x9b, 0x05,
  0x9b, 0x05, 0x9b, 0x05, 0x9b, 0x05, 0x9b, 0x05, 0x9b, 0x05, 0x9b, 0x05,
  0x9b, 0x05, 0x9b, 0x05, 0x9b, 0x05, 0x9b, 0x05, 0x9b, 0x05, 0x9b, 0x05,
  0x9b, 0x05, 0x9b, 0x05, 0x9b, 0x05, 0x9b, 0x05, 0x9b, 0x05, 0x9b, 0x05,
  0xbb, 0x05, 0xbb, 0x05, 0x9b, 0x05, 0xbb, 0x05, 0xf7, 0x0c, 0xa3, 0x00,
  0x00, 0x00, 0x00, 0x00, 0x00, 0x00, 0x00, 0x00, 0x41, 0x43, 0x60, 0x6e,
  0x40, 0x6e, 0x40, 0x6e, 0x40, 0x6e, 0x40, 0x6e, 0x40, 0x6e, 0x40, 0x6e,
  0x40, 0x6e, 0x40, 0x6e, 0x40, 0x6e, 0x40, 0x6e, 0x40, 0x6e, 0x40, 0x6e,
  0xc0, 0x21, 0x00, 0x00, 0x00, 0x00, 0x00, 0x00, 0x00, 0x00, 0x00, 0x00,
  0x00, 0x00, 0x00, 0x00, 0x00, 0x00, 0x00, 0x00, 0x00, 0x00, 0x00, 0x00,
  0x00, 0x00, 0x00, 0x00, 0x00, 0x00, 0x00, 0x00, 0x00, 0x00, 0x00, 0x00,
  0x00, 0x00, 0x00, 0x00, 0x00, 0x00, 0x00, 0x00, 0x00, 0x00, 0x00, 0x00,
  0x00, 0x00, 0x00, 0x00, 0x00, 0x00, 0x00, 0x00, 0x01, 0x4c, 0x60, 0x6e,
  0x40, 0x6e, 0x40, 0x6e, 0x40, 0x6e, 0x40, 0x6e, 0x40, 0x6e, 0x40, 0x6e,
  0x40, 0x6e, 0x40, 0x6e, 0x40, 0x6e, 0x40, 0x6e, 0x40, 0x6e, 0x40, 0x6e,
  0x60, 0x6e, 0x61, 0x43, 0xc1, 0x49, 0xa1, 0xf5, 0xa0, 0xfd, 0xa0, 0xfd,
  0xa0, 0xfd, 0xa0, 0xfd, 0xa0, 0xfd, 0xa0, 0xfd, 0xa0, 0xfd, 0xa0, 0xfd,
  0xa0, 0xfd, 0xa0, 0xfd, 0xa0, 0xfd, 0xa0, 0xfd, 0xa0, 0xfd, 0xc0, 0xfd,
  0x21, 0xed, 0xe0, 0x20, 0x00, 0x00, 0x01, 0x29, 0x02, 0xd5, 0xc0, 0xfd,
  0xa0, 0xfd, 0xa0, 0xfd, 0xa0, 0xfd, 0xa0, 0xfd, 0xa0, 0xfd, 0xa0, 0xfd,
  0xa0, 0xfd, 0xa0, 0xfd, 0xa0, 0xfd, 0xa0, 0xfd, 0xa0, 0xfd, 0xa0, 0xfd,
  0xa0, 0xfd, 0xa0, 0xfd, 0xa1, 0xfd, 0x01, 0xb4, 0x60, 0x10, 0x00, 0x00,
  0x00, 0x00, 0x00, 0x00, 0x00, 0x00, 0x00, 0x00, 0x00, 0x00, 0x02, 0xac,
  0xc0, 0xfd, 0xa0, 0xfd, 0xa0, 0xfd, 0xa0, 0xfd, 0xa0, 0xfd, 0xa0, 0xfd,
  0xa0, 0xfd, 0xa0, 0xfd, 0xa0, 0xfd, 0xa0, 0xfd, 0xa0, 0xfd, 0xa0, 0xfd,
  0xc0, 0xfd, 0x82, 0xc4, 0x60, 0x10, 0x00, 0x00, 0x00, 0x00, 0x00, 0x00,
  0x41, 0x00, 0x74, 0x0c, 0xdb, 0x05, 0x9b, 0x05, 0x9b, 0x05, 0x9a, 0x05,
  0x9b, 0x05, 0x9b, 0x05, 0x9b, 0x05, 0x9b, 0x05, 0x9b, 0x05, 0x9b, 0x05,
  0x9b, 0x05, 0x9b, 0x05, 0x9b, 0x05, 0x9b, 0x05, 0x9b, 0x05, 0x9b, 0x05,
  0x9b, 0x05, 0x9b, 0x05, 0x9b, 0x05, 0x9b, 0x05, 0x9b, 0x05, 0x9b, 0x05,
  0x9b, 0x05, 0x9b, 0x05, 0x9b, 0x05, 0x9b, 0x05, 0xba, 0x05, 0xba, 0x05,
  0xba, 0x05, 0x9b, 0x05, 0x4b, 0x02, 0x00, 0x00, 0x00, 0x00, 0x00, 0x00,
  0x00, 0x00, 0x81, 0x19, 0xe1, 0x6d, 0x60, 0x6e, 0x40, 0x6e, 0x40, 0x6e,
  0x40, 0x66, 0x40, 0x6e, 0x40, 0x6e, 0x40, 0x6e, 0x40, 0x6e, 0x40, 0x6e,
  0x40, 0x6e, 0x60, 0x66, 0x60, 0x6e, 0x21, 0x6e, 0xc1, 0x21, 0x00, 0x00,
  0x00, 0x00, 0x00, 0x00, 0x00, 0x00, 0x00, 0x00, 0x00, 0x00, 0x00, 0x00,
  0x00, 0x00, 0x00, 0x00, 0x00, 0x00, 0x00, 0x00, 0x00, 0x00, 0x00, 0x00,
  0x00, 0x00, 0x00, 0x00, 0x00, 0x00, 0x00, 0x00, 0x00, 0x00, 0x00, 0x00,
  0x00, 0x00, 0x00, 0x00, 0x00, 0x00, 0x00, 0x00, 0x00, 0x00, 0x00, 0x00,
  0x00, 0x00, 0x40, 0x00, 0x01, 0x5d, 0x60, 0x6e, 0x40, 0x6e, 0x40, 0x6e,
  0x40, 0x6e, 0x40, 0x6e, 0x40, 0x6e, 0x40, 0x6e, 0x40, 0x6e, 0x40, 0x6e,
  0x40, 0x6e, 0x40, 0x6e, 0x40, 0x6e, 0x40, 0x6e, 0x60, 0x6e, 0x61, 0x43,
  0xc1, 0x49, 0xa1, 0xf5, 0xa0, 0xfd, 0xa0, 0xfd, 0xa0, 0xfd, 0xa0, 0xfd,
  0xa0, 0xfd, 0xa0, 0xfd, 0xa0, 0xfd, 0xa0, 0xfd, 0xa0, 0xfd, 0xa0, 0xfd,
  0xa0, 0xfd, 0xa0, 0xfd, 0xa0, 0xfd, 0xc0, 0xfd, 0x22, 0xe5, 0xc1, 0x20,
  0x00, 0x00, 0x00, 0x00, 0x81, 0x41, 0x42, 0xe5, 0xc0, 0xfd, 0xa0, 0xf5,
  0xa0, 0xfd, 0xa0, 0xfd, 0xa0, 0xfd, 0xa0, 0xfd, 0xa0, 0xfd, 0xa0, 0xfd,
  0xa0, 0xfd, 0xa0, 0xfd, 0xa0, 0xfd, 0xa0, 0xfd, 0xa0, 0xfd, 0xa0, 0xf5,
  0xa0, 0xfd, 0xa1, 0xfd, 0x82, 0x9b, 0x20, 0x08, 0x00, 0x00, 0x00, 0x00,
  0x00, 0x00, 0x00, 0x00, 0x00, 0x00, 0xe2, 0xab, 0xc0, 0xfd, 0xa0, 0xfd,
  0xa0, 0xfd, 0xa0, 0xfd, 0xa0, 0xfd, 0xa0, 0xfd, 0xa0, 0xfd, 0xa0, 0xfd,
  0xa0, 0xfd, 0xa0, 0xfd, 0xa0, 0xfd, 0xa0, 0xfd, 0xc0, 0xfd, 0xc0, 0xfd,
  0xa1, 0x72, 0x00, 0x00, 0x00, 0x00, 0x00, 0x00, 0x00, 0x00, 0x86, 0x01,
  0x39, 0x0d, 0x9b, 0x05, 0x9b, 0x05, 0x9a, 0x05, 0x9b, 0x05, 0x9b, 0x05,
  0x9b, 0x05, 0x9b, 0x05, 0x9b, 0x05, 0x9b, 0x05, 0x9b, 0x05, 0x9b, 0x05,
  0x9b, 0x05, 0x9b, 0x05, 0x9b, 0x05, 0x9b, 0x05, 0x9b, 0x05, 0x9b, 0x05,
  0x9b, 0x05, 0x9b, 0x05, 0x9b, 0x05, 0x9b, 0x05, 0x9b, 0x05, 0x9b, 0x05,
  0x9b, 0x05, 0x9a, 0x05, 0xba, 0x05, 0x9b, 0x05, 0xbb, 0x05, 0xf2, 0x0b,
  0x20, 0x00, 0x00, 0x00, 0x00, 0x00, 0x00, 0x00, 0x40, 0x08, 0xa1, 0x5c,
  0x60, 0x6e, 0x40, 0x6e, 0x40, 0x6e, 0x40, 0x6e, 0x40, 0x6e, 0x40, 0x6e,
  0x40, 0x6e, 0x40, 0x6e, 0x40, 0x6e, 0x40, 0x6e, 0x40, 0x6e, 0x40, 0x66,
  0x40, 0x6e, 0x40, 0x6e, 0xe0, 0x21, 0x00, 0x00, 0x00, 0x00, 0x00, 0x00,
  0x00, 0x00, 0x00, 0x00, 0x00, 0x00, 0x00, 0x00, 0x00, 0x00, 0x00, 0x00,
  0x00, 0x00, 0x00, 0x00, 0x00, 0x00, 0x00, 0x00, 0x00, 0x00, 0x00, 0x00,
  0x00, 0x00, 0x00, 0x00, 0x00, 0x00, 0x00, 0x00, 0x00, 0x00, 0x00, 0x00,
  0x00, 0x00, 0x00, 0x00, 0x00, 0x00, 0x00, 0x00, 0x00, 0x00, 0x40, 0x19,
  0xe1, 0x6d, 0x40, 0x6e, 0x40, 0x6e, 0x40, 0x6e, 0x40, 0x6e, 0x40, 0x6e,
  0x40, 0x6e, 0x40, 0x6e, 0x40, 0x6e, 0x40, 0x6e, 0x40, 0x6e, 0x40, 0x6e,
  0x40, 0x6e, 0x40, 0x66, 0x40, 0x6e, 0x21, 0x43, 0xc1, 0x49, 0xa1, 0xf5,
  0xa0, 0xfd, 0xa0, 0xfd, 0xa0, 0xfd, 0xa0, 0xfd, 0xa0, 0xfd, 0xa0, 0xfd,
  0xa0, 0xfd, 0xa0, 0xfd, 0xa0, 0xfd, 0xa0, 0xfd, 0xa0, 0xfd, 0xa0, 0xfd,
  0xa0, 0xfd, 0xc0, 0xfd, 0x22, 0xe5, 0xc1, 0x20, 0x00, 0x00, 0x00, 0x00,
  0x00, 0x00, 0x01, 0x52, 0x81, 0xf5, 0xc0, 0xfd, 0xa0, 0xfd, 0xa0, 0xfd,
  0xa0, 0xfd, 0xa0, 0xfd, 0xa0, 0xfd, 0xa0, 0xfd, 0xa0, 0xfd, 0xa0, 0xfd,
  0xa0, 0xfd, 0xa0, 0xfd, 0xa0, 0xfd, 0xa0, 0xfd, 0xa0, 0xfd, 0x80, 0xfd,
  0xa1, 0xfd, 0x01, 0x7b, 0x00, 0x00, 0x00, 0x00, 0x00, 0x00, 0x00, 0x00,
  0x00, 0x00, 0xc2, 0xa3, 0xc0, 0xfd, 0xa0, 0xfd, 0xa0, 0xfd, 0xa0, 0xfd,
  0xa0, 0xfd, 0xa0, 0xfd, 0xa0, 0xfd, 0xa0, 0xfd, 0xa0, 0xfd, 0xa0, 0xfd,
  0xa0, 0xf5, 0x80, 0xfd, 0xa0, 0xfd, 0xa0, 0xfd, 0x02, 0xe5, 0xc0, 0x20,
  0x00, 0x00, 0x00, 0x00, 0x00, 0x00, 0x00, 0x00, 0x2f, 0x0b, 0xdb, 0x05,
  0x9b, 0x05, 0x9b, 0x05, 0x9b, 0x05, 0x9b, 0x05, 0x9b, 0x05, 0x9b, 0x05,
  0x9b, 0x05, 0x9b, 0x05, 0x9b, 0x05, 0x9b, 0x05, 0x9b, 0x05, 0x9b, 0x05,
  0x9b, 0x05, 0x9b, 0x05, 0x9b, 0x05, 0x9b, 0x05, 0x9b, 0x05, 0x9b, 0x05,
  0x9b, 0x05, 0x9b, 0x05, 0x9b, 0x05, 0x9b, 0x05, 0x9b, 0x05, 0x9b, 0x05,
  0x9b, 0x05, 0xba, 0x05, 0x58, 0x0d, 0x25, 0x01, 0x00, 0x00, 0x00, 0x00,
  0x00, 0x00, 0x00, 0x00, 0x81, 0x32, 0x41, 0x6e, 0x40, 0x6e, 0x40, 0x6e,
  0x40, 0x6e, 0x40, 0x6e, 0x40, 0x6e, 0x40, 0x6e, 0x40, 0x6e, 0x40, 0x6e,
  0x40, 0x6e, 0x40, 0x6e, 0x40, 0x6e, 0x40, 0x6e, 0x40, 0x6e, 0x40, 0x76,
  0xe1, 0x21, 0x00, 0x00, 0x00, 0x00, 0x00, 0x00, 0x00, 0x00, 0x00, 0x00,
  0x00, 0x00, 0x00, 0x00, 0x00, 0x00, 0x00, 0x00, 0x00, 0x00, 0x00, 0x00,
  0x00, 0x00, 0x00, 0x00, 0x00, 0x00, 0x00, 0x00, 0x00, 0x00, 0x00, 0x00,
  0x00, 0x00, 0x00, 0x00, 0x00, 0x00, 0x00, 0x00, 0x00, 0x00, 0x00, 0x00,
  0x00, 0x00, 0x00, 0x00, 0x00, 0x00, 0xc0, 0x4b, 0x60, 0x76, 0x40, 0x6e,
  0x40, 0x6e, 0x40, 0x6e, 0x40, 0x6e, 0x40, 0x6e, 0x40, 0x6e, 0x40, 0x6e,
  0x40, 0x6e, 0x40, 0x6e, 0x40, 0x6e, 0x40, 0x6e, 0x40, 0x6e, 0x60, 0x6e,
  0x40, 0x6e, 0xa1, 0x3a, 0xc1, 0x49, 0xa1, 0xf5, 0xa0, 0xfd, 0xa0, 0xfd,
  0xa0, 0xfd, 0xa0, 0xfd, 0xa0, 0xfd, 0xa0, 0xfd, 0xa0, 0xfd, 0xa0, 0xfd,
  0xa0, 0xfd, 0xa0, 0xfd, 0xa0, 0xfd, 0xa0, 0xfd, 0xa0, 0xfd, 0xa0, 0xfd,
  0x41, 0xed, 0xc0, 0x20, 0x00, 0x00, 0x00, 0x00, 0x00, 0x00, 0x00, 0x00,
  0x81, 0x72, 0xa0, 0xfd, 0xa0, 0xfd, 0xa0, 0xfd, 0xa0, 0xfd, 0xa0, 0xfd,
  0xa0, 0xfd, 0xa0, 0xfd, 0xa0, 0xfd, 0xa0, 0xfd, 0xa0, 0xfd, 0xa0, 0xfd,
  0xa0, 0xfd, 0xa0, 0xfd, 0xa0, 0xf5, 0xa0, 0xf5, 0xa0, 0xfd, 0x81, 0xfd,
  0x81, 0x6a, 0x00, 0x00, 0x00, 0x00, 0x00, 0x00, 0x00, 0x00, 0x01, 0xac,
  0xc0, 0xfd, 0xa0, 0xfd, 0xa0, 0xfd, 0xa0, 0xfd, 0xa0, 0xfd, 0xa0, 0xfd,
  0xa0, 0xfd, 0xa0, 0xfd, 0xa0, 0xfd, 0xa0, 0xfd, 0xa0, 0xfd, 0x80, 0xfd,
  0xa0, 0xfd, 0xa0, 0xfd, 0x41, 0xed, 0x01, 0x29, 0x00, 0x00, 0x00, 0x00,
  0x00, 0x00, 0x00, 0x00, 0x0e, 0x0b, 0xbb, 0x05, 0x9b, 0x05, 0x9b, 0x05,
  0x9b, 0x05, 0x9b, 0x05, 0x9b, 0x05, 0x9b, 0x05, 0x9b, 0x05, 0x9b, 0x05,
  0x9b, 0x05, 0x9b, 0x05, 0x9b, 0x05, 0x9b, 0x05, 0x9b, 0x05, 0x9b, 0x05,
  0x9b, 0x05, 0x9b, 0x05, 0x9b, 0x05, 0x9b, 0x05, 0x9b, 0x05, 0x9b, 0x05,
  0x9b, 0x05, 0x9b, 0x05, 0x9b, 0x05, 0x9a, 0x05, 0x9b, 0x05, 0x9b, 0x05,
  0x38, 0x0d, 0xe4, 0x00, 0x00, 0x00, 0x00, 0x00, 0x00, 0x00, 0x00, 0x00,
  0x21, 0x43, 0x81, 0x6e, 0x40, 0x6e, 0x40, 0x6e, 0x40, 0x6e, 0x40, 0x6e,
  0x40, 0x6e, 0x40, 0x6e, 0x40, 0x6e, 0x40, 0x6e, 0x40, 0x6e, 0x40, 0x6e,
  0x40, 0x6e, 0x40, 0x6e, 0x40, 0x6e, 0x41, 0x6e, 0xc1, 0x21, 0x00, 0x00,
  0x00, 0x00, 0x00, 0x00, 0x00, 0x00, 0x00, 0x00, 0x00, 0x00, 0x00, 0x00,
  0x00, 0x00, 0x00, 0x00, 0x00, 0x00, 0x00, 0x00, 0x00, 0x00, 0x00, 0x00,
  0x00, 0x00, 0x00, 0x00, 0x00, 0x00, 0x00, 0x00, 0x00, 0x00, 0x00, 0x00,
  0x00, 0x00, 0x00, 0x00, 0x00, 0x00, 0x00, 0x00, 0x00, 0x00, 0x00, 0x00,
  0x20, 0x2a, 0x01, 0x76, 0x40, 0x6e, 0x60, 0x66, 0x60, 0x6e, 0x40, 0x6e,
  0x40, 0x6e, 0x40, 0x6e, 0x40, 0x6e, 0x40, 0x6e, 0x40, 0x6e, 0x40, 0x6e,
  0x40, 0x6e, 0x40, 0x6e, 0x40, 0x6e, 0x40, 0x6e, 0x20, 0x6e, 0x21, 0x2a,
  0xc1, 0x49, 0xa1, 0xf5, 0xa0, 0xfd, 0xa0, 0xfd, 0xa0, 0xfd, 0xa0, 0xfd,
  0xa0, 0xfd, 0xa0, 0xfd, 0xa0, 0xfd, 0xa0, 0xfd, 0xa0, 0xfd, 0xa0, 0xfd,
  0xa0, 0xfd, 0xa0, 0xfd, 0xa0, 0xfd, 0xa0, 0xfd, 0x41, 0xed, 0xc0, 0x20,
  0x00, 0x00, 0x00, 0x00, 0x00, 0x00, 0x00, 0x00, 0x00, 0x00, 0x42, 0x8b,
  0xc1, 0xfd, 0xa0, 0xfd, 0xa0, 0xfd, 0xa0, 0xfd, 0xa0, 0xfd, 0xa0, 0xfd,
  0xa0, 0xfd, 0xa0, 0xfd, 0xa0, 0xfd, 0xa0, 0xfd, 0xa0, 0xfd, 0xa0, 0xfd,
  0xa0, 0xfd, 0xa0, 0xf5, 0xa0, 0xfd, 0xa1, 0xfd, 0x61, 0xed, 0xc1, 0x49,
  0x00, 0x00, 0x00, 0x00, 0x00, 0x00, 0xe1, 0xab, 0xc0, 0xfd, 0xa0, 0xfd,
  0xa0, 0xfd, 0xa0, 0xfd, 0xa0, 0xfd, 0xa0, 0xfd, 0xa0, 0xfd, 0xa0, 0xfd,
  0xa0, 0xfd, 0xa0, 0xfd, 0xa0, 0xfd, 0xa0, 0xfd, 0xa0, 0xfd, 0xc0, 0xfd,
  0x62, 0x9b, 0x00, 0x00, 0x00, 0x00, 0x00, 0x00, 0x00, 0x00, 0xe4, 0x00,
  0xf8, 0x0c, 0x9b, 0x0d, 0x9b, 0x05, 0xba, 0x05, 0x9b, 0x05, 0x9b, 0x05,
  0x9b, 0x05, 0x9b, 0x05, 0x9b, 0x05, 0x9b, 0x05, 0x9b, 0x05, 0x9b, 0x05,
  0x9b, 0x05, 0x9b, 0x05, 0x9b, 0x05, 0x9b, 0x05, 0x9b, 0x05, 0x9b, 0x05,
  0x9b, 0x05, 0x9b, 0x05, 0x9b, 0x05, 0x9b, 0x05, 0x9b, 0x05, 0x9b, 0x05,
  0x9b, 0x05, 0xba, 0x05, 0xba, 0x05, 0x7b, 0x05, 0xbc, 0x05, 0x70, 0x0b,
  0x00, 0x00, 0x00, 0x00, 0x00, 0x00, 0x00, 0x00, 0xc0, 0x10, 0x41, 0x65,
  0x60, 0x6e, 0x40, 0x6e, 0x40, 0x6e, 0x40, 0x6e, 0x40, 0x6e, 0x40, 0x6e,
  0x40, 0x6e, 0x40, 0x6e, 0x40, 0x6e, 0x40, 0x6e, 0x40, 0x6e, 0x40, 0x6e,
  0x40, 0x6e, 0x40, 0x6e, 0x60, 0x2a, 0x80, 0x08, 0xa0, 0x08, 0x80, 0x08,
  0x80, 0x08, 0x80, 0x08, 0x60, 0x08, 0x60, 0x08, 0x60, 0x08, 0x60, 0x08,
  0x60, 0x08, 0x60, 0x08, 0x60, 0x08, 0x60, 0x08, 0x60, 0x08, 0x60, 0x08,
  0x60, 0x08, 0x60, 0x08, 0x60, 0x08, 0x60, 0x08, 0x60, 0x08, 0x60, 0x08,
  0x60, 0x08, 0x80, 0x08, 0x20, 0x11, 0x20, 0x3b, 0xe0, 0x6d, 0x60, 0x6e,
  0x40, 0x6e, 0x40, 0x66, 0x60, 0x6e, 0x40, 0x6e, 0x40, 0x6e, 0x40, 0x6e,
  0x40, 0x6e, 0x40, 0x6e, 0x40, 0x6e, 0x40, 0x6e, 0x40, 0x6e, 0x40, 0x6e,
  0x40, 0x6e, 0x60, 0x6e, 0xe1, 0x6d, 0x80, 0x21, 0xc1, 0x49, 0x81, 0xf5,
  0xa0, 0xfd, 0xa0, 0xfd, 0xa0, 0xfd, 0xa0, 0xfd, 0xa0, 0xfd, 0xa0, 0xfd,
  0xa0, 0xfd, 0xa0, 0xfd, 0xa0, 0xfd, 0xa0, 0xfd, 0xa0, 0xfd, 0xa0, 0xfd,
  0xa0, 0xfd, 0xa0, 0xfd, 0x41, 0xe5, 0xc0, 0x20, 0x00, 0x00, 0x00, 0x00,
  0x00, 0x00, 0x00, 0x00, 0x00, 0x00, 0x40, 0x08, 0xa1, 0x9b, 0xe0, 0xfd,
  0xa0, 0xfd, 0xa0, 0xfd, 0xa0, 0xfd, 0xa0, 0xfd, 0xa0, 0xfd, 0xa0, 0xfd,
  0xa0, 0xfd, 0xa0, 0xfd, 0xa0, 0xfd, 0xa0, 0xfd, 0xa0, 0xfd, 0xa0, 0xfd,
  0xa0, 0xfd, 0xa0, 0xf5, 0xc0, 0xfd, 0x21, 0xdd, 0x61, 0x39, 0x00, 0x00,
  0x00, 0x00, 0xe2, 0xab, 0xc0, 0xfd, 0xa0, 0xfd, 0xa0, 0xfd, 0xa0, 0xfd,
  0xa0, 0xfd, 0xa0, 0xfd, 0xa0, 0xfd, 0xa0, 0xfd, 0xa0, 0xfd, 0xa0, 0xfd,
  0x80, 0xfd, 0xa0, 0xfd, 0xc0, 0xfd, 0xe2, 0xdc, 0xc1, 0x20, 0x00, 0x00,
  0x00, 0x00, 0x00, 0x00, 0x00, 0x00, 0x91, 0x0b, 0xbb, 0x05, 0x9b, 0x05,
  0x9b, 0x05, 0x9a, 0x05, 0x9b, 0x05, 0x9b, 0x05, 0x9b, 0x05, 0x9b, 0x05,
  0x9b, 0x05, 0x9b, 0x05, 0x9b, 0x05, 0x9b, 0x05, 0x9b, 0x05, 0x9b, 0x05,
  0x9b, 0x05, 0x9b, 0x05, 0x9b, 0x05, 0x9b, 0x05, 0x9b, 0x05, 0x9b, 0x05,
  0x9b, 0x05, 0x9b, 0x05, 0x9b, 0x05, 0x9b, 0x05, 0x9b, 0x05, 0x9b, 0x05,
  0x9a, 0x05, 0x9b, 0x05, 0xbb, 0x05, 0x59, 0x0d, 0x87, 0x01, 0x00, 0x00,
  0x00, 0x00, 0x00, 0x00, 0x00, 0x00, 0x40, 0x2a, 0x41, 0x6e, 0x40, 0x6e,
  0x40, 0x6e, 0x60, 0x66, 0x40, 0x6e, 0x40, 0x6e, 0x40, 0x6e, 0x40, 0x6e,
  0x40, 0x6e, 0x40, 0x6e, 0x40, 0x6e, 0x40, 0x6e, 0x40, 0x6e, 0x40, 0x6e,
  0xa0, 0x65, 0x61, 0x65, 0x61, 0x65, 0x61, 0x65, 0x61, 0x65, 0x61, 0x65,
  0x41, 0x65, 0x41, 0x65, 0x41, 0x65, 0x41, 0x65, 0x41, 0x65, 0x41, 0x65,
  0x41, 0x65, 0x41, 0x65, 0x21, 0x65, 0x21, 0x65, 0x41, 0x65, 0x41, 0x65,
  0x41, 0x65, 0x41, 0x65, 0x21, 0x65, 0x41, 0x5d, 0x41, 0x5d, 0x61, 0x65,
  0xe0, 0x6d, 0x60, 0x6e, 0x60, 0x6e, 0x40, 0x6e, 0x40, 0x6e, 0x40, 0x6e,
  0x40, 0x6e, 0x40, 0x6e, 0x40, 0x6e, 0x40, 0x6e, 0x40, 0x6e, 0x40, 0x6e,
  0x40, 0x6e, 0x40, 0x6e, 0x40, 0x6e, 0x40, 0x6e, 0x40, 0x66, 0x60, 0x6e,
  0x81, 0x6d, 0xc0, 0x10, 0xc1, 0x49, 0x81, 0xf5, 0xa0, 0xfd, 0xa0, 0xfd,
  0xa0, 0xfd, 0xa0, 0xfd, 0xa0, 0xfd, 0xa0, 0xfd, 0xa0, 0xfd, 0xa0, 0xfd,
  0xa0, 0xfd, 0xa0, 0xfd, 0xa0, 0xfd, 0xa0, 0xfd, 0xa0, 0xfd, 0xa0, 0xfd,
  0x41, 0xed, 0xc0, 0x20, 0x00, 0x00, 0x00, 0x00, 0x00, 0x00, 0x00, 0x00,
  0x00, 0x00, 0x00, 0x00, 0x60, 0x10, 0x21, 0xb4, 0xc1, 0xfd, 0xa0, 0xfd,
  0x81, 0xfd, 0xa0, 0xfd, 0xa0, 0xfd, 0xa0, 0xfd, 0xa0, 0xfd, 0xa0, 0xfd,
  0xa0, 0xfd, 0xa0, 0xfd, 0xa0, 0xfd, 0xa0, 0xfd, 0xa0, 0xfd, 0xa0, 0xfd,
  0xa0, 0xfd, 0xc0, 0xfd, 0xa2, 0xcc, 0xc0, 0x18, 0x00, 0x00, 0xe2, 0xab,
  0xc0, 0xfd, 0xa0, 0xfd, 0xa0, 0xfd, 0xa0, 0xfd, 0xa0, 0xfd, 0xa0, 0xfd,
  0xa0, 0xfd, 0xa0, 0xfd, 0xa0, 0xfd, 0xa0, 0xfd, 0xa0, 0xfd, 0xa0, 0xfd,
  0xc1, 0xfd, 0x41, 0x62, 0x00, 0x00, 0x00, 0x00, 0x00, 0x00, 0x00, 0x00,
  0xe9, 0x09, 0x7a, 0x0d, 0x9b, 0x05, 0x9b, 0x05, 0x9b, 0x05, 0x9b, 0x05,
  0x9b, 0x05, 0x9b, 0x05, 0x9b, 0x05, 0x9b, 0x05, 0x9b, 0x05, 0x9b, 0x05,
  0x9b, 0x05, 0x9b, 0x05, 0x9b, 0x05, 0x9b, 0x05, 0x9b, 0x05, 0x9b, 0x05,
  0x9b, 0x05, 0x9b, 0x05, 0x9b, 0x05, 0x9b, 0x05, 0x9b, 0x05, 0x9b, 0x05,
  0x9b, 0x05, 0x9b, 0x05, 0x9b, 0x05, 0x9b, 0x05, 0x9b, 0x05, 0x9b, 0x05,
  0x9b, 0x05, 0xbb, 0x05, 0x34, 0x0c, 0x41, 0x00, 0x00, 0x00, 0x00, 0x00,
  0x00, 0x00, 0x20, 0x00, 0x41, 0x54, 0x61, 0x6e, 0x40, 0x6e, 0x60, 0x66,
  0x40, 0x6e, 0x40, 0x6e, 0x40, 0x6e, 0x40, 0x6e, 0x40, 0x6e, 0x40, 0x6e,
  0x40, 0x6e, 0x40, 0x6e, 0x40, 0x6e, 0x40, 0x6e, 0x60, 0x6e, 0x60, 0x6e,
  0x60, 0x6e, 0x60, 0x6e, 0x60, 0x6e, 0x60, 0x6e, 0x60, 0x6e, 0x60, 0x6e,
  0x60, 0x6e, 0x60, 0x6e, 0x60, 0x6e, 0x60, 0x6e, 0x60, 0x6e, 0x60, 0x6e,
  0x60, 0x6e, 0x60, 0x6e, 0x60, 0x6e, 0x60, 0x6e, 0x60, 0x6e, 0x60, 0x6e,
  0x60, 0x6e, 0x60, 0x6e, 0x60, 0x6e, 0x60, 0x6e, 0x40, 0x6e, 0x40, 0x6e,
  0x40, 0x6e, 0x40, 0x6e, 0x40, 0x6e, 0x40, 0x6e, 0x40, 0x6e, 0x40, 0x6e,
  0x40, 0x6e, 0x40, 0x6e, 0x40, 0x6e, 0x40, 0x6e, 0x40, 0x6e, 0x40, 0x6e,
  0x40, 0x6e, 0x40, 0x6e, 0x40, 0x66, 0x60, 0x6e, 0xa1, 0x5c, 0x20, 0x00,
  0xc1, 0x49, 0x81, 0xf5, 0xa0, 0xfd, 0xa0, 0xfd, 0xa0, 0xfd, 0xa0, 0xfd,
  0xa0, 0xfd, 0xa0, 0xfd, 0xa0, 0xfd, 0xa0, 0xfd, 0xa0, 0xfd, 0xa0, 0xfd,
  0xa0, 0xfd, 0xa0, 0xfd, 0xa0, 0xfd, 0xa0, 0xfd, 0x41, 0xed, 0xc0, 0x20,
  0x00, 0x00, 0x00, 0x00, 0x00, 0x00, 0x00, 0x00, 0x00, 0x00, 0x00, 0x00,
  0x00, 0x00, 0xc1, 0x20, 0xa2, 0xcc, 0xc0, 0xfd, 0xa1, 0xfd, 0xa0, 0xfd,
  0xa0, 0xfd, 0xa0, 0xfd, 0xa0, 0xfd, 0xa0, 0xfd, 0xa0, 0xfd, 0xa0, 0xfd,
  0xa0, 0xfd, 0xa0, 0xfd, 0xa0, 0xfd, 0xa0, 0xfd, 0xa0, 0xfd, 0x80, 0xfd,
  0xc1, 0xfd, 0x01, 0xb4, 0x60, 0x10, 0xc1, 0xa3, 0xc0, 0xfd, 0xa0, 0xfd,
  0xa0, 0xfd, 0xa0, 0xfd, 0xa0, 0xfd, 0xa0, 0xfd, 0xa0, 0xfd, 0xa0, 0xfd,
  0xa0, 0xfd, 0xa0, 0xfd, 0xa0, 0xf5, 0xc1, 0xfd, 0x02, 0xb4, 0x20, 0x08,
  0x00, 0x00, 0x00, 0x00, 0x00, 0x00, 0x82, 0x00, 0xb6, 0x0c, 0x9b, 0x05,
  0x9a, 0x05, 0x9b, 0x05, 0x9b, 0x05, 0x9b, 0x05, 0x9b, 0x05, 0x9b, 0x05,
  0x9b, 0x05, 0x9b, 0x05, 0x9b, 0x05, 0x9b, 0x05, 0x9b, 0x05, 0x9b, 0x05,
  0x9b, 0x05, 0x9b, 0x05, 0x9b, 0x05, 0x9b, 0x05, 0x9b, 0x05, 0x9b, 0x05,
  0x9b, 0x05, 0x9b, 0x05, 0x9b, 0x05, 0x9b, 0x05, 0x9b, 0x05, 0x9b, 0x05,
  0x9b, 0x05, 0x9b, 0x05, 0x9b, 0x05, 0x9b, 0x05, 0x9b, 0x05, 0x9a, 0x05,
  0x9a, 0x0d, 0x6c, 0x0a, 0x00, 0x00, 0x00, 0x00, 0x00, 0x00, 0x00, 0x00,
  0x40, 0x19, 0xe1, 0x65, 0x60, 0x6e, 0x40, 0x6e, 0x40, 0x6e, 0x40, 0x6e,
  0x40, 0x6e, 0x40, 0x6e, 0x40, 0x6e, 0x40, 0x6e, 0x40, 0x6e, 0x40, 0x6e,
  0x40, 0x6e, 0x40, 0x6e, 0x40, 0x6e, 0x40, 0x6e, 0x40, 0x6e, 0x40, 0x6e,
  0x40, 0x6e, 0x40, 0x6e, 0x40, 0x6e, 0x40, 0x6e, 0x40, 0x6e, 0x40, 0x6e,
  0x40, 0x6e, 0x40, 0x6e, 0x40, 0x6e, 0x40, 0x6e, 0x40, 0x6e, 0x40, 0x6e,
  0x40, 0x6e, 0x40, 0x6e, 0x40, 0x6e, 0x40, 0x6e, 0x40, 0x6e, 0x40, 0x6e,
  0x40, 0x6e, 0x40, 0x6e, 0x40, 0x6e, 0x40, 0x6e, 0x40, 0x6e, 0x40, 0x6e,
  0x40, 0x6e, 0x40, 0x6e, 0x40, 0x6e, 0x40, 0x6e, 0x40, 0x6e, 0x40, 0x6e,
  0x40, 0x6e, 0x40, 0x6e, 0x40, 0x6e, 0x40, 0x6e, 0x40, 0x6e, 0x40, 0x6e,
  0x40, 0x6e, 0x60, 0x76, 0x21, 0x3b, 0x00, 0x00, 0xc1, 0x49, 0x81, 0xf5,
  0xa0, 0xfd, 0xa0, 0xfd, 0xa0, 0xfd, 0xa0, 0xfd, 0xa0, 0xfd, 0xa0, 0xfd,
  0xa0, 0xfd, 0xa0, 0xfd, 0xa0, 0xfd, 0xa0, 0xfd, 0xa0, 0xfd, 0xa0, 0xfd,
  0xa0, 0xfd, 0xa0, 0xfd, 0x41, 0xed, 0xc0, 0x20, 0x00, 0x00, 0x00, 0x00,
  0x00, 0x00, 0x00, 0x00, 0x00, 0x00, 0x00, 0x00, 0x00, 0x00, 0x00, 0x00,
  0x20, 0x31, 0xe0, 0xdc, 0xc0, 0xfd, 0xa0, 0xfd, 0x80, 0xfd, 0xa0, 0xfd,
  0xa0, 0xfd, 0xa0, 0xfd, 0xa0, 0xfd, 0xa0, 0xfd, 0xa0, 0xfd, 0xa0, 0xfd,
  0xa0, 0xfd, 0xa0, 0xfd, 0xa0, 0xfd, 0xa0, 0xf5, 0xa0, 0xf5, 0xa1, 0xfd,
  0xa1, 0xab, 0xa0, 0xcc, 0xc0, 0xfd, 0xa0, 0xfd, 0xa0, 0xfd, 0xa0, 0xfd,
  0xa0, 0xfd, 0xa0, 0xfd, 0xa0, 0xfd, 0xa0, 0xfd, 0xa0, 0xfd, 0xa0, 0xfd,
  0xa0, 0xfd, 0x61, 0xed, 0x41, 0x39, 0x00, 0x00, 0x00, 0x00, 0x00, 0x00,
  0x00, 0x00, 0xed, 0x0a, 0x9b, 0x0d, 0x9a, 0x05, 0x9b, 0x05, 0x9b, 0x05,
  0x9b, 0x05, 0x9b, 0x05, 0x9b, 0x05, 0x9b, 0x05, 0x9b, 0x05, 0x9b, 0x05,
  0x9b, 0x05, 0x9b, 0x05, 0x9b, 0x05, 0x9b, 0x05, 0x9b, 0x05, 0x9b, 0x05,
  0x9b, 0x05, 0x9b, 0x05, 0x9b, 0x05, 0x9b, 0x05, 0x9b, 0x05, 0x9b, 0x05,
  0x9b, 0x05, 0x9b, 0x05, 0x9b, 0x05, 0x9b, 0x05, 0x9b, 0x05, 0x9b, 0x05,
  0x9a, 0x05, 0x9b, 0x05, 0x9b, 0x05, 0x9a, 0x05, 0xbb, 0x05, 0x19, 0x05,
  0xe4, 0x00, 0x00, 0x00, 0x00, 0x00, 0x00, 0x00, 0x00, 0x00, 0x41, 0x3b,
  0x80, 0x6e, 0x40, 0x6e, 0x40, 0x6e, 0x40, 0x6e, 0x40, 0x6e, 0x40, 0x6e,
  0x40, 0x6e, 0x40, 0x6e, 0x40, 0x6e, 0x40, 0x6e, 0x40, 0x6e, 0x40, 0x6e,
  0x40, 0x6e, 0x40, 0x6e, 0x40, 0x6e, 0x40, 0x6e, 0x40, 0x6e, 0x40, 0x6e,
  0x60, 0x66, 0x60, 0x66, 0x60, 0x66, 0x60, 0x66, 0x60, 0x66, 0x60, 0x66,
  0x60, 0x66, 0x60, 0x66, 0x60, 0x66, 0x60, 0x66, 0x40, 0x6e, 0x40, 0x6e,
  0x40, 0x6e, 0x40, 0x6e, 0x40, 0x6e, 0x40, 0x6e, 0x40, 0x6e, 0x40, 0x6e,
  0x40, 0x6e, 0x40, 0x6e, 0x40, 0x6e, 0x40, 0x6e, 0x40, 0x6e, 0x40, 0x6e,
  0x40, 0x6e, 0x40, 0x6e, 0x40, 0x6e, 0x40, 0x6e, 0x40, 0x6e, 0x40, 0x6e,
  0x40, 0x6e, 0x40, 0x6e, 0x40, 0x6e, 0x40, 0x6e, 0x40, 0x6e, 0x01, 0x76,
  0x80, 0x21, 0x00, 0x00, 0xc1, 0x49, 0x81, 0xf5, 0xa0, 0xfd, 0xa0, 0xfd,
  0xa0, 0xfd, 0xa0, 0xfd, 0xa0, 0xfd, 0xa0, 0xfd, 0xa0, 0xfd, 0xa0, 0xfd,
  0xa0, 0xfd, 0xa0, 0xfd, 0xa0, 0xfd, 0xa0, 0xfd, 0xa0, 0xfd, 0xa0, 0xfd,
  0x41, 0xed, 0xc0, 0x20, 0x00, 0x00, 0x00, 0x00, 0x00, 0x00, 0x00, 0x00,
  0x00, 0x00, 0x00, 0x00, 0x00, 0x00, 0x00, 0x00, 0x00, 0x00, 0xa1, 0x41,
  0x61, 0xed, 0xc0, 0xfd, 0xa0, 0xfd, 0xa0, 0xfd, 0xa0, 0xfd, 0xa0, 0xfd,
  0xa0, 0xfd, 0xa0, 0xfd, 0xa0, 0xfd, 0xa0, 0xfd, 0xa0, 0xfd, 0xa0, 0xfd,
  0xa0, 0xfd, 0xa0, 0xfd, 0xa0, 0xfd, 0xa1, 0xf5, 0xa0, 0xfd, 0xa0, 0xfd,
  0xa0, 0xfd, 0xa0, 0xfd, 0xa0, 0xfd, 0xa0, 0xfd, 0xa0, 0xfd, 0xa0, 0xfd,
  0xa0, 0xfd, 0xa0, 0xfd, 0xa0, 0xfd, 0xa0, 0xfd, 0xc1, 0xfd, 0x01, 0x83,
  0x00, 0x00, 0x00, 0x00, 0x00, 0x00, 0x00, 0x00, 0x25, 0x01, 0x19, 0x0d,
  0xba, 0x05, 0xbb, 0x05, 0x9b, 0x05, 0x9b, 0x05, 0x9b, 0x05, 0x9b, 0x05,
  0x9b, 0x05, 0x9b, 0x05, 0x9b, 0x05, 0x9b, 0x05, 0x9b, 0x05, 0x9b, 0x05,
  0x9b, 0x05, 0x9b, 0x05, 0x9b, 0x05, 0x9b, 0x05, 0x9b, 0x05, 0x9b, 0x05,
  0x9b, 0x05, 0x9b, 0x05, 0x9b, 0x05, 0x9b, 0x05, 0x9b, 0x05, 0x9b, 0x05,
  0x9b, 0x05, 0x9b, 0x05, 0x9b, 0x05, 0x9b, 0x05, 0x9b, 0x05, 0x9b, 0x05,
  0x9b, 0x05, 0x9b, 0x05, 0x9b, 0x05, 0xbb, 0x05, 0x91, 0x0b, 0x00, 0x00,
  0x00, 0x00, 0x00, 0x00, 0x00, 0x00, 0x80, 0x08, 0x01, 0x5d, 0x60, 0x6e,
  0x40, 0x6e, 0x40, 0x6e, 0x40, 0x6e, 0x40, 0x6e, 0x40, 0x6e, 0x40, 0x6e,
  0x40, 0x6e, 0x40, 0x6e, 0x40, 0x6e, 0x40, 0x6e, 0x40, 0x6e, 0x40, 0x6e,
  0x40, 0x6e, 0x40, 0x6e, 0x40, 0x6e, 0x40, 0x6e, 0x40, 0x6e, 0x40, 0x6e,
  0x40, 0x6e, 0x40, 0x6e, 0x40, 0x6e, 0x40, 0x6e, 0x40, 0x6e, 0x40, 0x6e,
  0x40, 0x6e, 0x40, 0x6e, 0x40, 0x6e, 0x40, 0x6e, 0x40, 0x6e, 0x40, 0x6e,
  0x40, 0x6e, 0x40, 0x6e, 0x40, 0x6e, 0x40, 0x6e, 0x40, 0x6e, 0x40, 0x6e,
  0x40, 0x6e, 0x40, 0x6e, 0x40, 0x6e, 0x40, 0x6e, 0x40, 0x6e, 0x40, 0x6e,
  0x40, 0x6e, 0x40, 0x6e, 0x40, 0x6e, 0x40, 0x6e, 0x40, 0x6e, 0x40, 0x6e,
  0x40, 0x6e, 0x40, 0x6e, 0x60, 0x76, 0xc1, 0x5c, 0x20, 0x00, 0x00, 0x00,
  0xc1, 0x49, 0x81, 0xf5, 0xa0, 0xfd, 0xa0, 0xfd, 0xa0, 0xfd, 0xa0, 0xfd,
  0xa0, 0xfd, 0xa0, 0xfd, 0xa0, 0xfd, 0xa0, 0xfd, 0xa0, 0xfd, 0xa0, 0xfd,
  0xa0, 0xfd, 0xa0, 0xfd, 0xa0, 0xfd, 0xa0, 0xfd, 0x41, 0xed, 0xc0, 0x20,
  0x00, 0x00, 0x00, 0x00, 0x00, 0x00, 0x00, 0x00, 0x00, 0x00, 0x00, 0x00,
  0x00, 0x00, 0x00, 0x00, 0x00, 0x00, 0x00, 0x00, 0x21, 0x62, 0x80, 0xf5,
  0xc0, 0xfd, 0xa0, 0xfd, 0x80, 0xfd, 0xa0, 0xfd, 0xa0, 0xfd, 0xa0, 0xfd,
  0xa0, 0xfd, 0xa0, 0xfd, 0xa0, 0xfd, 0xa0, 0xfd, 0xa0, 0xfd, 0xa0, 0xfd,
  0xa0, 0xfd, 0xc0, 0xf5, 0xa0, 0xfd, 0xa0, 0xfd, 0xa0, 0xfd, 0xa0, 0xfd,
  0xa0, 0xfd, 0xa0, 0xfd, 0xa0, 0xfd, 0xa0, 0xfd, 0xa0, 0xf5, 0xa0, 0xfd,
  0xa0, 0xfd, 0xc0, 0xfd, 0xc2, 0xd4, 0x80, 0x18, 0x00, 0x00, 0x00, 0x00,
  0x00, 0x00, 0x21, 0x00, 0xf2, 0x0b, 0xbc, 0x05, 0x9a, 0x05, 0x9b, 0x05,
  0x9b, 0x05, 0x9b, 0x05, 0x9b, 0x05, 0x9b, 0x05, 0x9b, 0x05, 0x9b, 0x05,
  0x9b, 0x05, 0x9b, 0x05, 0x9a, 0x05, 0x9a, 0x05, 0x9a, 0x05, 0x9b, 0x05,
  0x9b, 0x05, 0xba, 0x05, 0x9b, 0x05, 0x9a, 0x05, 0x9b, 0x05, 0x9b, 0x05,
  0x9b, 0x05, 0x9a, 0x05, 0x9a, 0x05, 0x9b, 0x05, 0x9b, 0x05, 0x9b, 0x05,
  0x9b, 0x05, 0x9b, 0x05, 0x9b, 0x05, 0x9b, 0x05, 0x9b, 0x05, 0x9b, 0x05,
  0x9b, 0x05, 0xba, 0x05, 0x7a, 0x0d, 0xc8, 0x01, 0x00, 0x00, 0x00, 0x00,
  0x00, 0x00, 0x00, 0x00, 0x01, 0x22, 0x21, 0x6e, 0x60, 0x6e, 0x40, 0x6e,
  0x40, 0x6e, 0x40, 0x6e, 0x40, 0x6e, 0x40, 0x6e, 0x40, 0x6e, 0x40, 0x6e,
  0x40, 0x6e, 0x40, 0x6e, 0x40, 0x6e, 0x40, 0x6e, 0x40, 0x6e, 0x40, 0x6e,
  0x40, 0x6e, 0x40, 0x6e, 0x40, 0x6e, 0x40, 0x6e, 0x40, 0x6e, 0x40, 0x6e,
  0x40, 0x6e, 0x40, 0x6e, 0x40, 0x6e, 0x40, 0x6e, 0x40, 0x6e, 0x40, 0x6e,
  0x40, 0x6e, 0x40, 0x6e, 0x40, 0x6e, 0x40, 0x6e, 0x40, 0x6e, 0x40, 0x6e,
  0x40, 0x6e, 0x40, 0x6e, 0x40, 0x6e, 0x40, 0x6e, 0x40, 0x6e, 0x40, 0x6e,
  0x40, 0x6e, 0x40, 0x6e, 0x40, 0x6e, 0x40, 0x6e, 0x40, 0x6e, 0x40, 0x6e,
  0x40, 0x6e, 0x40, 0x6e, 0x40, 0x6e, 0x40, 0x6e, 0x40, 0x6e, 0x60, 0x66,
  0x41, 0x76, 0xa1, 0x32, 0x00, 0x00, 0x00, 0x00, 0xc1, 0x49, 0x81, 0xf5,
  0xa0, 0xfd, 0xa0, 0xfd, 0x80, 0xfd, 0xa0, 0xfd, 0xa0, 0xfd, 0xa0, 0xfd,
  0xa0, 0xfd, 0xa0, 0xfd, 0xa0, 0xfd, 0xa0, 0xfd, 0xa0, 0xfd, 0xa0, 0xfd,
  0xa0, 0xfd, 0xa0, 0xfd, 0x41, 0xed, 0xc0, 0x20, 0x00, 0x00, 0x00, 0x00,
  0x00, 0x00, 0x00, 0x00, 0x00, 0x00, 0x00, 0x00, 0x00, 0x00, 0x00, 0x00,
  0x00, 0x00, 0x00, 0x00, 0x00, 0x00, 0xc1, 0x7a, 0xa1, 0xfd, 0xa1, 0xfd,
  0xa0, 0xfd, 0xa0, 0xfd, 0x81, 0xfd, 0xa0, 0xfd, 0xa0, 0xfd, 0xa0, 0xfd,
  0xa0, 0xfd, 0xa0, 0xfd, 0xa0, 0xfd, 0xa0, 0xfd, 0xa0, 0xfd, 0xa0, 0xfd,
  0xa0, 0xfd, 0xa0, 0xfd, 0xa0, 0xfd, 0xa0, 0xfd, 0xa0, 0xfd, 0xa0, 0xfd,
  0xa0, 0xfd, 0xa0, 0xfd, 0x80, 0xfd, 0x80, 0xfd, 0xa0, 0xfd, 0xa1, 0xfd,
  0x21, 0x5a, 0x00, 0x00, 0x00, 0x00, 0x00, 0x00, 0x00, 0x00, 0x4a, 0x0a,
  0xba, 0x0d, 0x9b, 0x05, 0x9b, 0x05, 0x9b, 0x05, 0x9b, 0x05, 0x9b, 0x05,
  0x9b, 0x05, 0x9b, 0x05, 0x9b, 0x05, 0x9b, 0x05, 0x9b, 0x05, 0x9b, 0x05,
  0x9a, 0x05, 0x9a, 0x05, 0xbb, 0x05, 0x7a, 0x0d, 0x9a, 0x05, 0xba, 0x05,
  0x9b, 0x05, 0x9b, 0x05, 0x9b, 0x05, 0x9b, 0x05, 0x9b, 0x05, 0xba, 0x05,
  0x9b, 0x05, 0x9b, 0x05, 0x9b, 0x05, 0x9b, 0x05, 0x9b, 0x05, 0x9b, 0x05,
  0x9b, 0x05, 0x9b, 0x05, 0x9b, 0x05, 0x9a, 0x05, 0x9a, 0x05, 0x9a, 0x05,
  0xbb, 0x05, 0x95, 0x0c, 0x62, 0x00, 0x00, 0x00, 0x00, 0x00, 0x00, 0x00,
  0x00, 0x00, 0xe1, 0x4b, 0x80, 0x6e, 0x40, 0x6e, 0x40, 0x6e, 0x40, 0x6e,
  0x40, 0x6e, 0x40, 0x6e, 0x40, 0x6e, 0x40, 0x6e, 0x40, 0x6e, 0x40, 0x6e,
  0x40, 0x6e, 0x40, 0x6e, 0x40, 0x6e, 0x40, 0x6e, 0x40, 0x6e, 0x40, 0x6e,
  0x40, 0x6e, 0x40, 0x6e, 0x40, 0x6e, 0x40, 0x6e, 0x40, 0x6e, 0x40, 0x6e,
  0x40, 0x6e, 0x40, 0x6e, 0x40, 0x6e, 0x40, 0x6e, 0x40, 0x6e, 0x40, 0x6e,
  0x40, 0x6e, 0x40, 0x6e, 0x40, 0x6e, 0x40, 0x6e, 0x40, 0x6e, 0x40, 0x6e,
  0x40, 0x6e, 0x40, 0x6e, 0x40, 0x6e, 0x40, 0x6e, 0x40, 0x6e, 0x40, 0x6e,
  0x40, 0x6e, 0x40, 0x6e, 0x40, 0x6e, 0x40, 0x6e, 0x40, 0x6e, 0x40, 0x6e,
  0x40, 0x6e, 0x40, 0x6e, 0x40, 0x6e, 0x80, 0x6e, 0xa2, 0x5c, 0x40, 0x08,
  0x00, 0x00, 0x00, 0x00, 0xc1, 0x49, 0x81, 0xf5, 0xa0, 0xfd, 0xa0, 0xfd,
  0x80, 0xfd, 0xa0, 0xfd, 0xa0, 0xfd, 0xa0, 0xfd, 0xa0, 0xfd, 0xa0, 0xfd,
  0xa0, 0xfd, 0xa0, 0xfd, 0xa0, 0xfd, 0xa0, 0xfd, 0xa0, 0xfd, 0xa0, 0xfd,
  0x41, 0xed, 0xc0, 0x20, 0x00, 0x00, 0x00, 0x00, 0x00, 0x00, 0x00, 0x00,
  0x00, 0x00, 0x00, 0x00, 0x00, 0x00, 0x00, 0x00, 0x00, 0x00, 0x00, 0x00,
  0x00, 0x00, 0x20, 0x00, 0x41, 0x93, 0xc1, 0xfd, 0xa0, 0xfd, 0xa0, 0xfd,
  0xa0, 0xfd, 0xa0, 0xfd, 0xa0, 0xfd, 0xa0, 0xfd, 0xa0, 0xfd, 0xa0, 0xfd,
  0xa0, 0xfd, 0xa0, 0xfd, 0xa0, 0xfd, 0xa0, 0xfd, 0xa0, 0xfd, 0xa0, 0xfd,
  0xa0, 0xfd, 0xa0, 0xfd, 0xa0, 0xfd, 0xa0, 0xfd, 0xa0, 0xfd, 0xa0, 0xfd,
  0x80, 0xfd, 0xa0, 0xfd, 0xe1, 0xfd, 0x01, 0xb4, 0x20, 0x08, 0x00, 0x00,
  0x00, 0x00, 0x00, 0x00, 0xc3, 0x00, 0xd6, 0x0c, 0xbc, 0x05, 0x7a, 0x05,
  0xbb, 0x05, 0x9b, 0x05, 0x9a, 0x05, 0x9b, 0x05, 0x9b, 0x05, 0x9b, 0x05,
  0x9b, 0x05, 0x9b, 0x05, 0x9b, 0x05, 0x9b, 0x05, 0x9a, 0x05, 0x9a, 0x05,
  0xbb, 0x05, 0x9b, 0x05, 0xba, 0x05, 0x7a, 0x0d, 0xad, 0x0a, 0xf3, 0x0b,
  0xbb, 0x05, 0x9b, 0x05, 0x9a, 0x05, 0xbb, 0x05, 0x9b, 0x05, 0x9b, 0x05,
  0x9b, 0x05, 0x9b, 0x05, 0x9b, 0x05, 0x9b, 0x05, 0x9b, 0x05, 0x9b, 0x05,
  0x9b, 0x05, 0x9b, 0x05, 0x9a, 0x05, 0x9a, 0x05, 0x9b, 0x05, 0xbb, 0x05,
  0xcd, 0x0a, 0x00, 0x00, 0x00, 0x00, 0x00, 0x00, 0x00, 0x00, 0x00, 0x11,
  0xa1, 0x65, 0x60, 0x6e, 0x41, 0x6e, 0x40, 0x6e, 0x40, 0x6e, 0x40, 0x6e,
  0x40, 0x6e, 0x40, 0x6e, 0x40, 0x6e, 0x40, 0x6e, 0x40, 0x6e, 0x40, 0x6e,
  0x40, 0x6e, 0x40, 0x6e, 0x40, 0x6e, 0x40, 0x6e, 0x40, 0x6e, 0x40, 0x6e,
  0x40, 0x6e, 0x40, 0x6e, 0x40, 0x6e, 0x40, 0x6e, 0x40, 0x6e, 0x40, 0x6e,
  0x40, 0x6e, 0x40, 0x6e, 0x40, 0x6e, 0x40, 0x6e, 0x40, 0x6e, 0x40, 0x6e,
  0x40, 0x6e, 0x40, 0x6e, 0x40, 0x6e, 0x40, 0x6e, 0x40, 0x6e, 0x40, 0x6e,
  0x40, 0x6e, 0x40, 0x6e, 0x40, 0x6e, 0x40, 0x6e, 0x40, 0x6e, 0x40, 0x6e,
  0x40, 0x6e, 0x40, 0x6e, 0x40, 0x6e, 0x40, 0x6e, 0x40, 0x6e, 0x40, 0x6e,
  0x60, 0x6e, 0xc1, 0x6d, 0x61, 0x19, 0x00, 0x00, 0x00, 0x00, 0x00, 0x00,
  0xc1, 0x49, 0x81, 0xf5, 0xa0, 0xfd, 0xa0, 0xfd, 0x80, 0xfd, 0xa0, 0xfd,
  0xa0, 0xfd, 0xa0, 0xfd, 0xa0, 0xfd, 0xa0, 0xfd, 0xa0, 0xfd, 0xa0, 0xfd,
  0xa0, 0xfd, 0xa0, 0xfd, 0xa0, 0xfd, 0xa0, 0xfd, 0x41, 0xe5, 0xc0, 0x20,
  0x00, 0x00, 0x00, 0x00, 0x00, 0x00, 0x00, 0x00, 0x00, 0x00, 0x00, 0x00,
  0x00, 0x00, 0x00, 0x00, 0x00, 0x00, 0x00, 0x00, 0x00, 0x00, 0x00, 0x00,
  0x40, 0x08, 0xa1, 0x9b, 0xc0, 0xfd, 0xa0, 0xfd, 0xa0, 0xf5, 0xa0, 0xfd,
  0xa0, 0xfd, 0xa0, 0xfd, 0xa0, 0xfd, 0xa0, 0xfd, 0xa0, 0xfd, 0xa0, 0xfd,
  0xa0, 0xfd, 0xa0, 0xfd, 0xa0, 0xfd, 0xa0, 0xfd, 0xa0, 0xfd, 0xa0, 0xfd,
  0xa0, 0xfd, 0xa0, 0xfd, 0xa0, 0xfd, 0xa0, 0xfd, 0xc0, 0xf5, 0xa0, 0xfd,
  0x61, 0xe5, 0x41, 0x31, 0x00, 0x00, 0x00, 0x00, 0x00, 0x00, 0x00, 0x00,
  0x6f, 0x0b, 0xbc, 0x05, 0x7c, 0x05, 0x7a, 0x05, 0xbb, 0x05, 0x9b, 0x05,
  0x9a, 0x05, 0x9b, 0x05, 0x9b, 0x05, 0x9b, 0x05, 0x9b, 0x05, 0x9b, 0x05,
  0x9b, 0x05, 0x9b, 0x05, 0x9a, 0x05, 0x9a, 0x05, 0x9a, 0x05, 0xbb, 0x05,
  0xbb, 0x05, 0x91, 0x0b, 0x00, 0x00, 0x25, 0x01, 0x37, 0x0d, 0xbb, 0x05,
  0x9a, 0x05, 0x9a, 0x05, 0x9b, 0x05, 0x9b, 0x05, 0x9b, 0x05, 0x9b, 0x05,
  0x9b, 0x05, 0x9b, 0x05, 0xbb, 0x05, 0x9b, 0x05, 0x9b, 0x05, 0x9b, 0x05,
  0x9a, 0x05, 0xbb, 0x05, 0x7b, 0x05, 0x9b, 0x05, 0x39, 0x0d, 0x25, 0x01,
  0x00, 0x00, 0x00, 0x00, 0x00, 0x00, 0x00, 0x00, 0xe1, 0x3a, 0x40, 0x76,
  0x40, 0x6e, 0x40, 0x6e, 0x40, 0x6e, 0x40, 0x6e, 0x40, 0x6e, 0x40, 0x6e,
  0x40, 0x6e, 0x40, 0x6e, 0x40, 0x6e, 0x40, 0x6e, 0x40, 0x6e, 0x40, 0x6e,
  0x40, 0x6e, 0x40, 0x6e, 0x40, 0x6e, 0x40, 0x6e, 0x40, 0x6e, 0x40, 0x6e,
  0x40, 0x6e, 0x40, 0x6e, 0x40, 0x6e, 0x40, 0x6e, 0x40, 0x6e, 0x40, 0x6e,
  0x40, 0x6e, 0x40, 0x6e, 0x40, 0x6e, 0x40, 0x6e, 0x40, 0x6e, 0x40, 0x6e,
  0x40, 0x6e, 0x40, 0x6e, 0x40, 0x6e, 0x40, 0x6e, 0x40, 0x6e, 0x40, 0x6e,
  0x40, 0x6e, 0x40, 0x6e, 0x40, 0x6e, 0x40, 0x6e, 0x40, 0x6e, 0x40, 0x6e,
  0x40, 0x6e, 0x40, 0x6e, 0x40, 0x6e, 0x60, 0x6e, 0x20, 0x6e, 0x60, 0x32,
  0x00, 0x00, 0x00, 0x00, 0x00, 0x00, 0x00, 0x00, 0xc1, 0x49, 0x81, 0xf5,
  0xa0, 0xfd, 0xa0, 0xfd, 0x80, 0xfd, 0xa0, 0xfd, 0xa0, 0xfd, 0xa0, 0xfd,
  0xa0, 0xfd, 0xa0, 0xfd, 0xa0, 0xfd, 0xa0, 0xfd, 0xa0, 0xfd, 0xa0, 0xfd,
  0xa0, 0xfd, 0xa0, 0xfd, 0x41, 0xe5, 0xc0, 0x20, 0x00, 0x00, 0x00, 0x00,
  0x00, 0x00, 0x00, 0x00, 0x00, 0x00, 0x00, 0x00, 0x00, 0x00, 0x00, 0x00,
  0x00, 0x00, 0x00, 0x00, 0x00, 0x00, 0x00, 0x00, 0x00, 0x00, 0x80, 0x10,
  0x41, 0xbc, 0xc0, 0xfd, 0xa0, 0xfd, 0xa0, 0xfd, 0xa0, 0xfd, 0xa0, 0xfd,
  0xa0, 0xfd, 0xa0, 0xfd, 0xa0, 0xfd, 0xa0, 0xfd, 0xa0, 0xfd, 0xa0, 0xfd,
  0xa0, 0xfd, 0xa0, 0xfd, 0xa0, 0xfd, 0xa0, 0xfd, 0xa0, 0xfd, 0xa0, 0xfd,
  0xa0, 0xfd, 0xa0, 0xfd, 0xa0, 0xfd, 0xc1, 0xfd, 0x01, 0x83, 0x00, 0x00,
  0x00, 0x00, 0x00, 0x00, 0x00, 0x00, 0xa7, 0x09, 0x79, 0x0d, 0x9b, 0x05,
  0x9b, 0x05, 0x9a, 0x05, 0x9b, 0x05, 0x9b, 0x05, 0x9a, 0x05, 0x9b, 0x05,
  0x9b, 0x05, 0x9b, 0x05, 0x9b, 0x05, 0x9b, 0x05, 0x9b, 0x05, 0x9b, 0x05,
  0x9a, 0x05, 0x9a, 0x05, 0x9a, 0x05, 0xbb, 0x05, 0xd7, 0x0c, 0xa3, 0x00,
  0x00, 0x00, 0x00, 0x00, 0x8b, 0x0a, 0x9b, 0x0d, 0x9a, 0x05, 0x9a, 0x05,
  0x9b, 0x05, 0x9b, 0x05, 0x9b, 0x05, 0x9b, 0x05, 0x9b, 0x05, 0x9a, 0x05,
  0xba, 0x05, 0x9b, 0x05, 0x9b, 0x05, 0x9b, 0x05, 0x9b, 0x05, 0x9a, 0x05,
  0x9b, 0x05, 0x9b, 0x05, 0xdb, 0x05, 0xf2, 0x0b, 0x20, 0x00, 0x00, 0x00,
  0x00, 0x00, 0x00, 0x00, 0x60, 0x08, 0xc2, 0x64, 0x60, 0x6e, 0x40, 0x6e,
  0x20, 0x6e, 0x40, 0x6e, 0x40, 0x6e, 0x40, 0x6e, 0x40, 0x6e, 0x40, 0x6e,
  0x40, 0x6e, 0x40, 0x6e, 0x40, 0x6e, 0x40, 0x6e, 0x40, 0x6e, 0x40, 0x6e,
  0x40, 0x6e, 0x40, 0x6e, 0x40, 0x6e, 0x40, 0x6e, 0x40, 0x6e, 0x40, 0x6e,
  0x40, 0x6e, 0x40, 0x6e, 0x40, 0x6e, 0x40, 0x6e, 0x40, 0x6e, 0x40, 0x6e,
  0x40, 0x6e, 0x40, 0x6e, 0x40, 0x6e, 0x40, 0x6e, 0x40, 0x6e, 0x40, 0x6e,
  0x40, 0x6e, 0x40, 0x6e, 0x40, 0x6e, 0x40, 0x6e, 0x40, 0x6e, 0x40, 0x6e,
  0x40, 0x6e, 0x40, 0x6e, 0x40, 0x6e, 0x40, 0x6e, 0x40, 0x6e, 0x40, 0x6e,
  0x60, 0x6e, 0xe1, 0x6d, 0x81, 0x32, 0x00, 0x00, 0x00, 0x00, 0x00, 0x00,
  0x00, 0x00, 0x00, 0x00, 0xc1, 0x49, 0x81, 0xf5, 0xa0, 0xfd, 0xa0, 0xfd,
  0xa0, 0xfd, 0xa0, 0xfd, 0xa0, 0xfd, 0xa0, 0xfd, 0xa0, 0xfd, 0xa0, 0xfd,
  0xa0, 0xfd, 0xa0, 0xfd, 0xa0, 0xfd, 0xa0, 0xfd, 0xa0, 0xfd, 0xa0, 0xfd,
  0x41, 0xe5, 0xa0, 0x18, 0x00, 0x00, 0x00, 0x00, 0x00, 0x00, 0x00, 0x00,
  0x00, 0x00, 0x00, 0x00, 0x00, 0x00, 0x00, 0x00, 0x00, 0x00, 0x00, 0x00,
  0x00, 0x00, 0x00, 0x00, 0x00, 0x00, 0x00, 0x00, 0xc0, 0x20, 0x81, 0xcc,
  0xa0, 0xfd, 0xa0, 0xf5, 0xa0, 0xfd, 0xa0, 0xfd, 0xa0, 0xfd, 0xa0, 0xfd,
  0xa0, 0xfd, 0xa0, 0xfd, 0xa0, 0xfd, 0xa0, 0xfd, 0xa0, 0xfd, 0xa0, 0xfd,
  0xa0, 0xfd, 0xa0, 0xfd, 0xa0, 0xfd, 0xa0, 0xfd, 0xa0, 0xfd, 0xa0, 0xfd,
  0xa1, 0xfd, 0xa2, 0xcc, 0x80, 0x18, 0x00, 0x00, 0x00, 0x00, 0x00, 0x00,
  0x61, 0x00, 0x54, 0x14, 0xbc, 0x05, 0x9a, 0x05, 0x9a, 0x05, 0xba, 0x05,
  0x9b, 0x05, 0x9b, 0x05, 0x9a, 0x05, 0x9b, 0x05, 0x9b, 0x05, 0x9b, 0x05,
  0x9b, 0x05, 0x9a, 0x05, 0x9b, 0x05, 0x9b, 0x05, 0xbb, 0x05, 0x9b, 0x05,
  0x9a, 0x05, 0x9b, 0x0d, 0x4a, 0x02, 0x00, 0x00, 0x00, 0x00, 0x00, 0x00,
  0x41, 0x00, 0x34, 0x0c, 0xdb, 0x05, 0x9a, 0x05, 0x9b, 0x05, 0x9b, 0x05,
  0x9b, 0x05, 0x9a, 0x05, 0x9a, 0x05, 0x9a, 0x05, 0x9a, 0x05, 0x9b, 0x05,
  0x9b, 0x05, 0x9b, 0x05, 0x9b, 0x05, 0x9a, 0x05, 0xbb, 0x05, 0x9b, 0x05,
  0x9a, 0x05, 0x9b, 0x05, 0x6a, 0x02, 0x00, 0x00, 0x00, 0x00, 0x00, 0x00,
  0x00, 0x00, 0x81, 0x21, 0xe1, 0x6d, 0x60, 0x6e, 0x40, 0x6e, 0x40, 0x6e,
  0x40, 0x6e, 0x40, 0x6e, 0x60, 0x66, 0x40, 0x66, 0x40, 0x66, 0x60, 0x66,
  0x60, 0x66, 0x60, 0x66, 0x60, 0x66, 0x60, 0x66, 0x40, 0x66, 0x40, 0x66,
  0x40, 0x66, 0x60, 0x6e, 0x60, 0x6e, 0x40, 0x66, 0x40, 0x66, 0x40, 0x66,
  0x40, 0x66, 0x40, 0x66, 0x40, 0x66, 0x40, 0x66, 0x40, 0x66, 0x40, 0x66,
  0x40, 0x66, 0x40, 0x66, 0x40, 0x66, 0x40, 0x66, 0x40, 0x66, 0x40, 0x66,
  0x40, 0x6e, 0x40, 0x6e, 0x40, 0x6e, 0x40, 0x6e, 0x40, 0x6e, 0x40, 0x6e,
  0x60, 0x6e, 0x60, 0x6e, 0x60, 0x6e, 0x60, 0x76, 0xe2, 0x5c, 0xa1, 0x21,
  0x00, 0x00, 0x00, 0x00, 0x00, 0x00, 0x00, 0x00, 0x00, 0x00, 0x00, 0x00,
  0xc1, 0x49, 0x81, 0xf5, 0xa0, 0xfd, 0xa0, 0xfd, 0xa0, 0xfd, 0xa0, 0xfd,
  0xa0, 0xfd, 0xa0, 0xfd, 0xa0, 0xfd, 0xa0, 0xfd, 0xa0, 0xfd, 0xa0, 0xfd,
  0xa0, 0xfd, 0xa0, 0xfd, 0xa0, 0xfd, 0xa0, 0xfd, 0x21, 0xe5, 0xa0, 0x18,
  0x00, 0x00, 0x00, 0x00, 0x00, 0x00, 0x00, 0x00, 0x00, 0x00, 0x00, 0x00,
  0x00, 0x00, 0x00, 0x00, 0x00, 0x00, 0x00, 0x00, 0x00, 0x00, 0x00, 0x00,
  0x00, 0x00, 0x00, 0x00, 0x00, 0x00, 0x20, 0x31, 0x00, 0xe5, 0xa0, 0xfd,
  0xa0, 0xf5, 0xa0, 0xfd, 0xa0, 0xfd, 0x80, 0xfd, 0xa0, 0xfd, 0xa0, 0xfd,
  0xa0, 0xfd, 0xa0, 0xfd, 0xa0, 0xfd, 0xa0, 0xfd, 0xa0, 0xfd, 0xa0, 0xfd,
  0xa0, 0xfd, 0xa0, 0xfd, 0xa0, 0xfd, 0xa0, 0xfd, 0xa1, 0xf5, 0x21, 0x5a,
  0x00, 0x00, 0x00, 0x00, 0x00, 0x00, 0x00, 0x00, 0x8c, 0x0a, 0x9a, 0x0d,
  0x9b, 0x05, 0x9b, 0x05, 0x9b, 0x05, 0x9b, 0x05, 0x9b, 0x05, 0x9b, 0x05,
  0x9b, 0x05, 0x9b, 0x05, 0x9b, 0x05, 0x9b, 0x05, 0x9b, 0x05, 0x9a, 0x05,
  0x9b, 0x05, 0x9b, 0x05, 0xba, 0x05, 0x9b, 0x05, 0xbb, 0x05, 0x13, 0x0c,
  0x21, 0x00, 0x00, 0x00, 0x00, 0x00, 0x00, 0x00, 0x00, 0x00, 0x66, 0x01,
  0x59, 0x0d, 0xbb, 0x05, 0x9b, 0x05, 0x9b, 0x05, 0x9b, 0x05, 0x9a, 0x05,
  0x9a, 0x05, 0x9a, 0x05, 0x9b, 0x05, 0x9b, 0x05, 0x9b, 0x05, 0x9b, 0x05,
  0x9b, 0x05, 0x9a, 0x05, 0x9a, 0x05, 0x9b, 0x05, 0x9b, 0x05, 0xbb, 0x05,
  0xd7, 0x0c, 0xc3, 0x00, 0x00, 0x00, 0x00, 0x00, 0x00, 0x00, 0x00, 0x00,
  0xa1, 0x4b, 0x60, 0x76, 0x40, 0x66, 0x40, 0x6e, 0x40, 0x6e, 0x40, 0x6e,
  0x60, 0x66, 0x40, 0x6e, 0x60, 0x6e, 0x60, 0x6e, 0x60, 0x6e, 0x60, 0x6e,
  0x60, 0x6e, 0x60, 0x6e, 0x60, 0x6e, 0x60, 0x6e, 0x60, 0x6e, 0x60, 0x6e,
  0x60, 0x6e, 0x60, 0x6e, 0x60, 0x6e, 0x60, 0x6e, 0x60, 0x6e, 0x60, 0x6e,
  0x60, 0x6e, 0x60, 0x6e, 0x60, 0x6e, 0x60, 0x6e, 0x60, 0x6e, 0x60, 0x6e,
  0x60, 0x6e, 0x60, 0x6e, 0x60, 0x6e, 0x60, 0x6e, 0x60, 0x6e, 0x60, 0x6e,
  0x60, 0x6e, 0x60, 0x6e, 0x60, 0x6e, 0x60, 0x6e, 0x61, 0x6e, 0x21, 0x6e,
  0xe0, 0x5c, 0xa1, 0x32, 0x60, 0x08, 0x00, 0x00, 0x00, 0x00, 0x00, 0x00,
  0x00, 0x00, 0x00, 0x00, 0x00, 0x00, 0x00, 0x00, 0xe1, 0x49, 0x81, 0xf5,
  0xa0, 0xfd, 0xa0, 0xfd, 0xa0, 0xfd, 0xa0, 0xfd, 0xa0, 0xfd, 0xa0, 0xfd,
  0xa0, 0xfd, 0xa0, 0xfd, 0xa0, 0xfd, 0xa0, 0xfd, 0xa0, 0xfd, 0xa0, 0xfd,
  0xa0, 0xfd, 0xa0, 0xfd, 0x21, 0xe5, 0xa0, 0x18, 0x00, 0x00, 0x00, 0x00,
  0x00, 0x00, 0x00, 0x00, 0x00, 0x00, 0x00, 0x00, 0x00, 0x00, 0x00, 0x00,
  0x00, 0x00, 0x00, 0x00, 0x00, 0x00, 0x00, 0x00, 0x00, 0x00, 0x00, 0x00,
  0x00, 0x00, 0x00, 0x00, 0xc0, 0x51, 0x61, 0xed, 0xc1, 0xfd, 0xa0, 0xf5,
  0xa0, 0xfd, 0xa0, 0xfd, 0xa0, 0xfd, 0xa0, 0xfd, 0xa0, 0xfd, 0xa0, 0xfd,
  0xa0, 0xfd, 0xa0, 0xfd, 0xa0, 0xfd, 0xa0, 0xfd, 0xa0, 0xfd, 0xa0, 0xfd,
  0xa0, 0xfd, 0xc1, 0xfd, 0xe2, 0xab, 0x20, 0x00, 0x00, 0x00, 0x00, 0x00,
  0x00, 0x00, 0x04, 0x01, 0x18, 0x0d, 0xbb, 0x05, 0x9b, 0x05, 0x9b, 0x05,
  0x9b, 0x05, 0x9b, 0x05, 0x9b, 0x05, 0x9b, 0x05, 0x9b, 0x05, 0x9b, 0x05,
  0x9b, 0x05, 0x9b, 0x05, 0x9b, 0x05, 0x9b, 0x05, 0xba, 0x05, 0x9a, 0x05,
  0x9a, 0x05, 0x9b, 0x05, 0x59, 0x0d, 0x46, 0x01, 0x00, 0x00, 0x00, 0x00,
  0x00, 0x00, 0x00, 0x00, 0x00, 0x00, 0x00, 0x00, 0xee, 0x0a, 0xbb, 0x05,
  0x9a, 0x05, 0x9b, 0x05, 0x9b, 0x05, 0x9a, 0x05, 0x9a, 0x05, 0x9a, 0x05,
  0x9b, 0x05, 0x9b, 0x05, 0x9b, 0x05, 0x9b, 0x05, 0x9b, 0x05, 0x9b, 0x05,
  0x9b, 0x05, 0x9b, 0x05, 0x9a, 0x05, 0x9a, 0x05, 0xbb, 0x0d, 0x91, 0x0b,
  0x00, 0x00, 0x00, 0x00, 0x00, 0x00, 0x00, 0x00, 0xc0, 0x10, 0x61, 0x6d,
  0x60, 0x66, 0x40, 0x6e, 0x40, 0x6e, 0x40, 0x6e, 0x40, 0x6e, 0x40, 0x6e,
  0x40, 0x65, 0x00, 0x5d, 0x20, 0x5d, 0x00, 0x5d, 0x00, 0x5d, 0x00, 0x5d,
  0x00, 0x5d, 0x00, 0x5d, 0x00, 0x5d, 0x00, 0x5d, 0x20, 0x5d, 0x20, 0x5d,
  0x20, 0x5d, 0x20, 0x5d, 0x20, 0x5d, 0x20, 0x5d, 0x20, 0x5d, 0x20, 0x5d,
  0x20, 0x5d, 0x21, 0x5d, 0x21, 0x5d, 0x20, 0x5d, 0x20, 0x5d, 0x20, 0x5d,
  0x20, 0x5d, 0x20, 0x5d, 0x21, 0x5d, 0x20, 0x5d, 0x00, 0x5d, 0xe0, 0x5c,
  0x80, 0x54, 0x01, 0x4c, 0xc1, 0x32, 0x60, 0x19, 0x40, 0x00, 0x00, 0x00,
  0x00, 0x00, 0x00, 0x00, 0x00, 0x00, 0x00, 0x00, 0x00, 0x00, 0x00, 0x00,
  0x00, 0x00, 0x00, 0x00, 0xc1, 0x49, 0x81, 0xf5, 0xa0, 0xfd, 0xa0, 0xfd,
  0xa0, 0xfd, 0xa0, 0xfd, 0xa0, 0xfd, 0xa0, 0xfd, 0xa0, 0xfd, 0xa0, 0xfd,
  0xa0, 0xfd, 0xa0, 0xfd, 0xa0, 0xfd, 0xa0, 0xfd, 0xa0, 0xfd, 0xa0, 0xfd,
  0x21, 0xe5, 0xa0, 0x18, 0x00, 0x00, 0x00, 0x00, 0x00, 0x00, 0x00, 0x00,
  0x00, 0x00, 0x00, 0x00, 0x00, 0x00, 0x00, 0x00, 0x00, 0x00, 0x00, 0x00,
  0x00, 0x00, 0x00, 0x00, 0x00, 0x00, 0x00, 0x00, 0x00, 0x00, 0x00, 0x00,
  0x00, 0x00, 0x81, 0x6a, 0xc1, 0xfd, 0xa0, 0xfd, 0xa1, 0xfd, 0xa0, 0xfd,
  0xa0, 0xfd, 0xa0, 0xfd, 0xa0, 0xfd, 0xa0, 0xfd, 0xa0, 0xfd, 0xa0, 0xfd,
  0xa0, 0xfd, 0xa0, 0xfd, 0xa0, 0xfd, 0xa0, 0xfd, 0xc0, 0xfd, 0x22, 0xe5,
  0x21, 0x31, 0x00, 0x00, 0x00, 0x00, 0x00, 0x00, 0x20, 0x00, 0xd2, 0x0b,
  0xbb, 0x05, 0x9a, 0x05, 0x9b, 0x05, 0x9b, 0x05, 0x9b, 0x05, 0x9b, 0x05,
  0x9b, 0x05, 0x9b, 0x05, 0x9b, 0x05, 0x9b, 0x05, 0x9b, 0x05, 0x9b, 0x05,
  0x9b, 0x05, 0x9b, 0x05, 0xba, 0x05, 0x7a, 0x0d, 0x7b, 0x05, 0xdc, 0x05,
  0x0e, 0x0b, 0x00, 0x00, 0x00, 0x00, 0x00, 0x00, 0x00, 0x00, 0x00, 0x00,
  0x00, 0x00, 0x00, 0x00, 0x82, 0x00, 0x96, 0x0c, 0xbb, 0x05, 0x9b, 0x05,
  0x9a, 0x05, 0x9a, 0x05, 0x9b, 0x05, 0x9b, 0x05, 0x9b, 0x05, 0x9b, 0x05,
  0x9b, 0x05, 0x9b, 0x05, 0x9b, 0x05, 0x9b, 0x05, 0x9b, 0x05, 0x9b, 0x05,
  0x9a, 0x05, 0x9b, 0x05, 0x9b, 0x05, 0x9a, 0x0d, 0xc8, 0x01, 0x00, 0x00,
  0x00, 0x00, 0x00, 0x00, 0x00, 0x00, 0x60, 0x32, 0x41, 0x6e, 0x40, 0x6e,
  0x40, 0x6e, 0x40, 0x6e, 0x40, 0x6e, 0x20, 0x6e, 0xc0, 0x21, 0x40, 0x00,
  0x40, 0x08, 0x40, 0x00, 0x40, 0x00, 0x40, 0x00, 0x40, 0x00, 0x40, 0x00,
  0x40, 0x00, 0x40, 0x08, 0x60, 0x08, 0x60, 0x08, 0x60, 0x08, 0x60, 0x08,
  0x60, 0x08, 0x60, 0x08, 0x60, 0x08, 0x60, 0x08, 0x60, 0x08, 0x60, 0x08,
  0x60, 0x08, 0x60, 0x08, 0x40, 0x08, 0x40, 0x00, 0x40, 0x00, 0x40, 0x00,
  0x40, 0x00, 0x40, 0x00, 0x40, 0x00, 0x20, 0x00, 0x00, 0x00, 0x00, 0x00,
  0x00, 0x00, 0x00, 0x00, 0x00, 0x00, 0x00, 0x00, 0x00, 0x00, 0x00, 0x00,
  0x00, 0x00, 0x00, 0x00, 0x00, 0x00, 0x00, 0x00, 0x00, 0x00, 0x00, 0x00,
  0xc1, 0x49, 0x81, 0xf5, 0xa0, 0xfd, 0xa0, 0xfd, 0xa0, 0xfd, 0xa0, 0xfd,
  0xa0, 0xfd, 0xa0, 0xfd, 0xa0, 0xfd, 0xa0, 0xfd, 0xa0, 0xfd, 0xa0, 0xfd,
  0xa0, 0xfd, 0xa0, 0xfd, 0xa0, 0xfd, 0xc0, 0xfd, 0x21, 0xe5, 0x80, 0x18,
  0x00, 0x00, 0x00, 0x00, 0x00, 0x00, 0x00, 0x00, 0x00, 0x00, 0x00, 0x00,
  0x00, 0x00, 0x00, 0x00, 0x00, 0x00, 0x00, 0x00, 0x00, 0x00, 0x00, 0x00,
  0x00, 0x00, 0x00, 0x00, 0x00, 0x00, 0x00, 0x00, 0x00, 0x00, 0x00, 0x00,
  0x61, 0x8b, 0xc1, 0xfd, 0x81, 0xfd, 0xa0, 0xf5, 0xa0, 0xfd, 0xa0, 0xfd,
  0xa0, 0xfd, 0xa0, 0xfd, 0xa0, 0xfd, 0xa0, 0xfd, 0xa0, 0xfd, 0xa0, 0xfd,
  0xa0, 0xfd, 0xa0, 0xfd, 0xc1, 0xfd, 0xa2, 0x72, 0x00, 0x00, 0x00, 0x00,
  0x00, 0x00, 0x00, 0x00, 0xe9, 0x09, 0x7a, 0x0d, 0x9a, 0x05, 0x9a, 0x05,
  0x9b, 0x05, 0x9b, 0x05, 0x9b, 0x05, 0x9b, 0x05, 0x9b, 0x05, 0x9b, 0x05,
  0x9b, 0x05, 0x9b, 0x05, 0x9b, 0x05, 0x9b, 0x05, 0x9b, 0x05, 0x9b, 0x05,
  0xba, 0x05, 0x9b, 0x0d, 0xbb, 0x05, 0x94, 0x0c, 0x82, 0x00, 0x00, 0x00,
  0x00, 0x00, 0x00, 0x00, 0x00, 0x00, 0x00, 0x00, 0x00, 0x00, 0x00, 0x00,
  0x00, 0x00, 0xe8, 0x09, 0x7a, 0x0d, 0x9b, 0x05, 0x9a, 0x05, 0x9a, 0x05,
  0x9b, 0x05, 0x9b, 0x05, 0x9b, 0x05, 0x9b, 0x05, 0x9b, 0x05, 0x9b, 0x05,
  0x9a, 0x05, 0x9a, 0x05, 0x9a, 0x05, 0x9b, 0x05, 0x9b, 0x05, 0x9b, 0x05,
  0x9a, 0x05, 0xbb, 0x05, 0x95, 0x0c, 0x62, 0x00, 0x00, 0x00, 0x00, 0x00,
  0x00, 0x00, 0x20, 0x00, 0x62, 0x54, 0x60, 0x6e, 0x40, 0x6e, 0x40, 0x6e,
  0x40, 0x6e, 0x20, 0x6e, 0x80, 0x19, 0x00, 0x00, 0x00, 0x00, 0x00, 0x00,
  0x00, 0x00, 0x00, 0x00, 0x00, 0x00, 0x00, 0x00, 0x00, 0x00, 0x00, 0x00,
  0x00, 0x00, 0x00, 0x00, 0x00, 0x00, 0x00, 0x00, 0x00, 0x00, 0x00, 0x00,
  0x00, 0x00, 0x00, 0x00, 0x00, 0x00, 0x00, 0x00, 0x00, 0x00, 0x00, 0x00,
  0x00, 0x00, 0x00, 0x00, 0x00, 0x00, 0x00, 0x00, 0x00, 0x00, 0x00, 0x00,
  0x00, 0x00, 0x00, 0x00, 0x00, 0x00, 0x00, 0x00, 0x00, 0x00, 0x00, 0x00,
  0x00, 0x00, 0x00, 0x00, 0x00, 0x00, 0x00, 0x00, 0x00, 0x00, 0x00, 0x00,
  0x00, 0x00, 0x00, 0x00, 0x00, 0x00, 0x00, 0x00, 0xc1, 0x49, 0x81, 0xf5,
  0xa0, 0xfd, 0xa0, 0xfd, 0xa0, 0xfd, 0xa0, 0xfd, 0xa0, 0xfd, 0xa0, 0xfd,
  0xa0, 0xfd, 0xa0, 0xfd, 0xa0, 0xfd, 0xa0, 0xfd, 0xa0, 0xfd, 0xa0, 0xfd,
  0xa0, 0xfd, 0xc0, 0xfd, 0x01, 0xdd, 0x80, 0x18, 0x00, 0x00, 0x00, 0x00,
  0x00, 0x00, 0x00, 0x00, 0x00, 0x00, 0x00, 0x00, 0x00, 0x00, 0x00, 0x00,
  0x00, 0x00, 0x00, 0x00, 0x00, 0x00, 0x00, 0x00, 0x00, 0x00, 0x00, 0x00,
  0x00, 0x00, 0x00, 0x00, 0x00, 0x00, 0x00, 0x00, 0x60, 0x08, 0x02, 0xb4,
  0xc1, 0xfd, 0xa0, 0xfd, 0xa0, 0xfd, 0xa0, 0xfd, 0xa0, 0xfd, 0x80, 0xfd,
  0xa0, 0xfd, 0xa0, 0xfd, 0xa0, 0xfd, 0x80, 0xfd, 0xa0, 0xfd, 0xc0, 0xfd,
  0x62, 0xcc, 0x60, 0x10, 0x00, 0x00, 0x00, 0x00, 0x00, 0x00, 0xa3, 0x00,
  0xb6, 0x0c, 0xbb, 0x05, 0x9a, 0x05, 0x9b, 0x05, 0x9b, 0x05, 0x9b, 0x05,
  0x9b, 0x05, 0x9b, 0x05, 0x9b, 0x05, 0x9b, 0x05, 0x9b, 0x05, 0x9b, 0x05,
  0x9b, 0x05, 0x9b, 0x05, 0x9b, 0x05, 0x7b, 0x05, 0x9b, 0x05, 0xbb, 0x05,
  0x99, 0x05, 0xa7, 0x09, 0x00, 0x00, 0x00, 0x00, 0x00, 0x00, 0x00, 0x00,
  0x00, 0x00, 0x00, 0x00, 0x00, 0x00, 0x00, 0x00, 0x00, 0x00, 0x20, 0x00,
  0xb1, 0x0b, 0xbc, 0x05, 0x9a, 0x05, 0x9a, 0x05, 0x9b, 0x05, 0x9b, 0x05,
  0x9b, 0x05, 0x9b, 0x05, 0x9b, 0x05, 0x9b, 0x05, 0x9a, 0x05, 0x9a, 0x05,
  0x9a, 0x05, 0x9b, 0x05, 0x9b, 0x05, 0x9a, 0x05, 0x9a, 0x05, 0x9b, 0x05,
  0xbb, 0x05, 0xcc, 0x0a, 0x00, 0x00, 0x00, 0x00, 0x00, 0x00, 0x00, 0x00,
  0x60, 0x19, 0xe0, 0x6d, 0x40, 0x6e, 0x60, 0x66, 0x40, 0x6e, 0x40, 0x6e,
  0xc0, 0x21, 0x00, 0x00, 0x00, 0x00, 0x00, 0x00, 0x00, 0x00, 0x00, 0x00,
  0x00, 0x00, 0x00, 0x00, 0x00, 0x00, 0x00, 0x00, 0x00, 0x00, 0x00, 0x00,
  0x00, 0x00, 0x00, 0x00, 0x00, 0x00, 0x00, 0x00, 0x00, 0x00, 0x00, 0x00,
  0x00, 0x00, 0x00, 0x00, 0x00, 0x00, 0x00, 0x00, 0x00, 0x00, 0x00, 0x00,
  0x00, 0x00, 0x00, 0x00, 0x00, 0x00, 0x00, 0x00, 0x00, 0x00, 0x00, 0x00,
  0x00, 0x00, 0x00, 0x00, 0x00, 0x00, 0x00, 0x00, 0x00, 0x00, 0x00, 0x00,
  0x00, 0x00, 0x00, 0x00, 0x00, 0x00, 0x00, 0x00, 0x00, 0x00, 0x00, 0x00,
  0x00, 0x00, 0x00, 0x00, 0xc1, 0x49, 0x81, 0xf5, 0xa0, 0xfd, 0xa0, 0xfd,
  0xa0, 0xfd, 0xa0, 0xfd, 0xa0, 0xfd, 0xa0, 0xfd, 0xa0, 0xfd, 0xa0, 0xfd,
  0xa0, 0xfd, 0xa0, 0xfd, 0xa0, 0xfd, 0xa0, 0xfd, 0xa0, 0xfd, 0xc0, 0xfd,
  0x01, 0xe5, 0x80, 0x18, 0x00, 0x00, 0x00, 0x00, 0x00, 0x00, 0x00, 0x00,
  0x00, 0x00, 0x00, 0x00, 0x00, 0x00, 0x00, 0x00, 0x00, 0x00, 0x00, 0x00,
  0x00, 0x00, 0x00, 0x00, 0x00, 0x00, 0x00, 0x00, 0x00, 0x00, 0x00, 0x00,
  0x00, 0x00, 0x00, 0x00, 0x00, 0x00, 0xa0, 0x18, 0xa2, 0xcc, 0xc1, 0xfd,
  0xa0, 0xfd, 0xa0, 0xfd, 0xa0, 0xfd, 0xa0, 0xfd, 0xa0, 0xfd, 0xa0, 0xfd,
  0xa0, 0xfd, 0xa0, 0xfd, 0xa0, 0xfd, 0xa1, 0xf5, 0xe1, 0x51, 0x00, 0x00,
  0x00, 0x00, 0x00, 0x00, 0x00, 0x00, 0x0e, 0x0b, 0xbb, 0x05, 0x9b, 0x05,
  0x9b, 0x05, 0x9b, 0x05, 0xbb, 0x05, 0x9b, 0x05, 0x9b, 0x05, 0x9b, 0x05,
  0x9b, 0x05, 0x9b, 0x05, 0x9b, 0x05, 0x9b, 0x05, 0x9b, 0x05, 0x9b, 0x05,
  0x9b, 0x05, 0x9b, 0x05, 0x9b, 0x05, 0xdb, 0x05, 0x90, 0x0b, 0x00, 0x00,
  0x00, 0x00, 0x00, 0x00, 0x00, 0x00, 0x00, 0x00, 0x00, 0x00, 0x00, 0x00,
  0x00, 0x00, 0x00, 0x00, 0x00, 0x00, 0x00, 0x00, 0x05, 0x01, 0x18, 0x0d,
  0xbb, 0x05, 0x9a, 0x05, 0x9b, 0x05, 0x9a, 0x05, 0x9b, 0x05, 0x9b, 0x05,
  0x9b, 0x05, 0x9b, 0x05, 0x9b, 0x05, 0x9b, 0x05, 0x9b, 0x05, 0x9b, 0x05,
  0x9b, 0x05, 0x9b, 0x05, 0x9a, 0x05, 0x9b, 0x05, 0xbb, 0x05, 0x38, 0x0d,
  0x05, 0x01, 0x00, 0x00, 0x00, 0x00, 0x00, 0x00, 0x00, 0x00, 0x81, 0x43,
  0x61, 0x76, 0x60, 0x66, 0x40, 0x6e, 0x41, 0x76, 0xc0, 0x21, 0x00, 0x00,
  0x00, 0x00, 0x00, 0x00, 0x00, 0x00, 0x00, 0x00, 0x00, 0x00, 0x00, 0x00,
  0x00, 0x00, 0x00, 0x00, 0x00, 0x00, 0x00, 0x00, 0x00, 0x00, 0x00, 0x00,
  0x00, 0x00, 0x00, 0x00, 0x00, 0x00, 0x00, 0x00, 0x00, 0x00, 0x00, 0x00,
  0x00, 0x00, 0x00, 0x00, 0x00, 0x00, 0x00, 0x00, 0x00, 0x00, 0x00, 0x00,
  0x00, 0x00, 0x00, 0x00, 0x00, 0x00, 0x00, 0x00, 0x00, 0x00, 0x00, 0x00,
  0x00, 0x00, 0x00, 0x00, 0x00, 0x00, 0x00, 0x00, 0x00, 0x00, 0x00, 0x00,
  0x00, 0x00, 0x00, 0x00, 0x00, 0x00, 0x00, 0x00, 0x00, 0x00, 0x00, 0x00,
  0xc1, 0x49, 0xa1, 0xf5, 0xa0, 0xfd, 0xa0, 0xfd, 0xa0, 0xfd, 0xa0, 0xfd,
  0xa0, 0xfd, 0xa0, 0xfd, 0xa0, 0xfd, 0xa0, 0xfd, 0xa0, 0xfd, 0xa0, 0xfd,
  0xa0, 0xfd, 0xa0, 0xfd, 0xa0, 0xfd, 0xc0, 0xfd, 0x01, 0xe5, 0x80, 0x18,
  0x00, 0x00, 0x00, 0x00, 0x00, 0x00, 0x00, 0x00, 0x00, 0x00, 0x00, 0x00,
  0x00, 0x00, 0x00, 0x00, 0x00, 0x00, 0x00, 0x00, 0x00, 0x00, 0x00, 0x00,
  0x00, 0x00, 0x00, 0x00, 0x00, 0x00, 0x00, 0x00, 0x00, 0x00, 0x00, 0x00,
  0x00, 0x00, 0x00, 0x00, 0x21, 0x31, 0x01, 0xdd, 0xa1, 0xfd, 0xa0, 0xfd,
  0xa0, 0xf5, 0xc0, 0xf5, 0xa0, 0xfd, 0x81, 0xfd, 0xa0, 0xfd, 0xc0, 0xf5,
  0xc0, 0xfd, 0x82, 0x9b, 0x00, 0x00, 0x00, 0x00, 0x00, 0x00, 0x00, 0x00,
  0x46, 0x09, 0x39, 0x0d, 0x9b, 0x05, 0x9b, 0x05, 0x9b, 0x05, 0x9b, 0x05,
  0x9b, 0x05, 0x9b, 0x05, 0x9b, 0x05, 0x9b, 0x05, 0x9b, 0x05, 0x9b, 0x05,
  0x9b, 0x05, 0x9b, 0x05, 0x9b, 0x05, 0x9b, 0x05, 0x9b, 0x05, 0x9a, 0x05,
  0xba, 0x05, 0xf8, 0x0c, 0xe4, 0x00, 0x00, 0x00, 0x00, 0x00, 0x00, 0x00,
  0x00, 0x00, 0x00, 0x00, 0x00, 0x00, 0x00, 0x00, 0x00, 0x00, 0x00, 0x00,
  0x00, 0x00, 0x00, 0x00, 0x00, 0x00, 0x8b, 0x0a, 0x9b, 0x0d, 0x9a, 0x05,
  0x9a, 0x05, 0x9b, 0x05, 0x9b, 0x05, 0x9b, 0x05, 0x9b, 0x05, 0x9b, 0x05,
  0x9b, 0x05, 0x9b, 0x05, 0x9b, 0x05, 0x9b, 0x05, 0x9b, 0x05, 0x9b, 0x05,
  0x9a, 0x05, 0xba, 0x05, 0x9b, 0x05, 0xbb, 0x05, 0xf2, 0x0b, 0x20, 0x00,
  0x00, 0x00, 0x00, 0x00, 0x00, 0x00, 0xa0, 0x08, 0x21, 0x65, 0x60, 0x6e,
  0x60, 0x66, 0x41, 0x6e, 0xc1, 0x21, 0x00, 0x00, 0x00, 0x00, 0x00, 0x00,
  0x00, 0x00, 0x00, 0x00, 0x00, 0x00, 0x00, 0x00, 0x00, 0x00, 0x00, 0x00,
  0x00, 0x00, 0x00, 0x00, 0x00, 0x00, 0x00, 0x00, 0x00, 0x00, 0x00, 0x00,
  0x00, 0x00, 0x00, 0x00, 0x00, 0x00, 0x00, 0x00, 0x00, 0x00, 0x00, 0x00,
  0x00, 0x00, 0x00, 0x00, 0x00, 0x00, 0x00, 0x00, 0x00, 0x00, 0x00, 0x00,
  0x00, 0x00, 0x00, 0x00, 0x00, 0x00, 0x00, 0x00, 0x00, 0x00, 0x00, 0x00,
  0x00, 0x00, 0x00, 0x00, 0x00, 0x00, 0x00, 0x00, 0x00, 0x00, 0x00, 0x00,
  0x00, 0x00, 0x00, 0x00, 0x00, 0x00, 0x00, 0x00, 0xe1, 0x49, 0x81, 0xf5,
  0xa0, 0xfd, 0xa0, 0xfd, 0xa0, 0xfd, 0xa0, 0xfd, 0xa0, 0xfd, 0xa0, 0xfd,
  0xa0, 0xfd, 0xa0, 0xfd, 0xa0, 0xfd, 0xa0, 0xfd, 0xa0, 0xfd, 0xa0, 0xfd,
  0xa0, 0xfd, 0xc0, 0xfd, 0x00, 0xe5, 0x80, 0x18, 0x00, 0x00, 0x00, 0x00,
  0x00, 0x00, 0x00, 0x00, 0x00, 0x00, 0x00, 0x00, 0x00, 0x00, 0x00, 0x00,
  0x00, 0x00, 0x00, 0x00, 0x00, 0x00, 0x00, 0x00, 0x00, 0x00, 0x00, 0x00,
  0x00, 0x00, 0x00, 0x00, 0x00, 0x00, 0x00, 0x00, 0x00, 0x00, 0x00, 0x00,
  0x00, 0x00, 0xa1, 0x41, 0x21, 0xed, 0xa0, 0xfd, 0x80, 0xfd, 0xa0, 0xf5,
  0xa0, 0xf5, 0xa0, 0xfd, 0x80, 0xfd, 0xa0, 0xfd, 0x01, 0xdd, 0xe1, 0x20,
  0x00, 0x00, 0x00, 0x00, 0x00, 0x00, 0x20, 0x00, 0x14, 0x0c, 0xbb, 0x05,
  0x9a, 0x05, 0x9b, 0x05, 0x9b, 0x05, 0x9b, 0x05, 0x9b, 0x05, 0x9b, 0x05,
  0x9b, 0x05, 0x9b, 0x05, 0x9b, 0x05, 0x9b, 0x05, 0x9b, 0x05, 0x9b, 0x05,
  0x9b, 0x05, 0x9b, 0x05, 0x9b, 0x05, 0xba, 0x05, 0x9a, 0x0d, 0x4b, 0x0a,
  0x00, 0x00, 0x00, 0x00, 0x00, 0x00, 0x00, 0x00, 0x00, 0x00, 0x00, 0x00,
  0x00, 0x00, 0x00, 0x00, 0x00, 0x00, 0x00, 0x00, 0x00, 0x00, 0x00, 0x00,
  0x00, 0x00, 0x41, 0x00, 0x54, 0x0c, 0xdb, 0x05, 0x9b, 0x05, 0x9b, 0x05,
  0x9b, 0x05, 0x9b, 0x05, 0x9b, 0x05, 0x9b, 0x05, 0x9b, 0x05, 0x9b, 0x05,
  0x9b, 0x05, 0x9b, 0x05, 0x9b, 0x05, 0x9b, 0x05, 0x9b, 0x05, 0x9a, 0x05,
  0x9a, 0x05, 0x9a, 0x05, 0xba, 0x05, 0x4a, 0x02, 0x00, 0x00, 0x00, 0x00,
  0x00, 0x00, 0x00, 0x00, 0x00, 0x2a, 0x20, 0x76, 0x60, 0x6e, 0x41, 0x6e,
  0xc0, 0x21, 0x00, 0x00, 0x00, 0x00, 0x00, 0x00, 0x00, 0x00, 0x00, 0x00,
  0x00, 0x00, 0x00, 0x00, 0x00, 0x00, 0x00, 0x00, 0x00, 0x00, 0x00, 0x00,
  0x00, 0x00, 0x00, 0x00, 0x00, 0x00, 0x00, 0x00, 0x00, 0x00, 0x00, 0x00,
  0x00, 0x00, 0x00, 0x00, 0x00, 0x00, 0x00, 0x00, 0x00, 0x00, 0x00, 0x00,
  0x00, 0x00, 0x00, 0x00, 0x00, 0x00, 0x00, 0x00, 0x00, 0x00, 0x00, 0x00,
  0x00, 0x00, 0x00, 0x00, 0x00, 0x00, 0x00, 0x00, 0x00, 0x00, 0x00, 0x00,
  0x00, 0x00, 0x00, 0x00, 0x00, 0x00, 0x00, 0x00, 0x00, 0x00, 0x00, 0x00,
  0x00, 0x00, 0x00, 0x00, 0xe1, 0x49, 0xa1, 0xf5, 0xa0, 0xfd, 0xa0, 0xfd,
  0xa0, 0xfd, 0xa0, 0xfd, 0xa0, 0xfd, 0xa0, 0xfd, 0xa0, 0xfd, 0xa0, 0xfd,
  0xa0, 0xfd, 0xa0, 0xfd, 0xa0, 0xfd, 0xa0, 0xfd, 0xa0, 0xfd, 0xc0, 0xfd,
  0x00, 0xe5, 0x80, 0x18, 0x00, 0x00, 0x00, 0x00, 0x00, 0x00, 0x00, 0x00,
  0x00, 0x00, 0x00, 0x00, 0x00, 0x00, 0x00, 0x00, 0x00, 0x00, 0x00, 0x00,
  0x00, 0x00, 0x00, 0x00, 0x00, 0x00, 0x00, 0x00, 0x00, 0x00, 0x00, 0x00,
  0x00, 0x00, 0x00, 0x00, 0x00, 0x00, 0x00, 0x00, 0x00, 0x00, 0x00, 0x00,
  0xe1, 0x51, 0x82, 0xf5, 0xa0, 0xfd, 0xa0, 0xfd, 0xa0, 0xf5, 0xa0, 0xfd,
  0x80, 0xfd, 0xa2, 0xfd, 0x82, 0x6a, 0x00, 0x00, 0x00, 0x00, 0x00, 0x00,
  0x00, 0x00, 0x2a, 0x0a, 0x9a, 0x0d, 0xba, 0x05, 0x9b, 0x05, 0x9b, 0x05,
  0x9b, 0x05, 0x9b, 0x05, 0x9b, 0x05, 0x9b, 0x05, 0x9b, 0x05, 0x9b, 0x05,
  0x9b, 0x05, 0x9b, 0x05, 0x9b, 0x05, 0x9b, 0x05, 0x9b, 0x05, 0x9b, 0x05,
  0x9b, 0x05, 0xdb, 0x05, 0x13, 0x0c, 0x21, 0x00, 0x00, 0x00, 0x00, 0x00,
  0x00, 0x00, 0x00, 0x00, 0x00, 0x00, 0x00, 0x00, 0x00, 0x00, 0x00, 0x00,
  0x00, 0x00, 0x00, 0x00, 0x00, 0x00, 0x00, 0x00, 0x00, 0x00, 0x00, 0x00,
  0x66, 0x01, 0x79, 0x0d, 0x9b, 0x05, 0x9b, 0x05, 0x9b, 0x05, 0x9b, 0x05,
  0x9b, 0x05, 0x9b, 0x05, 0x9b, 0x05, 0x9b, 0x05, 0x9b, 0x05, 0x9b, 0x05,
  0x9b, 0x05, 0x9b, 0x05, 0x9b, 0x05, 0x9b, 0x05, 0x9a, 0x05, 0x9a, 0x05,
  0xbb, 0x05, 0xd7, 0x0c, 0xa2, 0x00, 0x00, 0x00, 0x00, 0x00, 0x00, 0x00,
  0x20, 0x00, 0x01, 0x4c, 0x61, 0x6e, 0x41, 0x6e, 0xc0, 0x21, 0x00, 0x00,
  0x00, 0x00, 0x00, 0x00, 0x00, 0x00, 0x00, 0x00, 0x00, 0x00, 0x00, 0x00,
  0x00, 0x00, 0x00, 0x00, 0x00, 0x00, 0x00, 0x00, 0x00, 0x00, 0x00, 0x00,
  0x00, 0x00, 0x00, 0x00, 0x00, 0x00, 0x00, 0x00, 0x00, 0x00, 0x00, 0x00,
  0x00, 0x00, 0x00, 0x00, 0x00, 0x00, 0x00, 0x00, 0x00, 0x00, 0x00, 0x00,
  0x00, 0x00, 0x00, 0x00, 0x00, 0x00, 0x00, 0x00, 0x00, 0x00, 0x00, 0x00,
  0x00, 0x00, 0x00, 0x00, 0x00, 0x00, 0x00, 0x00, 0x00, 0x00, 0x00, 0x00,
  0x00, 0x00, 0x00, 0x00, 0x00, 0x00, 0x00, 0x00, 0x00, 0x00, 0x00, 0x00,
  0xc1, 0x49, 0xa1, 0xf5, 0xa0, 0xfd, 0xa0, 0xfd, 0xa0, 0xfd, 0xa0, 0xfd,
  0xa0, 0xfd, 0xa0, 0xfd, 0xa0, 0xfd, 0xa0, 0xfd, 0xa0, 0xfd, 0xa0, 0xfd,
  0xa0, 0xfd, 0xa0, 0xfd, 0xa0, 0xfd, 0xa0, 0xfd, 0x01, 0xe5, 0x80, 0x18,
  0x00, 0x00, 0x00, 0x00, 0x00, 0x00, 0x00, 0x00, 0x00, 0x00, 0x00, 0x00,
  0x00, 0x00, 0x00, 0x00, 0x00, 0x00, 0x00, 0x00, 0x00, 0x00, 0x00, 0x00,
  0x00, 0x00, 0x00, 0x00, 0x00, 0x00, 0x00, 0x00, 0x00, 0x00, 0x00, 0x00,
  0x00, 0x00, 0x00, 0x00, 0x00, 0x00, 0x00, 0x00, 0x00, 0x00, 0x82, 0x6a,
  0xa1, 0xf5, 0xa0, 0xfd, 0xa1, 0xfd, 0x80, 0xfd, 0xc0, 0xfd, 0x42, 0xbc,
  0x40, 0x08, 0x00, 0x00, 0x00, 0x00, 0x00, 0x00, 0x82, 0x00, 0xb6, 0x0c,
  0xbb, 0x05, 0x9b, 0x05, 0x9b, 0x05, 0x9b, 0x05, 0x9b, 0x05, 0x9b, 0x05,
  0x9b, 0x05, 0x9b, 0x05, 0x9a, 0x05, 0x9a, 0x05, 0x9a, 0x05, 0x9b, 0x05,
  0xba, 0x05, 0x9a, 0x05, 0x9b, 0x05, 0x9b, 0x05, 0xbb, 0x05, 0x59, 0x05,
  0x46, 0x01, 0x00, 0x00, 0x00, 0x00, 0x00, 0x00, 0x00, 0x00, 0x00, 0x00,
  0x00, 0x00, 0x00, 0x00, 0x00, 0x00, 0x00, 0x00, 0x00, 0x00, 0x00, 0x00,
  0x00, 0x00, 0x00, 0x00, 0x00, 0x00, 0x00, 0x00, 0x00, 0x00, 0x2e, 0x0b,
  0xbb, 0x05, 0x9a, 0x05, 0x9b, 0x05, 0x9a, 0x05, 0x9b, 0x05, 0x9b, 0x05,
  0x9b, 0x05, 0x9b, 0x05, 0x9a, 0x05, 0x9a, 0x05, 0x9a, 0x05, 0x9a, 0x05,
  0x9b, 0x05, 0x9b, 0x05, 0x9b, 0x05, 0x9b, 0x05, 0x9b, 0x05, 0xbb, 0x0d,
  0x4f, 0x0b, 0x00, 0x00, 0x00, 0x00, 0x00, 0x00, 0x00, 0x00, 0x00, 0x11,
  0xc1, 0x65, 0x61, 0x6e, 0xc0, 0x21, 0x00, 0x00, 0x00, 0x00, 0x00, 0x00,
  0x00, 0x00, 0x00, 0x00, 0x00, 0x00, 0x00, 0x00, 0x00, 0x00, 0x00, 0x00,
  0x00, 0x00, 0x00, 0x00, 0x00, 0x00, 0x00, 0x00, 0x00, 0x00, 0x00, 0x00,
  0x00, 0x00, 0x00, 0x00, 0x00, 0x00, 0x00, 0x00, 0x00, 0x00, 0x00, 0x00,
  0x00, 0x00, 0x00, 0x00, 0x00, 0x00, 0x00, 0x00, 0x00, 0x00, 0x00, 0x00,
  0x00, 0x00, 0x00, 0x00, 0x00, 0x00, 0x00, 0x00, 0x00, 0x00, 0x00, 0x00,
  0x00, 0x00, 0x00, 0x00, 0x00, 0x00, 0x00, 0x00, 0x00, 0x00, 0x00, 0x00,
  0x00, 0x00, 0x00, 0x00, 0x00, 0x00, 0x00, 0x00, 0xc1, 0x49, 0x82, 0xf5,
  0xa0, 0xfd, 0xa0, 0xfd, 0xa0, 0xfd, 0xa0, 0xfd, 0xa0, 0xfd, 0xa0, 0xfd,
  0xa0, 0xfd, 0xa0, 0xfd, 0xa0, 0xfd, 0xa0, 0xfd, 0xa0, 0xfd, 0xa0, 0xfd,
  0xa0, 0xfd, 0xc0, 0xfd, 0x01, 0xe5, 0x80, 0x18, 0x00, 0x00, 0x00, 0x00,
  0x00, 0x00, 0x00, 0x00, 0x00, 0x00, 0x00, 0x00, 0x00, 0x00, 0x00, 0x00,
  0x00, 0x00, 0x00, 0x00, 0x00, 0x00, 0x00, 0x00, 0x00, 0x00, 0x00, 0x00,
  0x00, 0x00, 0x00, 0x00, 0x00, 0x00, 0x00, 0x00, 0x00, 0x00, 0x00, 0x00,
  0x00, 0x00, 0x00, 0x00, 0x00, 0x00, 0x00, 0x00, 0x41, 0x8b, 0xc1, 0xfd,
  0xa0, 0xfd, 0xc0, 0xfd, 0x62, 0xed, 0x61, 0x39, 0x00, 0x00, 0x00, 0x00,
  0x00, 0x00, 0x00, 0x00, 0x2e, 0x03, 0xbb, 0x05, 0xba, 0x05, 0xbb, 0x05,
  0x9b, 0x05, 0x9b, 0x05, 0x9b, 0x05, 0x9b, 0x05, 0x9b, 0x05, 0x9b, 0x05,
  0x9b, 0x05, 0x9a, 0x05, 0x9b, 0x05, 0x9b, 0x05, 0x9b, 0x05, 0x9b, 0x05,
  0x9b, 0x05, 0x9a, 0x05, 0xba, 0x0d, 0x0e, 0x03, 0x00, 0x00, 0x00, 0x00,
  0x00, 0x00, 0x00, 0x00, 0x00, 0x00, 0x00, 0x00, 0x00, 0x00, 0x00, 0x00,
  0x00, 0x00, 0x00, 0x00, 0x00, 0x00, 0x00, 0x00, 0x00, 0x00, 0x00, 0x00,
  0x00, 0x00, 0x00, 0x00, 0x00, 0x00, 0x82, 0x00, 0xb5, 0x0c, 0xbb, 0x05,
  0x9a, 0x05, 0xba, 0x05, 0x9b, 0x05, 0x9b, 0x05, 0x9b, 0x05, 0x9b, 0x05,
  0x9b, 0x05, 0x9b, 0x05, 0x9b, 0x05, 0x9b, 0x05, 0x9b, 0x05, 0x9b, 0x05,
  0x9b, 0x05, 0x9b, 0x05, 0xbb, 0x05, 0xba, 0x05, 0x79, 0x0d, 0x87, 0x01,
  0x00, 0x00, 0x00, 0x00, 0x00, 0x00, 0x00, 0x00, 0x21, 0x3b, 0x61, 0x76,
  0xc0, 0x21, 0x00, 0x00, 0x00, 0x00, 0x00, 0x00, 0x00, 0x00, 0x00, 0x00,
  0x00, 0x00, 0x00, 0x00, 0x00, 0x00, 0x00, 0x00, 0x00, 0x00, 0x00, 0x00,
  0x00, 0x00, 0x00, 0x00, 0x00, 0x00, 0x00, 0x00, 0x00, 0x00, 0x00, 0x00,
  0x00, 0x00, 0x00, 0x00, 0x00, 0x00, 0x00, 0x00, 0x00, 0x00, 0x00, 0x00,
  0x00, 0x00, 0x00, 0x00, 0x00, 0x00, 0x00, 0x00, 0x00, 0x00, 0x00, 0x00,
  0x00, 0x00, 0x00, 0x00, 0x00, 0x00, 0x00, 0x00, 0x00, 0x00, 0x00, 0x00,
  0x00, 0x00, 0x00, 0x00, 0x00, 0x00, 0x00, 0x00, 0x00, 0x00, 0x00, 0x00,
  0x00, 0x00, 0x00, 0x00, 0xc1, 0x49, 0x81, 0xf5, 0xa0, 0xfd, 0xa0, 0xfd,
  0xa0, 0xfd, 0xa0, 0xfd, 0xa0, 0xfd, 0xa0, 0xfd, 0xa0, 0xfd, 0xa0, 0xfd,
  0xa0, 0xfd, 0xa0, 0xfd, 0xa0, 0xfd, 0xa0, 0xfd, 0xa0, 0xfd, 0xc0, 0xfd,
  0x01, 0xe5, 0x80, 0x18, 0x00, 0x00, 0x00, 0x00, 0x00, 0x00, 0x00, 0x00,
  0x00, 0x00, 0x00, 0x00, 0x00, 0x00, 0x00, 0x00, 0x00, 0x00, 0x00, 0x00,
  0x00, 0x00, 0x00, 0x00, 0x00, 0x00, 0x00, 0x00, 0x00, 0x00, 0x00, 0x00,
  0x00, 0x00, 0x00, 0x00, 0x00, 0x00, 0x00, 0x00, 0x00, 0x00, 0x00, 0x00,
  0x00, 0x00, 0x00, 0x00, 0x40, 0x08, 0xe2, 0xab, 0xe0, 0xfd, 0xc1, 0xfd,
  0xe1, 0x82, 0x00, 0x00, 0x00, 0x00, 0x00, 0x00, 0x00, 0x00, 0x46, 0x01,
  0x59, 0x05, 0x9b, 0x05, 0xba, 0x05, 0x9b, 0x05, 0x9b, 0x05, 0x9a, 0x05,
  0x9b, 0x05, 0xbb, 0x05, 0x9b, 0x05, 0x9b, 0x05, 0x9b, 0x05, 0x9a, 0x05,
  0x9a, 0x05, 0x9b, 0x05, 0x9b, 0x05, 0xba, 0x05, 0x9a, 0x05, 0xbc, 0x05,
  0x95, 0x0c, 0x82, 0x00, 0x00, 0x00, 0x00, 0x00, 0x00, 0x00, 0x00, 0x00,
  0x00, 0x00, 0x00, 0x00, 0x00, 0x00, 0x00, 0x00, 0x00, 0x00, 0x00, 0x00,
  0x00, 0x00, 0x00, 0x00, 0x00, 0x00, 0x00, 0x00, 0x00, 0x00, 0x00, 0x00,
  0x00, 0x00, 0x00, 0x00, 0xe8, 0x01, 0x9a, 0x05, 0xbb, 0x05, 0xbb, 0x05,
  0x9b, 0x05, 0x9b, 0x05, 0x9b, 0x05, 0x9a, 0x05, 0x9b, 0x05, 0x9b, 0x05,
  0x9b, 0x05, 0x9b, 0x05, 0x9a, 0x05, 0x9a, 0x05, 0x9a, 0x05, 0x9a, 0x05,
  0x9a, 0x05, 0x9b, 0x05, 0xbb, 0x05, 0x34, 0x0c, 0x41, 0x00, 0x00, 0x00,
  0x00, 0x00, 0x00, 0x00, 0x80, 0x08, 0xe2, 0x64, 0xe1, 0x21, 0x00, 0x00,
  0x00, 0x00, 0x00, 0x00, 0x00, 0x00, 0x00, 0x00, 0x00, 0x00, 0x00, 0x00,
  0x00, 0x00, 0x00, 0x00, 0x00, 0x00, 0x00, 0x00, 0x00, 0x00, 0x00, 0x00,
  0x00, 0x00, 0x00, 0x00, 0x00, 0x00, 0x00, 0x00, 0x00, 0x00, 0x00, 0x00,
  0x00, 0x00, 0x00, 0x00, 0x00, 0x00, 0x00, 0x00, 0x00, 0x00, 0x00, 0x00,
  0x00, 0x00, 0x00, 0x00, 0x00, 0x00, 0x00, 0x00, 0x00, 0x00, 0x00, 0x00,
  0x00, 0x00, 0x00, 0x00, 0x00, 0x00, 0x00, 0x00, 0x00, 0x00, 0x00, 0x00,
  0x00, 0x00, 0x00, 0x00, 0x00, 0x00, 0x00, 0x00, 0x00, 0x00, 0x00, 0x00,
  0x81, 0x41, 0xa1, 0xf5, 0xa1, 0xfd, 0xc0, 0xfd, 0xc0, 0xfd, 0xc0, 0xfd,
  0xc0, 0xfd, 0xc0, 0xfd, 0xc0, 0xfd, 0xc0, 0xfd, 0xc0, 0xfd, 0xc0, 0xfd,
  0xc0, 0xfd, 0xc0, 0xfd, 0xc0, 0xfd, 0xe0, 0xfd, 0x02, 0xdd, 0x80, 0x10,
  0x00, 0x00, 0x00, 0x00, 0x00, 0x00, 0x00, 0x00, 0x00, 0x00, 0x00, 0x00,
  0x00, 0x00, 0x00, 0x00, 0x00, 0x00, 0x00, 0x00, 0x00, 0x00, 0x00, 0x00,
  0x00, 0x00, 0x00, 0x00, 0x00, 0x00, 0x00, 0x00, 0x00, 0x00, 0x00, 0x00,
  0x00, 0x00, 0x00, 0x00, 0x00, 0x00, 0x00, 0x00, 0x00, 0x00, 0x00, 0x00,
  0x00, 0x00, 0x80, 0x18, 0x82, 0xc4, 0x83, 0xcc, 0x60, 0x10, 0x00, 0x00,
  0x00, 0x00, 0x00, 0x00, 0x61, 0x00, 0x54, 0x04, 0xdc, 0x05, 0x9b, 0x05,
  0xbc, 0x05, 0xbb, 0x05, 0xbb, 0x05, 0xbb, 0x05, 0xbb, 0x05, 0xbb, 0x05,
  0xbb, 0x05, 0xbb, 0x05, 0xbb, 0x05, 0xbb, 0x05, 0xbb, 0x05, 0x9b, 0x05,
  0xbb, 0x05, 0xba, 0x05, 0xbc, 0x05, 0x9a, 0x05, 0xa7, 0x01, 0x00, 0x00,
  0x00, 0x00, 0x00, 0x00, 0x00, 0x00, 0x00, 0x00, 0x00, 0x00, 0x00, 0x00,
  0x00, 0x00, 0x00, 0x00, 0x00, 0x00, 0x00, 0x00, 0x00, 0x00, 0x00, 0x00,
  0x00, 0x00, 0x00, 0x00, 0x00, 0x00, 0x00, 0x00, 0x00, 0x00, 0x00, 0x00,
  0x00, 0x00, 0x70, 0x0b, 0xdb, 0x0d, 0xbb, 0x05, 0xbb, 0x05, 0xbb, 0x05,
  0xbb, 0x05, 0xbb, 0x05, 0xbb, 0x05, 0xbb, 0x05, 0xbb, 0x05, 0xbb, 0x05,
  0xbb, 0x05, 0xbb, 0x05, 0xbb, 0x05, 0x9b, 0x05, 0x9b, 0x05, 0xbb, 0x05,
  0xda, 0x05, 0xdb, 0x0d, 0xad, 0x0a, 0x00, 0x00, 0x00, 0x00, 0x00, 0x00,
  0x00, 0x00, 0xc1, 0x21, 0x61, 0x21, 0x00, 0x00, 0x00, 0x00, 0x00, 0x00,
  0x00, 0x00, 0x00, 0x00, 0x00, 0x00, 0x00, 0x00, 0x00, 0x00, 0x00, 0x00,
  0x00, 0x00, 0x00, 0x00, 0x00, 0x00, 0x00, 0x00, 0x00, 0x00, 0x00, 0x00,
  0x00, 0x00, 0x00, 0x00, 0x00, 0x00, 0x00, 0x00, 0x00, 0x00, 0x00, 0x00,
  0x00, 0x00, 0x00, 0x00, 0x00, 0x00, 0x00, 0x00, 0x00, 0x00, 0x00, 0x00,
  0x00, 0x00, 0x00, 0x00, 0x00, 0x00, 0x00, 0x00, 0x00, 0x00, 0x00, 0x00,
  0x00, 0x00, 0x00, 0x00, 0x00, 0x00, 0x00, 0x00, 0x00, 0x00, 0x00, 0x00,
  0x00, 0x00, 0x00, 0x00, 0x00, 0x00, 0x00, 0x00, 0xc0, 0x20, 0xe1, 0xa3,
  0x80, 0xcc, 0x61, 0xcc, 0x81, 0xcc, 0xa1, 0xcc, 0xa1, 0xcc, 0xc1, 0xcc,
  0xc1, 0xd4, 0xc2, 0xd4, 0xc2, 0xd4, 0xc2, 0xd4, 0xc1, 0xcc, 0xa1, 0xcc,
  0x81, 0xc4, 0x60, 0xcc, 0xa2, 0xa3, 0x40, 0x08, 0x00, 0x00, 0x00, 0x00,
  0x00, 0x00, 0x00, 0x00, 0x00, 0x00, 0x00, 0x00, 0x00, 0x00, 0x00, 0x00,
  0x00, 0x00, 0x00, 0x00, 0x00, 0x00, 0x00, 0x00, 0x00, 0x00, 0x00, 0x00,
  0x00, 0x00, 0x00, 0x00, 0x00, 0x00, 0x00, 0x00, 0x00, 0x00, 0x00, 0x00,
  0x00, 0x00, 0x00, 0x00, 0x00, 0x00, 0x00, 0x00, 0x00, 0x00, 0x00, 0x00,
  0xc1, 0x20, 0xe1, 0x20, 0x00, 0x00, 0x00, 0x00, 0x00, 0x00, 0x00, 0x00,
  0x66, 0x01, 0x95, 0x0c, 0x95, 0x0c, 0x95, 0x0c, 0x95, 0x04, 0x74, 0x04,
  0x74, 0x04, 0x74, 0x04, 0x54, 0x04, 0x54, 0x0c, 0x54, 0x0c, 0x54, 0x0c,
  0x54, 0x04, 0x75, 0x04, 0x75, 0x04, 0x75, 0x04, 0x95, 0x0c, 0x96, 0x0c,
  0x76, 0x0c, 0x8c, 0x0a, 0x00, 0x00, 0x00, 0x00, 0x00, 0x00, 0x00, 0x00,
  0x00, 0x00, 0x00, 0x00, 0x00, 0x00, 0x00, 0x00, 0x00, 0x00, 0x00, 0x00,
  0x00, 0x00, 0x00, 0x00, 0x00, 0x00, 0x00, 0x00, 0x00, 0x00, 0x00, 0x00,
  0x00, 0x00, 0x00, 0x00, 0x00, 0x00, 0x00, 0x00, 0x00, 0x00, 0xc3, 0x00,
  0xd2, 0x13, 0x75, 0x0c, 0x74, 0x0c, 0x54, 0x0c, 0x55, 0x0c, 0x75, 0x04,
  0x75, 0x04, 0x54, 0x04, 0x34, 0x04, 0x33, 0x0c, 0x53, 0x04, 0x54, 0x04,
  0x54, 0x04, 0x75, 0x04, 0x75, 0x0c, 0x54, 0x0c, 0x74, 0x04, 0xb6, 0x0c,
  0xd2, 0x13, 0x62, 0x00, 0x00, 0x00, 0x00, 0x00, 0x00, 0x00, 0x00, 0x00,
  0x40, 0x00, 0x00, 0x00, 0x00, 0x00, 0x00, 0x00, 0x00, 0x00, 0x00, 0x00,
  0x00, 0x00, 0x00, 0x00, 0x00, 0x00, 0x00, 0x00, 0x00, 0x00, 0x00, 0x00,
  0x00, 0x00, 0x00, 0x00, 0x00, 0x00, 0x00, 0x00, 0x00, 0x00, 0x00, 0x00,
  0x00, 0x00, 0x00, 0x00, 0x00, 0x00, 0x00, 0x00, 0x00, 0x00, 0x00, 0x00,
  0x00, 0x00, 0x00, 0x00, 0x00, 0x00, 0x00, 0x00, 0x00, 0x00, 0x00, 0x00,
  0x00, 0x00, 0x00, 0x00, 0x00, 0x00, 0x00, 0x00, 0x00, 0x00, 0x00, 0x00,
  0x00, 0x00, 0x00, 0x00, 0x00, 0x00, 0x00, 0x00, 0x00, 0x00, 0x00, 0x00,
  0x00, 0x00, 0x00, 0x00, 0x00, 0x00, 0x00, 0x00, 0x20, 0x08, 0x20, 0x08,
  0x40, 0x08, 0x40, 0x08, 0x40, 0x08, 0x40, 0x08, 0x60, 0x10, 0x60, 0x10,
  0x60, 0x10, 0x60, 0x10, 0x60, 0x10, 0x40, 0x08, 0x40, 0x08, 0x20, 0x00,
  0x20, 0x00, 0x00, 0x00, 0x00, 0x00, 0x00, 0x00, 0x00, 0x00, 0x00, 0x00,
  0x00, 0x00, 0x00, 0x00, 0x00, 0x00, 0x00, 0x00, 0x00, 0x00, 0x00, 0x00,
  0x00, 0x00, 0x00, 0x00, 0x00, 0x00, 0x00, 0x00, 0x00, 0x00, 0x00, 0x00,
  0x00, 0x00, 0x00, 0x00, 0x00, 0x00, 0x00, 0x00, 0x00, 0x00, 0x00, 0x00,
  0x00, 0x00, 0x00, 0x00, 0x00, 0x00, 0x00, 0x00, 0x00, 0x00, 0x00, 0x00,
  0x00, 0x00, 0x00, 0x00, 0x00, 0x00, 0x00, 0x00, 0x20, 0x00, 0x41, 0x00,
  0x41, 0x00, 0x41, 0x00, 0x41, 0x00, 0x21, 0x00, 0x21, 0x00, 0x21, 0x00,
  0x20, 0x00, 0x20, 0x00, 0x20, 0x00, 0x20, 0x00, 0x20, 0x00, 0x20, 0x00,
  0x21, 0x00, 0x41, 0x00, 0x41, 0x00, 0x41, 0x00, 0x21, 0x00, 0x00, 0x00,
  0x00, 0x00, 0x00, 0x00, 0x00, 0x00, 0x00, 0x00, 0x00, 0x00, 0x00, 0x00,
  0x00, 0x00, 0x00, 0x00, 0x00, 0x00, 0x00, 0x00, 0x00, 0x00, 0x00, 0x00,
  0x00, 0x00, 0x00, 0x00, 0x00, 0x00, 0x00, 0x00, 0x00, 0x00, 0x00, 0x00,
  0x00, 0x00, 0x00, 0x00, 0x00, 0x00, 0x00, 0x00, 0x00, 0x00, 0x41, 0x00,
  0x21, 0x00, 0x20, 0x00, 0x21, 0x00, 0x41, 0x00, 0x20, 0x00, 0x20, 0x00,
  0x20, 0x00, 0x00, 0x00, 0x20, 0x00, 0x20, 0x00, 0x20, 0x00, 0x20, 0x00,
  0x21, 0x00, 0x21, 0x00, 0x41, 0x00, 0x41, 0x00, 0x41, 0x00, 0x00, 0x00,
  0x00, 0x00, 0x00, 0x00, 0x00, 0x00, 0x00, 0x00, 0x00, 0x00, 0x00, 0x00,
  0x00, 0x00, 0x00, 0x00, 0x00, 0x00, 0x00, 0x00, 0x00, 0x00, 0x00, 0x00,
  0x00, 0x00, 0x00, 0x00, 0x00, 0x00, 0x00, 0x00, 0x00, 0x00, 0x00, 0x00,
  0x00, 0x00, 0x00, 0x00, 0x00, 0x00, 0x00, 0x00, 0x00, 0x00, 0x00, 0x00,
  0x00, 0x00, 0x00, 0x00, 0x00, 0x00, 0x00, 0x00, 0x00, 0x00, 0x00, 0x00,
  0x00, 0x00, 0x00, 0x00, 0x00, 0x00, 0x00, 0x00, 0x00, 0x00, 0x00, 0x00,
  0x00, 0x00, 0x00, 0x00, 0x00, 0x00, 0x00, 0x00, 0x00, 0x00, 0x00, 0x00,
  0x00, 0x00, 0x00, 0x00, 0x00, 0x00, 0x00, 0x00, 0x00, 0x00, 0x00, 0x00,
  0x00, 0x00, 0x00, 0x00, 0x00, 0x00, 0x00, 0x00, 0x00, 0x00, 0x00, 0x00,
  0x00, 0x00, 0x00, 0x00, 0x00, 0x00, 0x00, 0x00, 0x00, 0x00, 0x00, 0x00,
  0x00, 0x00, 0x00, 0x00, 0x00, 0x00, 0x00, 0x00, 0x00, 0x00, 0x00, 0x00,
  0x00, 0x00, 0x00, 0x00, 0x00, 0x00, 0x00, 0x00, 0x00, 0x00, 0x00, 0x00,
  0x00, 0x00, 0x00, 0x00, 0x00, 0x00, 0x00, 0x00, 0x00, 0x00, 0x00, 0x00,
  0x00, 0x00, 0x00, 0x00, 0x00, 0x00, 0x00, 0x00, 0x00, 0x00, 0x00, 0x00,
  0x00, 0x00, 0x00, 0x00, 0x00, 0x00, 0x00, 0x00, 0x00, 0x00, 0x00, 0x00,
  0x00, 0x00, 0x00, 0x00, 0x00, 0x00, 0x00, 0x00, 0x00, 0x00, 0x00, 0x00,
  0x00, 0x00, 0x00, 0x00, 0x00, 0x00, 0x00, 0x00, 0x00, 0x00, 0x00, 0x00,
  0x00, 0x00, 0x00, 0x00, 0x00, 0x00, 0x00, 0x00, 0x00, 0x00, 0x00, 0x00,
  0x00, 0x00, 0x00, 0x00, 0x00, 0x00, 0x00, 0x00, 0x00, 0x00, 0x00, 0x00,
  0x00, 0x00, 0x00, 0x00, 0x00, 0x00, 0x00, 0x00, 0x00, 0x00, 0x00, 0x00,
  0x00, 0x00, 0x00, 0x00, 0x00, 0x00, 0x00, 0x00, 0x00, 0x00, 0x00, 0x00,
  0x00, 0x00, 0x00, 0x00, 0x00, 0x00, 0x00, 0x00, 0x00, 0x00, 0x00, 0x00,
  0x00, 0x00, 0x00, 0x00, 0x00, 0x00, 0x00, 0x00, 0x00, 0x00, 0x00, 0x00,
  0x00, 0x00, 0x00, 0x00, 0x00, 0x00, 0x00, 0x00, 0x00, 0x00, 0x00, 0x00,
  0x00, 0x00, 0x00, 0x00, 0x00, 0x00, 0x00, 0x00, 0x00, 0x00, 0x00, 0x00,
  0x00, 0x00, 0x00, 0x00, 0x00, 0x00, 0x00, 0x00, 0x00, 0x00, 0x00, 0x00,
  0x00, 0x00, 0x00, 0x00, 0x00, 0x00, 0x00, 0x00, 0x00, 0x00, 0x00, 0x00,
  0x00, 0x00, 0x00, 0x00, 0x00, 0x00, 0x00, 0x00, 0x00, 0x00, 0x00, 0x00,
  0x00, 0x00, 0x00, 0x00, 0x00, 0x00, 0x00, 0x00, 0x00, 0x00, 0x00, 0x00,
  0x00, 0x00, 0x00, 0x00, 0x00, 0x00, 0x00, 0x00, 0x00, 0x00, 0x00, 0x00,
  0x00, 0x00, 0x00, 0x00, 0x00, 0x00, 0x00, 0x00, 0x00, 0x00, 0x00, 0x00,
  0x00, 0x00, 0x00, 0x00, 0x00, 0x00, 0x00, 0x00, 0x00, 0x00, 0x00, 0x00,
  0x00, 0x00, 0x00, 0x00, 0x00, 0x00, 0x00, 0x00, 0x00, 0x00, 0x00, 0x00,
  0x00, 0x00, 0x00, 0x00, 0x00, 0x00, 0x00, 0x00, 0x00, 0x00, 0x00, 0x00,
  0x00, 0x00, 0x00, 0x00, 0x00, 0x00, 0x00, 0x00, 0x00, 0x00, 0x00, 0x00,
  0x00, 0x00, 0x00, 0x00, 0x00, 0x00, 0x00, 0x00, 0x00, 0x00, 0x00, 0x00,
  0x00, 0x00, 0x00, 0x00, 0x00, 0x00, 0x00, 0x00, 0x00, 0x00, 0x00, 0x00,
  0x00, 0x00, 0x00, 0x00, 0x00, 0x00, 0x00, 0x00, 0x00, 0x00, 0x00, 0x00,
  0x00, 0x00, 0x00, 0x00, 0x00, 0x00, 0x00, 0x00, 0x00, 0x00, 0x00, 0x00,
  0x00, 0x00, 0x00, 0x00, 0x00, 0x00, 0x00, 0x00, 0x00, 0x00, 0x00, 0x00,
  0x00, 0x00, 0x00, 0x00, 0x00, 0x00, 0x00, 0x00, 0x00, 0x00, 0x00, 0x00,
  0x00, 0x00, 0x00, 0x00, 0x00, 0x00, 0x00, 0x00, 0x00, 0x00, 0x00, 0x00,
  0x00, 0x00, 0x00, 0x00, 0x00, 0x00, 0x00, 0x00, 0x00, 0x00, 0x00, 0x00,
  0x00, 0x00, 0x00, 0x00, 0x00, 0x00, 0x00, 0x00, 0x00, 0x00, 0x00, 0x00,
  0x00, 0x00, 0x00, 0x00, 0x00, 0x00, 0x00, 0x00, 0x00, 0x00, 0x00, 0x00,
  0x00, 0x00, 0x00, 0x00, 0x00, 0x00, 0x00, 0x00, 0x00, 0x00, 0x00, 0x00,
  0x00, 0x00, 0x00, 0x00, 0x00, 0x00, 0x00, 0x00, 0x00, 0x00, 0x00, 0x00,
  0x00, 0x00, 0x00, 0x00, 0x00, 0x00, 0x00, 0x00, 0x00, 0x00, 0x00, 0x00,
  0x00, 0x00, 0x00, 0x00, 0x00, 0x00, 0x00, 0x00, 0x00, 0x00, 0x00, 0x00,
  0x00, 0x00, 0x00, 0x00, 0x00, 0x00, 0x00, 0x00, 0x00, 0x00, 0x00, 0x00,
  0x00, 0x00, 0x00, 0x00, 0x00, 0x00, 0x00, 0x00, 0x00, 0x00, 0x00, 0x00,
  0x00, 0x00, 0x00, 0x00, 0x00, 0x00, 0x00, 0x00, 0x00, 0x00, 0x00, 0x00,
  0x00, 0x00, 0x00, 0x00, 0x00, 0x00, 0x00, 0x00, 0x00, 0x00, 0x00, 0x00,
  0x00, 0x00, 0x00, 0x00, 0x00, 0x00, 0x00, 0x00, 0x00, 0x00, 0x00, 0x00,
  0x00, 0x00, 0x00, 0x00, 0x00, 0x00, 0x00, 0x00, 0x00, 0x00, 0x00, 0x00,
  0x00, 0x00, 0x00, 0x00, 0x00, 0x00, 0x00, 0x00, 0x00, 0x00, 0x00, 0x00,
  0x00, 0x00, 0x00, 0x00, 0x00, 0x00, 0x00, 0x00, 0x00, 0x00, 0x00, 0x00,
  0x00, 0x00, 0x00, 0x00, 0x00, 0x00, 0x00, 0x00, 0x00, 0x00, 0x00, 0x00,
  0x00, 0x00, 0x00, 0x00, 0x00, 0x00, 0x00, 0x00, 0x00, 0x00, 0x00, 0x00,
  0x00, 0x00, 0x00, 0x00, 0x00, 0x00, 0x00, 0x00, 0x00, 0x00, 0x00, 0x00,
  0x00, 0x00, 0x00, 0x00, 0x00, 0x00, 0x00, 0x00, 0x00, 0x00, 0x00, 0x00,
  0x00, 0x00, 0x00, 0x00, 0x00, 0x00, 0x00, 0x00, 0x00, 0x00, 0x00, 0x00,
  0x00, 0x00, 0x00, 0x00, 0x00, 0x00, 0x00, 0x00, 0x00, 0x00, 0x00, 0x00,
  0x00, 0x00, 0x00, 0x00, 0x00, 0x00, 0x00, 0x00, 0x00, 0x00, 0x00, 0x00,
  0x00, 0x00, 0x00, 0x00, 0x00, 0x00, 0x00, 0x00, 0x00, 0x00, 0x00, 0x00,
  0x00, 0x00, 0x00, 0x00, 0x00, 0x00, 0x00, 0x00, 0x00, 0x00, 0x00, 0x00,
  0x00, 0x00, 0x00, 0x00, 0x00, 0x00, 0x00, 0x00, 0x00, 0x00, 0x00, 0x00,
  0x00, 0x00, 0x00, 0x00, 0x00, 0x00, 0x00, 0x00, 0x00, 0x00, 0x00, 0x00,
  0x00, 0x00, 0x00, 0x00, 0x00, 0x00, 0x00, 0x00, 0x00, 0x00, 0x00, 0x00,
  0x00, 0x00, 0x00, 0x00, 0x00, 0x00, 0x00, 0x00, 0x00, 0x00, 0x00, 0x00,
  0x00, 0x00, 0x00, 0x00, 0x00, 0x00, 0x00, 0x00, 0x00, 0x00, 0x00, 0x00,
  0x00, 0x00, 0x00, 0x00, 0x00, 0x00, 0x00, 0x00, 0x00, 0x00, 0x00, 0x00,
  0x00, 0x00, 0x00, 0x00, 0x00, 0x00, 0x00, 0x00, 0x00, 0x00, 0x00, 0x00,
  0x00, 0x00, 0x00, 0x00, 0x00, 0x00, 0x00, 0x00, 0x00, 0x00, 0x00, 0x00,
  0x00, 0x00, 0x00, 0x00, 0x00, 0x00, 0x00, 0x00, 0x00, 0x00, 0x00, 0x00,
  0x00, 0x00, 0x00, 0x00, 0x00, 0x00, 0x00, 0x00, 0x00, 0x00, 0x00, 0x00,
  0x00, 0x00, 0x00, 0x00, 0x00, 0x00, 0x00, 0x00, 0x00, 0x00, 0x00, 0x00,
  0x00, 0x00, 0x00, 0x00, 0x00, 0x00, 0x00, 0x00, 0x00, 0x00, 0x00, 0x00,
  0x00, 0x00, 0x00, 0x00, 0x00, 0x00, 0x00, 0x00, 0x00, 0x00, 0x00, 0x00,
  0x00, 0x00, 0x00, 0x00, 0x00, 0x00, 0x00, 0x00, 0x00, 0x00, 0x00, 0x00,
  0x00, 0x00, 0x00, 0x00, 0x00, 0x00, 0x00, 0x00, 0x00, 0x00, 0x00, 0x00,
  0x00, 0x00, 0x00, 0x00, 0x00, 0x00, 0x00, 0x00, 0x00, 0x00, 0x00, 0x00,
  0x00, 0x00, 0x00, 0x00, 0x00, 0x00, 0x00, 0x00, 0x00, 0x00, 0x00, 0x00,
  0x00, 0x00, 0x00, 0x00, 0x00, 0x00, 0x00, 0x00, 0x00, 0x00, 0x00, 0x00,
  0x00, 0x00, 0x00, 0x00, 0x00, 0x00, 0x00, 0x00, 0x00, 0x00, 0x00, 0x00,
  0x00, 0x00, 0x00, 0x00, 0x00, 0x00, 0x00, 0x00, 0x00, 0x00, 0x00, 0x00,
  0x00, 0x00, 0x00, 0x00, 0x00, 0x00, 0x00, 0x00, 0x00, 0x00, 0x00, 0x00,
  0x00, 0x00, 0x00, 0x00, 0x00, 0x00, 0x00, 0x00, 0x00, 0x00, 0x00, 0x00,
  0x00, 0x00, 0x00, 0x00, 0x00, 0x00, 0x00, 0x00, 0x00, 0x00, 0x00, 0x00,
  0x00, 0x00, 0x00, 0x00, 0x00, 0x00, 0x00, 0x00, 0x00, 0x00, 0x00, 0x00,
  0x00, 0x00, 0x00, 0x00, 0x00, 0x00, 0x00, 0x00, 0x00, 0x00, 0x00, 0x00,
  0x00, 0x00, 0x00, 0x00, 0x00, 0x00, 0x00, 0x00, 0x00, 0x00, 0x00, 0x00,
  0x00, 0x00, 0x00, 0x00, 0x00, 0x00, 0x00, 0x00, 0x00, 0x00, 0x00, 0x00,
  0x00, 0x00, 0x00, 0x00, 0x00, 0x00, 0x00, 0x00, 0x00, 0x00, 0x00, 0x00,
  0x00, 0x00, 0x00, 0x00, 0x00, 0x00, 0x00, 0x00, 0x00, 0x00, 0x00, 0x00,
  0x00, 0x00, 0x00, 0x00, 0x00, 0x00, 0x00, 0x00, 0x00, 0x00, 0x00, 0x00,
  0x00, 0x00, 0x00, 0x00, 0x00, 0x00, 0x00, 0x00, 0x00, 0x00, 0x00, 0x00,
  0x00, 0x00, 0x00, 0x00, 0x00, 0x00, 0x00, 0x00, 0x00, 0x00, 0x00, 0x00,
  0x00, 0x00, 0x00, 0x00, 0x00, 0x00, 0x00, 0x00, 0x00, 0x00, 0x00, 0x00,
  0x00, 0x00, 0x00, 0x00, 0x00, 0x00, 0x00, 0x00, 0x00, 0x00, 0x00, 0x00,
  0x00, 0x00, 0x00, 0x00, 0x00, 0x00, 0x00, 0x00, 0x00, 0x00, 0x00, 0x00,
  0x00, 0x00, 0x00, 0x00, 0x00, 0x00, 0x00, 0x00, 0x00, 0x00, 0x00, 0x00,
  0x00, 0x00, 0x00, 0x00, 0x00, 0x00, 0x00, 0x00, 0x00, 0x00, 0x00, 0x00,
  0x00, 0x00, 0x00, 0x00, 0x00, 0x00, 0x00, 0x00, 0x00, 0x00, 0x00, 0x00,
  0x00, 0x00, 0x00, 0x00, 0x00, 0x00, 0x00, 0x00, 0x00, 0x00, 0x00, 0x00,
  0x00, 0x00, 0x00, 0x00, 0x00, 0x00, 0x00, 0x00, 0x00, 0x00, 0x00, 0x00,
  0x00, 0x00, 0x00, 0x00, 0x00, 0x00, 0x00, 0x00, 0x00, 0x00, 0x00, 0x00,
  0x00, 0x00, 0x00, 0x00, 0x00, 0x00, 0x00, 0x00, 0x00, 0x00, 0x00, 0x00,
  0x00, 0x00, 0x00, 0x00, 0x00, 0x00, 0x00, 0x00, 0x00, 0x00, 0x00, 0x00,
  0x00, 0x00, 0x00, 0x00, 0x00, 0x00, 0x00, 0x00, 0x00, 0x00, 0x00, 0x00,
  0x00, 0x00, 0x00, 0x00, 0x00, 0x00, 0x00, 0x00, 0x00, 0x00, 0x00, 0x00,
  0x00, 0x00, 0x00, 0x00, 0x00, 0x00, 0x00, 0x00, 0x00, 0x00, 0x00, 0x00,
  0x00, 0x00, 0x00, 0x00, 0x00, 0x00, 0x00, 0x00, 0x00, 0x00, 0x00, 0x00,
  0x00, 0x00, 0x00, 0x00, 0x00, 0x00, 0x00, 0x00, 0x00, 0x00, 0x00, 0x00,
  0x00, 0x00, 0x00, 0x00, 0x00, 0x00, 0x00, 0x00, 0x00, 0x00, 0x00, 0x00,
  0x00, 0x00, 0x00, 0x00, 0x00, 0x00, 0x00, 0x00, 0x00, 0x00, 0x00, 0x00,
  0x00, 0x00, 0x00, 0x00, 0x00, 0x00, 0x00, 0x00, 0x00, 0x00, 0x00, 0x00,
  0x00, 0x00, 0x00, 0x00, 0x00, 0x00, 0x00, 0x00, 0x00, 0x00, 0x00, 0x00,
  0x00, 0x00, 0x00, 0x00, 0x00, 0x00, 0x00, 0x00, 0x00, 0x00, 0x00, 0x00,
  0x00, 0x00, 0x00, 0x00, 0x00, 0x00, 0x00, 0x00, 0x00, 0x00, 0x00, 0x00,
  0x00, 0x00, 0x00, 0x00, 0x00, 0x00, 0x00, 0x00, 0x00, 0x00, 0x00, 0x00,
  0x00, 0x00, 0x00, 0x00, 0x00, 0x00, 0x00, 0x00, 0x00, 0x00, 0x00, 0x00,
  0x00, 0x00, 0x00, 0x00, 0x00, 0x00, 0x00, 0x00, 0x00, 0x00, 0x00, 0x00,
  0x00, 0x00, 0x00, 0x00, 0x00, 0x00, 0x00, 0x00, 0x00, 0x00, 0x00, 0x00,
  0x00, 0x00, 0x00, 0x00, 0x00, 0x00, 0x00, 0x00, 0x00, 0x00, 0x00, 0x00,
  0x00, 0x00, 0x00, 0x00, 0x00, 0x00, 0x00, 0x00, 0x00, 0x00, 0x00, 0x00,
  0x00, 0x00, 0x00, 0x00, 0x00, 0x00, 0x00, 0x00, 0x00, 0x00, 0x00, 0x00,
  0x00, 0x00, 0x00, 0x00, 0x00, 0x00, 0x00, 0x00, 0x00, 0x00, 0x00, 0x00,
  0x00, 0x00, 0x00, 0x00, 0x00, 0x00, 0x00, 0x00, 0x00, 0x00, 0x00, 0x00,
  0x00, 0x00, 0x00, 0x00, 0x00, 0x00, 0x00, 0x00, 0x00, 0x00, 0x00, 0x00,
  0x00, 0x00, 0x00, 0x00, 0x00, 0x00, 0x00, 0x00, 0x00, 0x00, 0x00, 0x00,
  0x00, 0x00, 0x00, 0x00, 0x00, 0x00, 0x00, 0x00, 0x00, 0x00, 0x00, 0x00,
  0x00, 0x00, 0x00, 0x00, 0x00, 0x00, 0x00, 0x00, 0x00, 0x00, 0x00, 0x00,
  0x00, 0x00, 0x00, 0x00, 0x00, 0x00, 0x00, 0x00, 0x00, 0x00, 0x00, 0x00,
  0x00, 0x00, 0x00, 0x00, 0x00, 0x00, 0x00, 0x00, 0x00, 0x00, 0x00, 0x00,
  0x00, 0x00, 0x00, 0x00, 0x00, 0x00, 0x00, 0x00, 0x00, 0x00, 0x00, 0x00,
  0x00, 0x00, 0x00, 0x00, 0x00, 0x00, 0x00, 0x00, 0x00, 0x00, 0x00, 0x00,
  0x00, 0x00, 0x00, 0x00, 0x00, 0x00, 0x00, 0x00, 0x00, 0x00, 0x00, 0x00,
  0x00, 0x00, 0x00, 0x00, 0x00, 0x00, 0x00, 0x00, 0x00, 0x00, 0x00, 0x00,
  0x00, 0x00, 0x00, 0x00, 0x00, 0x00, 0x00, 0x00, 0x00, 0x00, 0x00, 0x00,
  0x00, 0x00, 0x00, 0x00, 0x00, 0x00, 0x00, 0x00, 0x00, 0x00, 0x00, 0x00,
  0x00, 0x00, 0x00, 0x00, 0x00, 0x00, 0x00, 0x00, 0x00, 0x00, 0x00, 0x00,
  0x00, 0x00, 0x00, 0x00, 0x00, 0x00, 0x00, 0x00, 0x00, 0x00, 0x00, 0x00,
  0x00, 0x00, 0x00, 0x00, 0x00, 0x00, 0x00, 0x00, 0x00, 0x00, 0x00, 0x00,
  0x00, 0x00, 0x00, 0x00, 0x00, 0x00, 0x00, 0x00, 0x00, 0x00, 0x00, 0x00,
  0x00, 0x00, 0x00, 0x00, 0x00, 0x00, 0x00, 0x00, 0x00, 0x00, 0x00, 0x00,
  0x00, 0x00, 0x00, 0x00, 0x00, 0x00, 0x00, 0x00, 0x00, 0x00, 0x00, 0x00,
  0x00, 0x00, 0x00, 0x00, 0x00, 0x00, 0x00, 0x00, 0x00, 0x00, 0x00, 0x00,
  0x00, 0x00, 0x00, 0x00, 0x00, 0x00, 0x00, 0x00, 0x00, 0x00, 0x00, 0x00,
  0x00, 0x00, 0x00, 0x00, 0x00, 0x00, 0x00, 0x00, 0x00, 0x00, 0x00, 0x00,
  0x00, 0x00, 0x00, 0x00, 0x00, 0x00, 0x00, 0x00, 0x00, 0x00, 0x00, 0x00,
  0x00, 0x00, 0x00, 0x00, 0x00, 0x00, 0x00, 0x00, 0x00, 0x00, 0x00, 0x00,
  0x00, 0x00, 0x00, 0x00, 0x00, 0x00, 0x00, 0x00, 0x00, 0x00, 0x00, 0x00,
  0x00, 0x00, 0x00, 0x00, 0x00, 0x00, 0x00, 0x00, 0x00, 0x00, 0x00, 0x00,
  0x00, 0x00, 0x00, 0x00, 0x00, 0x00, 0x00, 0x00, 0x00, 0x00, 0x00, 0x00,
  0x00, 0x00, 0x00, 0x00, 0x00, 0x00, 0x00, 0x00, 0x00, 0x00, 0x00, 0x00,
  0x00, 0x00, 0x00, 0x00, 0x00, 0x00, 0x00, 0x00, 0x00, 0x00, 0x00, 0x00,
  0x00, 0x00, 0x00, 0x00, 0x00, 0x00, 0x00, 0x00, 0x00, 0x00, 0x00, 0x00,
  0x00, 0x00, 0x00, 0x00, 0x00, 0x00, 0x00, 0x00, 0x00, 0x00, 0x00, 0x00,
  0x00, 0x00, 0x00, 0x00, 0x00, 0x00, 0x00, 0x00, 0x00, 0x00, 0x00, 0x00,
  0x00, 0x00, 0x00, 0x00, 0x00, 0x00, 0x00, 0x00, 0x00, 0x00, 0x00, 0x00,
  0x00, 0x00, 0x00, 0x00, 0x00, 0x00, 0x00, 0x00, 0x00, 0x00, 0x00, 0x00,
  0x00, 0x00, 0x00, 0x00, 0x00, 0x00, 0x00, 0x00, 0x00, 0x00, 0x00, 0x00,
  0x00, 0x00, 0x00, 0x00, 0x00, 0x00, 0x00, 0x00, 0x00, 0x00, 0x00, 0x00,
  0x00, 0x00, 0x00, 0x00, 0x00, 0x00, 0x00, 0x00, 0x00, 0x00, 0x00, 0x00,
  0x00, 0x00, 0x00, 0x00, 0x00, 0x00, 0x00, 0x00, 0x00, 0x00, 0x00, 0x00,
  0x00, 0x00, 0x00, 0x00, 0x00, 0x00, 0x00, 0x00, 0x00, 0x00, 0x00, 0x00,
  0x00, 0x00, 0x00, 0x00, 0x00, 0x00, 0x00, 0x00, 0x00, 0x00, 0x00, 0x00,
  0x00, 0x00, 0x00, 0x00, 0x00, 0x00, 0x00, 0x00, 0x00, 0x00, 0x00, 0x00,
  0x00, 0x00, 0x00, 0x00, 0x00, 0x00, 0x00, 0x00, 0x00, 0x00, 0x00, 0x00,
  0x00, 0x00, 0x00, 0x00, 0x00, 0x00, 0x00, 0x00, 0x00, 0x00, 0x00, 0x00,
  0x00, 0x00, 0x00, 0x00, 0x00, 0x00, 0x00, 0x00, 0x00, 0x00, 0x00, 0x00,
  0x00, 0x00, 0x00, 0x00, 0x00, 0x00, 0x00, 0x00, 0x00, 0x00, 0x00, 0x00,
  0x00, 0x00, 0x00, 0x00, 0x00, 0x00, 0x00, 0x00, 0x00, 0x00, 0x00, 0x00,
  0x00, 0x00, 0x00, 0x00, 0x00, 0x00, 0x00, 0x00, 0x00, 0x00, 0x00, 0x00,
  0x00, 0x00, 0x00, 0x00, 0x00, 0x00, 0x00, 0x00, 0x00, 0x00, 0x00, 0x00,
  0x00, 0x00, 0x00, 0x00, 0x00, 0x00, 0x00, 0x00, 0x00, 0x00, 0x00, 0x00,
  0x00, 0x00, 0x00, 0x00, 0x00, 0x00, 0x00, 0x00, 0x00, 0x00, 0x00, 0x00,
  0x00, 0x00, 0x00, 0x00, 0x00, 0x00, 0x00, 0x00, 0x00, 0x00, 0x00, 0x00,
  0x00, 0x00, 0x00, 0x00, 0x00, 0x00, 0x00, 0x00, 0x00, 0x00, 0x00, 0x00,
  0x00, 0x00, 0x00, 0x00, 0x00, 0x00, 0x00, 0x00, 0x00, 0x00, 0x00, 0x00,
  0x00, 0x00, 0x00, 0x00, 0x00, 0x00, 0x00, 0x00, 0x00, 0x00, 0x00, 0x00,
  0x00, 0x00, 0x00, 0x00, 0x00, 0x00, 0x00, 0x00, 0x00, 0x00, 0x00, 0x00,
  0x00, 0x00, 0x00, 0x00, 0x00, 0x00, 0x00, 0x00, 0x00, 0x00, 0x00, 0x00,
  0x00, 0x00, 0x00, 0x00, 0x00, 0x00, 0x00, 0x00, 0x00, 0x00, 0x00, 0x00,
  0x00, 0x00, 0x00, 0x00, 0x00, 0x00, 0x00, 0x00, 0x00, 0x00, 0x00, 0x00,
  0x00, 0x00, 0x00, 0x00, 0x00, 0x00, 0x00, 0x00, 0x00, 0x00, 0x00, 0x00,
  0x00, 0x00, 0x00, 0x00, 0x00, 0x00, 0x00, 0x00, 0x00, 0x00, 0x00, 0x00,
  0x00, 0x00, 0x00, 0x00, 0x00, 0x00, 0x00, 0x00, 0x00, 0x00, 0x00, 0x00,
  0x00, 0x00, 0x00, 0x00, 0x00, 0x00, 0x00, 0x00, 0x00, 0x00, 0x00, 0x00,
  0x00, 0x00, 0x00, 0x00, 0x00, 0x00, 0x00, 0x00, 0x00, 0x00, 0x00, 0x00,
  0x00, 0x00, 0x00, 0x00, 0x00, 0x00, 0x00, 0x00, 0x00, 0x00, 0x00, 0x00,
  0x00, 0x00, 0x00, 0x00, 0x00, 0x00, 0x00, 0x00, 0x00, 0x00, 0x00, 0x00,
  0x00, 0x00, 0x00, 0x00, 0x00, 0x00, 0x00, 0x00, 0x00, 0x00, 0x00, 0x00,
  0x00, 0x00, 0x00, 0x00, 0x00, 0x00, 0x00, 0x00, 0x00, 0x00, 0x00, 0x00,
  0x00, 0x00, 0x00, 0x00, 0x00, 0x00, 0x00, 0x00, 0x00, 0x00, 0x00, 0x00,
  0x00, 0x00, 0x00, 0x00, 0x00, 0x00, 0x00, 0x00, 0x00, 0x00, 0x00, 0x00,
  0x00, 0x00, 0x00, 0x00, 0x00, 0x00, 0x00, 0x00, 0x00, 0x00, 0x00, 0x00,
  0x00, 0x00, 0x00, 0x00, 0x00, 0x00, 0x00, 0x00, 0x00, 0x00, 0x00, 0x00,
  0x00, 0x00, 0x00, 0x00, 0x00, 0x00, 0x00, 0x00, 0x00, 0x00, 0x00, 0x00,
  0x00, 0x00, 0x00, 0x00, 0x00, 0x00, 0x00, 0x00, 0x00, 0x00, 0x00, 0x00,
  0x00, 0x00, 0x00, 0x00, 0x00, 0x00, 0x00, 0x00, 0x00, 0x00, 0x00, 0x00,
  0x00, 0x00, 0x00, 0x00, 0x00, 0x00, 0x00, 0x00, 0x00, 0x00, 0x00, 0x00,
  0x00, 0x00, 0x00, 0x00, 0x00, 0x00, 0x00, 0x00, 0x00, 0x00, 0x00, 0x00,
  0x00, 0x00, 0x00, 0x00, 0x00, 0x00, 0x00, 0x00, 0x00, 0x00, 0x00, 0x00,
  0x00, 0x00, 0x00, 0x00, 0x00, 0x00, 0x00, 0x00, 0x00, 0x00, 0x00, 0x00,
  0x00, 0x00, 0x00, 0x00, 0x00, 0x00, 0x00, 0x00, 0x00, 0x00, 0x00, 0x00,
  0x00, 0x00, 0x00, 0x00, 0x00, 0x00, 0x00, 0x00, 0x00, 0x00, 0x00, 0x00,
  0x00, 0x00, 0x00, 0x00, 0x00, 0x00, 0x00, 0x00, 0x00, 0x00, 0x00, 0x00,
  0x00, 0x00, 0x00, 0x00, 0x00, 0x00, 0x00, 0x00, 0x00, 0x00, 0x00, 0x00,
  0x00, 0x00, 0x00, 0x00, 0x00, 0x00, 0x00, 0x00, 0x00, 0x00, 0x00, 0x00,
  0x00, 0x00, 0x00, 0x00, 0x00, 0x00, 0x00, 0x00, 0x00, 0x00, 0x00, 0x00,
  0x00, 0x00, 0x00, 0x00, 0x00, 0x00, 0x00, 0x00, 0x00, 0x00, 0x00, 0x00,
  0x00, 0x00, 0x00, 0x00, 0x00, 0x00, 0x00, 0x00, 0x00, 0x00, 0x00, 0x00,
  0x00, 0x00, 0x00, 0x00, 0x00, 0x00, 0x00, 0x00, 0x00, 0x00, 0x00, 0x00,
  0x00, 0x00, 0x00, 0x00, 0x00, 0x00, 0x00, 0x00, 0x00, 0x00, 0x00, 0x00,
  0x00, 0x00, 0x00, 0x00, 0x00, 0x00, 0x00, 0x00, 0x00, 0x00, 0x00, 0x00,
  0x00, 0x00, 0x00, 0x00, 0x00, 0x00, 0x00, 0x00, 0x00, 0x00, 0x00, 0x00,
  0x00, 0x00, 0x00, 0x00, 0x00, 0x00, 0x00, 0x00, 0x00, 0x00, 0x00, 0x00,
  0x00, 0x00, 0x00, 0x00, 0x00, 0x00, 0x00, 0x00, 0x00, 0x00, 0x00, 0x00,
  0x00, 0x00, 0x00, 0x00, 0x00, 0x00, 0x00, 0x00, 0x00, 0x00, 0x00, 0x00,
  0x00, 0x00, 0x00, 0x00, 0x00, 0x00, 0x00, 0x00, 0x00, 0x00, 0x00, 0x00,
  0x00, 0x00, 0x00, 0x00, 0x00, 0x00, 0x00, 0x00, 0x00, 0x00, 0x00, 0x00,
  0x00, 0x00, 0x00, 0x00, 0x00, 0x00, 0x00, 0x00, 0x00, 0x00, 0x00, 0x00,
  0x00, 0x00, 0x00, 0x00, 0x00, 0x00, 0x00, 0x00, 0x00, 0x00, 0x00, 0x00,
  0x00, 0x00, 0x00, 0x00, 0x00, 0x00, 0x00, 0x00, 0x00, 0x00, 0x00, 0x00,
  0x00, 0x00, 0x00, 0x00, 0x00, 0x00, 0x00, 0x00, 0x00, 0x00, 0x00, 0x00,
  0x00, 0x00, 0x00, 0x00, 0x00, 0x00, 0x00, 0x00, 0x00, 0x00, 0x00, 0x00,
  0x00, 0x00, 0x00, 0x00, 0x00, 0x00, 0x00, 0x00, 0x00, 0x00, 0x00, 0x00,
  0x00, 0x00, 0x00, 0x00, 0x00, 0x00, 0x00, 0x00, 0x00, 0x00, 0x00, 0x00,
  0x00, 0x00, 0x00, 0x00, 0x00, 0x00, 0x00, 0x00, 0x00, 0x00, 0x00, 0x00,
  0x00, 0x00, 0x00, 0x00, 0x00, 0x00, 0x00, 0x00, 0x00, 0x00, 0x00, 0x00,
  0x00, 0x00, 0x00, 0x00, 0x00, 0x00, 0x00, 0x00, 0x00, 0x00, 0x00, 0x00,
  0x00, 0x00, 0x00, 0x00, 0x00, 0x00, 0x00, 0x00, 0x00, 0x00, 0x00, 0x00,
  0x00, 0x00, 0x00, 0x00, 0x00, 0x00, 0x00, 0x00, 0x00, 0x00, 0x00, 0x00,
  0x00, 0x00, 0x00, 0x00, 0x00, 0x00, 0x00, 0x00, 0x00, 0x00, 0x00, 0x00,
  0x00, 0x00, 0x00, 0x00, 0x00, 0x00, 0x00, 0x00, 0x00, 0x00, 0x00, 0x00,
  0x00, 0x00, 0x00, 0x00, 0x00, 0x00, 0x00, 0x00, 0x00, 0x00, 0x00, 0x00,
  0x00, 0x00, 0x00, 0x00, 0x00, 0x00, 0x00, 0x00, 0x00, 0x00, 0x00, 0x00,
  0x00, 0x00, 0x00, 0x00, 0x00, 0x00, 0x00, 0x00, 0x00, 0x00, 0x00, 0x00,
  0x00, 0x00, 0x00, 0x00, 0x00, 0x00, 0x00, 0x00, 0x00, 0x00, 0x00, 0x00,
  0x00, 0x00, 0x00, 0x00, 0x00, 0x00, 0x00, 0x00, 0x00, 0x00, 0x00, 0x00,
  0x00, 0x00, 0x00, 0x00, 0x00, 0x00, 0x00, 0x00, 0x00, 0x00, 0x00, 0x00,
  0x00, 0x00, 0x00, 0x00, 0x00, 0x00, 0x00, 0x00, 0x00, 0x00, 0x00, 0x00,
  0x00, 0x00, 0x00, 0x00, 0x00, 0x00, 0x00, 0x00, 0x00, 0x00, 0x00, 0x00,
  0x00, 0x00, 0x00, 0x00, 0x00, 0x00, 0x00, 0x00, 0x00, 0x00, 0x00, 0x00,
  0x00, 0x00, 0x00, 0x00, 0x00, 0x00, 0x00, 0x00, 0x00, 0x00, 0x00, 0x00,
  0x00, 0x00, 0x00, 0x00, 0x00, 0x00, 0x00, 0x00, 0x00, 0x00, 0x00, 0x00
};
unsigned int logo_160_75_rgb565_data_len = 24000;
#endif
