/*
 * Copyright (c) 2015, COCO Consortium
 * All rights reserved.
 *
 * SPDX-License-Identifier: CC-BY-4.0
 */

/* 
 * Modifications Copyright 2025 NXP
 */

/*
 * converted with:
 *  convert skigirl.jpg -crop 536x536+104+0 -resize 128x128 skigirl_COCO_128_128.rgb
 *  image_operation.py -i couple_COCO_128_128.rgb -o couple_COCO_128_128.bgr \
 *  -W 128 -H 128 --img_op conv_RGB2BGR --pix_fmt rgb888
 *  xxd -i couple_COCO_128_128.rgb couple_COCO_128_128_rgb.h
 */

#ifndef __IMAGE_SKIGIRL_COCO_128_128_BGR_DATA_H__
#define __IMAGE_SKIGIRL_COCO_128_128_BGR_DATA_H__

#define SRC_IMAGE_SKIGIRL_COCO_128_128_BGR_WIDTH           128
#define SRC_IMAGE_SKIGIRL_COCO_128_128_BGR_HEIGHT          128
#define SRC_IMAGE_SKIGIRL_COCO_128_128_BGR_CHANNELS_NUMBER 3
#define SRC_IMAGE_SKIGIRL_COCO_128_128_BGR_FORMAT          MPP_PIXEL_RGB

static const uint8_t skigirl_COCO_128_128_bgr_data[] = {
  0xd5, 0xcc, 0xc9, 0xd5, 0xcc, 0xc9, 0xd6, 0xcb, 0xc9, 0xd5, 0xcc, 0xc9,
  0xd4, 0xcb, 0xc8, 0xd5, 0xcb, 0xc9, 0xd4, 0xcb, 0xc8, 0xd4, 0xcb, 0xc7,
  0xd5, 0xcb, 0xc8, 0xd4, 0xcb, 0xc8, 0xd5, 0xcc, 0xc9, 0xd5, 0xcb, 0xc7,
  0xd4, 0xcb, 0xc8, 0xd5, 0xcb, 0xc9, 0xd5, 0xcc, 0xc9, 0xd5, 0xcc, 0xc9,
  0xd4, 0xcc, 0xc9, 0xd4, 0xcc, 0xc9, 0xd5, 0xcc, 0xc9, 0xd5, 0xcc, 0xc9,
  0xd5, 0xcc, 0xc9, 0xd4, 0xcd, 0xca, 0xd3, 0xcc, 0xc9, 0xd5, 0xcc, 0xc9,
  0xd4, 0xcb, 0xc8, 0xd4, 0xcb, 0xc8, 0xd4, 0xcb, 0xc8, 0xd5, 0xcc, 0xc9,
  0xd6, 0xce, 0xcb, 0xd9, 0xd4, 0xd1, 0xe3, 0xe2, 0xde, 0xeb, 0xeb, 0xea,
  0xef, 0xef, 0xf0, 0xee, 0xee, 0xee, 0xee, 0xec, 0xec, 0xed, 0xec, 0xec,
  0xee, 0xed, 0xec, 0xee, 0xed, 0xed, 0xef, 0xed, 0xed, 0xef, 0xed, 0xed,
  0xef, 0xed, 0xed, 0xef, 0xed, 0xed, 0xee, 0xed, 0xed, 0xec, 0xec, 0xec,
  0xee, 0xed, 0xed, 0xef, 0xed, 0xed, 0xee, 0xec, 0xec, 0xee, 0xec, 0xec,
  0xee, 0xec, 0xec, 0xee, 0xec, 0xec, 0xee, 0xec, 0xec, 0xee, 0xec, 0xec,
  0xee, 0xec, 0xec, 0xee, 0xec, 0xec, 0xed, 0xec, 0xec, 0xed, 0xeb, 0xeb,
  0xed, 0xeb, 0xeb, 0xeb, 0xeb, 0xeb, 0xec, 0xeb, 0xeb, 0xec, 0xea, 0xea,
  0xec, 0xea, 0xea, 0xec, 0xea, 0xea, 0xec, 0xea, 0xea, 0xed, 0xeb, 0xeb,
  0xec, 0xea, 0xea, 0xec, 0xea, 0xea, 0xec, 0xea, 0xea, 0xec, 0xea, 0xea,
  0xec, 0xea, 0xea, 0xec, 0xea, 0xea, 0xec, 0xea, 0xea, 0xec, 0xea, 0xea,
  0xeb, 0xe9, 0xe9, 0xeb, 0xe9, 0xe9, 0xeb, 0xe9, 0xe9, 0xeb, 0xe9, 0xe9,
  0xeb, 0xe9, 0xe9, 0xea, 0xe8, 0xe8, 0xeb, 0xe9, 0xe9, 0xeb, 0xe9, 0xe9,
  0xeb, 0xe9, 0xe9, 0xea, 0xe8, 0xe8, 0xea, 0xe8, 0xe8, 0xe9, 0xe9, 0xe8,
  0xea, 0xe8, 0xe9, 0xeb, 0xe8, 0xe9, 0xea, 0xe8, 0xe8, 0xea, 0xe8, 0xe8,
  0xea, 0xe8, 0xe8, 0xeb, 0xe9, 0xe9, 0xea, 0xe8, 0xe8, 0xea, 0xe8, 0xe8,
  0xea, 0xe8, 0xe8, 0xea, 0xe8, 0xe8, 0xea, 0xe8, 0xe8, 0xe9, 0xe7, 0xe7,
  0xe9, 0xe7, 0xe7, 0xe9, 0xe7, 0xe7, 0xe9, 0xe7, 0xe7, 0xe9, 0xe7, 0xe7,
  0xe9, 0xe7, 0xe7, 0xe8, 0xe7, 0xe7, 0xe8, 0xe6, 0xe6, 0xe8, 0xe6, 0xe6,
  0xe8, 0xe6, 0xe6, 0xe8, 0xe6, 0xe6, 0xe7, 0xe5, 0xe5, 0xe7, 0xe5, 0xe5,
  0xe7, 0xe5, 0xe5, 0xe6, 0xe4, 0xe4, 0xe6, 0xe4, 0xe4, 0xe6, 0xe4, 0xe4,
  0xe6, 0xe4, 0xe4, 0xe6, 0xe4, 0xe4, 0xe6, 0xe4, 0xe4, 0xe5, 0xe3, 0xe3,
  0xe5, 0xe3, 0xe3, 0xe6, 0xe3, 0xe3, 0xe4, 0xe3, 0xe3, 0xe4, 0xe2, 0xe2,
  0xe4, 0xe2, 0xe2, 0xe4, 0xe2, 0xe2, 0xe4, 0xe2, 0xe2, 0xe3, 0xe1, 0xe1,
  0xe4, 0xe2, 0xe2, 0xe4, 0xe2, 0xe2, 0xe3, 0xe1, 0xe1, 0xe3, 0xe1, 0xe1,
  0xd5, 0xcc, 0xc9, 0xd5, 0xcc, 0xc9, 0xd3, 0xcc, 0xc9, 0xd6, 0xcd, 0xca,
  0xd5, 0xcd, 0xca, 0xd3, 0xcc, 0xc9, 0xd5, 0xcc, 0xc9, 0xd5, 0xcc, 0xc9,
  0xd5, 0xcc, 0xc9, 0xd4, 0xcb, 0xc8, 0xd4, 0xcb, 0xc8, 0xd4, 0xcb, 0xc8,
  0xd3, 0xca, 0xc7, 0xd4, 0xcb, 0xc8, 0xd4, 0xcb, 0xc8, 0xd5, 0xcc, 0xc8,
  0xd5, 0xcc, 0xc9, 0xd5, 0xcc, 0xc9, 0xd6, 0xcd, 0xca, 0xd4, 0xcc, 0xc8,
  0xd5, 0xcc, 0xc9, 0xd5, 0xcc, 0xc9, 0xd4, 0xcc, 0xc8, 0xd4, 0xcb, 0xc8,
  0xd4, 0xcb, 0xc8, 0xd4, 0xcb, 0xc8, 0xd4, 0xcb, 0xc8, 0xd3, 0xcb, 0xc8,
  0xd4, 0xcb, 0xc8, 0xd4, 0xca, 0xc7, 0xd2, 0xcb, 0xc7, 0xd5, 0xcf, 0xcc,
  0xde, 0xdc, 0xd8, 0xe8, 0xe6, 0xe5, 0xee, 0xee, 0xed, 0xee, 0xef, 0xef,
  0xed, 0xee, 0xee, 0xed, 0xec, 0xec, 0xee, 0xed, 0xec, 0xed, 0xed, 0xed,
  0xef, 0xed, 0xed, 0xef, 0xed, 0xed, 0xee, 0xec, 0xec, 0xec, 0xed, 0xed,
  0xef, 0xed, 0xed, 0xee, 0xec, 0xec, 0xee, 0xec, 0xec, 0xee, 0xec, 0xec,
  0xee, 0xec, 0xec, 0xee, 0xec, 0xec, 0xee, 0xec, 0xec, 0xee, 0xec, 0xec,
  0xed, 0xeb, 0xeb, 0xee, 0xec, 0xec, 0xee, 0xec, 0xec, 0xed, 0xeb, 0xeb,
  0xed, 0xeb, 0xeb, 0xec, 0xeb, 0xeb, 0xec, 0xea, 0xea, 0xed, 0xeb, 0xeb,
  0xec, 0xea, 0xea, 0xec, 0xea, 0xea, 0xed, 0xeb, 0xeb, 0xed, 0xeb, 0xeb,
  0xed, 0xeb, 0xeb, 0xec, 0xea, 0xea, 0xec, 0xea, 0xea, 0xec, 0xea, 0xea,
  0xec, 0xea, 0xea, 0xec, 0xea, 0xea, 0xec, 0xea, 0xea, 0xec, 0xea, 0xea,
  0xec, 0xea, 0xea, 0xeb, 0xe9, 0xe9, 0xec, 0xea, 0xea, 0xeb, 0xe9, 0xe9,
  0xec, 0xea, 0xea, 0xeb, 0xe9, 0xe9, 0xeb, 0xe9, 0xe9, 0xeb, 0xe9, 0xe9,
  0xeb, 0xe9, 0xe9, 0xeb, 0xe9, 0xe9, 0xea, 0xe9, 0xe9, 0xe8, 0xe8, 0xe9,
  0xea, 0xe8, 0xe8, 0xeb, 0xe8, 0xe8, 0xea, 0xe8, 0xe8, 0xea, 0xe8, 0xe8,
  0xea, 0xe8, 0xe8, 0xea, 0xe8, 0xe8, 0xea, 0xe8, 0xe8, 0xe9, 0xe7, 0xe7,
  0xea, 0xe8, 0xe8, 0xea, 0xe8, 0xe8, 0xe9, 0xe7, 0xe7, 0xe9, 0xe7, 0xe7,
  0xe9, 0xe7, 0xe7, 0xe9, 0xe7, 0xe7, 0xe9, 0xe7, 0xe7, 0xe9, 0xe7, 0xe7,
  0xe9, 0xe7, 0xe7, 0xe9, 0xe6, 0xe6, 0xe8, 0xe6, 0xe6, 0xe8, 0xe6, 0xe6,
  0xe7, 0xe5, 0xe5, 0xe7, 0xe5, 0xe5, 0xe8, 0xe6, 0xe6, 0xe8, 0xe6, 0xe6,
  0xe7, 0xe5, 0xe5, 0xe7, 0xe5, 0xe5, 0xe7, 0xe5, 0xe5, 0xe6, 0xe4, 0xe4,
  0xe6, 0xe4, 0xe4, 0xe6, 0xe4, 0xe4, 0xe6, 0xe4, 0xe4, 0xe6, 0xe4, 0xe4,
  0xe5, 0xe3, 0xe3, 0xe5, 0xe3, 0xe3, 0xe3, 0xe3, 0xe3, 0xe4, 0xe3, 0xe3,
  0xe4, 0xe2, 0xe2, 0xe4, 0xe2, 0xe2, 0xe4, 0xe2, 0xe2, 0xe3, 0xe1, 0xe1,
  0xe3, 0xe1, 0xe1, 0xe4, 0xe2, 0xe2, 0xe3, 0xe1, 0xe1, 0xe3, 0xe1, 0xe1,
  0xd5, 0xcc, 0xc9, 0xd6, 0xcd, 0xca, 0xd5, 0xce, 0xcb, 0xd4, 0xcd, 0xcb,
  0xd7, 0xcd, 0xca, 0xd5, 0xcc, 0xc9, 0xd4, 0xcc, 0xc9, 0xd5, 0xcc, 0xc9,
  0xd5, 0xcd, 0xca, 0xd5, 0xcd, 0xca, 0xd6, 0xcc, 0xc9, 0xd5, 0xcc, 0xc9,
  0xd5, 0xcc, 0xc9, 0xd4, 0xcc, 0xc9, 0xd4, 0xcb, 0xc8, 0xd3, 0xcb, 0xc6,
  0xd4, 0xcb, 0xc8, 0xd4, 0xcb, 0xc8, 0xd5, 0xcc, 0xc9, 0xd5, 0xcc, 0xc9,
  0xd5, 0xcd, 0xca, 0xd5, 0xcc, 0xc9, 0xd4, 0xcb, 0xc8, 0xd5, 0xcb, 0xc8,
  0xd4, 0xcb, 0xc8, 0xd4, 0xcb, 0xc8, 0xd4, 0xcb, 0xc8, 0xd4, 0xcb, 0xc8,
  0xd5, 0xcc, 0xc9, 0xd2, 0xca, 0xc6, 0xd2, 0xcc, 0xc7, 0xd4, 0xcc, 0xc9,
  0xd3, 0xca, 0xc7, 0xd3, 0xcb, 0xc8, 0xd9, 0xd3, 0xd1, 0xe3, 0xdf, 0xdd,
  0xea, 0xea, 0xea, 0xef, 0xef, 0xef, 0xf1, 0xef, 0xef, 0xee, 0xed, 0xed,
  0xed, 0xec, 0xec, 0xed, 0xed, 0xed, 0xef, 0xed, 0xed, 0xee, 0xec, 0xec,
  0xee, 0xec, 0xec, 0xee, 0xec, 0xec, 0xee, 0xec, 0xec, 0xee, 0xec, 0xec,
  0xee, 0xec, 0xec, 0xed, 0xeb, 0xeb, 0xee, 0xec, 0xec, 0xee, 0xec, 0xec,
  0xee, 0xec, 0xec, 0xee, 0xec, 0xec, 0xed, 0xeb, 0xeb, 0xee, 0xec, 0xec,
  0xed, 0xeb, 0xeb, 0xed, 0xeb, 0xeb, 0xec, 0xea, 0xea, 0xed, 0xeb, 0xeb,
  0xed, 0xeb, 0xeb, 0xed, 0xeb, 0xeb, 0xed, 0xeb, 0xeb, 0xed, 0xeb, 0xeb,
  0xed, 0xeb, 0xeb, 0xec, 0xea, 0xea, 0xed, 0xeb, 0xeb, 0xec, 0xea, 0xea,
  0xec, 0xea, 0xea, 0xec, 0xea, 0xea, 0xeb, 0xe9, 0xe9, 0xec, 0xea, 0xea,
  0xec, 0xea, 0xea, 0xec, 0xea, 0xea, 0xec, 0xea, 0xea, 0xec, 0xea, 0xea,
  0xeb, 0xe9, 0xe9, 0xec, 0xea, 0xea, 0xeb, 0xe9, 0xe9, 0xeb, 0xe9, 0xe9,
  0xeb, 0xe9, 0xe9, 0xeb, 0xe9, 0xe9, 0xeb, 0xe9, 0xe9, 0xea, 0xe9, 0xe9,
  0xea, 0xe9, 0xe8, 0xeb, 0xe9, 0xe9, 0xeb, 0xe9, 0xe9, 0xeb, 0xe9, 0xe9,
  0xeb, 0xe9, 0xe9, 0xea, 0xe8, 0xe8, 0xea, 0xe8, 0xe8, 0xea, 0xe8, 0xe8,
  0xea, 0xe8, 0xe8, 0xe9, 0xe7, 0xe7, 0xe9, 0xe7, 0xe7, 0xea, 0xe8, 0xe8,
  0xe9, 0xe7, 0xe7, 0xe9, 0xe7, 0xe7, 0xe9, 0xe7, 0xe7, 0xe9, 0xe7, 0xe7,
  0xe8, 0xe6, 0xe6, 0xe9, 0xe7, 0xe7, 0xe8, 0xe6, 0xe6, 0xe8, 0xe6, 0xe6,
  0xe7, 0xe5, 0xe5, 0xe8, 0xe6, 0xe6, 0xe8, 0xe6, 0xe6, 0xe7, 0xe5, 0xe5,
  0xe7, 0xe5, 0xe5, 0xe7, 0xe5, 0xe5, 0xe7, 0xe5, 0xe5, 0xe7, 0xe5, 0xe5,
  0xe6, 0xe4, 0xe4, 0xe6, 0xe4, 0xe4, 0xe6, 0xe4, 0xe4, 0xe6, 0xe4, 0xe4,
  0xe6, 0xe4, 0xe4, 0xe5, 0xe3, 0xe3, 0xe5, 0xe3, 0xe3, 0xe5, 0xe3, 0xe3,
  0xe5, 0xe3, 0xe3, 0xe4, 0xe2, 0xe2, 0xe4, 0xe2, 0xe2, 0xe4, 0xe2, 0xe2,
  0xe3, 0xe1, 0xe1, 0xe4, 0xe2, 0xe2, 0xe3, 0xe1, 0xe1, 0xe3, 0xe1, 0xe1,
  0xd6, 0xce, 0xcb, 0xd6, 0xcc, 0xcb, 0xd6, 0xcc, 0xcc, 0xd6, 0xcc, 0xcc,
  0xd5, 0xce, 0xca, 0xd6, 0xcd, 0xca, 0xd5, 0xcd, 0xca, 0xd3, 0xcd, 0xca,
  0xd4, 0xcd, 0xca, 0xd3, 0xcd, 0xc9, 0xd4, 0xcc, 0xc9, 0xd6, 0xcc, 0xc9,
  0xd6, 0xcd, 0xca, 0xd7, 0xcd, 0xca, 0xd6, 0xcd, 0xca, 0xd5, 0xcc, 0xc9,
  0xd5, 0xcc, 0xc9, 0xd5, 0xcc, 0xc9, 0xd5, 0xcc, 0xc9, 0xd3, 0xcc, 0xc9,
  0xd2, 0xcb, 0xc8, 0xd5, 0xcb, 0xc8, 0xd5, 0xcc, 0xc9, 0xd4, 0xcc, 0xc9,
  0xd3, 0xcb, 0xc8, 0xd4, 0xca, 0xc8, 0xd3, 0xcb, 0xc8, 0xd4, 0xcb, 0xc8,
  0xd6, 0xcc, 0xc9, 0xd1, 0xc9, 0xc6, 0xc3, 0xbb, 0xb7, 0xc3, 0xbc, 0xb9,
  0xc8, 0xc2, 0xbe, 0xd1, 0xca, 0xc7, 0xd2, 0xc8, 0xc5, 0xd4, 0xcb, 0xc8,
  0xd7, 0xd0, 0xce, 0xd9, 0xd8, 0xd4, 0xe4, 0xe3, 0xe0, 0xec, 0xed, 0xec,
  0xee, 0xef, 0xef, 0xed, 0xed, 0xed, 0xed, 0xec, 0xec, 0xef, 0xec, 0xec,
  0xee, 0xec, 0xed, 0xef, 0xed, 0xed, 0xef, 0xed, 0xed, 0xef, 0xec, 0xec,
  0xee, 0xec, 0xec, 0xee, 0xec, 0xec, 0xee, 0xec, 0xec, 0xee, 0xec, 0xec,
  0xee, 0xec, 0xec, 0xee, 0xec, 0xec, 0xee, 0xec, 0xec, 0xee, 0xec, 0xec,
  0xee, 0xec, 0xec, 0xed, 0xeb, 0xeb, 0xed, 0xeb, 0xeb, 0xec, 0xea, 0xea,
  0xec, 0xeb, 0xeb, 0xed, 0xeb, 0xeb, 0xec, 0xea, 0xea, 0xed, 0xeb, 0xeb,
  0xec, 0xea, 0xea, 0xed, 0xeb, 0xeb, 0xec, 0xeb, 0xeb, 0xec, 0xea, 0xea,
  0xec, 0xea, 0xea, 0xed, 0xeb, 0xeb, 0xec, 0xea, 0xea, 0xec, 0xea, 0xea,
  0xec, 0xea, 0xea, 0xec, 0xea, 0xea, 0xec, 0xea, 0xea, 0xea, 0xea, 0xea,
  0xea, 0xe9, 0xe9, 0xec, 0xea, 0xea, 0xec, 0xea, 0xea, 0xeb, 0xe9, 0xe9,
  0xeb, 0xe9, 0xe9, 0xeb, 0xe9, 0xe9, 0xeb, 0xe9, 0xe9, 0xeb, 0xe9, 0xe9,
  0xeb, 0xe8, 0xe9, 0xea, 0xe8, 0xe8, 0xeb, 0xe9, 0xe9, 0xeb, 0xe9, 0xe9,
  0xeb, 0xe9, 0xe9, 0xea, 0xe8, 0xe8, 0xea, 0xe8, 0xe8, 0xea, 0xe8, 0xe8,
  0xea, 0xe8, 0xe8, 0xea, 0xe8, 0xe8, 0xea, 0xe8, 0xe8, 0xea, 0xe8, 0xe8,
  0xe9, 0xe7, 0xe7, 0xe9, 0xe7, 0xe7, 0xe9, 0xe7, 0xe7, 0xe9, 0xe7, 0xe7,
  0xe8, 0xe6, 0xe6, 0xe8, 0xe6, 0xe6, 0xe8, 0xe6, 0xe6, 0xe8, 0xe6, 0xe6,
  0xe8, 0xe6, 0xe6, 0xe8, 0xe6, 0xe6, 0xe8, 0xe6, 0xe6, 0xe8, 0xe6, 0xe6,
  0xe7, 0xe5, 0xe5, 0xe7, 0xe5, 0xe5, 0xe7, 0xe5, 0xe5, 0xe7, 0xe5, 0xe5,
  0xe7, 0xe5, 0xe5, 0xe7, 0xe5, 0xe5, 0xe6, 0xe4, 0xe4, 0xe6, 0xe4, 0xe4,
  0xe6, 0xe4, 0xe4, 0xe6, 0xe4, 0xe4, 0xe6, 0xe4, 0xe4, 0xe5, 0xe3, 0xe3,
  0xe5, 0xe3, 0xe3, 0xe5, 0xe3, 0xe3, 0xe4, 0xe2, 0xe2, 0xe4, 0xe2, 0xe2,
  0xe4, 0xe2, 0xe2, 0xe3, 0xe1, 0xe1, 0xe3, 0xe1, 0xe1, 0xe3, 0xe1, 0xe1,
  0xd8, 0xd1, 0xce, 0xd8, 0xd1, 0xce, 0xd7, 0xd0, 0xcf, 0xd7, 0xcf, 0xce,
  0xd7, 0xd0, 0xcd, 0xd6, 0xcf, 0xcc, 0xd5, 0xce, 0xcc, 0xd5, 0xce, 0xcc,
  0xd5, 0xce, 0xcb, 0xd4, 0xcd, 0xca, 0xd4, 0xcd, 0xca, 0xd5, 0xcc, 0xc9,
  0xd3, 0xcb, 0xc8, 0xd3, 0xcc, 0xc9, 0xd3, 0xcd, 0xca, 0xd5, 0xcc, 0xc9,
  0xd5, 0xcc, 0xc9, 0xd5, 0xcc, 0xc9, 0xd5, 0xcc, 0xc9, 0xd4, 0xcd, 0xca,
  0xd5, 0xcb, 0xc9, 0xd4, 0xca, 0xc8, 0xd4, 0xcb, 0xc8, 0xd3, 0xcc, 0xc9,
  0xd3, 0xcd, 0xc9, 0xd5, 0xcc, 0xc9, 0xd5, 0xcb, 0xc8, 0xd4, 0xcb, 0xc8,
  0xd4, 0xcc, 0xc9, 0xd5, 0xcc, 0xc9, 0xd2, 0xc7, 0xc6, 0xc7, 0xbe, 0xbc,
  0xc2, 0xb9, 0xb5, 0xbd, 0xb5, 0xb1, 0xc3, 0xbc, 0xb7, 0xc9, 0xc2, 0xbf,
  0xce, 0xc8, 0xc5, 0xd4, 0xcd, 0xc9, 0xd2, 0xca, 0xc6, 0xd6, 0xd1, 0xcd,
  0xe1, 0xe0, 0xdc, 0xec, 0xec, 0xeb, 0xf0, 0xef, 0xf0, 0xee, 0xec, 0xed,
  0xee, 0xec, 0xec, 0xee, 0xec, 0xec, 0xee, 0xec, 0xec, 0xee, 0xec, 0xec,
  0xee, 0xec, 0xec, 0xee, 0xec, 0xec, 0xee, 0xec, 0xec, 0xee, 0xec, 0xec,
  0xed, 0xec, 0xec, 0xed, 0xeb, 0xeb, 0xed, 0xec, 0xec, 0xed, 0xeb, 0xeb,
  0xee, 0xec, 0xec, 0xed, 0xeb, 0xeb, 0xed, 0xeb, 0xeb, 0xed, 0xeb, 0xeb,
  0xed, 0xeb, 0xeb, 0xed, 0xeb, 0xeb, 0xec, 0xea, 0xea, 0xed, 0xeb, 0xeb,
  0xed, 0xeb, 0xeb, 0xed, 0xeb, 0xeb, 0xed, 0xea, 0xea, 0xed, 0xeb, 0xeb,
  0xed, 0xeb, 0xeb, 0xec, 0xea, 0xea, 0xed, 0xeb, 0xeb, 0xec, 0xea, 0xea,
  0xec, 0xea, 0xea, 0xec, 0xea, 0xea, 0xec, 0xea, 0xea, 0xeb, 0xea, 0xea,
  0xec, 0xea, 0xea, 0xeb, 0xea, 0xea, 0xeb, 0xea, 0xea, 0xec, 0xea, 0xea,
  0xec, 0xea, 0xea, 0xea, 0xe8, 0xe8, 0xea, 0xe8, 0xe8, 0xeb, 0xe9, 0xe9,
  0xeb, 0xe9, 0xe9, 0xea, 0xe8, 0xe8, 0xeb, 0xe9, 0xe9, 0xeb, 0xe9, 0xe9,
  0xeb, 0xe9, 0xe9, 0xeb, 0xe9, 0xe9, 0xea, 0xe8, 0xe8, 0xea, 0xe8, 0xe8,
  0xea, 0xe8, 0xe8, 0xea, 0xe8, 0xe8, 0xe9, 0xe7, 0xe7, 0xea, 0xe8, 0xe8,
  0xe9, 0xe7, 0xe7, 0xe9, 0xe7, 0xe7, 0xe9, 0xe7, 0xe7, 0xe9, 0xe7, 0xe7,
  0xe9, 0xe7, 0xe7, 0xe8, 0xe6, 0xe6, 0xe8, 0xe6, 0xe6, 0xe8, 0xe6, 0xe6,
  0xe8, 0xe6, 0xe6, 0xe8, 0xe6, 0xe6, 0xe8, 0xe6, 0xe6, 0xe8, 0xe6, 0xe6,
  0xe7, 0xe5, 0xe5, 0xe7, 0xe5, 0xe5, 0xe7, 0xe5, 0xe5, 0xe7, 0xe5, 0xe5,
  0xe7, 0xe5, 0xe5, 0xe7, 0xe5, 0xe5, 0xe6, 0xe4, 0xe4, 0xe6, 0xe4, 0xe4,
  0xe6, 0xe4, 0xe4, 0xe6, 0xe4, 0xe4, 0xe6, 0xe4, 0xe4, 0xe5, 0xe3, 0xe3,
  0xe5, 0xe3, 0xe3, 0xe5, 0xe3, 0xe3, 0xe5, 0xe3, 0xe3, 0xe4, 0xe2, 0xe2,
  0xe3, 0xe1, 0xe1, 0xe4, 0xe2, 0xe2, 0xe3, 0xe1, 0xe1, 0xe3, 0xe1, 0xe1,
  0xd8, 0xd0, 0xcf, 0xd8, 0xd1, 0xce, 0xd9, 0xd2, 0xcf, 0xd9, 0xd2, 0xcf,
  0xd9, 0xd2, 0xcf, 0xd7, 0xd1, 0xd1, 0xd8, 0xd1, 0xd1, 0xd9, 0xd1, 0xd1,
  0xd8, 0xd1, 0xd0, 0xd6, 0xd1, 0xcf, 0xd7, 0xd0, 0xce, 0xd6, 0xcf, 0xcc,
  0xd6, 0xcf, 0xcc, 0xd5, 0xce, 0xcc, 0xd5, 0xce, 0xcb, 0xd5, 0xcd, 0xcb,
  0xd6, 0xcc, 0xca, 0xd4, 0xcc, 0xc9, 0xd2, 0xcc, 0xc9, 0xd3, 0xcb, 0xc8,
  0xd5, 0xcb, 0xc8, 0xd5, 0xcc, 0xc9, 0xd3, 0xcc, 0xc9, 0xd5, 0xcb, 0xc9,
  0xd5, 0xcc, 0xc8, 0xd4, 0xcd, 0xc9, 0xd5, 0xcd, 0xca, 0xd4, 0xcc, 0xc9,
  0xd4, 0xcc, 0xc9, 0xd4, 0xcb, 0xc8, 0xd6, 0xcc, 0xc9, 0xd6, 0xcd, 0xca,
  0xd4, 0xca, 0xc8, 0xc7, 0xbd, 0xba, 0xc0, 0xb8, 0xb4, 0xc2, 0xb9, 0xb6,
  0xc3, 0xbb, 0xb7, 0xc6, 0xbf, 0xba, 0xd6, 0xd0, 0xcb, 0xd3, 0xcc, 0xc8,
  0xcf, 0xc9, 0xc5, 0xd4, 0xcf, 0xcb, 0xe0, 0xdf, 0xdb, 0xec, 0xec, 0xea,
  0xee, 0xef, 0xee, 0xed, 0xed, 0xee, 0xee, 0xec, 0xec, 0xed, 0xeb, 0xeb,
  0xee, 0xec, 0xec, 0xed, 0xeb, 0xeb, 0xee, 0xec, 0xec, 0xee, 0xec, 0xec,
  0xed, 0xec, 0xec, 0xec, 0xec, 0xec, 0xed, 0xec, 0xec, 0xed, 0xeb, 0xeb,
  0xee, 0xec, 0xec, 0xed, 0xeb, 0xeb, 0xed, 0xeb, 0xeb, 0xed, 0xeb, 0xeb,
  0xec, 0xeb, 0xeb, 0xec, 0xeb, 0xeb, 0xed, 0xeb, 0xeb, 0xed, 0xeb, 0xeb,
  0xec, 0xeb, 0xeb, 0xeb, 0xeb, 0xeb, 0xec, 0xea, 0xea, 0xec, 0xea, 0xea,
  0xed, 0xeb, 0xeb, 0xed, 0xeb, 0xeb, 0xed, 0xeb, 0xeb, 0xec, 0xeb, 0xeb,
  0xec, 0xea, 0xea, 0xec, 0xea, 0xea, 0xec, 0xea, 0xeb, 0xec, 0xea, 0xea,
  0xec, 0xea, 0xea, 0xeb, 0xea, 0xea, 0xea, 0xea, 0xea, 0xec, 0xea, 0xea,
  0xeb, 0xe9, 0xe9, 0xeb, 0xe9, 0xe9, 0xeb, 0xe9, 0xe9, 0xeb, 0xe9, 0xe9,
  0xeb, 0xe9, 0xe9, 0xeb, 0xe9, 0xe9, 0xeb, 0xe9, 0xe9, 0xeb, 0xe9, 0xe9,
  0xeb, 0xe9, 0xe9, 0xea, 0xe8, 0xe8, 0xea, 0xe8, 0xe8, 0xea, 0xe8, 0xe8,
  0xea, 0xe8, 0xe8, 0xea, 0xe8, 0xe8, 0xea, 0xe8, 0xe8, 0xe9, 0xe7, 0xe7,
  0xe9, 0xe7, 0xe7, 0xe9, 0xe7, 0xe7, 0xe9, 0xe7, 0xe7, 0xe9, 0xe7, 0xe7,
  0xe9, 0xe7, 0xe7, 0xe9, 0xe7, 0xe7, 0xe9, 0xe7, 0xe7, 0xe8, 0xe6, 0xe6,
  0xe8, 0xe6, 0xe6, 0xe8, 0xe6, 0xe6, 0xe8, 0xe6, 0xe6, 0xe8, 0xe6, 0xe6,
  0xe8, 0xe6, 0xe6, 0xe8, 0xe6, 0xe6, 0xe7, 0xe5, 0xe5, 0xe7, 0xe5, 0xe5,
  0xe7, 0xe5, 0xe5, 0xe7, 0xe5, 0xe5, 0xe7, 0xe5, 0xe5, 0xe7, 0xe5, 0xe5,
  0xe6, 0xe4, 0xe4, 0xe6, 0xe4, 0xe4, 0xe5, 0xe3, 0xe3, 0xe5, 0xe3, 0xe3,
  0xe5, 0xe3, 0xe3, 0xe5, 0xe3, 0xe3, 0xe5, 0xe3, 0xe3, 0xe5, 0xe3, 0xe3,
  0xe4, 0xe2, 0xe2, 0xe4, 0xe2, 0xe2, 0xe4, 0xe2, 0xe2, 0xe4, 0xe2, 0xe2,
  0xd7, 0xcf, 0xcf, 0xd7, 0xcf, 0xcf, 0xd7, 0xd0, 0xcf, 0xd7, 0xd0, 0xce,
  0xd7, 0xd0, 0xce, 0xd7, 0xd0, 0xce, 0xd7, 0xd0, 0xcf, 0xd8, 0xd1, 0xce,
  0xd9, 0xd2, 0xcf, 0xd7, 0xd3, 0xd2, 0xd7, 0xd2, 0xd0, 0xd9, 0xd1, 0xce,
  0xd9, 0xd1, 0xd0, 0xd8, 0xd0, 0xd0, 0xd7, 0xd0, 0xce, 0xd6, 0xcf, 0xcf,
  0xd7, 0xcf, 0xcf, 0xd6, 0xcf, 0xcc, 0xd5, 0xce, 0xcb, 0xd5, 0xce, 0xca,
  0xd5, 0xcd, 0xca, 0xd6, 0xcd, 0xca, 0xd4, 0xcd, 0xca, 0xd4, 0xcd, 0xca,
  0xd5, 0xcd, 0xca, 0xd5, 0xcd, 0xca, 0xd5, 0xce, 0xcb, 0xd5, 0xce, 0xcb,
  0xd5, 0xce, 0xcb, 0xd4, 0xcd, 0xca, 0xd3, 0xcc, 0xc9, 0xd3, 0xcc, 0xc9,
  0xd4, 0xcb, 0xc8, 0xd1, 0xc8, 0xc5, 0xc9, 0xbf, 0xbb, 0xbf, 0xb5, 0xb1,
  0xc7, 0xbe, 0xbb, 0xbe, 0xb4, 0xb1, 0xbe, 0xb9, 0xb2, 0xd3, 0xce, 0xc8,
  0xd1, 0xca, 0xc7, 0xcf, 0xc8, 0xc4, 0xd1, 0xc9, 0xc5, 0xd2, 0xcd, 0xc9,
  0xdb, 0xd9, 0xd6, 0xe8, 0xe7, 0xe4, 0xee, 0xee, 0xed, 0xf0, 0xee, 0xee,
  0xee, 0xec, 0xec, 0xee, 0xeb, 0xeb, 0xee, 0xec, 0xec, 0xee, 0xec, 0xec,
  0xee, 0xec, 0xec, 0xed, 0xeb, 0xeb, 0xee, 0xec, 0xec, 0xed, 0xeb, 0xeb,
  0xee, 0xec, 0xec, 0xed, 0xeb, 0xeb, 0xee, 0xeb, 0xeb, 0xec, 0xeb, 0xeb,
  0xec, 0xeb, 0xeb, 0xec, 0xeb, 0xeb, 0xec, 0xeb, 0xeb, 0xec, 0xeb, 0xeb,
  0xec, 0xeb, 0xeb, 0xeb, 0xeb, 0xeb, 0xec, 0xeb, 0xeb, 0xed, 0xeb, 0xeb,
  0xec, 0xea, 0xea, 0xec, 0xeb, 0xeb, 0xec, 0xeb, 0xeb, 0xeb, 0xea, 0xea,
  0xed, 0xeb, 0xeb, 0xed, 0xeb, 0xeb, 0xec, 0xea, 0xea, 0xec, 0xea, 0xea,
  0xeb, 0xe9, 0xe9, 0xec, 0xea, 0xea, 0xec, 0xea, 0xea, 0xec, 0xea, 0xea,
  0xec, 0xea, 0xea, 0xeb, 0xe9, 0xe9, 0xeb, 0xe9, 0xe9, 0xeb, 0xe9, 0xe9,
  0xeb, 0xe9, 0xe9, 0xeb, 0xe9, 0xe9, 0xea, 0xe8, 0xe8, 0xea, 0xe9, 0xe9,
  0xea, 0xe9, 0xe9, 0xea, 0xe8, 0xe8, 0xea, 0xe8, 0xe8, 0xea, 0xe8, 0xe8,
  0xea, 0xe8, 0xe8, 0xea, 0xe8, 0xe8, 0xea, 0xe8, 0xe8, 0xe9, 0xe7, 0xe7,
  0xea, 0xe8, 0xe8, 0xe9, 0xe7, 0xe7, 0xe9, 0xe7, 0xe7, 0xe9, 0xe7, 0xe7,
  0xe9, 0xe7, 0xe7, 0xe8, 0xe6, 0xe6, 0xe9, 0xe7, 0xe7, 0xe8, 0xe6, 0xe6,
  0xe8, 0xe6, 0xe6, 0xe8, 0xe6, 0xe6, 0xe8, 0xe6, 0xe6, 0xe8, 0xe6, 0xe6,
  0xe8, 0xe6, 0xe6, 0xe7, 0xe5, 0xe5, 0xe8, 0xe6, 0xe6, 0xe7, 0xe5, 0xe5,
  0xe7, 0xe5, 0xe5, 0xe7, 0xe5, 0xe5, 0xe7, 0xe5, 0xe5, 0xe6, 0xe4, 0xe4,
  0xe7, 0xe5, 0xe5, 0xe6, 0xe4, 0xe4, 0xe6, 0xe4, 0xe4, 0xe6, 0xe4, 0xe4,
  0xe5, 0xe3, 0xe3, 0xe5, 0xe3, 0xe3, 0xe5, 0xe3, 0xe3, 0xe5, 0xe3, 0xe3,
  0xe5, 0xe2, 0xe2, 0xe3, 0xe2, 0xe1, 0xe3, 0xe1, 0xe2, 0xe4, 0xe2, 0xe2,
  0xd7, 0xcf, 0xcf, 0xd7, 0xcf, 0xcf, 0xd7, 0xd0, 0xcf, 0xd7, 0xd0, 0xcd,
  0xd7, 0xd0, 0xce, 0xd7, 0xcf, 0xcd, 0xd8, 0xd1, 0xce, 0xd8, 0xd1, 0xd0,
  0xd8, 0xd0, 0xd0, 0xd7, 0xcf, 0xcf, 0xd7, 0xd0, 0xce, 0xd8, 0xd1, 0xcd,
  0xd7, 0xcf, 0xcf, 0xd8, 0xd1, 0xcf, 0xd8, 0xd2, 0xd0, 0xd6, 0xd1, 0xd1,
  0xd7, 0xd2, 0xd0, 0xd9, 0xd2, 0xcf, 0xd8, 0xd0, 0xd0, 0xd6, 0xd0, 0xcf,
  0xd8, 0xd0, 0xcd, 0xd6, 0xcf, 0xcc, 0xd6, 0xce, 0xcb, 0xd4, 0xce, 0xca,
  0xd4, 0xcd, 0xca, 0xd5, 0xce, 0xcb, 0xd4, 0xcd, 0xca, 0xd5, 0xcd, 0xca,
  0xd5, 0xce, 0xca, 0xd4, 0xcd, 0xca, 0xd3, 0xcc, 0xc9, 0xd4, 0xcd, 0xca,
  0xd4, 0xcd, 0xca, 0xd3, 0xcc, 0xc9, 0xd4, 0xcc, 0xc9, 0xd1, 0xc8, 0xc5,
  0xd0, 0xc8, 0xc5, 0xcd, 0xc4, 0xc0, 0xb8, 0xaf, 0xae, 0xb5, 0xaf, 0xab,
  0xc9, 0xc4, 0xbd, 0xc8, 0xbf, 0xbb, 0xc9, 0xc1, 0xbd, 0xc5, 0xbd, 0xb9,
  0xc0, 0xbb, 0xb6, 0xcb, 0xc6, 0xc2, 0xd7, 0xd4, 0xd1, 0xe4, 0xe3, 0xe0,
  0xec, 0xed, 0xec, 0xef, 0xef, 0xef, 0xed, 0xeb, 0xec, 0xee, 0xeb, 0xeb,
  0xee, 0xec, 0xec, 0xec, 0xeb, 0xeb, 0xed, 0xeb, 0xeb, 0xee, 0xec, 0xec,
  0xed, 0xec, 0xec, 0xec, 0xeb, 0xeb, 0xed, 0xec, 0xec, 0xec, 0xec, 0xec,
  0xec, 0xeb, 0xeb, 0xeb, 0xeb, 0xeb, 0xea, 0xeb, 0xeb, 0xeb, 0xeb, 0xeb,
  0xed, 0xeb, 0xeb, 0xec, 0xeb, 0xeb, 0xec, 0xeb, 0xeb, 0xed, 0xeb, 0xeb,
  0xeb, 0xea, 0xea, 0xec, 0xeb, 0xeb, 0xeb, 0xeb, 0xeb, 0xea, 0xeb, 0xeb,
  0xec, 0xea, 0xeb, 0xec, 0xea, 0xea, 0xec, 0xea, 0xea, 0xed, 0xeb, 0xeb,
  0xec, 0xea, 0xea, 0xec, 0xea, 0xea, 0xec, 0xea, 0xea, 0xeb, 0xe9, 0xe9,
  0xec, 0xea, 0xea, 0xeb, 0xe9, 0xe9, 0xeb, 0xe9, 0xe9, 0xeb, 0xe9, 0xe9,
  0xea, 0xe9, 0xe9, 0xea, 0xe9, 0xe9, 0xeb, 0xe9, 0xe9, 0xea, 0xe9, 0xe9,
  0xea, 0xe8, 0xe8, 0xeb, 0xe9, 0xe9, 0xea, 0xe8, 0xe8, 0xea, 0xe8, 0xe8,
  0xea, 0xe8, 0xe8, 0xea, 0xe8, 0xe8, 0xea, 0xe8, 0xe8, 0xea, 0xe8, 0xe8,
  0xea, 0xe8, 0xe8, 0xea, 0xe8, 0xe8, 0xe9, 0xe7, 0xe7, 0xe9, 0xe7, 0xe7,
  0xe8, 0xe6, 0xe6, 0xe9, 0xe7, 0xe7, 0xe9, 0xe7, 0xe7, 0xe8, 0xe6, 0xe6,
  0xe8, 0xe6, 0xe6, 0xe8, 0xe6, 0xe6, 0xe8, 0xe6, 0xe6, 0xe8, 0xe6, 0xe6,
  0xe7, 0xe5, 0xe5, 0xe7, 0xe5, 0xe5, 0xe7, 0xe5, 0xe5, 0xe7, 0xe5, 0xe5,
  0xe7, 0xe5, 0xe5, 0xe7, 0xe5, 0xe5, 0xe7, 0xe5, 0xe5, 0xe6, 0xe4, 0xe4,
  0xe7, 0xe5, 0xe5, 0xe6, 0xe4, 0xe4, 0xe6, 0xe4, 0xe4, 0xe6, 0xe4, 0xe4,
  0xe5, 0xe3, 0xe3, 0xe6, 0xe4, 0xe4, 0xe5, 0xe3, 0xe3, 0xe4, 0xe2, 0xe2,
  0xe4, 0xe2, 0xe2, 0xe3, 0xe1, 0xe2, 0xe6, 0xe4, 0xe2, 0xe6, 0xe3, 0xe3,
  0xd9, 0xd2, 0xd1, 0xd8, 0xd2, 0xd0, 0xd8, 0xd1, 0xce, 0xd8, 0xd1, 0xce,
  0xd8, 0xd1, 0xce, 0xd8, 0xd2, 0xcf, 0xd8, 0xd2, 0xd0, 0xd9, 0xd1, 0xd1,
  0xd9, 0xd3, 0xd2, 0xda, 0xd2, 0xd3, 0xda, 0xd2, 0xd1, 0xda, 0xd3, 0xd0,
  0xd8, 0xd0, 0xcf, 0xd7, 0xd0, 0xcf, 0xd7, 0xd0, 0xcf, 0xd6, 0xd0, 0xcf,
  0xd8, 0xd1, 0xcf, 0xd8, 0xd1, 0xcf, 0xd9, 0xd1, 0xd1, 0xd9, 0xd2, 0xd2,
  0xd8, 0xd2, 0xd0, 0xda, 0xd2, 0xcf, 0xd9, 0xd2, 0xcf, 0xd8, 0xd0, 0xce,
  0xd8, 0xd0, 0xcf, 0xd7, 0xd0, 0xcf, 0xd5, 0xcf, 0xcc, 0xd6, 0xce, 0xcb,
  0xd6, 0xcd, 0xcb, 0xd4, 0xcd, 0xca, 0xd3, 0xcc, 0xc9, 0xd2, 0xcb, 0xc8,
  0xd2, 0xcb, 0xc8, 0xd3, 0xcc, 0xc8, 0xd2, 0xcc, 0xc8, 0xd5, 0xcc, 0xc9,
  0xd2, 0xcb, 0xc8, 0xd1, 0xca, 0xc7, 0xd6, 0xcc, 0xca, 0xca, 0xc0, 0xc0,
  0xc6, 0xbc, 0xb9, 0xd3, 0xca, 0xc7, 0xcd, 0xc5, 0xc3, 0xc6, 0xbc, 0xbb,
  0xc2, 0xba, 0xb4, 0xc4, 0xbc, 0xb8, 0xbc, 0xb6, 0xb2, 0xc2, 0xbc, 0xb7,
  0xd1, 0xcd, 0xca, 0xe0, 0xe0, 0xdd, 0xef, 0xee, 0xee, 0xef, 0xee, 0xee,
  0xec, 0xeb, 0xeb, 0xeb, 0xec, 0xec, 0xec, 0xec, 0xec, 0xed, 0xec, 0xec,
  0xee, 0xec, 0xec, 0xee, 0xec, 0xec, 0xed, 0xec, 0xec, 0xec, 0xeb, 0xeb,
  0xee, 0xeb, 0xeb, 0xed, 0xeb, 0xeb, 0xec, 0xeb, 0xeb, 0xec, 0xeb, 0xeb,
  0xec, 0xeb, 0xeb, 0xeb, 0xeb, 0xeb, 0xec, 0xeb, 0xeb, 0xed, 0xeb, 0xeb,
  0xeb, 0xeb, 0xeb, 0xed, 0xeb, 0xeb, 0xed, 0xeb, 0xeb, 0xec, 0xeb, 0xeb,
  0xea, 0xeb, 0xea, 0xeb, 0xeb, 0xeb, 0xed, 0xeb, 0xeb, 0xec, 0xea, 0xea,
  0xec, 0xea, 0xea, 0xec, 0xea, 0xea, 0xec, 0xea, 0xea, 0xec, 0xea, 0xea,
  0xec, 0xea, 0xea, 0xec, 0xea, 0xea, 0xeb, 0xe9, 0xe9, 0xeb, 0xe9, 0xe9,
  0xe9, 0xe9, 0xe9, 0xea, 0xe9, 0xe9, 0xeb, 0xe9, 0xe9, 0xeb, 0xe9, 0xe9,
  0xea, 0xe8, 0xe8, 0xeb, 0xe9, 0xe9, 0xeb, 0xe9, 0xe9, 0xea, 0xe8, 0xe8,
  0xea, 0xe8, 0xe8, 0xe9, 0xe7, 0xe7, 0xea, 0xe8, 0xe8, 0xea, 0xe8, 0xe8,
  0xe9, 0xe7, 0xe7, 0xe9, 0xe7, 0xe7, 0xe9, 0xe7, 0xe7, 0xe9, 0xe7, 0xe7,
  0xe8, 0xe6, 0xe6, 0xe9, 0xe7, 0xe7, 0xe9, 0xe7, 0xe7, 0xe9, 0xe7, 0xe7,
  0xe8, 0xe6, 0xe6, 0xe8, 0xe6, 0xe6, 0xe9, 0xe7, 0xe7, 0xe8, 0xe6, 0xe6,
  0xe7, 0xe5, 0xe5, 0xe8, 0xe6, 0xe6, 0xe8, 0xe6, 0xe6, 0xe8, 0xe6, 0xe6,
  0xe8, 0xe6, 0xe6, 0xe7, 0xe5, 0xe5, 0xe7, 0xe5, 0xe5, 0xe7, 0xe5, 0xe5,
  0xe7, 0xe5, 0xe5, 0xe6, 0xe4, 0xe4, 0xe6, 0xe4, 0xe4, 0xe6, 0xe4, 0xe4,
  0xe5, 0xe3, 0xe3, 0xe6, 0xe4, 0xe4, 0xe5, 0xe3, 0xe3, 0xe5, 0xe3, 0xe2,
  0xe4, 0xe1, 0xe2, 0xe7, 0xe4, 0xe3, 0xd4, 0xd6, 0xdd, 0xdb, 0xdd, 0xde,
  0xd8, 0xd2, 0xcf, 0xd9, 0xd3, 0xd0, 0xdb, 0xd3, 0xd1, 0xd9, 0xd0, 0xd0,
  0xd7, 0xd0, 0xcd, 0xd6, 0xd1, 0xcd, 0xd7, 0xd2, 0xcf, 0xd9, 0xd2, 0xd0,
  0xd8, 0xd2, 0xd0, 0xd8, 0xd1, 0xcf, 0xd9, 0xd2, 0xcf, 0xd8, 0xd1, 0xce,
  0xd8, 0xd0, 0xce, 0xd8, 0xcf, 0xcf, 0xd8, 0xcf, 0xd0, 0xd8, 0xd1, 0xce,
  0xd7, 0xd1, 0xcd, 0xd7, 0xd1, 0xce, 0xd8, 0xd1, 0xce, 0xd8, 0xd1, 0xd0,
  0xd7, 0xd2, 0xd0, 0xd8, 0xd2, 0xce, 0xd9, 0xd2, 0xcf, 0xd8, 0xd1, 0xcf,
  0xd8, 0xd2, 0xd0, 0xd7, 0xd3, 0xd2, 0xd8, 0xd3, 0xd1, 0xda, 0xd2, 0xd0,
  0xd8, 0xd2, 0xd0, 0xd9, 0xd1, 0xce, 0xd8, 0xd1, 0xcd, 0xd7, 0xd0, 0xcd,
  0xd6, 0xcf, 0xcc, 0xd4, 0xce, 0xcc, 0xd4, 0xcd, 0xca, 0xd5, 0xcc, 0xc9,
  0xd3, 0xcb, 0xc8, 0xd2, 0xcb, 0xc9, 0xd2, 0xc9, 0xc7, 0xd3, 0xcb, 0xc7,
  0xd1, 0xc9, 0xc6, 0xcf, 0xc7, 0xc4, 0xd2, 0xcb, 0xc8, 0xcf, 0xc6, 0xc4,
  0xbd, 0xb6, 0xb3, 0xc1, 0xba, 0xb5, 0xc9, 0xc1, 0xbc, 0xbf, 0xb6, 0xb1,
  0xba, 0xb2, 0xaf, 0xbd, 0xb8, 0xb5, 0xcf, 0xcc, 0xc7, 0xe4, 0xe4, 0xdf,
  0xef, 0xf0, 0xf0, 0xed, 0xec, 0xed, 0xec, 0xec, 0xec, 0xed, 0xed, 0xed,
  0xec, 0xed, 0xed, 0xed, 0xec, 0xec, 0xec, 0xec, 0xec, 0xec, 0xec, 0xec,
  0xed, 0xeb, 0xeb, 0xed, 0xeb, 0xec, 0xed, 0xec, 0xec, 0xec, 0xec, 0xec,
  0xeb, 0xeb, 0xeb, 0xeb, 0xeb, 0xeb, 0xec, 0xeb, 0xeb, 0xed, 0xec, 0xec,
  0xec, 0xeb, 0xeb, 0xec, 0xeb, 0xeb, 0xec, 0xeb, 0xeb, 0xeb, 0xeb, 0xeb,
  0xec, 0xeb, 0xeb, 0xee, 0xeb, 0xeb, 0xed, 0xeb, 0xeb, 0xec, 0xea, 0xea,
  0xec, 0xea, 0xea, 0xec, 0xea, 0xea, 0xec, 0xea, 0xea, 0xeb, 0xea, 0xea,
  0xec, 0xea, 0xea, 0xeb, 0xe9, 0xe9, 0xeb, 0xe9, 0xe9, 0xeb, 0xe9, 0xe9,
  0xeb, 0xe9, 0xe9, 0xeb, 0xe9, 0xe9, 0xeb, 0xe9, 0xe9, 0xeb, 0xe9, 0xe9,
  0xeb, 0xe9, 0xe9, 0xea, 0xe8, 0xe8, 0xea, 0xe9, 0xe9, 0xe9, 0xe9, 0xe9,
  0xea, 0xe8, 0xe8, 0xea, 0xe8, 0xe8, 0xea, 0xe8, 0xe8, 0xea, 0xe8, 0xe8,
  0xea, 0xe8, 0xe8, 0xea, 0xe8, 0xe8, 0xe9, 0xe7, 0xe7, 0xe9, 0xe7, 0xe7,
  0xe9, 0xe7, 0xe7, 0xe9, 0xe7, 0xe7, 0xe9, 0xe7, 0xe7, 0xe9, 0xe7, 0xe7,
  0xe9, 0xe7, 0xe7, 0xe8, 0xe6, 0xe6, 0xe8, 0xe6, 0xe6, 0xe8, 0xe6, 0xe6,
  0xe8, 0xe6, 0xe6, 0xe7, 0xe5, 0xe5, 0xe7, 0xe5, 0xe5, 0xe8, 0xe6, 0xe6,
  0xe8, 0xe6, 0xe6, 0xe8, 0xe5, 0xe5, 0xe7, 0xe5, 0xe5, 0xe7, 0xe5, 0xe5,
  0xe7, 0xe5, 0xe5, 0xe7, 0xe5, 0xe5, 0xe6, 0xe4, 0xe4, 0xe5, 0xe3, 0xe3,
  0xe6, 0xe4, 0xe4, 0xe6, 0xe4, 0xe4, 0xe6, 0xe4, 0xe4, 0xe5, 0xe3, 0xe3,
  0xe3, 0xe1, 0xe3, 0xf1, 0xec, 0xe5, 0xa6, 0xaa, 0xd7, 0xbc, 0xc7, 0xd9,
  0xd8, 0xd1, 0xce, 0xd9, 0xd2, 0xce, 0xd9, 0xd1, 0xcf, 0xd8, 0xd1, 0xce,
  0xd8, 0xd1, 0xce, 0xd7, 0xd0, 0xce, 0xd8, 0xd1, 0xce, 0xd8, 0xd1, 0xcf,
  0xd8, 0xd0, 0xd0, 0xd8, 0xd1, 0xcd, 0xd8, 0xd1, 0xce, 0xd8, 0xd1, 0xcd,
  0xd7, 0xcf, 0xce, 0xd7, 0xd0, 0xd0, 0xd8, 0xd1, 0xd0, 0xd8, 0xd2, 0xd0,
  0xd8, 0xd3, 0xd0, 0xd8, 0xd3, 0xd0, 0xd8, 0xd2, 0xd0, 0xd9, 0xd1, 0xd0,
  0xd9, 0xd1, 0xd1, 0xd7, 0xd2, 0xd0, 0xd7, 0xd2, 0xcf, 0xd8, 0xd2, 0xcf,
  0xd8, 0xd2, 0xcf, 0xd7, 0xd2, 0xcf, 0xd8, 0xd3, 0xd2, 0xd9, 0xd3, 0xd2,
  0xd9, 0xd3, 0xd2, 0xd9, 0xd3, 0xd1, 0xd9, 0xd3, 0xd0, 0xda, 0xd3, 0xd0,
  0xda, 0xd3, 0xd0, 0xd7, 0xd3, 0xd0, 0xd7, 0xd1, 0xcf, 0xd8, 0xd0, 0xcf,
  0xd7, 0xd0, 0xcd, 0xd6, 0xd0, 0xcd, 0xd6, 0xcf, 0xcc, 0xd4, 0xcd, 0xca,
  0xd2, 0xcb, 0xc8, 0xd1, 0xc9, 0xc7, 0xcf, 0xc7, 0xc4, 0xcf, 0xc6, 0xc2,
  0xc5, 0xbd, 0xbc, 0xac, 0xa4, 0x9e, 0xb5, 0xae, 0xa8, 0xc7, 0xc2, 0xbc,
  0xca, 0xc2, 0xbe, 0xbc, 0xb6, 0xb0, 0xb4, 0xae, 0xb2, 0xb4, 0xb1, 0xb5,
  0xd5, 0xd3, 0xcd, 0xea, 0xec, 0xea, 0xef, 0xf0, 0xf0, 0xed, 0xed, 0xed,
  0xeb, 0xeb, 0xeb, 0xed, 0xec, 0xec, 0xec, 0xec, 0xec, 0xec, 0xec, 0xec,
  0xed, 0xeb, 0xeb, 0xeb, 0xec, 0xec, 0xec, 0xec, 0xec, 0xeb, 0xeb, 0xeb,
  0xeb, 0xeb, 0xeb, 0xec, 0xeb, 0xeb, 0xed, 0xec, 0xec, 0xec, 0xec, 0xec,
  0xeb, 0xeb, 0xeb, 0xeb, 0xeb, 0xeb, 0xed, 0xeb, 0xeb, 0xed, 0xeb, 0xeb,
  0xed, 0xeb, 0xeb, 0xeb, 0xea, 0xea, 0xed, 0xeb, 0xeb, 0xec, 0xea, 0xea,
  0xec, 0xea, 0xea, 0xec, 0xea, 0xea, 0xec, 0xea, 0xea, 0xec, 0xea, 0xea,
  0xec, 0xea, 0xea, 0xeb, 0xe9, 0xe9, 0xe9, 0xe9, 0xe9, 0xe9, 0xe9, 0xe9,
  0xeb, 0xea, 0xea, 0xec, 0xe9, 0xe9, 0xeb, 0xe9, 0xe9, 0xeb, 0xe9, 0xe9,
  0xea, 0xe9, 0xe9, 0xe9, 0xe9, 0xe9, 0xeb, 0xe8, 0xe8, 0xeb, 0xe9, 0xe9,
  0xeb, 0xe8, 0xe8, 0xea, 0xe8, 0xe8, 0xea, 0xe8, 0xe8, 0xea, 0xe8, 0xe8,
  0xe9, 0xe7, 0xe7, 0xe9, 0xe7, 0xe7, 0xe9, 0xe7, 0xe7, 0xe9, 0xe8, 0xe8,
  0xe9, 0xe7, 0xe7, 0xe9, 0xe7, 0xe7, 0xe9, 0xe7, 0xe7, 0xe8, 0xe6, 0xe6,
  0xe9, 0xe7, 0xe7, 0xe8, 0xe6, 0xe6, 0xe8, 0xe6, 0xe6, 0xe8, 0xe6, 0xe6,
  0xe8, 0xe6, 0xe6, 0xe8, 0xe6, 0xe6, 0xe7, 0xe5, 0xe5, 0xe8, 0xe6, 0xe6,
  0xe8, 0xe6, 0xe6, 0xe8, 0xe6, 0xe6, 0xe7, 0xe5, 0xe5, 0xe7, 0xe5, 0xe5,
  0xe7, 0xe5, 0xe5, 0xe7, 0xe5, 0xe5, 0xe6, 0xe4, 0xe4, 0xe6, 0xe4, 0xe4,
  0xe5, 0xe3, 0xe3, 0xe6, 0xe4, 0xe4, 0xe5, 0xe3, 0xe3, 0xe5, 0xe3, 0xe3,
  0xe3, 0xe2, 0xe3, 0xf0, 0xeb, 0xe6, 0xaf, 0xaf, 0xdb, 0xb7, 0xc2, 0xd9,
  0xd9, 0xd1, 0xd1, 0xd8, 0xd1, 0xd0, 0xd8, 0xd2, 0xd0, 0xd8, 0xd2, 0xd0,
  0xd8, 0xd2, 0xcf, 0xda, 0xd2, 0xd1, 0xd9, 0xd2, 0xcf, 0xd9, 0xd2, 0xcf,
  0xd8, 0xd1, 0xcf, 0xd8, 0xd2, 0xcf, 0xd9, 0xd1, 0xd0, 0xd8, 0xd2, 0xcf,
  0xd7, 0xd1, 0xce, 0xd8, 0xd1, 0xd0, 0xd9, 0xd2, 0xcf, 0xd7, 0xd1, 0xce,
  0xd7, 0xd1, 0xce, 0xd6, 0xd1, 0xcf, 0xd6, 0xd1, 0xd1, 0xd7, 0xd1, 0xce,
  0xd9, 0xd2, 0xd0, 0xd8, 0xd3, 0xd2, 0xd7, 0xd2, 0xd1, 0xd7, 0xd1, 0xcf,
  0xd6, 0xd1, 0xd0, 0xd7, 0xd1, 0xce, 0xd7, 0xd1, 0xce, 0xd7, 0xd0, 0xcf,
  0xd9, 0xd1, 0xcf, 0xd8, 0xd1, 0xce, 0xd8, 0xd1, 0xce, 0xd8, 0xd0, 0xd0,
  0xd8, 0xd1, 0xcf, 0xd8, 0xd1, 0xcf, 0xd8, 0xd2, 0xcf, 0xd9, 0xd2, 0xcf,
  0xd9, 0xd2, 0xd0, 0xd9, 0xd2, 0xcf, 0xd8, 0xd1, 0xce, 0xd7, 0xd2, 0xd0,
  0xd8, 0xd2, 0xcf, 0xd7, 0xd1, 0xcd, 0xd6, 0xcf, 0xcc, 0xd2, 0xca, 0xc9,
  0xcd, 0xc6, 0xc5, 0xc5, 0xbb, 0xba, 0xb8, 0xaf, 0xac, 0xb8, 0xb0, 0xab,
  0xc8, 0xc0, 0xbd, 0xc7, 0xbc, 0xb3, 0x9f, 0xa1, 0xb4, 0x90, 0x99, 0xbb,
  0xcb, 0xc0, 0xb5, 0xbe, 0xba, 0xb7, 0xd9, 0xd9, 0xd4, 0xea, 0xec, 0xea,
  0xef, 0xf0, 0xef, 0xec, 0xed, 0xed, 0xec, 0xeb, 0xeb, 0xeb, 0xeb, 0xeb,
  0xed, 0xec, 0xec, 0xed, 0xec, 0xeb, 0xec, 0xeb, 0xeb, 0xec, 0xec, 0xec,
  0xec, 0xeb, 0xeb, 0xec, 0xec, 0xec, 0xec, 0xec, 0xec, 0xed, 0xeb, 0xeb,
  0xed, 0xeb, 0xeb, 0xed, 0xeb, 0xeb, 0xed, 0xeb, 0xeb, 0xed, 0xeb, 0xeb,
  0xec, 0xea, 0xea, 0xeb, 0xeb, 0xeb, 0xec, 0xeb, 0xeb, 0xeb, 0xeb, 0xeb,
  0xec, 0xea, 0xea, 0xeb, 0xe9, 0xe9, 0xea, 0xe8, 0xe8, 0xe9, 0xe8, 0xe8,
  0xe8, 0xe7, 0xe7, 0xe9, 0xe7, 0xe7, 0xe8, 0xe8, 0xe8, 0xea, 0xe9, 0xe9,
  0xeb, 0xea, 0xea, 0xeb, 0xe9, 0xe9, 0xeb, 0xe9, 0xe9, 0xeb, 0xe9, 0xe9,
  0xeb, 0xe9, 0xe9, 0xea, 0xe8, 0xe8, 0xeb, 0xe9, 0xe9, 0xea, 0xe8, 0xe8,
  0xeb, 0xe9, 0xe9, 0xea, 0xe9, 0xe9, 0xe7, 0xe8, 0xe8, 0xe9, 0xe8, 0xe8,
  0xea, 0xe8, 0xe8, 0xea, 0xe8, 0xe8, 0xea, 0xe8, 0xe8, 0xe8, 0xe7, 0xe7,
  0xe9, 0xe7, 0xe7, 0xe9, 0xe7, 0xe7, 0xe9, 0xe7, 0xe7, 0xe9, 0xe7, 0xe7,
  0xe9, 0xe7, 0xe7, 0xe9, 0xe7, 0xe7, 0xe9, 0xe7, 0xe7, 0xe9, 0xe7, 0xe7,
  0xe8, 0xe6, 0xe6, 0xe8, 0xe6, 0xe6, 0xe8, 0xe6, 0xe6, 0xe8, 0xe6, 0xe6,
  0xe7, 0xe5, 0xe5, 0xe7, 0xe5, 0xe5, 0xe7, 0xe5, 0xe5, 0xe7, 0xe5, 0xe5,
  0xe7, 0xe5, 0xe5, 0xe7, 0xe5, 0xe5, 0xe7, 0xe5, 0xe5, 0xe6, 0xe4, 0xe4,
  0xe6, 0xe4, 0xe4, 0xe6, 0xe4, 0xe4, 0xe6, 0xe4, 0xe4, 0xe5, 0xe4, 0xe3,
  0xe4, 0xe2, 0xe3, 0xef, 0xec, 0xe5, 0xb5, 0xb5, 0xdb, 0xaf, 0xbd, 0xd7,
  0xd9, 0xd2, 0xd1, 0xd8, 0xd2, 0xd2, 0xd9, 0xd2, 0xd2, 0xd9, 0xd3, 0xd3,
  0xd8, 0xd2, 0xd2, 0xd4, 0xcf, 0xcf, 0xd9, 0xd3, 0xd2, 0xda, 0xd4, 0xd0,
  0xd9, 0xd2, 0xcf, 0xd9, 0xd2, 0xd0, 0xd8, 0xd1, 0xd0, 0xd8, 0xd1, 0xcf,
  0xd8, 0xd2, 0xd0, 0xd8, 0xd1, 0xcf, 0xd7, 0xd1, 0xce, 0xd8, 0xd2, 0xcf,
  0xd9, 0xd2, 0xce, 0xd7, 0xd1, 0xcf, 0xd7, 0xd2, 0xd1, 0xd8, 0xd1, 0xd0,
  0xd8, 0xd1, 0xd1, 0xd8, 0xd3, 0xd0, 0xda, 0xd3, 0xd0, 0xd8, 0xd3, 0xd1,
  0xd7, 0xd3, 0xd2, 0xd7, 0xd2, 0xcf, 0xd9, 0xd2, 0xd0, 0xd9, 0xd2, 0xcf,
  0xd8, 0xd2, 0xce, 0xd8, 0xd2, 0xcf, 0xd8, 0xd1, 0xcf, 0xd9, 0xd1, 0xcf,
  0xd8, 0xd0, 0xcf, 0xd8, 0xd0, 0xce, 0xd8, 0xd1, 0xce, 0xd9, 0xd1, 0xd0,
  0xd8, 0xd2, 0xd0, 0xd8, 0xd2, 0xce, 0xd7, 0xd1, 0xce, 0xd6, 0xd2, 0xd0,
  0xd7, 0xd0, 0xd0, 0xd7, 0xd0, 0xcf, 0xd9, 0xd2, 0xd0, 0xda, 0xd3, 0xd3,
  0xd9, 0xd2, 0xd1, 0xd8, 0xd1, 0xd0, 0xd8, 0xd0, 0xce, 0xd5, 0xce, 0xce,
  0xd0, 0xc9, 0xc9, 0xd8, 0xcf, 0xc8, 0xb1, 0xb2, 0xc5, 0x91, 0x9c, 0xbd,
  0xd4, 0xcb, 0xbf, 0xc9, 0xbe, 0xbf, 0xb9, 0xb0, 0xad, 0xcc, 0xc8, 0xc3,
  0xd9, 0xd8, 0xd4, 0xe8, 0xe9, 0xe8, 0xee, 0xee, 0xee, 0xed, 0xec, 0xed,
  0xee, 0xec, 0xec, 0xed, 0xec, 0xec, 0xeb, 0xeb, 0xeb, 0xeb, 0xeb, 0xeb,
  0xeb, 0xeb, 0xeb, 0xeb, 0xeb, 0xeb, 0xea, 0xeb, 0xeb, 0xec, 0xeb, 0xeb,
  0xed, 0xeb, 0xeb, 0xec, 0xeb, 0xeb, 0xeb, 0xeb, 0xeb, 0xec, 0xeb, 0xeb,
  0xec, 0xeb, 0xeb, 0xeb, 0xeb, 0xeb, 0xea, 0xea, 0xea, 0xeb, 0xeb, 0xeb,
  0xea, 0xe9, 0xea, 0xee, 0xeb, 0xeb, 0xf2, 0xf2, 0xf1, 0xf2, 0xf3, 0xf3,
  0xf3, 0xf4, 0xf4, 0xf1, 0xf2, 0xf1, 0xf0, 0xee, 0xef, 0xe9, 0xe8, 0xe8,
  0xeb, 0xea, 0xea, 0xe9, 0xea, 0xea, 0xea, 0xe9, 0xe9, 0xeb, 0xe9, 0xe9,
  0xeb, 0xe9, 0xe9, 0xea, 0xe8, 0xe8, 0xeb, 0xe9, 0xe9, 0xea, 0xe8, 0xe8,
  0xea, 0xe8, 0xe8, 0xe9, 0xe8, 0xe8, 0xe8, 0xe8, 0xe8, 0xea, 0xe8, 0xe8,
  0xea, 0xe8, 0xe8, 0xea, 0xe8, 0xe8, 0xe9, 0xe8, 0xe8, 0xe9, 0xe7, 0xe7,
  0xea, 0xe8, 0xe8, 0xea, 0xe8, 0xe8, 0xe9, 0xe7, 0xe7, 0xe9, 0xe7, 0xe7,
  0xe9, 0xe7, 0xe7, 0xe9, 0xe7, 0xe7, 0xe9, 0xe7, 0xe7, 0xe8, 0xe6, 0xe6,
  0xe8, 0xe6, 0xe6, 0xe8, 0xe6, 0xe6, 0xe8, 0xe6, 0xe6, 0xe8, 0xe5, 0xe6,
  0xe8, 0xe6, 0xe6, 0xe7, 0xe5, 0xe5, 0xe7, 0xe5, 0xe5, 0xe8, 0xe6, 0xe6,
  0xe7, 0xe5, 0xe5, 0xe6, 0xe4, 0xe4, 0xe6, 0xe4, 0xe4, 0xe6, 0xe4, 0xe4,
  0xe6, 0xe4, 0xe4, 0xe6, 0xe4, 0xe4, 0xe6, 0xe4, 0xe4, 0xe5, 0xe3, 0xe3,
  0xe4, 0xe2, 0xe4, 0xef, 0xeb, 0xe5, 0xbb, 0xba, 0xdb, 0xa9, 0xb7, 0xd4,
  0xd9, 0xd2, 0xcf, 0xd9, 0xd2, 0xd0, 0xd9, 0xd2, 0xd2, 0xda, 0xd2, 0xd1,
  0xd4, 0xce, 0xd0, 0xac, 0xb1, 0xcd, 0xdc, 0xd5, 0xd2, 0xd8, 0xd3, 0xd0,
  0xda, 0xd4, 0xd1, 0xda, 0xd3, 0xcf, 0xd8, 0xd3, 0xd0, 0xd8, 0xd3, 0xd2,
  0xda, 0xd4, 0xd2, 0xda, 0xd3, 0xd1, 0xd8, 0xd3, 0xd0, 0xd8, 0xd3, 0xd0,
  0xd9, 0xd2, 0xcf, 0xd9, 0xd2, 0xce, 0xd7, 0xd2, 0xce, 0xd8, 0xd0, 0xd0,
  0xd8, 0xd0, 0xce, 0xd9, 0xd2, 0xce, 0xd9, 0xd1, 0xd1, 0xd7, 0xd2, 0xd1,
  0xd6, 0xd2, 0xd1, 0xd7, 0xd1, 0xcf, 0xd8, 0xd1, 0xd0, 0xd8, 0xd1, 0xd1,
  0xd8, 0xd1, 0xd1, 0xd7, 0xd1, 0xd0, 0xd7, 0xd0, 0xcf, 0xd8, 0xd1, 0xcf,
  0xd8, 0xd1, 0xcd, 0xd9, 0xd2, 0xce, 0xd9, 0xd2, 0xcf, 0xd8, 0xd1, 0xd1,
  0xd8, 0xd0, 0xce, 0xd8, 0xd0, 0xcf, 0xd7, 0xd2, 0xd0, 0xd8, 0xd2, 0xd1,
  0xd9, 0xd1, 0xd1, 0xd9, 0xd2, 0xd0, 0xd8, 0xd2, 0xcf, 0xd7, 0xd3, 0xd1,
  0xd8, 0xd3, 0xd2, 0xd8, 0xd2, 0xd2, 0xd7, 0xd2, 0xd0, 0xda, 0xd5, 0xd3,
  0xd8, 0xd4, 0xd4, 0xde, 0xd9, 0xd3, 0xc1, 0xc1, 0xd2, 0xa6, 0xaf, 0xce,
  0xe1, 0xd9, 0xd2, 0xd8, 0xd1, 0xd3, 0xd6, 0xd0, 0xcf, 0xd6, 0xce, 0xce,
  0xd1, 0xca, 0xc8, 0xd4, 0xce, 0xcb, 0xe0, 0xde, 0xdc, 0xe8, 0xe8, 0xe6,
  0xe9, 0xea, 0xe8, 0xeb, 0xec, 0xeb, 0xed, 0xed, 0xec, 0xee, 0xed, 0xed,
  0xed, 0xed, 0xed, 0xed, 0xed, 0xed, 0xec, 0xec, 0xed, 0xec, 0xec, 0xec,
  0xeb, 0xeb, 0xeb, 0xec, 0xeb, 0xeb, 0xec, 0xea, 0xea, 0xed, 0xeb, 0xeb,
  0xed, 0xea, 0xea, 0xeb, 0xea, 0xea, 0xeb, 0xeb, 0xea, 0xea, 0xe9, 0xe9,
  0xf0, 0xf0, 0xef, 0xe6, 0xe5, 0xe5, 0xb1, 0xb4, 0xb4, 0x9d, 0xa3, 0x9f,
  0x92, 0x97, 0x94, 0x8f, 0x95, 0x91, 0xcf, 0xd2, 0xcd, 0xf3, 0xf1, 0xf1,
  0xe7, 0xe7, 0xe7, 0xeb, 0xea, 0xea, 0xeb, 0xe9, 0xe9, 0xe8, 0xe9, 0xe9,
  0xea, 0xe8, 0xe8, 0xeb, 0xe9, 0xe9, 0xea, 0xe8, 0xe8, 0xea, 0xe8, 0xe8,
  0xea, 0xe8, 0xe8, 0xea, 0xe8, 0xe8, 0xeb, 0xe9, 0xe9, 0xeb, 0xe9, 0xe9,
  0xea, 0xe8, 0xe8, 0xe9, 0xe8, 0xe8, 0xea, 0xe8, 0xe8, 0xea, 0xe8, 0xe8,
  0xea, 0xe8, 0xe8, 0xea, 0xe8, 0xe8, 0xe9, 0xe7, 0xe7, 0xe9, 0xe7, 0xe7,
  0xe9, 0xe7, 0xe7, 0xe9, 0xe7, 0xe7, 0xe9, 0xe7, 0xe7, 0xe9, 0xe7, 0xe7,
  0xe9, 0xe7, 0xe7, 0xe8, 0xe6, 0xe6, 0xe9, 0xe7, 0xe7, 0xe8, 0xe6, 0xe6,
  0xe8, 0xe6, 0xe6, 0xe8, 0xe6, 0xe6, 0xe7, 0xe5, 0xe5, 0xe7, 0xe5, 0xe5,
  0xe7, 0xe5, 0xe5, 0xe6, 0xe4, 0xe4, 0xe7, 0xe5, 0xe5, 0xe6, 0xe5, 0xe4,
  0xe6, 0xe4, 0xe4, 0xe6, 0xe4, 0xe4, 0xe6, 0xe4, 0xe4, 0xe5, 0xe3, 0xe3,
  0xe4, 0xe2, 0xe3, 0xed, 0xeb, 0xe4, 0xc2, 0xbe, 0xdf, 0xa3, 0xb0, 0xd6,
  0xd9, 0xd1, 0xd0, 0xd9, 0xd1, 0xd0, 0xd7, 0xd1, 0xcf, 0xd9, 0xd2, 0xcf,
  0xd4, 0xce, 0xd0, 0xac, 0xb0, 0xce, 0xde, 0xd4, 0xd2, 0xd8, 0xd1, 0xd0,
  0xda, 0xd2, 0xd0, 0xd9, 0xd1, 0xd0, 0xd9, 0xd1, 0xd0, 0xd8, 0xd2, 0xcf,
  0xd8, 0xd1, 0xce, 0xd9, 0xd1, 0xce, 0xd7, 0xd2, 0xcf, 0xd7, 0xd2, 0xcf,
  0xd7, 0xd2, 0xcf, 0xd8, 0xd2, 0xd1, 0xd9, 0xd3, 0xd2, 0xda, 0xd3, 0xd3,
  0xd9, 0xd3, 0xd1, 0xd7, 0xd1, 0xcf, 0xd7, 0xd0, 0xce, 0xd7, 0xd0, 0xd1,
  0xd8, 0xd2, 0xcf, 0xd6, 0xd1, 0xce, 0xd6, 0xd1, 0xce, 0xd8, 0xd3, 0xd1,
  0xd9, 0xd3, 0xd3, 0xd9, 0xd3, 0xd2, 0xd8, 0xd3, 0xd1, 0xd8, 0xd1, 0xd1,
  0xd8, 0xd1, 0xce, 0xd7, 0xd1, 0xcf, 0xd8, 0xd2, 0xd0, 0xd8, 0xd1, 0xce,
  0xd8, 0xd0, 0xcf, 0xd7, 0xd0, 0xcf, 0xd8, 0xd1, 0xce, 0xd8, 0xd1, 0xd0,
  0xd8, 0xd1, 0xcf, 0xd8, 0xd2, 0xcf, 0xd7, 0xd2, 0xd0, 0xd7, 0xd2, 0xcf,
  0xd7, 0xd1, 0xce, 0xd8, 0xd1, 0xd0, 0xd7, 0xd0, 0xd0, 0xd7, 0xd1, 0xd0,
  0xd6, 0xd2, 0xd1, 0xde, 0xd5, 0xd0, 0xc0, 0xbe, 0xd0, 0xa6, 0xab, 0xce,
  0xe0, 0xd8, 0xd0, 0xd5, 0xce, 0xcf, 0xd8, 0xd1, 0xd0, 0xd8, 0xd2, 0xd1,
  0xd9, 0xd3, 0xd3, 0xd9, 0xd2, 0xd1, 0xd6, 0xd1, 0xcf, 0xd7, 0xd2, 0xcf,
  0xd9, 0xd3, 0xd1, 0xda, 0xd7, 0xd4, 0xdc, 0xd9, 0xd7, 0xdf, 0xdc, 0xdb,
  0xe2, 0xe0, 0xde, 0xe5, 0xe4, 0xe2, 0xe8, 0xe7, 0xe6, 0xe9, 0xea, 0xe9,
  0xea, 0xec, 0xeb, 0xeb, 0xec, 0xec, 0xed, 0xed, 0xec, 0xee, 0xed, 0xed,
  0xec, 0xec, 0xec, 0xec, 0xeb, 0xec, 0xec, 0xea, 0xea, 0xee, 0xec, 0xeb,
  0xe2, 0xe2, 0xe3, 0x92, 0x94, 0x98, 0x63, 0x61, 0x64, 0x5b, 0x58, 0x57,
  0x5f, 0x5c, 0x59, 0x58, 0x54, 0x53, 0x59, 0x5c, 0x53, 0xcd, 0xd4, 0xcb,
  0xf2, 0xf1, 0xf1, 0xe9, 0xe7, 0xe7, 0xeb, 0xe9, 0xe9, 0xeb, 0xe9, 0xe9,
  0xeb, 0xe9, 0xe9, 0xeb, 0xe9, 0xe9, 0xeb, 0xe8, 0xe8, 0xeb, 0xe9, 0xe9,
  0xeb, 0xe9, 0xe9, 0xea, 0xe8, 0xe8, 0xea, 0xe8, 0xe8, 0xea, 0xe8, 0xe8,
  0xea, 0xe8, 0xe8, 0xe7, 0xe8, 0xe8, 0xe8, 0xe8, 0xe8, 0xe9, 0xe7, 0xe7,
  0xe9, 0xe7, 0xe7, 0xe9, 0xe7, 0xe7, 0xe9, 0xe7, 0xe7, 0xe9, 0xe7, 0xe7,
  0xe9, 0xe7, 0xe7, 0xe9, 0xe7, 0xe7, 0xe8, 0xe6, 0xe6, 0xe9, 0xe7, 0xe7,
  0xe9, 0xe7, 0xe7, 0xe8, 0xe6, 0xe6, 0xe8, 0xe6, 0xe6, 0xe8, 0xe6, 0xe6,
  0xe8, 0xe6, 0xe5, 0xe7, 0xe5, 0xe5, 0xe7, 0xe5, 0xe5, 0xe7, 0xe5, 0xe5,
  0xe8, 0xe6, 0xe6, 0xe7, 0xe5, 0xe5, 0xe7, 0xe5, 0xe5, 0xe6, 0xe4, 0xe4,
  0xe5, 0xe3, 0xe3, 0xe6, 0xe4, 0xe4, 0xe6, 0xe4, 0xe4, 0xe5, 0xe3, 0xe3,
  0xe3, 0xe1, 0xe2, 0xeb, 0xea, 0xe2, 0xca, 0xc0, 0xe4, 0xa2, 0xa3, 0xe0,
  0xd9, 0xd3, 0xd3, 0xda, 0xd2, 0xd2, 0xd9, 0xd2, 0xd0, 0xdc, 0xd4, 0xd0,
  0xd1, 0xce, 0xd0, 0xaa, 0xb1, 0xcd, 0xde, 0xd5, 0xd1, 0xd7, 0xcf, 0xd0,
  0xd9, 0xd0, 0xd1, 0xd9, 0xd1, 0xd1, 0xd8, 0xd0, 0xd0, 0xd8, 0xd2, 0xcf,
  0xd7, 0xd2, 0xcf, 0xd8, 0xd0, 0xd0, 0xd9, 0xd1, 0xd0, 0xd8, 0xd1, 0xce,
  0xd9, 0xd1, 0xcf, 0xd7, 0xd2, 0xd1, 0xd8, 0xd2, 0xd1, 0xd9, 0xd1, 0xd0,
  0xd8, 0xd2, 0xd1, 0xd8, 0xd3, 0xd0, 0xd6, 0xd1, 0xce, 0xd8, 0xd1, 0xce,
  0xd9, 0xd1, 0xcf, 0xd8, 0xd0, 0xd0, 0xd6, 0xd1, 0xd0, 0xd7, 0xd2, 0xcf,
  0xd9, 0xd2, 0xcf, 0xd7, 0xd2, 0xd0, 0xd7, 0xd2, 0xd0, 0xd8, 0xd2, 0xcf,
  0xd8, 0xd1, 0xcf, 0xd6, 0xd0, 0xd0, 0xd5, 0xd0, 0xd0, 0xd6, 0xd1, 0xcf,
  0xd7, 0xd2, 0xcf, 0xd8, 0xd2, 0xd0, 0xd9, 0xd2, 0xcf, 0xd9, 0xd2, 0xcf,
  0xd8, 0xd1, 0xce, 0xd7, 0xd0, 0xcf, 0xd7, 0xd0, 0xd0, 0xd8, 0xd0, 0xd0,
  0xd7, 0xd0, 0xcd, 0xd7, 0xd0, 0xce, 0xd8, 0xd0, 0xcf, 0xd6, 0xd0, 0xce,
  0xd6, 0xd1, 0xd1, 0xdb, 0xd6, 0xcf, 0xc3, 0xbd, 0xd4, 0xad, 0xa8, 0xd6,
  0xdf, 0xd7, 0xce, 0xd6, 0xce, 0xd0, 0xd7, 0xcf, 0xcf, 0xd7, 0xd1, 0xd0,
  0xd5, 0xd1, 0xcf, 0xd7, 0xd2, 0xd1, 0xd8, 0xd1, 0xd1, 0xd7, 0xd2, 0xd1,
  0xd8, 0xd1, 0xd1, 0xd8, 0xd1, 0xd1, 0xd7, 0xd1, 0xd1, 0xd6, 0xd1, 0xd0,
  0xd6, 0xd1, 0xcf, 0xd7, 0xd1, 0xcf, 0xd8, 0xd1, 0xd1, 0xd8, 0xd3, 0xd2,
  0xdb, 0xd6, 0xd4, 0xdd, 0xd8, 0xd8, 0xdf, 0xdc, 0xdb, 0xe1, 0xe0, 0xdf,
  0xe4, 0xe4, 0xe3, 0xe6, 0xe6, 0xe5, 0xe9, 0xea, 0xea, 0xec, 0xeb, 0xeb,
  0x92, 0x93, 0x97, 0x78, 0x7b, 0x7b, 0x6f, 0x6f, 0x6e, 0x6a, 0x68, 0x65,
  0x6d, 0x6d, 0x67, 0x7d, 0x7b, 0x77, 0x77, 0x6d, 0x70, 0x5a, 0x57, 0x55,
  0xdd, 0xe0, 0xdc, 0xed, 0xea, 0xeb, 0xea, 0xe8, 0xe8, 0xeb, 0xe9, 0xe8,
  0xeb, 0xe8, 0xe8, 0xeb, 0xe9, 0xe9, 0xea, 0xe9, 0xe9, 0xea, 0xe8, 0xe8,
  0xea, 0xe8, 0xe8, 0xe9, 0xe8, 0xe8, 0xe9, 0xe8, 0xe8, 0xea, 0xe8, 0xe8,
  0xea, 0xe8, 0xe8, 0xe9, 0xe8, 0xe8, 0xe9, 0xe8, 0xe8, 0xea, 0xe8, 0xe8,
  0xe9, 0xe7, 0xe7, 0xe9, 0xe8, 0xe8, 0xe9, 0xe7, 0xe7, 0xe9, 0xe7, 0xe7,
  0xe9, 0xe8, 0xe8, 0xe9, 0xe7, 0xe7, 0xe8, 0xe6, 0xe7, 0xe8, 0xe6, 0xe7,
  0xe9, 0xe7, 0xe7, 0xe9, 0xe7, 0xe7, 0xe9, 0xe7, 0xe7, 0xe8, 0xe6, 0xe6,
  0xe8, 0xe6, 0xe6, 0xe7, 0xe5, 0xe5, 0xe7, 0xe5, 0xe5, 0xe7, 0xe5, 0xe5,
  0xe7, 0xe5, 0xe5, 0xe7, 0xe5, 0xe5, 0xe6, 0xe4, 0xe4, 0xe6, 0xe4, 0xe4,
  0xe5, 0xe3, 0xe3, 0xe4, 0xe3, 0xe3, 0xe5, 0xe3, 0xe3, 0xe5, 0xe3, 0xe3,
  0xe3, 0xe1, 0xe1, 0xe8, 0xe7, 0xe0, 0xce, 0xc4, 0xe2, 0x9c, 0x9e, 0xe1,
  0xd9, 0xd2, 0xd1, 0xdb, 0xd3, 0xd2, 0xda, 0xd3, 0xd0, 0xdc, 0xd4, 0xcf,
  0xd1, 0xcc, 0xd0, 0xaf, 0xae, 0xd0, 0xdd, 0xd5, 0xcf, 0xd7, 0xd1, 0xce,
  0xd8, 0xd0, 0xcf, 0xd8, 0xd0, 0xd0, 0xd8, 0xd1, 0xcf, 0xd9, 0xd2, 0xce,
  0xd8, 0xd2, 0xcf, 0xd9, 0xd3, 0xd1, 0xda, 0xd4, 0xd1, 0xd9, 0xd3, 0xd0,
  0xd8, 0xd3, 0xd0, 0xd8, 0xd3, 0xd0, 0xd8, 0xd3, 0xd1, 0xd9, 0xd3, 0xcf,
  0xd9, 0xd1, 0xcf, 0xd9, 0xd2, 0xd1, 0xd9, 0xd2, 0xd2, 0xd8, 0xd3, 0xd2,
  0xd9, 0xd2, 0xd2, 0xda, 0xd3, 0xd2, 0xd8, 0xd3, 0xd1, 0xd9, 0xd4, 0xd1,
  0xd8, 0xd3, 0xcf, 0xd8, 0xd3, 0xd1, 0xd7, 0xd2, 0xd0, 0xd7, 0xd2, 0xcf,
  0xd7, 0xd1, 0xce, 0xd7, 0xcf, 0xcf, 0xd7, 0xd0, 0xcf, 0xd6, 0xd0, 0xcf,
  0xd5, 0xd0, 0xce, 0xd5, 0xd0, 0xcd, 0xd7, 0xd1, 0xce, 0xd7, 0xd2, 0xce,
  0xd6, 0xd1, 0xcf, 0xd8, 0xd1, 0xd1, 0xd7, 0xd1, 0xd0, 0xd7, 0xd2, 0xd1,
  0xd6, 0xd2, 0xd1, 0xd6, 0xd1, 0xd0, 0xd7, 0xd0, 0xd0, 0xd7, 0xd0, 0xd0,
  0xd6, 0xd1, 0xd0, 0xdb, 0xd6, 0xd0, 0xc4, 0xbd, 0xd3, 0xab, 0xa8, 0xd8,
  0xdf, 0xd8, 0xcf, 0xd6, 0xce, 0xd0, 0xd7, 0xd0, 0xd0, 0xd6, 0xd1, 0xd0,
  0xd7, 0xd0, 0xd0, 0xd7, 0xd2, 0xd1, 0xd7, 0xd3, 0xd2, 0xd7, 0xd3, 0xd1,
  0xd7, 0xd2, 0xd1, 0xd9, 0xd1, 0xd1, 0xd7, 0xd2, 0xd1, 0xd7, 0xd1, 0xd1,
  0xd8, 0xd2, 0xd1, 0xd7, 0xd2, 0xd1, 0xd7, 0xd2, 0xd0, 0xd7, 0xd1, 0xd0,
  0xd7, 0xd0, 0xd0, 0xd7, 0xcf, 0xce, 0xd5, 0xcf, 0xce, 0xd4, 0xcf, 0xce,
  0xd4, 0xcf, 0xce, 0xd5, 0xd0, 0xcf, 0xdb, 0xd7, 0xd5, 0xc1, 0xbe, 0xc0,
  0x7c, 0x7c, 0x81, 0x78, 0x73, 0x76, 0x74, 0x6e, 0x6d, 0x72, 0x6b, 0x6c,
  0x69, 0x63, 0x61, 0x5c, 0x54, 0x54, 0x65, 0x65, 0x60, 0x85, 0x86, 0x80,
  0xd4, 0xd3, 0xd0, 0xf3, 0xf0, 0xf1, 0xeb, 0xe9, 0xe9, 0xec, 0xea, 0xea,
  0xeb, 0xe9, 0xe9, 0xe9, 0xe8, 0xe8, 0xe9, 0xe8, 0xe8, 0xea, 0xe8, 0xe8,
  0xea, 0xe8, 0xe8, 0xea, 0xe8, 0xe8, 0xea, 0xe8, 0xe8, 0xea, 0xe8, 0xe8,
  0xea, 0xe7, 0xe8, 0xea, 0xe8, 0xe8, 0xea, 0xe8, 0xe8, 0xea, 0xe8, 0xe8,
  0xea, 0xe8, 0xe8, 0xea, 0xe8, 0xe8, 0xe9, 0xe7, 0xe8, 0xe9, 0xe7, 0xe7,
  0xe9, 0xe7, 0xe7, 0xe8, 0xe6, 0xe7, 0xee, 0xeb, 0xe9, 0xeb, 0xe9, 0xe8,
  0xe8, 0xe6, 0xe6, 0xe8, 0xe6, 0xe6, 0xe8, 0xe6, 0xe6, 0xe8, 0xe6, 0xe6,
  0xe8, 0xe6, 0xe6, 0xe8, 0xe6, 0xe6, 0xe8, 0xe6, 0xe6, 0xe8, 0xe5, 0xe6,
  0xe7, 0xe5, 0xe5, 0xe7, 0xe5, 0xe5, 0xe6, 0xe3, 0xe3, 0xe6, 0xe4, 0xe3,
  0xe5, 0xe3, 0xe3, 0xe5, 0xe3, 0xe3, 0xe6, 0xe3, 0xe3, 0xe4, 0xe2, 0xe2,
  0xe3, 0xe1, 0xe2, 0xe6, 0xe6, 0xe1, 0xd4, 0xcb, 0xe2, 0x9b, 0x98, 0xe3,
  0xd9, 0xd1, 0xce, 0xd9, 0xd1, 0xcf, 0xd9, 0xd2, 0xcf, 0xdb, 0xd3, 0xce,
  0xd0, 0xca, 0xd0, 0xb3, 0xac, 0xd2, 0xdf, 0xd6, 0xcf, 0xd8, 0xd2, 0xd0,
  0xd9, 0xd2, 0xcf, 0xd9, 0xd1, 0xd1, 0xd9, 0xd1, 0xcf, 0xd9, 0xd1, 0xce,
  0xd9, 0xd2, 0xcf, 0xd7, 0xd2, 0xcf, 0xd6, 0xd2, 0xcf, 0xd7, 0xd2, 0xcf,
  0xd6, 0xd1, 0xcf, 0xd8, 0xd3, 0xd1, 0xd8, 0xd3, 0xd0, 0xd8, 0xd3, 0xd1,
  0xd9, 0xd4, 0xd2, 0xd9, 0xd3, 0xd2, 0xda, 0xd5, 0xd3, 0xd9, 0xd4, 0xd3,
  0xd9, 0xd4, 0xd1, 0xd9, 0xd3, 0xd1, 0xd9, 0xd3, 0xd1, 0xd8, 0xd3, 0xd1,
  0xd9, 0xd3, 0xd0, 0xd8, 0xd2, 0xd1, 0xd7, 0xd2, 0xd1, 0xd5, 0xd0, 0xd0,
  0xd7, 0xd2, 0xd0, 0xd8, 0xd0, 0xd0, 0xd8, 0xd1, 0xcf, 0xd9, 0xd0, 0xd0,
  0xd7, 0xd1, 0xd1, 0xd7, 0xd2, 0xd0, 0xda, 0xd3, 0xd0, 0xd9, 0xd3, 0xd0,
  0xd8, 0xd3, 0xd0, 0xd8, 0xd3, 0xd2, 0xd8, 0xd3, 0xd3, 0xd7, 0xd2, 0xd1,
  0xd8, 0xd2, 0xd0, 0xd8, 0xd2, 0xcf, 0xd7, 0xd2, 0xd0, 0xd8, 0xd3, 0xd2,
  0xd7, 0xd2, 0xd2, 0xdd, 0xd6, 0xd0, 0xc6, 0xbf, 0xd5, 0xac, 0xa8, 0xd8,
  0xde, 0xd7, 0xcf, 0xd6, 0xce, 0xd0, 0xd7, 0xd0, 0xd0, 0xd7, 0xd2, 0xd1,
  0xd8, 0xd1, 0xd1, 0xd7, 0xd2, 0xd1, 0xd7, 0xd1, 0xd1, 0xd7, 0xd0, 0xcf,
  0xd8, 0xd1, 0xcf, 0xd9, 0xd2, 0xd0, 0xd7, 0xd2, 0xd2, 0xd8, 0xd2, 0xd2,
  0xd8, 0xd2, 0xd0, 0xd8, 0xd2, 0xd1, 0xd9, 0xd2, 0xd0, 0xd8, 0xd3, 0xd0,
  0xd7, 0xd2, 0xd2, 0xd8, 0xd2, 0xd2, 0xd9, 0xd4, 0xd3, 0xd8, 0xd3, 0xd3,
  0xd7, 0xd2, 0xd1, 0xd7, 0xd1, 0xd0, 0xdb, 0xd5, 0xd4, 0xb6, 0xb7, 0xbb,
  0x85, 0x89, 0x8c, 0x66, 0x6a, 0x65, 0x56, 0x56, 0x51, 0x50, 0x52, 0x4c,
  0x57, 0x59, 0x52, 0x6f, 0x71, 0x6a, 0x84, 0x7f, 0x7a, 0x70, 0x6b, 0x6b,
  0x95, 0x98, 0x90, 0xe5, 0xe4, 0xe0, 0xe1, 0xdf, 0xde, 0xe5, 0xe4, 0xe2,
  0xe8, 0xe8, 0xe7, 0xea, 0xea, 0xe9, 0xeb, 0xeb, 0xeb, 0xec, 0xea, 0xeb,
  0xec, 0xe9, 0xeb, 0xec, 0xe9, 0xe9, 0xec, 0xe9, 0xe9, 0xea, 0xe8, 0xe8,
  0xeb, 0xe7, 0xe8, 0xea, 0xe8, 0xe8, 0xeb, 0xe8, 0xe9, 0xea, 0xe8, 0xe8,
  0xea, 0xe8, 0xe8, 0xeb, 0xe8, 0xe8, 0xea, 0xe8, 0xe8, 0xe9, 0xe7, 0xe7,
  0xea, 0xe6, 0xe7, 0xee, 0xeb, 0xe9, 0xce, 0xcf, 0xdc, 0xdb, 0xdc, 0xe2,
  0xed, 0xea, 0xe9, 0xe9, 0xe6, 0xe7, 0xe8, 0xe6, 0xe6, 0xe7, 0xe6, 0xe6,
  0xe9, 0xe6, 0xe6, 0xe8, 0xe6, 0xe6, 0xe7, 0xe5, 0xe6, 0xe7, 0xe5, 0xe5,
  0xe6, 0xe5, 0xe5, 0xe5, 0xe4, 0xe4, 0xe4, 0xe3, 0xe3, 0xe4, 0xe3, 0xe3,
  0xe4, 0xe2, 0xe2, 0xe2, 0xe2, 0xe2, 0xe1, 0xe1, 0xe1, 0xe2, 0xe1, 0xe1,
  0xe1, 0xe0, 0xe1, 0xe4, 0xe4, 0xe0, 0xd4, 0xd0, 0xe0, 0x91, 0x9b, 0xd8,
  0xd7, 0xd0, 0xce, 0xd7, 0xd1, 0xcf, 0xd7, 0xd1, 0xce, 0xd9, 0xd2, 0xce,
  0xcd, 0xc9, 0xcf, 0xae, 0xae, 0xd0, 0xdb, 0xd5, 0xcf, 0xd5, 0xd0, 0xd1,
  0xd6, 0xd2, 0xd0, 0xd7, 0xd1, 0xd1, 0xd6, 0xd0, 0xce, 0xd6, 0xd2, 0xce,
  0xd7, 0xd2, 0xce, 0xd7, 0xd1, 0xce, 0xd7, 0xd1, 0xce, 0xd6, 0xd1, 0xcf,
  0xda, 0xd5, 0xd2, 0xd8, 0xd3, 0xd2, 0xd7, 0xd2, 0xd1, 0xd7, 0xd2, 0xd1,
  0xd8, 0xd3, 0xd3, 0xd8, 0xd3, 0xd1, 0xd7, 0xd2, 0xd0, 0xd6, 0xd2, 0xd0,
  0xd6, 0xd2, 0xce, 0xd7, 0xd1, 0xcf, 0xd8, 0xd2, 0xd2, 0xd8, 0xd4, 0xd3,
  0xd9, 0xd4, 0xd2, 0xd7, 0xd3, 0xcf, 0xd8, 0xd4, 0xd1, 0xdd, 0xd8, 0xd2,
  0xd7, 0xd1, 0xd0, 0xd8, 0xd1, 0xd1, 0xd7, 0xd1, 0xce, 0xd7, 0xd0, 0xcf,
  0xd7, 0xd1, 0xd0, 0xd6, 0xd1, 0xcf, 0xd7, 0xd2, 0xcf, 0xd7, 0xd2, 0xcf,
  0xd7, 0xd2, 0xcf, 0xd7, 0xd2, 0xd1, 0xd7, 0xd2, 0xd1, 0xd7, 0xd1, 0xcf,
  0xd8, 0xd0, 0xcd, 0xd7, 0xd0, 0xcd, 0xd7, 0xd2, 0xd0, 0xd9, 0xd4, 0xd2,
  0xd6, 0xd1, 0xd1, 0xdb, 0xd5, 0xce, 0xc5, 0xbf, 0xd3, 0xab, 0xa8, 0xd7,
  0xde, 0xd9, 0xd0, 0xd5, 0xcf, 0xd0, 0xd7, 0xd0, 0xce, 0xd6, 0xd0, 0xce,
  0xd6, 0xd2, 0xd1, 0xd7, 0xd2, 0xd1, 0xd7, 0xd1, 0xd1, 0xd7, 0xd1, 0xd1,
  0xd7, 0xd2, 0xd1, 0xd8, 0xd3, 0xd1, 0xd8, 0xd3, 0xd2, 0xd7, 0xd2, 0xd2,
  0xd7, 0xd1, 0xcf, 0xd7, 0xd1, 0xce, 0xd7, 0xd1, 0xd0, 0xd5, 0xd1, 0xd0,
  0xd6, 0xd0, 0xce, 0xd6, 0xd0, 0xcf, 0xd5, 0xd0, 0xcf, 0xd7, 0xd1, 0xd0,
  0xd6, 0xd2, 0xcf, 0xdb, 0xd6, 0xd3, 0xcb, 0xca, 0xcb, 0x5d, 0x5c, 0x60,
  0x4d, 0x48, 0x47, 0x60, 0x5a, 0x5a, 0x6b, 0x65, 0x69, 0x6f, 0x68, 0x6a,
  0x66, 0x5d, 0x5e, 0x4a, 0x3e, 0x46, 0x28, 0x21, 0x2c, 0x50, 0x54, 0x4a,
  0x8e, 0x8c, 0x88, 0xd1, 0xcd, 0xc8, 0xd4, 0xcf, 0xce, 0xd5, 0xd1, 0xcf,
  0xd6, 0xd3, 0xd1, 0xd8, 0xd6, 0xd5, 0xda, 0xda, 0xd8, 0xdc, 0xdd, 0xdb,
  0xe1, 0xe2, 0xdf, 0xe3, 0xe5, 0xe4, 0xe5, 0xe6, 0xe6, 0xe8, 0xe9, 0xe8,
  0xe7, 0xe8, 0xe8, 0xe5, 0xe7, 0xe6, 0xe3, 0xe5, 0xe5, 0xe2, 0xe4, 0xe4,
  0xe2, 0xe3, 0xe3, 0xe2, 0xe2, 0xe3, 0xe2, 0xe2, 0xe2, 0xe4, 0xe4, 0xe4,
  0xe4, 0xe4, 0xe4, 0xea, 0xe9, 0xe7, 0xa5, 0x9f, 0xc7, 0xd0, 0xd4, 0xda,
  0xe3, 0xe5, 0xe3, 0xdf, 0xe0, 0xe1, 0xe0, 0xe1, 0xe3, 0xdf, 0xe2, 0xe3,
  0xe0, 0xe2, 0xe2, 0xe2, 0xe2, 0xe2, 0xe2, 0xe3, 0xe3, 0xe1, 0xe3, 0xe2,
  0xe1, 0xe2, 0xe1, 0xde, 0xdf, 0xdf, 0xdd, 0xde, 0xde, 0xdd, 0xde, 0xde,
  0xde, 0xdf, 0xde, 0xde, 0xdf, 0xdf, 0xde, 0xdf, 0xdf, 0xe1, 0xdf, 0xe0,
  0xe2, 0xdf, 0xe1, 0xe2, 0xe3, 0xe0, 0xd9, 0xd6, 0xe0, 0x8e, 0x98, 0xd7,
  0xcc, 0xca, 0xcf, 0xd2, 0xcd, 0xd0, 0xd5, 0xd0, 0xcf, 0xd8, 0xd3, 0xd0,
  0xcc, 0xca, 0xd0, 0xaf, 0xb1, 0xce, 0xd8, 0xd6, 0xcf, 0xd2, 0xcf, 0xcf,
  0xd4, 0xd0, 0xce, 0xd4, 0xd0, 0xcf, 0xd4, 0xd0, 0xcf, 0xd4, 0xd0, 0xce,
  0xd6, 0xd1, 0xce, 0xd5, 0xd1, 0xce, 0xd6, 0xd1, 0xcf, 0xd7, 0xd2, 0xd2,
  0xbe, 0xba, 0xc9, 0xd4, 0xcf, 0xd0, 0xd6, 0xd2, 0xd1, 0xd4, 0xd2, 0xd2,
  0xd3, 0xd1, 0xcf, 0xd3, 0xd1, 0xcf, 0xd4, 0xd1, 0xcf, 0xd3, 0xd0, 0xd0,
  0xd2, 0xd0, 0xcf, 0xd2, 0xd0, 0xce, 0xd2, 0xd1, 0xcf, 0xd2, 0xd1, 0xd0,
  0xd1, 0xd0, 0xcf, 0xd3, 0xd2, 0xce, 0xcb, 0xc8, 0xcb, 0xab, 0xa9, 0xc0,
  0xd7, 0xd5, 0xd1, 0xd2, 0xcf, 0xcf, 0xd3, 0xcf, 0xce, 0xd4, 0xcf, 0xce,
  0xd4, 0xd0, 0xce, 0xd3, 0xd0, 0xce, 0xd4, 0xd0, 0xce, 0xd4, 0xcf, 0xcc,
  0xd3, 0xcf, 0xcd, 0xd3, 0xd0, 0xcf, 0xd4, 0xcf, 0xce, 0xd4, 0xd0, 0xce,
  0xd2, 0xcf, 0xcd, 0xd3, 0xd1, 0xce, 0xcc, 0xca, 0xce, 0xc2, 0xbe, 0xcc,
  0xd4, 0xd3, 0xd0, 0xd6, 0xd4, 0xcf, 0xc0, 0xc3, 0xd1, 0xa5, 0xad, 0xd2,
  0xdd, 0xd9, 0xd2, 0xd1, 0xcf, 0xd0, 0xd0, 0xcf, 0xce, 0xd0, 0xcf, 0xce,
  0xd2, 0xd0, 0xcf, 0xd4, 0xd0, 0xd0, 0xd3, 0xd1, 0xcf, 0xd1, 0xd0, 0xce,
  0xd1, 0xd1, 0xcf, 0xce, 0xcc, 0xcd, 0xc7, 0xc3, 0xcb, 0xd5, 0xd1, 0xd0,
  0xd4, 0xd0, 0xcf, 0xd2, 0xd1, 0xd0, 0xd0, 0xd0, 0xd0, 0xce, 0xcf, 0xcd,
  0xcf, 0xce, 0xcc, 0xd0, 0xce, 0xce, 0xd0, 0xce, 0xcd, 0xd2, 0xcd, 0xcd,
  0xd0, 0xcc, 0xcb, 0xd6, 0xd4, 0xd3, 0x90, 0x8d, 0x91, 0xa3, 0xa6, 0xa9,
  0x9e, 0xa4, 0xa5, 0x73, 0x78, 0x73, 0x5e, 0x63, 0x5c, 0x58, 0x5d, 0x54,
  0x6b, 0x70, 0x64, 0x7c, 0x7b, 0x8a, 0x82, 0x74, 0xa5, 0x5d, 0x50, 0x5b,
  0x37, 0x36, 0x31, 0xb6, 0xba, 0xb3, 0xd8, 0xd4, 0xd5, 0xd2, 0xce, 0xce,
  0xd3, 0xcf, 0xce, 0xd2, 0xce, 0xcc, 0xcf, 0xcc, 0xca, 0xcf, 0xcc, 0xcb,
  0xd0, 0xce, 0xcd, 0xd2, 0xd0, 0xcf, 0xd4, 0xd2, 0xd0, 0xda, 0xd8, 0xd5,
  0xdd, 0xdd, 0xdb, 0xdf, 0xdf, 0xde, 0xe2, 0xe2, 0xe1, 0xe5, 0xe4, 0xe4,
  0xe6, 0xe6, 0xe7, 0xe5, 0xe6, 0xe7, 0xe6, 0xe6, 0xe7, 0xe7, 0xe6, 0xe6,
  0xe8, 0xe6, 0xe6, 0xe6, 0xe4, 0xe5, 0xea, 0xe8, 0xe6, 0xe8, 0xe6, 0xe5,
  0xe6, 0xe4, 0xe5, 0xe6, 0xe5, 0xe5, 0xe8, 0xe5, 0xe6, 0xe8, 0xe6, 0xe6,
  0xe7, 0xe6, 0xe6, 0xe7, 0xe5, 0xe6, 0xe7, 0xe6, 0xe6, 0xe8, 0xe6, 0xe6,
  0xe7, 0xe5, 0xe5, 0xe8, 0xe5, 0xe5, 0xe8, 0xe5, 0xe5, 0xe8, 0xe5, 0xe5,
  0xe7, 0xe5, 0xe5, 0xe7, 0xe4, 0xe4, 0xe6, 0xe4, 0xe4, 0xe6, 0xe4, 0xe4,
  0xe6, 0xe4, 0xe4, 0xe6, 0xe5, 0xe3, 0xe5, 0xdd, 0xe5, 0x99, 0x90, 0xe4,
  0xd8, 0xd1, 0xd2, 0xda, 0xd1, 0xd1, 0xda, 0xd1, 0xd0, 0xda, 0xd4, 0xce,
  0xcd, 0xc7, 0xd0, 0xb4, 0xae, 0xd4, 0xdf, 0xd7, 0xd1, 0xd8, 0xd0, 0xd0,
  0xd9, 0xd1, 0xce, 0xda, 0xd2, 0xd1, 0xd9, 0xd3, 0xd2, 0xd8, 0xd1, 0xce,
  0xd9, 0xd2, 0xd0, 0xd8, 0xd1, 0xd0, 0xd8, 0xd3, 0xd0, 0xd9, 0xd3, 0xd3,
  0xce, 0xc6, 0xce, 0xd9, 0xd3, 0xcf, 0xd9, 0xd1, 0xce, 0xd8, 0xd2, 0xcf,
  0xd8, 0xd3, 0xd1, 0xd8, 0xd3, 0xd1, 0xd9, 0xd2, 0xd1, 0xd9, 0xd3, 0xd1,
  0xd8, 0xd3, 0xd0, 0xd9, 0xd3, 0xd2, 0xd9, 0xd3, 0xd1, 0xda, 0xd4, 0xd2,
  0xd9, 0xd3, 0xd3, 0xdb, 0xd4, 0xd3, 0xd7, 0xd0, 0xd1, 0xb8, 0xb0, 0xc6,
  0xdb, 0xd5, 0xd3, 0xd8, 0xd3, 0xd3, 0xda, 0xd4, 0xd3, 0xd9, 0xd4, 0xd3,
  0xd9, 0xd4, 0xd3, 0xd9, 0xd4, 0xd3, 0xd9, 0xd4, 0xd3, 0xd8, 0xd3, 0xd1,
  0xd8, 0xd3, 0xd2, 0xd9, 0xd5, 0xd4, 0xd9, 0xd4, 0xd3, 0xd8, 0xd3, 0xd2,
  0xd9, 0xd4, 0xd1, 0xda, 0xd5, 0xd2, 0xd5, 0xce, 0xd1, 0xd3, 0xcc, 0xd1,
  0xda, 0xd3, 0xd2, 0xdd, 0xd7, 0xd0, 0xc9, 0xc1, 0xd4, 0xab, 0xa5, 0xda,
  0xe0, 0xdb, 0xd1, 0xd7, 0xd0, 0xd0, 0xd8, 0xd2, 0xd1, 0xd8, 0xd1, 0xd1,
  0xd6, 0xd0, 0xcf, 0xd7, 0xd0, 0xce, 0xd7, 0xd2, 0xcf, 0xd9, 0xd2, 0xd2,
  0xd9, 0xd3, 0xd3, 0xd9, 0xd2, 0xd2, 0xd9, 0xd1, 0xd1, 0xd9, 0xd2, 0xd1,
  0xd9, 0xd2, 0xd1, 0xd9, 0xd4, 0xd2, 0xd8, 0xd3, 0xd2, 0xd8, 0xd2, 0xd1,
  0xd8, 0xd1, 0xd0, 0xd8, 0xd1, 0xd1, 0xd8, 0xd2, 0xd2, 0xd9, 0xd3, 0xd3,
  0xd9, 0xd2, 0xd1, 0xd7, 0xd0, 0xd0, 0xc5, 0xc5, 0xc9, 0x57, 0x5a, 0x5c,
  0x0d, 0x09, 0x06, 0x0b, 0x07, 0x07, 0x0f, 0x08, 0x10, 0x0d, 0x07, 0x0d,
  0x07, 0x00, 0x02, 0x0a, 0x05, 0x09, 0x21, 0x1f, 0x31, 0x76, 0x7b, 0x77,
  0x8d, 0x86, 0x89, 0x9c, 0x99, 0x94, 0xe0, 0xda, 0xd9, 0xd5, 0xd0, 0xce,
  0xd9, 0xd0, 0xd0, 0xd9, 0xd1, 0xcf, 0xd9, 0xd1, 0xd0, 0xd8, 0xd2, 0xd2,
  0xd8, 0xd2, 0xd1, 0xd7, 0xd1, 0xd0, 0xd6, 0xd1, 0xd0, 0xd5, 0xce, 0xcd,
  0xd4, 0xce, 0xcd, 0xd5, 0xcf, 0xce, 0xd7, 0xd1, 0xce, 0xd9, 0xd4, 0xd2,
  0xdd, 0xd8, 0xd6, 0xdf, 0xdc, 0xda, 0xe2, 0xdf, 0xdf, 0xe5, 0xe2, 0xe1,
  0xe6, 0xe5, 0xe3, 0xe8, 0xe7, 0xe6, 0xe9, 0xe7, 0xe7, 0xe9, 0xe8, 0xe8,
  0xea, 0xe8, 0xe8, 0xea, 0xe8, 0xe9, 0xe9, 0xe7, 0xe7, 0xe8, 0xe6, 0xe6,
  0xe8, 0xe6, 0xe6, 0xe7, 0xe5, 0xe5, 0xe7, 0xe5, 0xe5, 0xe7, 0xe5, 0xe5,
  0xe7, 0xe5, 0xe5, 0xe6, 0xe4, 0xe4, 0xe6, 0xe4, 0xe4, 0xe7, 0xe5, 0xe5,
  0xe6, 0xe4, 0xe4, 0xe5, 0xe4, 0xe4, 0xe6, 0xe4, 0xe4, 0xe6, 0xe4, 0xe4,
  0xe5, 0xe3, 0xe3, 0xe5, 0xe4, 0xe3, 0xe8, 0xe1, 0xe5, 0x96, 0x90, 0xe2,
  0xd9, 0xd1, 0xd0, 0xd9, 0xd2, 0xcf, 0xd9, 0xd2, 0xcf, 0xdb, 0xd4, 0xcf,
  0xcb, 0xc8, 0xd0, 0xb8, 0xb2, 0xd4, 0xde, 0xd8, 0xd1, 0xd8, 0xd2, 0xd0,
  0xd8, 0xd2, 0xd1, 0xd8, 0xd2, 0xd1, 0xda, 0xd2, 0xcf, 0xd8, 0xd2, 0xd1,
  0xd7, 0xd2, 0xd1, 0xd9, 0xd2, 0xd0, 0xd9, 0xd2, 0xd0, 0xd8, 0xd3, 0xd0,
  0xdc, 0xd6, 0xd3, 0xd8, 0xd4, 0xd2, 0xd9, 0xd3, 0xd1, 0xda, 0xd2, 0xd0,
  0xd9, 0xd3, 0xd2, 0xd8, 0xd3, 0xd1, 0xd8, 0xd3, 0xd1, 0xd8, 0xd3, 0xd0,
  0xd8, 0xd3, 0xd0, 0xd9, 0xd3, 0xd1, 0xd8, 0xd3, 0xd1, 0xd8, 0xd3, 0xd1,
  0xd9, 0xd4, 0xd3, 0xd8, 0xd3, 0xd2, 0xda, 0xd5, 0xd3, 0xe0, 0xdb, 0xd5,
  0xd8, 0xd3, 0xd2, 0xd9, 0xd3, 0xd3, 0xd8, 0xd3, 0xd2, 0xd8, 0xd3, 0xd2,
  0xda, 0xd5, 0xd4, 0xda, 0xd5, 0xd3, 0xd9, 0xd4, 0xd2, 0xd9, 0xd4, 0xd3,
  0xd9, 0xd4, 0xd3, 0xd9, 0xd2, 0xd2, 0xd9, 0xd3, 0xd2, 0xd9, 0xd4, 0xd3,
  0xd7, 0xd2, 0xd1, 0xd9, 0xd3, 0xd2, 0xd9, 0xd4, 0xd1, 0xd9, 0xd3, 0xd1,
  0xd6, 0xd0, 0xd0, 0xd9, 0xd4, 0xcf, 0xcd, 0xc6, 0xd4, 0xb8, 0xb2, 0xd6,
  0xdc, 0xd7, 0xd0, 0xd6, 0xd0, 0xd0, 0xd8, 0xd1, 0xd1, 0xd7, 0xd1, 0xd1,
  0xd7, 0xd2, 0xd1, 0xd7, 0xd2, 0xcf, 0xd6, 0xd2, 0xd0, 0xd7, 0xd0, 0xd0,
  0xd7, 0xd0, 0xcf, 0xd7, 0xd2, 0xd1, 0xd7, 0xd2, 0xd1, 0xd7, 0xd2, 0xd2,
  0xd8, 0xd2, 0xd2, 0xd9, 0xd3, 0xd2, 0xd7, 0xd2, 0xd1, 0xd7, 0xd2, 0xd1,
  0xd8, 0xd2, 0xd1, 0xd7, 0xd1, 0xd0, 0xd7, 0xd1, 0xd0, 0xd6, 0xd1, 0xd0,
  0xd4, 0xcd, 0xcd, 0xe5, 0xde, 0xde, 0x7e, 0x7a, 0x7f, 0x16, 0x11, 0x13,
  0x2f, 0x2c, 0x36, 0x2f, 0x33, 0x44, 0x44, 0x4b, 0x6e, 0x2e, 0x2c, 0x40,
  0x2b, 0x27, 0x2e, 0x2c, 0x23, 0x2a, 0x1f, 0x18, 0x14, 0x09, 0x03, 0x02,
  0x39, 0x40, 0x35, 0xa4, 0xa8, 0xa0, 0xd8, 0xd3, 0xd1, 0xd4, 0xce, 0xcc,
  0xd6, 0xcf, 0xce, 0xd6, 0xcf, 0xce, 0xd6, 0xd0, 0xcf, 0xd5, 0xd1, 0xce,
  0xd6, 0xd1, 0xd0, 0xd6, 0xd1, 0xd0, 0xd7, 0xd2, 0xd1, 0xd7, 0xd1, 0xd1,
  0xd6, 0xd1, 0xd1, 0xd6, 0xd0, 0xd0, 0xd6, 0xd0, 0xce, 0xd5, 0xd0, 0xcf,
  0xd4, 0xcf, 0xce, 0xd3, 0xce, 0xcd, 0xd4, 0xcf, 0xcd, 0xd5, 0xcf, 0xcd,
  0xd7, 0xd1, 0xce, 0xd9, 0xd5, 0xd3, 0xdb, 0xd7, 0xd5, 0xde, 0xd9, 0xd9,
  0xdf, 0xdd, 0xda, 0xe2, 0xe0, 0xdf, 0xe6, 0xe3, 0xe3, 0xe7, 0xe5, 0xe4,
  0xe8, 0xe6, 0xe6, 0xe9, 0xe7, 0xe7, 0xe9, 0xe7, 0xe7, 0xe8, 0xe7, 0xe7,
  0xe8, 0xe6, 0xe6, 0xe7, 0xe5, 0xe5, 0xe7, 0xe5, 0xe5, 0xe7, 0xe4, 0xe4,
  0xe5, 0xe3, 0xe3, 0xe5, 0xe4, 0xe4, 0xe6, 0xe4, 0xe4, 0xe6, 0xe4, 0xe4,
  0xe6, 0xe3, 0xe4, 0xe4, 0xe3, 0xe3, 0xec, 0xe6, 0xe5, 0x9a, 0x92, 0xe1,
  0xd9, 0xd1, 0xd1, 0xda, 0xd3, 0xd0, 0xd8, 0xd2, 0xcf, 0xda, 0xd4, 0xd1,
  0xd0, 0xcb, 0xd1, 0xc6, 0xbe, 0xd2, 0xdb, 0xd6, 0xd0, 0xd8, 0xd3, 0xd1,
  0xda, 0xd4, 0xd3, 0xd8, 0xd3, 0xd2, 0xd9, 0xd3, 0xd0, 0xd9, 0xd4, 0xd2,
  0xd9, 0xd3, 0xd1, 0xd8, 0xd1, 0xcf, 0xd9, 0xd2, 0xd0, 0xda, 0xd3, 0xd0,
  0xd8, 0xd3, 0xd1, 0xd9, 0xd4, 0xd2, 0xd9, 0xd4, 0xd2, 0xda, 0xd3, 0xd1,
  0xd9, 0xd4, 0xd0, 0xd8, 0xd3, 0xd0, 0xd8, 0xd3, 0xd0, 0xd8, 0xd3, 0xd0,
  0xd8, 0xd3, 0xd0, 0xd8, 0xd3, 0xd1, 0xd9, 0xd4, 0xd2, 0xd9, 0xd4, 0xd1,
  0xd9, 0xd4, 0xd3, 0xd9, 0xd4, 0xd3, 0xda, 0xd5, 0xd4, 0xd9, 0xd4, 0xd4,
  0xda, 0xd5, 0xd4, 0xda, 0xd5, 0xd4, 0xd9, 0xd4, 0xd3, 0xd9, 0xd4, 0xd4,
  0xd9, 0xd4, 0xd2, 0xd8, 0xd3, 0xd1, 0xd7, 0xd2, 0xd1, 0xd7, 0xd2, 0xd1,
  0xd8, 0xd2, 0xd2, 0xd7, 0xd2, 0xd1, 0xd8, 0xd2, 0xd2, 0xd7, 0xd2, 0xd1,
  0xd7, 0xd2, 0xd1, 0xd8, 0xd2, 0xd1, 0xd8, 0xd1, 0xd1, 0xd8, 0xd3, 0xd3,
  0xd8, 0xd4, 0xd3, 0xdc, 0xd6, 0xd3, 0xd1, 0xca, 0xd5, 0xbd, 0xb8, 0xd5,
  0xdb, 0xd6, 0xcf, 0xd6, 0xd1, 0xd1, 0xd8, 0xd3, 0xd2, 0xd8, 0xd3, 0xd2,
  0xd8, 0xd2, 0xd2, 0xd8, 0xd3, 0xd2, 0xd8, 0xd2, 0xd2, 0xd8, 0xd3, 0xd1,
  0xd7, 0xd2, 0xd1, 0xd8, 0xd3, 0xd2, 0xd8, 0xd3, 0xd2, 0xd7, 0xd2, 0xd1,
  0xd8, 0xd3, 0xd2, 0xd9, 0xd4, 0xd3, 0xda, 0xd5, 0xd4, 0xd9, 0xd4, 0xd3,
  0xd8, 0xd3, 0xd2, 0xd7, 0xd2, 0xd0, 0xd6, 0xd1, 0xd0, 0xd6, 0xd1, 0xd0,
  0xd7, 0xd3, 0xd1, 0xd4, 0xcb, 0xce, 0x46, 0x3c, 0x3e, 0x3e, 0x37, 0x37,
  0x35, 0x2d, 0x2b, 0x2a, 0x23, 0x22, 0x27, 0x22, 0x29, 0x2e, 0x24, 0x20,
  0x32, 0x27, 0x23, 0x35, 0x29, 0x23, 0x47, 0x42, 0x49, 0x3b, 0x3b, 0x55,
  0x07, 0x02, 0x06, 0x44, 0x47, 0x3d, 0xdd, 0xda, 0xd5, 0xd5, 0xce, 0xce,
  0xd7, 0xd2, 0xd0, 0xd6, 0xd1, 0xd0, 0xd6, 0xd0, 0xcf, 0xd6, 0xce, 0xce,
  0xd6, 0xcf, 0xcf, 0xd6, 0xcf, 0xce, 0xd6, 0xd1, 0xd0, 0xd7, 0xd2, 0xd1,
  0xd7, 0xd2, 0xd1, 0xd7, 0xd2, 0xd1, 0xd6, 0xd1, 0xcf, 0xd6, 0xd1, 0xd0,
  0xd6, 0xd1, 0xd0, 0xd6, 0xd1, 0xd0, 0xd6, 0xd1, 0xd0, 0xd5, 0xd0, 0xcf,
  0xd6, 0xcf, 0xce, 0xd4, 0xce, 0xce, 0xd3, 0xce, 0xcd, 0xd4, 0xcd, 0xcc,
  0xd3, 0xcd, 0xcd, 0xd3, 0xcd, 0xcd, 0xd5, 0xd0, 0xcf, 0xd7, 0xd3, 0xd2,
  0xd9, 0xd5, 0xd4, 0xdb, 0xd8, 0xd7, 0xde, 0xdb, 0xda, 0xe0, 0xdd, 0xdd,
  0xe3, 0xe1, 0xe0, 0xe5, 0xe3, 0xe3, 0xe7, 0xe5, 0xe5, 0xe8, 0xe6, 0xe6,
  0xe8, 0xe6, 0xe6, 0xe7, 0xe6, 0xe6, 0xe8, 0xe5, 0xe5, 0xe7, 0xe5, 0xe5,
  0xe6, 0xe4, 0xe4, 0xe4, 0xe2, 0xe3, 0xeb, 0xe7, 0xe5, 0xb7, 0xac, 0xdd,
  0xd9, 0xd1, 0xd1, 0xd9, 0xd2, 0xd3, 0xda, 0xd3, 0xd1, 0xdd, 0xd6, 0xd1,
  0xcb, 0xc8, 0xd3, 0xba, 0xb5, 0xd4, 0xde, 0xd9, 0xd2, 0xd8, 0xd2, 0xd0,
  0xda, 0xd2, 0xd2, 0xd8, 0xd3, 0xd1, 0xd8, 0xd3, 0xcf, 0xd7, 0xd2, 0xcf,
  0xd8, 0xd2, 0xd1, 0xd9, 0xd2, 0xd1, 0xd7, 0xd2, 0xcf, 0xd9, 0xd3, 0xd0,
  0xd8, 0xd3, 0xd1, 0xd8, 0xd3, 0xd0, 0xd8, 0xd3, 0xd0, 0xda, 0xd4, 0xd0,
  0xd9, 0xd4, 0xd1, 0xda, 0xd5, 0xd2, 0xd9, 0xd4, 0xd3, 0xd9, 0xd4, 0xd2,
  0xd9, 0xd4, 0xd1, 0xda, 0xd5, 0xd3, 0xd9, 0xd4, 0xd2, 0xd9, 0xd4, 0xd1,
  0xd9, 0xd4, 0xd2, 0xd9, 0xd4, 0xd3, 0xd9, 0xd4, 0xd3, 0xd9, 0xd4, 0xd3,
  0xd9, 0xd4, 0xd2, 0xd9, 0xd4, 0xd3, 0xd9, 0xd4, 0xd3, 0xda, 0xd5, 0xd4,
  0xda, 0xd5, 0xd4, 0xda, 0xd5, 0xd4, 0xda, 0xd4, 0xd2, 0xd9, 0xd3, 0xd2,
  0xd8, 0xd3, 0xd2, 0xd7, 0xd2, 0xd1, 0xd7, 0xd2, 0xd1, 0xd6, 0xd1, 0xd0,
  0xd7, 0xd2, 0xd1, 0xd9, 0xd2, 0xd0, 0xd8, 0xd2, 0xcf, 0xd8, 0xd3, 0xd0,
  0xd8, 0xd3, 0xd3, 0xdc, 0xd8, 0xd2, 0xcc, 0xc7, 0xd6, 0xa9, 0xa6, 0xda,
  0xe1, 0xda, 0xd0, 0xd6, 0xd0, 0xd1, 0xd7, 0xd2, 0xd0, 0xd7, 0xd2, 0xd0,
  0xd8, 0xd1, 0xd1, 0xd8, 0xd1, 0xcf, 0xd8, 0xd1, 0xd0, 0xd8, 0xd1, 0xce,
  0xd8, 0xd1, 0xd0, 0xd7, 0xd1, 0xd1, 0xd7, 0xd1, 0xd1, 0xd7, 0xd2, 0xd1,
  0xd7, 0xd2, 0xd1, 0xd7, 0xd2, 0xd1, 0xd7, 0xd2, 0xd1, 0xd8, 0xd3, 0xd2,
  0xd8, 0xd3, 0xd1, 0xd8, 0xd3, 0xd1, 0xd7, 0xd2, 0xd2, 0xd8, 0xd2, 0xd2,
  0xd8, 0xd4, 0xd2, 0xd9, 0xcf, 0xd2, 0x3b, 0x33, 0x39, 0x36, 0x35, 0x3a,
  0x24, 0x18, 0x1c, 0x2c, 0x27, 0x2a, 0x53, 0x4e, 0x7e, 0x2f, 0x29, 0x3e,
  0x2e, 0x28, 0x35, 0x39, 0x36, 0x55, 0x6c, 0x74, 0x9b, 0x65, 0x70, 0x96,
  0x20, 0x24, 0x46, 0x6e, 0x71, 0x69, 0xe4, 0xde, 0xdb, 0xd0, 0xcc, 0xcc,
  0xce, 0xcb, 0xcb, 0xcf, 0xcb, 0xca, 0xd1, 0xcc, 0xcb, 0xd5, 0xce, 0xcd,
  0xd6, 0xcf, 0xce, 0xd6, 0xcf, 0xcc, 0xd6, 0xce, 0xcc, 0xd5, 0xce, 0xce,
  0xd6, 0xcf, 0xcd, 0xd6, 0xd0, 0xcd, 0xd6, 0xcf, 0xcd, 0xd5, 0xce, 0xce,
  0xd4, 0xce, 0xcb, 0xd5, 0xd0, 0xce, 0xd5, 0xcf, 0xcf, 0xd5, 0xcf, 0xcd,
  0xd5, 0xcf, 0xcd, 0xd5, 0xcf, 0xcc, 0xd4, 0xcf, 0xce, 0xd5, 0xd0, 0xcf,
  0xd5, 0xcf, 0xcf, 0xd4, 0xcf, 0xce, 0xd5, 0xce, 0xcd, 0xd5, 0xce, 0xce,
  0xd4, 0xcf, 0xce, 0xd4, 0xcf, 0xce, 0xd4, 0xcf, 0xce, 0xd5, 0xce, 0xcd,
  0xd4, 0xce, 0xce, 0xd4, 0xd0, 0xcf, 0xd7, 0xd2, 0xd1, 0xd8, 0xd5, 0xd4,
  0xdb, 0xd8, 0xd7, 0xdf, 0xdc, 0xdb, 0xe1, 0xe0, 0xdf, 0xe3, 0xe1, 0xe1,
  0xe5, 0xe4, 0xe3, 0xe5, 0xe3, 0xe4, 0xee, 0xec, 0xe6, 0xb2, 0xa7, 0xe0,
  0xda, 0xd4, 0xd3, 0xda, 0xd3, 0xd3, 0xd9, 0xd4, 0xd3, 0xde, 0xd9, 0xd2,
  0xc9, 0xc6, 0xd5, 0xb9, 0xb5, 0xd7, 0xe1, 0xdb, 0xd2, 0xd9, 0xd4, 0xd4,
  0xda, 0xd5, 0xd4, 0xda, 0xd5, 0xd2, 0xda, 0xd5, 0xd3, 0xd9, 0xd4, 0xd2,
  0xd9, 0xd3, 0xd3, 0xda, 0xd3, 0xd3, 0xd9, 0xd4, 0xd2, 0xd9, 0xd4, 0xd3,
  0xda, 0xd5, 0xd4, 0xda, 0xd5, 0xd3, 0xd9, 0xd4, 0xd3, 0xd9, 0xd4, 0xd2,
  0xda, 0xd5, 0xd3, 0xd9, 0xd4, 0xd3, 0xda, 0xd4, 0xd4, 0xda, 0xd5, 0xd4,
  0xd9, 0xd4, 0xd2, 0xd8, 0xd3, 0xd1, 0xd9, 0xd4, 0xd3, 0xd8, 0xd3, 0xd2,
  0xd8, 0xd3, 0xd2, 0xd8, 0xd3, 0xd2, 0xd7, 0xd2, 0xd2, 0xd8, 0xd3, 0xd1,
  0xd8, 0xd3, 0xd1, 0xd8, 0xd3, 0xd1, 0xd7, 0xd2, 0xd2, 0xd7, 0xd2, 0xd2,
  0xd8, 0xd2, 0xd1, 0xd8, 0xd3, 0xd0, 0xda, 0xd5, 0xd2, 0xda, 0xd5, 0xd4,
  0xda, 0xd5, 0xd4, 0xda, 0xd5, 0xd4, 0xd9, 0xd4, 0xd3, 0xd8, 0xd3, 0xd2,
  0xd8, 0xd3, 0xd2, 0xd8, 0xd3, 0xd1, 0xd7, 0xd2, 0xd1, 0xd8, 0xd3, 0xd2,
  0xd9, 0xd4, 0xd3, 0xdc, 0xd7, 0xd2, 0xcb, 0xc6, 0xd5, 0xa9, 0xa5, 0xda,
  0xdf, 0xda, 0xd2, 0xd7, 0xd1, 0xd2, 0xd8, 0xd3, 0xd1, 0xd8, 0xd3, 0xd2,
  0xd7, 0xd2, 0xd2, 0xd8, 0xd1, 0xd0, 0xd7, 0xd0, 0xcf, 0xd7, 0xd1, 0xd0,
  0xd8, 0xd1, 0xd0, 0xd7, 0xd0, 0xd0, 0xd7, 0xd0, 0xcf, 0xd6, 0xd1, 0xd0,
  0xd6, 0xd1, 0xd0, 0xd6, 0xd1, 0xd0, 0xd6, 0xd1, 0xd0, 0xd5, 0xd0, 0xcf,
  0xd6, 0xd1, 0xce, 0xd7, 0xd2, 0xd1, 0xd7, 0xd2, 0xd1, 0xd7, 0xd2, 0xd1,
  0xd5, 0xd0, 0xcf, 0xe0, 0xdb, 0xd9, 0xa5, 0x9b, 0xa0, 0x95, 0x9c, 0xb0,
  0x6a, 0x6d, 0x9d, 0x58, 0x61, 0x8e, 0x5f, 0x60, 0xa0, 0x40, 0x42, 0x81,
  0x50, 0x5b, 0x95, 0x61, 0x6a, 0xa5, 0x6b, 0x76, 0x9e, 0x57, 0x65, 0x86,
  0x33, 0x3e, 0x5f, 0x7c, 0x82, 0x8c, 0xb8, 0xbc, 0xbf, 0xb5, 0xb5, 0xbb,
  0xc9, 0xc6, 0xc7, 0xd2, 0xcc, 0xcb, 0xd2, 0xcc, 0xcc, 0xcf, 0xca, 0xca,
  0xd5, 0xd0, 0xce, 0xd5, 0xd0, 0xce, 0xd5, 0xd0, 0xcf, 0xd5, 0xd0, 0xcf,
  0xd6, 0xd0, 0xcf, 0xd7, 0xd0, 0xce, 0xd6, 0xd0, 0xce, 0xd4, 0xce, 0xce,
  0xd4, 0xcd, 0xcc, 0xd5, 0xcf, 0xce, 0xd4, 0xcf, 0xce, 0xd6, 0xce, 0xcc,
  0xd5, 0xcd, 0xcb, 0xd4, 0xcf, 0xcc, 0xd4, 0xcf, 0xcd, 0xd5, 0xce, 0xcd,
  0xd5, 0xcd, 0xcd, 0xd3, 0xce, 0xcd, 0xd5, 0xcc, 0xcd, 0xd5, 0xce, 0xce,
  0xd4, 0xcf, 0xce, 0xd4, 0xcf, 0xce, 0xd4, 0xcf, 0xce, 0xd6, 0xcf, 0xcf,
  0xd7, 0xcf, 0xcf, 0xd4, 0xcf, 0xce, 0xd4, 0xcf, 0xce, 0xd4, 0xce, 0xcd,
  0xd3, 0xce, 0xcd, 0xd2, 0xcd, 0xcc, 0xd3, 0xcd, 0xcc, 0xd4, 0xcd, 0xcd,
  0xd6, 0xd0, 0xcf, 0xd6, 0xd1, 0xd2, 0xe3, 0xe0, 0xd6, 0x9c, 0x8e, 0xdd,
  0xd8, 0xd2, 0xcf, 0xd9, 0xd3, 0xd0, 0xd9, 0xd2, 0xd2, 0xdd, 0xd8, 0xd2,
  0xc8, 0xc5, 0xd3, 0xbb, 0xb6, 0xd5, 0xde, 0xd9, 0xd2, 0xd9, 0xd4, 0xd4,
  0xd9, 0xd4, 0xd2, 0xda, 0xd4, 0xd1, 0xda, 0xd5, 0xd2, 0xda, 0xd5, 0xd2,
  0xda, 0xd5, 0xd3, 0xda, 0xd5, 0xd4, 0xda, 0xd5, 0xd4, 0xdb, 0xd6, 0xd5,
  0xdb, 0xd6, 0xd5, 0xdb, 0xd6, 0xd5, 0xdb, 0xd5, 0xd5, 0xda, 0xd5, 0xd4,
  0xda, 0xd5, 0xd4, 0xdb, 0xd6, 0xd5, 0xda, 0xd5, 0xd4, 0xda, 0xd5, 0xd4,
  0xda, 0xd5, 0xd4, 0xda, 0xd5, 0xd4, 0xd9, 0xd4, 0xd3, 0xd8, 0xd3, 0xd2,
  0xd8, 0xd3, 0xd2, 0xd7, 0xd2, 0xd1, 0xd8, 0xd3, 0xd2, 0xd8, 0xd3, 0xd2,
  0xd9, 0xd4, 0xd3, 0xd8, 0xd3, 0xd3, 0xd8, 0xd3, 0xd1, 0xd8, 0xd3, 0xd1,
  0xd8, 0xd3, 0xd0, 0xd8, 0xd3, 0xd0, 0xd9, 0xd4, 0xd2, 0xda, 0xd5, 0xd3,
  0xda, 0xd5, 0xd4, 0xda, 0xd5, 0xd4, 0xd9, 0xd4, 0xd3, 0xda, 0xd5, 0xd4,
  0xda, 0xd5, 0xd3, 0xd8, 0xd3, 0xd2, 0xd9, 0xd4, 0xd3, 0xd8, 0xd3, 0xd2,
  0xd7, 0xd2, 0xd2, 0xdb, 0xd6, 0xd1, 0xcb, 0xc6, 0xd4, 0xa8, 0xa5, 0xda,
  0xde, 0xda, 0xd2, 0xd6, 0xd1, 0xd2, 0xd9, 0xd4, 0xd3, 0xd9, 0xd4, 0xd3,
  0xd9, 0xd4, 0xd3, 0xd8, 0xd3, 0xd3, 0xd9, 0xd4, 0xd3, 0xd9, 0xd4, 0xd3,
  0xd8, 0xd3, 0xd2, 0xd8, 0xd3, 0xd2, 0xd8, 0xd3, 0xd2, 0xd7, 0xd2, 0xd1,
  0xd7, 0xd2, 0xd1, 0xd7, 0xd2, 0xd1, 0xd7, 0xd2, 0xd1, 0xd8, 0xd3, 0xd2,
  0xd8, 0xd2, 0xd2, 0xd8, 0xd3, 0xd2, 0xd8, 0xd3, 0xd2, 0xd8, 0xd3, 0xd2,
  0xd8, 0xd3, 0xd2, 0xd4, 0xcf, 0xcf, 0xe2, 0xdc, 0xd7, 0xca, 0xca, 0xd6,
  0x72, 0x83, 0xb6, 0x5a, 0x6c, 0x9d, 0x54, 0x5c, 0x92, 0x52, 0x5a, 0x88,
  0x4a, 0x59, 0x7f, 0x56, 0x67, 0x90, 0x54, 0x5f, 0x87, 0x23, 0x29, 0x40,
  0x1a, 0x20, 0x28, 0x1d, 0x26, 0x5e, 0x7f, 0x89, 0xaa, 0xe4, 0xdf, 0xd4,
  0xd5, 0xd0, 0xd0, 0xd8, 0xd3, 0xd2, 0xd7, 0xd2, 0xd2, 0xd7, 0xd2, 0xd1,
  0xd6, 0xd0, 0xcf, 0xd7, 0xd1, 0xd1, 0xd6, 0xd1, 0xd0, 0xd6, 0xd1, 0xd0,
  0xd6, 0xd2, 0xd1, 0xd6, 0xd0, 0xd0, 0xd6, 0xd2, 0xd1, 0xd7, 0xd2, 0xd1,
  0xd6, 0xd2, 0xd1, 0xd5, 0xd0, 0xd0, 0xd5, 0xd0, 0xcf, 0xd5, 0xd0, 0xcf,
  0xd5, 0xce, 0xce, 0xd5, 0xcf, 0xcf, 0xd5, 0xd0, 0xcf, 0xd4, 0xcf, 0xce,
  0xd5, 0xd0, 0xcf, 0xd6, 0xd1, 0xd0, 0xd6, 0xd1, 0xd0, 0xd5, 0xd0, 0xcf,
  0xd5, 0xd0, 0xcf, 0xd4, 0xcf, 0xce, 0xd4, 0xce, 0xce, 0xd4, 0xcd, 0xcd,
  0xd5, 0xcc, 0xcc, 0xd4, 0xcd, 0xcd, 0xd3, 0xce, 0xcd, 0xd5, 0xcd, 0xcd,
  0xd4, 0xce, 0xcd, 0xd3, 0xce, 0xcd, 0xd3, 0xcd, 0xcc, 0xd3, 0xcd, 0xcc,
  0xd3, 0xcb, 0xcb, 0xd1, 0xca, 0xcb, 0xda, 0xd5, 0xcc, 0x9f, 0x8d, 0xd6,
  0xd9, 0xd3, 0xd1, 0xd8, 0xd3, 0xd2, 0xd8, 0xd2, 0xd1, 0xde, 0xd7, 0xcf,
  0xc8, 0xc4, 0xd3, 0xbd, 0xb7, 0xd5, 0xdf, 0xda, 0xd3, 0xd8, 0xd3, 0xd3,
  0xd9, 0xd4, 0xd3, 0xda, 0xd4, 0xd3, 0xd9, 0xd3, 0xd1, 0xd9, 0xd4, 0xd1,
  0xd9, 0xd3, 0xd1, 0xd9, 0xd4, 0xd2, 0xd9, 0xd4, 0xd3, 0xd9, 0xd4, 0xd3,
  0xd9, 0xd4, 0xd3, 0xda, 0xd5, 0xd4, 0xda, 0xd5, 0xd4, 0xda, 0xd5, 0xd3,
  0xdb, 0xd6, 0xd5, 0xdb, 0xd6, 0xd4, 0xda, 0xd5, 0xd2, 0xd9, 0xd4, 0xd2,
  0xda, 0xd5, 0xd3, 0xd9, 0xd4, 0xd2, 0xd9, 0xd4, 0xd3, 0xd9, 0xd4, 0xd3,
  0xda, 0xd5, 0xd4, 0xd9, 0xd4, 0xd3, 0xd9, 0xd4, 0xd3, 0xda, 0xd5, 0xd4,
  0xda, 0xd5, 0xd3, 0xda, 0xd5, 0xd4, 0xd9, 0xd4, 0xd3, 0xda, 0xd5, 0xd4,
  0xdb, 0xd6, 0xd4, 0xda, 0xd5, 0xd3, 0xd9, 0xd4, 0xd1, 0xd9, 0xd4, 0xd0,
  0xd9, 0xd4, 0xd1, 0xd9, 0xd4, 0xd1, 0xd8, 0xd3, 0xd1, 0xd9, 0xd4, 0xd3,
  0xd9, 0xd4, 0xd2, 0xd9, 0xd4, 0xd1, 0xd9, 0xd4, 0xd1, 0xd9, 0xd4, 0xd1,
  0xd8, 0xd3, 0xd1, 0xdc, 0xd6, 0xd1, 0xcb, 0xc6, 0xd4, 0xa7, 0xa4, 0xd9,
  0xdf, 0xd9, 0xd1, 0xd5, 0xd0, 0xd1, 0xd8, 0xd3, 0xd2, 0xd8, 0xd3, 0xd2,
  0xd7, 0xd2, 0xd1, 0xd8, 0xd3, 0xd2, 0xd9, 0xd4, 0xd3, 0xd8, 0xd3, 0xd2,
  0xd8, 0xd3, 0xd2, 0xd9, 0xd4, 0xd3, 0xd9, 0xd4, 0xd3, 0xd9, 0xd3, 0xd3,
  0xd9, 0xd4, 0xd3, 0xd9, 0xd4, 0xd3, 0xd8, 0xd3, 0xd2, 0xd8, 0xd4, 0xd3,
  0xd8, 0xd3, 0xd2, 0xd8, 0xd3, 0xd2, 0xd9, 0xd4, 0xd3, 0xd9, 0xd4, 0xd3,
  0xd9, 0xd4, 0xd3, 0xda, 0xd5, 0xd3, 0xd6, 0xd0, 0xd1, 0x69, 0x74, 0x83,
  0x83, 0x9b, 0xbb, 0x60, 0x6f, 0x98, 0x59, 0x5e, 0x87, 0x48, 0x4f, 0x7b,
  0x43, 0x4d, 0x78, 0x56, 0x64, 0x8e, 0x45, 0x4d, 0x6b, 0x1c, 0x23, 0x32,
  0x34, 0x39, 0x5b, 0x27, 0x29, 0x6c, 0x2b, 0x28, 0x8a, 0xa1, 0xa5, 0xba,
  0xde, 0xd9, 0xd5, 0xd6, 0xd1, 0xd1, 0xd8, 0xd3, 0xd1, 0xd7, 0xd2, 0xd1,
  0xd6, 0xd2, 0xd0, 0xd6, 0xd1, 0xd0, 0xd7, 0xd2, 0xd1, 0xd5, 0xd0, 0xcf,
  0xd5, 0xcf, 0xce, 0xd6, 0xd0, 0xce, 0xd5, 0xd0, 0xd0, 0xd6, 0xd1, 0xd0,
  0xd6, 0xd1, 0xcf, 0xd6, 0xd0, 0xcf, 0xd6, 0xd0, 0xcf, 0xd5, 0xd0, 0xcf,
  0xd6, 0xcf, 0xcf, 0xd5, 0xcf, 0xcf, 0xd5, 0xd0, 0xcf, 0xd6, 0xd0, 0xcf,
  0xd6, 0xd1, 0xd0, 0xd7, 0xd2, 0xd1, 0xd6, 0xd1, 0xd0, 0xd5, 0xd0, 0xcf,
  0xd5, 0xd0, 0xcf, 0xd6, 0xd1, 0xd0, 0xd5, 0xd0, 0xcf, 0xd5, 0xd1, 0xd0,
  0xd5, 0xcf, 0xce, 0xd5, 0xce, 0xcd, 0xd4, 0xcd, 0xcd, 0xd5, 0xcc, 0xcc,
  0xd4, 0xcc, 0xcc, 0xd4, 0xcd, 0xcc, 0xd4, 0xcd, 0xcd, 0xd4, 0xce, 0xce,
  0xd4, 0xce, 0xcd, 0xd2, 0xcd, 0xcd, 0xdc, 0xd7, 0xcd, 0xaa, 0x96, 0xd6,
  0xd9, 0xd5, 0xd2, 0xd9, 0xd4, 0xd2, 0xd8, 0xd3, 0xd1, 0xde, 0xd8, 0xd2,
  0xc6, 0xc2, 0xd4, 0xbe, 0xba, 0xd6, 0xdf, 0xda, 0xd3, 0xd9, 0xd4, 0xd4,
  0xda, 0xd5, 0xd4, 0xdb, 0xd6, 0xd4, 0xdb, 0xd6, 0xd4, 0xdb, 0xd6, 0xd3,
  0xda, 0xd5, 0xd2, 0xdb, 0xd6, 0xd3, 0xdb, 0xd6, 0xd5, 0xdb, 0xd6, 0xd5,
  0xda, 0xd5, 0xd4, 0xda, 0xd5, 0xd5, 0xda, 0xd5, 0xd4, 0xdb, 0xd6, 0xd5,
  0xdb, 0xd6, 0xd4, 0xda, 0xd5, 0xd2, 0xd9, 0xd4, 0xd3, 0xd8, 0xd3, 0xd1,
  0xd7, 0xd2, 0xd0, 0xd9, 0xd4, 0xd1, 0xd8, 0xd3, 0xd1, 0xd9, 0xd4, 0xd3,
  0xda, 0xd5, 0xd4, 0xd9, 0xd4, 0xd3, 0xd9, 0xd4, 0xd3, 0xda, 0xd5, 0xd4,
  0xd9, 0xd4, 0xd2, 0xda, 0xd5, 0xd4, 0xda, 0xd5, 0xd3, 0xd9, 0xd4, 0xd1,
  0xda, 0xd5, 0xd4, 0xda, 0xd5, 0xd4, 0xd9, 0xd4, 0xd3, 0xd9, 0xd4, 0xd3,
  0xd9, 0xd4, 0xd2, 0xd9, 0xd4, 0xd3, 0xd9, 0xd4, 0xd3, 0xd9, 0xd4, 0xd3,
  0xd8, 0xd3, 0xd3, 0xd8, 0xd3, 0xd1, 0xd8, 0xd3, 0xd0, 0xd8, 0xd3, 0xd2,
  0xd8, 0xd3, 0xd2, 0xda, 0xd5, 0xd0, 0xcc, 0xc7, 0xd5, 0xa7, 0xa5, 0xda,
  0xdf, 0xd9, 0xd3, 0xd7, 0xd2, 0xd1, 0xd8, 0xd3, 0xd1, 0xd8, 0xd3, 0xd2,
  0xd8, 0xd3, 0xd1, 0xd9, 0xd4, 0xd1, 0xd9, 0xd4, 0xd3, 0xd9, 0xd4, 0xd3,
  0xd8, 0xd3, 0xd2, 0xd9, 0xd4, 0xd3, 0xd9, 0xd4, 0xd3, 0xd9, 0xd4, 0xd3,
  0xd8, 0xd3, 0xd1, 0xd8, 0xd3, 0xd2, 0xd8, 0xd2, 0xd2, 0xd9, 0xd3, 0xd2,
  0xd9, 0xd4, 0xd3, 0xd8, 0xd3, 0xd2, 0xd8, 0xd3, 0xd2, 0xd8, 0xd4, 0xd2,
  0xd6, 0xd1, 0xd1, 0xe0, 0xd7, 0xd5, 0xa1, 0xaa, 0xbd, 0x0e, 0x1c, 0x37,
  0x6e, 0x86, 0x97, 0x7f, 0x96, 0xc2, 0x5e, 0x67, 0x9e, 0x63, 0x69, 0x98,
  0x78, 0x7e, 0x99, 0x76, 0x7b, 0x8e, 0x31, 0x3a, 0x49, 0x31, 0x33, 0x59,
  0x23, 0x15, 0x89, 0x21, 0x15, 0x8a, 0x1c, 0x11, 0x89, 0x66, 0x6b, 0xa1,
  0xe8, 0xe2, 0xd7, 0xd3, 0xcd, 0xcf, 0xd6, 0xd1, 0xd0, 0xd7, 0xd2, 0xd1,
  0xd6, 0xd1, 0xd0, 0xd6, 0xd1, 0xd0, 0xd7, 0xd0, 0xd0, 0xd5, 0xd0, 0xcf,
  0xd5, 0xd0, 0xcf, 0xd6, 0xd1, 0xd0, 0xd6, 0xd1, 0xd0, 0xd5, 0xd0, 0xcf,
  0xd4, 0xcf, 0xcd, 0xd4, 0xcf, 0xce, 0xd5, 0xd0, 0xcf, 0xd4, 0xcf, 0xce,
  0xd5, 0xd0, 0xcf, 0xd5, 0xd0, 0xcf, 0xd6, 0xd1, 0xd0, 0xd6, 0xd1, 0xd0,
  0xd6, 0xd0, 0xd0, 0xd6, 0xd1, 0xd0, 0xd6, 0xd1, 0xd0, 0xd6, 0xd1, 0xd0,
  0xd5, 0xd1, 0xcf, 0xd4, 0xd0, 0xcf, 0xd4, 0xcf, 0xce, 0xd5, 0xd0, 0xcf,
  0xd6, 0xd1, 0xd0, 0xd5, 0xd0, 0xcf, 0xd5, 0xcf, 0xce, 0xd4, 0xcd, 0xcd,
  0xd4, 0xcd, 0xcd, 0xd4, 0xcd, 0xcd, 0xd4, 0xcd, 0xcd, 0xd3, 0xcf, 0xcd,
  0xd4, 0xce, 0xcd, 0xd2, 0xcc, 0xce, 0xda, 0xd5, 0xcc, 0xb2, 0xa0, 0xd6,
  0xda, 0xd4, 0xd1, 0xd9, 0xd4, 0xd1, 0xd9, 0xd4, 0xd2, 0xdd, 0xd8, 0xd1,
  0xc4, 0xc0, 0xd5, 0xc0, 0xbb, 0xd5, 0xdf, 0xd9, 0xd3, 0xd9, 0xd4, 0xd4,
  0xda, 0xd5, 0xd4, 0xda, 0xd5, 0xd3, 0xda, 0xd5, 0xd3, 0xdb, 0xd5, 0xd5,
  0xdb, 0xd6, 0xd4, 0xda, 0xd5, 0xd2, 0xdb, 0xd6, 0xd5, 0xdb, 0xd5, 0xd5,
  0xdb, 0xd6, 0xd4, 0xdb, 0xd6, 0xd4, 0xda, 0xd5, 0xd4, 0xdb, 0xd6, 0xd5,
  0xdb, 0xd6, 0xd4, 0xda, 0xd5, 0xd2, 0xd9, 0xd4, 0xd3, 0xd8, 0xd3, 0xd3,
  0xd9, 0xd4, 0xd3, 0xda, 0xd5, 0xd3, 0xd9, 0xd4, 0xd1, 0xd9, 0xd4, 0xd3,
  0xd9, 0xd4, 0xd3, 0xd9, 0xd4, 0xd1, 0xd9, 0xd4, 0xd2, 0xd9, 0xd4, 0xd3,
  0xd9, 0xd4, 0xd3, 0xd9, 0xd4, 0xd3, 0xd9, 0xd5, 0xd2, 0xda, 0xd5, 0xd4,
  0xda, 0xd5, 0xd4, 0xd9, 0xd4, 0xd3, 0xda, 0xd5, 0xd4, 0xd9, 0xd4, 0xd3,
  0xd9, 0xd4, 0xd2, 0xd9, 0xd4, 0xd3, 0xda, 0xd5, 0xd2, 0xd9, 0xd4, 0xd2,
  0xd9, 0xd4, 0xd3, 0xd9, 0xd4, 0xd3, 0xd9, 0xd4, 0xd3, 0xda, 0xd5, 0xd4,
  0xd8, 0xd3, 0xd3, 0xdc, 0xd7, 0xd2, 0xcd, 0xc8, 0xd5, 0xa7, 0xa5, 0xda,
  0xe0, 0xda, 0xd3, 0xd7, 0xd2, 0xd2, 0xd8, 0xd3, 0xd2, 0xd9, 0xd4, 0xd3,
  0xd9, 0xd4, 0xd3, 0xda, 0xd5, 0xd3, 0xda, 0xd5, 0xd4, 0xda, 0xd5, 0xd4,
  0xd9, 0xd4, 0xd3, 0xd9, 0xd4, 0xd3, 0xd9, 0xd4, 0xd3, 0xd9, 0xd4, 0xd3,
  0xd8, 0xd3, 0xd2, 0xd9, 0xd4, 0xd3, 0xd8, 0xd3, 0xd2, 0xd8, 0xd3, 0xd2,
  0xd9, 0xd4, 0xd3, 0xd9, 0xd4, 0xd3, 0xd9, 0xd4, 0xd3, 0xd9, 0xd4, 0xd3,
  0xda, 0xd4, 0xd2, 0xd4, 0xd3, 0xd4, 0x53, 0x6b, 0x8a, 0x12, 0x1a, 0x2b,
  0x59, 0x70, 0x82, 0xa4, 0xb3, 0xca, 0xa1, 0xa9, 0xbb, 0xa5, 0xb0, 0xb5,
  0x9e, 0xa5, 0xad, 0x3d, 0x49, 0x5e, 0x23, 0x2f, 0x40, 0x2c, 0x23, 0x82,
  0x0e, 0x00, 0x89, 0x17, 0x04, 0x86, 0x10, 0x00, 0x83, 0x4f, 0x4a, 0x93,
  0xc0, 0xc3, 0xc4, 0xdc, 0xd7, 0xd2, 0xdb, 0xd4, 0xd2, 0xd2, 0xcd, 0xce,
  0xd6, 0xd1, 0xd0, 0xd6, 0xd1, 0xd0, 0xd7, 0xd1, 0xd0, 0xd6, 0xd1, 0xd0,
  0xd6, 0xd1, 0xd0, 0xd7, 0xd2, 0xd1, 0xd7, 0xd2, 0xd1, 0xd6, 0xd1, 0xd0,
  0xd6, 0xd1, 0xd0, 0xd6, 0xd0, 0xcf, 0xd5, 0xcf, 0xce, 0xd5, 0xd0, 0xcf,
  0xd5, 0xd0, 0xcf, 0xd5, 0xd0, 0xcf, 0xd7, 0xd1, 0xd0, 0xd7, 0xd1, 0xd0,
  0xd6, 0xd1, 0xd0, 0xd5, 0xd0, 0xcf, 0xd6, 0xd1, 0xd0, 0xd5, 0xd0, 0xcf,
  0xd6, 0xd1, 0xd0, 0xd6, 0xd1, 0xd0, 0xd5, 0xd1, 0xd0, 0xd5, 0xd0, 0xcf,
  0xd5, 0xd0, 0xcf, 0xd5, 0xd0, 0xcf, 0xd6, 0xd0, 0xcf, 0xd5, 0xd0, 0xcf,
  0xd5, 0xd0, 0xcf, 0xd3, 0xcf, 0xce, 0xd3, 0xce, 0xcd, 0xd4, 0xcf, 0xce,
  0xd4, 0xcd, 0xcd, 0xd3, 0xcb, 0xcc, 0xd8, 0xd4, 0xcc, 0xbb, 0xa8, 0xd3,
  0xdb, 0xd3, 0xd0, 0xda, 0xd4, 0xd1, 0xd8, 0xd3, 0xd2, 0xdd, 0xd8, 0xd0,
  0xc2, 0xbe, 0xd4, 0xc2, 0xbc, 0xd5, 0xde, 0xda, 0xd3, 0xd8, 0xd3, 0xd2,
  0xd9, 0xd4, 0xd1, 0xd9, 0xd4, 0xd2, 0xda, 0xd5, 0xd3, 0xda, 0xd5, 0xd4,
  0xda, 0xd5, 0xd3, 0xda, 0xd5, 0xd2, 0xda, 0xd5, 0xd2, 0xda, 0xd5, 0xd4,
  0xda, 0xd5, 0xd3, 0xd9, 0xd4, 0xd2, 0xd8, 0xd3, 0xd3, 0xd9, 0xd4, 0xd3,
  0xd8, 0xd3, 0xd0, 0xd8, 0xd3, 0xd0, 0xd9, 0xd4, 0xd3, 0xd9, 0xd4, 0xd3,
  0xda, 0xd5, 0xd4, 0xda, 0xd5, 0xd4, 0xdb, 0xd6, 0xd4, 0xda, 0xd5, 0xd4,
  0xda, 0xd5, 0xd4, 0xda, 0xd5, 0xd3, 0xdb, 0xd6, 0xd3, 0xdb, 0xd6, 0xd5,
  0xdb, 0xd6, 0xd5, 0xda, 0xd5, 0xd4, 0xda, 0xd5, 0xd4, 0xda, 0xd5, 0xd4,
  0xda, 0xd5, 0xd4, 0xd9, 0xd5, 0xd3, 0xda, 0xd5, 0xd4, 0xda, 0xd5, 0xd4,
  0xda, 0xd5, 0xd4, 0xda, 0xd5, 0xd4, 0xd9, 0xd4, 0xd2, 0xd9, 0xd4, 0xd2,
  0xda, 0xd5, 0xd4, 0xd9, 0xd4, 0xd3, 0xd9, 0xd4, 0xd3, 0xda, 0xd5, 0xd4,
  0xd9, 0xd5, 0xd4, 0xdd, 0xd7, 0xd3, 0xce, 0xc8, 0xd5, 0xa8, 0xa6, 0xda,
  0xe0, 0xdb, 0xd3, 0xd7, 0xd2, 0xd3, 0xd8, 0xd3, 0xd2, 0xd8, 0xd3, 0xd2,
  0xd9, 0xd4, 0xd3, 0xd9, 0xd4, 0xd3, 0xd9, 0xd4, 0xd3, 0xd8, 0xd3, 0xd2,
  0xd9, 0xd4, 0xd3, 0xd9, 0xd4, 0xd3, 0xd9, 0xd4, 0xd3, 0xd9, 0xd5, 0xd4,
  0xd9, 0xd4, 0xd3, 0xd9, 0xd4, 0xd3, 0xd9, 0xd4, 0xd3, 0xd9, 0xd4, 0xd3,
  0xd9, 0xd4, 0xd3, 0xd9, 0xd4, 0xd3, 0xd9, 0xd4, 0xd3, 0xda, 0xd4, 0xd3,
  0xd6, 0xd0, 0xcf, 0xac, 0xb7, 0xc4, 0x2d, 0x3f, 0x5e, 0x50, 0x5b, 0x66,
  0xa2, 0xb5, 0xc7, 0xb2, 0xbc, 0xc1, 0xa8, 0xb3, 0xbb, 0xa6, 0xb2, 0xbb,
  0x6d, 0x77, 0x8d, 0x19, 0x2a, 0x3f, 0x27, 0x34, 0x5a, 0x11, 0x05, 0x85,
  0x0f, 0x01, 0x81, 0x12, 0x02, 0x74, 0x12, 0x01, 0x6d, 0x18, 0x05, 0x7f,
  0x19, 0x0d, 0x83, 0x6b, 0x6a, 0xa6, 0xcf, 0xd0, 0xcd, 0xe5, 0xe0, 0xd5,
  0xda, 0xd3, 0xd2, 0xd5, 0xd0, 0xd1, 0xd7, 0xd2, 0xd1, 0xd7, 0xd2, 0xd1,
  0xd7, 0xd2, 0xd1, 0xd6, 0xd1, 0xd0, 0xd6, 0xd1, 0xd0, 0xd5, 0xd0, 0xcf,
  0xd6, 0xd1, 0xd0, 0xd6, 0xcf, 0xcf, 0xd5, 0xd0, 0xcf, 0xd5, 0xd1, 0xd0,
  0xd5, 0xd0, 0xcf, 0xd5, 0xd0, 0xcf, 0xd5, 0xcf, 0xce, 0xd6, 0xcf, 0xcc,
  0xd5, 0xce, 0xce, 0xd5, 0xce, 0xce, 0xd4, 0xcf, 0xce, 0xd4, 0xcf, 0xce,
  0xd5, 0xce, 0xce, 0xd5, 0xcf, 0xce, 0xd5, 0xd0, 0xcf, 0xd5, 0xd0, 0xcf,
  0xd5, 0xd0, 0xcf, 0xd6, 0xd0, 0xd0, 0xd5, 0xd0, 0xcf, 0xd5, 0xd0, 0xcf,
  0xd6, 0xd1, 0xd0, 0xd6, 0xd1, 0xd0, 0xd4, 0xcf, 0xce, 0xd4, 0xce, 0xcd,
  0xd3, 0xce, 0xcd, 0xd3, 0xcd, 0xcd, 0xd6, 0xd3, 0xcc, 0xc4, 0xb3, 0xd5,
  0xda, 0xd4, 0xd2, 0xd9, 0xd4, 0xd1, 0xd8, 0xd4, 0xd3, 0xe0, 0xda, 0xd4,
  0xc0, 0xbe, 0xd7, 0xc4, 0xbf, 0xd5, 0xdf, 0xda, 0xd4, 0xd9, 0xd4, 0xd4,
  0xda, 0xd5, 0xd2, 0xda, 0xd5, 0xd2, 0xda, 0xd5, 0xd2, 0xda, 0xd5, 0xd1,
  0xda, 0xd5, 0xd2, 0xdb, 0xd6, 0xd3, 0xda, 0xd5, 0xd1, 0xd9, 0xd4, 0xd2,
  0xda, 0xd5, 0xd2, 0xd9, 0xd4, 0xd2, 0xdb, 0xd6, 0xd5, 0xda, 0xd5, 0xd4,
  0xda, 0xd5, 0xd4, 0xda, 0xd5, 0xd3, 0xda, 0xd5, 0xd2, 0xda, 0xd5, 0xd3,
  0xda, 0xd5, 0xd4, 0xdb, 0xd6, 0xd5, 0xdc, 0xd7, 0xd6, 0xdc, 0xd7, 0xd6,
  0xdd, 0xd8, 0xd7, 0xdc, 0xd7, 0xd7, 0xdd, 0xd7, 0xd7, 0xdc, 0xd7, 0xd6,
  0xdc, 0xd7, 0xd6, 0xdd, 0xd8, 0xd7, 0xdc, 0xd7, 0xd6, 0xdb, 0xd7, 0xd5,
  0xdb, 0xd6, 0xd5, 0xdb, 0xd6, 0xd5, 0xdb, 0xd6, 0xd5, 0xdb, 0xd6, 0xd4,
  0xdb, 0xd6, 0xd5, 0xda, 0xd5, 0xd4, 0xd9, 0xd4, 0xd3, 0xd9, 0xd4, 0xd3,
  0xda, 0xd4, 0xd3, 0xda, 0xd4, 0xd3, 0xda, 0xd5, 0xd4, 0xd9, 0xd4, 0xd3,
  0xd9, 0xd3, 0xd3, 0xdc, 0xd6, 0xd2, 0xcd, 0xc6, 0xd5, 0xa8, 0xa5, 0xda,
  0xe0, 0xda, 0xd3, 0xd8, 0xd2, 0xd3, 0xda, 0xd4, 0xd3, 0xd9, 0xd4, 0xd3,
  0xd9, 0xd4, 0xd3, 0xda, 0xd5, 0xd4, 0xda, 0xd5, 0xd4, 0xda, 0xd5, 0xd3,
  0xda, 0xd5, 0xd4, 0xd9, 0xd4, 0xd3, 0xda, 0xd5, 0xd4, 0xd9, 0xd4, 0xd3,
  0xd9, 0xd4, 0xd3, 0xd9, 0xd4, 0xd3, 0xd9, 0xd4, 0xd3, 0xd9, 0xd4, 0xd3,
  0xd9, 0xd4, 0xd3, 0xd8, 0xd3, 0xd2, 0xd9, 0xd4, 0xd3, 0xd9, 0xd4, 0xd3,
  0xd6, 0xd1, 0xd0, 0xae, 0xb7, 0xc7, 0x1e, 0x2e, 0x46, 0x6c, 0x75, 0x74,
  0xd5, 0xde, 0xe6, 0xaf, 0xb7, 0xc1, 0xb0, 0xba, 0xc2, 0x9e, 0xaa, 0xb6,
  0x25, 0x35, 0x54, 0x28, 0x2e, 0x52, 0x24, 0x25, 0x77, 0x0a, 0x02, 0x74,
  0x11, 0x00, 0x71, 0x13, 0x01, 0x6b, 0x16, 0x01, 0x7e, 0x17, 0x01, 0x84,
  0x1c, 0x01, 0x88, 0x16, 0x00, 0x87, 0x33, 0x2b, 0x95, 0x83, 0x85, 0xb5,
  0xd0, 0xd0, 0xce, 0xe4, 0xde, 0xd5, 0xd6, 0xd0, 0xd2, 0xd7, 0xd3, 0xd2,
  0xd9, 0xd4, 0xd3, 0xd8, 0xd3, 0xd2, 0xd8, 0xd3, 0xd2, 0xd7, 0xd2, 0xd1,
  0xd7, 0xd2, 0xd1, 0xd6, 0xd2, 0xd1, 0xd6, 0xd1, 0xd0, 0xd7, 0xd2, 0xd1,
  0xd6, 0xd1, 0xd0, 0xd6, 0xd1, 0xd0, 0xd5, 0xd0, 0xcf, 0xd6, 0xd0, 0xcf,
  0xd5, 0xd0, 0xcf, 0xd5, 0xcf, 0xce, 0xd4, 0xcf, 0xce, 0xd4, 0xcf, 0xce,
  0xd4, 0xcf, 0xce, 0xd5, 0xd0, 0xcf, 0xd5, 0xd0, 0xcf, 0xd5, 0xd0, 0xcf,
  0xd5, 0xd0, 0xcf, 0xd5, 0xd0, 0xcf, 0xd4, 0xcf, 0xce, 0xd5, 0xd0, 0xcf,
  0xd4, 0xcf, 0xce, 0xd4, 0xcf, 0xce, 0xd4, 0xce, 0xce, 0xd6, 0xcd, 0xcd,
  0xd5, 0xcd, 0xcd, 0xd5, 0xcd, 0xcd, 0xd5, 0xd2, 0xcc, 0xca, 0xbb, 0xd3,
  0xd9, 0xd4, 0xd4, 0xd9, 0xd4, 0xd3, 0xd8, 0xd3, 0xd3, 0xde, 0xd8, 0xd1,
  0xbd, 0xba, 0xd5, 0xc5, 0xbf, 0xd4, 0xdd, 0xd7, 0xd2, 0xd8, 0xd3, 0xd3,
  0xd9, 0xd3, 0xd1, 0xd8, 0xd3, 0xd0, 0xd9, 0xd3, 0xd2, 0xd9, 0xd4, 0xd2,
  0xd9, 0xd4, 0xd1, 0xd9, 0xd3, 0xd0, 0xd8, 0xd3, 0xd0, 0xd8, 0xd3, 0xd2,
  0xd9, 0xd4, 0xd3, 0xd9, 0xd4, 0xd3, 0xd9, 0xd4, 0xd3, 0xd9, 0xd3, 0xd1,
  0xda, 0xd4, 0xd3, 0xda, 0xd5, 0xd4, 0xdb, 0xd5, 0xd4, 0xdb, 0xd6, 0xd5,
  0xdb, 0xd6, 0xd5, 0xdb, 0xd6, 0xd5, 0xdb, 0xd6, 0xd5, 0xdc, 0xd6, 0xd5,
  0xdc, 0xd6, 0xd5, 0xdc, 0xd7, 0xd6, 0xdc, 0xd7, 0xd6, 0xdd, 0xd8, 0xd6,
  0xdd, 0xd8, 0xd7, 0xdc, 0xd7, 0xd6, 0xdc, 0xd7, 0xd6, 0xdd, 0xd7, 0xd7,
  0xdc, 0xd7, 0xd6, 0xdc, 0xd7, 0xd7, 0xdc, 0xd8, 0xd7, 0xdc, 0xd7, 0xd7,
  0xdb, 0xd7, 0xd6, 0xdb, 0xd7, 0xd6, 0xdb, 0xd6, 0xd5, 0xdb, 0xd6, 0xd6,
  0xdc, 0xd8, 0xd6, 0xdc, 0xd8, 0xd7, 0xdc, 0xd7, 0xd7, 0xdc, 0xd8, 0xd7,
  0xdc, 0xd8, 0xd7, 0xe0, 0xdb, 0xd6, 0xd0, 0xcb, 0xd8, 0xad, 0xa9, 0xde,
  0xe3, 0xdf, 0xd8, 0xda, 0xd6, 0xd7, 0xdd, 0xd8, 0xd7, 0xdc, 0xd7, 0xd6,
  0xdd, 0xd9, 0xd9, 0xda, 0xd6, 0xd5, 0xdb, 0xd6, 0xd5, 0xdd, 0xd8, 0xd8,
  0xdc, 0xd7, 0xd7, 0xdc, 0xd7, 0xd7, 0xdc, 0xd7, 0xd6, 0xdc, 0xd7, 0xd6,
  0xdc, 0xd6, 0xd6, 0xdb, 0xd6, 0xd5, 0xda, 0xd6, 0xd5, 0xda, 0xd5, 0xd4,
  0xd9, 0xd5, 0xd4, 0xdb, 0xd6, 0xd5, 0xdb, 0xd7, 0xd6, 0xda, 0xd5, 0xd3,
  0xd8, 0xd5, 0xd4, 0x82, 0x93, 0xac, 0x0c, 0x16, 0x2c, 0x52, 0x5e, 0x62,
  0x84, 0x9e, 0xaf, 0x96, 0xa9, 0xb5, 0xb2, 0xbd, 0xc6, 0x5e, 0x6c, 0x80,
  0x13, 0x1a, 0x33, 0x15, 0x13, 0x6a, 0x02, 0x03, 0x6d, 0x05, 0x01, 0x66,
  0x0e, 0x01, 0x6c, 0x13, 0x01, 0x78, 0x18, 0x01, 0x84, 0x19, 0x01, 0x88,
  0x1c, 0x02, 0x8a, 0x20, 0x03, 0x8d, 0x20, 0x01, 0x8e, 0x1e, 0x08, 0x90,
  0x45, 0x3d, 0xa1, 0x9e, 0x9f, 0xbe, 0xdf, 0xdc, 0xd4, 0xd9, 0xd3, 0xd2,
  0xd5, 0xd0, 0xd0, 0xd7, 0xd2, 0xd0, 0xd6, 0xd1, 0xd0, 0xd7, 0xd2, 0xd1,
  0xd7, 0xd2, 0xd1, 0xd7, 0xd2, 0xd1, 0xd7, 0xd2, 0xd1, 0xd7, 0xd2, 0xd1,
  0xd7, 0xd2, 0xd1, 0xd6, 0xd1, 0xd0, 0xd6, 0xd1, 0xd0, 0xd6, 0xd1, 0xd0,
  0xd6, 0xd1, 0xd0, 0xd5, 0xd1, 0xd0, 0xd6, 0xd1, 0xd0, 0xd7, 0xd2, 0xd1,
  0xd6, 0xd1, 0xd0, 0xd6, 0xd1, 0xd0, 0xd5, 0xd0, 0xcf, 0xd6, 0xd1, 0xd0,
  0xd5, 0xd0, 0xcf, 0xd5, 0xd0, 0xcf, 0xd5, 0xd0, 0xcf, 0xd5, 0xd1, 0xcf,
  0xd4, 0xcf, 0xce, 0xd4, 0xcd, 0xcd, 0xd5, 0xcd, 0xcc, 0xd5, 0xcd, 0xcd,
  0xd5, 0xcc, 0xcc, 0xd5, 0xcc, 0xcd, 0xd4, 0xcf, 0xcb, 0xce, 0xc2, 0xd1,
  0xdf, 0xdb, 0xdb, 0xdf, 0xdc, 0xdb, 0xdc, 0xd8, 0xd9, 0xe4, 0xdf, 0xda,
  0xbf, 0xbc, 0xdc, 0xcd, 0xc8, 0xda, 0xe3, 0xdf, 0xda, 0xdc, 0xd8, 0xd8,
  0xdd, 0xd9, 0xd8, 0xdd, 0xd9, 0xd9, 0xdd, 0xd9, 0xd8, 0xde, 0xda, 0xda,
  0xdd, 0xd9, 0xd8, 0xdc, 0xd8, 0xd7, 0xde, 0xda, 0xd9, 0xdc, 0xd8, 0xd6,
  0xdc, 0xd8, 0xd6, 0xdc, 0xd8, 0xd7, 0xdb, 0xd7, 0xd6, 0xdb, 0xd7, 0xd6,
  0xdb, 0xd6, 0xd6, 0xdc, 0xd7, 0xd6, 0xdc, 0xd8, 0xd6, 0xdc, 0xd8, 0xd8,
  0xde, 0xda, 0xd9, 0xde, 0xd9, 0xd9, 0xde, 0xd9, 0xd8, 0xde, 0xd9, 0xd8,
  0xde, 0xda, 0xda, 0xdf, 0xdb, 0xdb, 0xe0, 0xdd, 0xdc, 0xde, 0xdb, 0xda,
  0xdf, 0xdb, 0xda, 0xe1, 0xde, 0xdd, 0xdf, 0xdd, 0xdc, 0xe0, 0xde, 0xde,
  0xdf, 0xdd, 0xdd, 0xe1, 0xdf, 0xdf, 0xe1, 0xde, 0xde, 0xe2, 0xe0, 0xe0,
  0xe0, 0xdc, 0xdc, 0xdf, 0xdb, 0xdb, 0xdf, 0xda, 0xdb, 0xde, 0xda, 0xd9,
  0xdf, 0xdb, 0xda, 0xe0, 0xdd, 0xdd, 0xdd, 0xd8, 0xda, 0xdf, 0xdc, 0xdd,
  0xde, 0xdb, 0xdb, 0xe3, 0xde, 0xdb, 0xd2, 0xcf, 0xde, 0xb1, 0xaf, 0xdf,
  0xe7, 0xe2, 0xdc, 0xdc, 0xd8, 0xda, 0xde, 0xdb, 0xdb, 0xe0, 0xdd, 0xdd,
  0xe0, 0xde, 0xde, 0xde, 0xda, 0xda, 0xde, 0xdb, 0xdb, 0xe0, 0xde, 0xde,
  0xe0, 0xde, 0xde, 0xde, 0xdc, 0xdc, 0xdf, 0xdc, 0xdd, 0xe1, 0xde, 0xde,
  0xe1, 0xde, 0xde, 0xdd, 0xda, 0xdb, 0xe0, 0xdb, 0xdb, 0xdf, 0xdd, 0xdd,
  0xde, 0xdb, 0xdc, 0xdf, 0xdc, 0xdc, 0xe1, 0xdf, 0xde, 0xc6, 0xc7, 0xce,
  0x83, 0x95, 0xa8, 0x41, 0x55, 0x71, 0x07, 0x0b, 0x1b, 0x92, 0x9c, 0x9b,
  0x82, 0x93, 0xb2, 0x62, 0x81, 0x96, 0xa8, 0xb6, 0xc3, 0x30, 0x42, 0x67,
  0x09, 0x08, 0x6c, 0x01, 0x01, 0x6c, 0x02, 0x01, 0x61, 0x06, 0x01, 0x6a,
  0x0e, 0x01, 0x76, 0x16, 0x01, 0x7e, 0x19, 0x00, 0x8a, 0x1b, 0x00, 0x8e,
  0x1d, 0x00, 0x91, 0x1d, 0x00, 0x92, 0x20, 0x02, 0x90, 0x23, 0x04, 0x90,
  0x20, 0x03, 0x90, 0x1f, 0x0a, 0x95, 0x5f, 0x5e, 0xa6, 0xd9, 0xda, 0xd3,
  0xdf, 0xd9, 0xd7, 0xd7, 0xd4, 0xd4, 0xd9, 0xd4, 0xd3, 0xd8, 0xd3, 0xd2,
  0xd8, 0xd3, 0xd2, 0xd8, 0xd3, 0xd2, 0xd8, 0xd3, 0xd2, 0xd7, 0xd2, 0xd1,
  0xd6, 0xd1, 0xd0, 0xd6, 0xd1, 0xd0, 0xd6, 0xd1, 0xd0, 0xd6, 0xcf, 0xcf,
  0xd4, 0xcf, 0xce, 0xd5, 0xd0, 0xcf, 0xd5, 0xd0, 0xcf, 0xd4, 0xcf, 0xce,
  0xd4, 0xcf, 0xce, 0xd4, 0xcf, 0xce, 0xd5, 0xd0, 0xcf, 0xd5, 0xd0, 0xcf,
  0xd4, 0xcf, 0xce, 0xd4, 0xcf, 0xce, 0xd4, 0xcf, 0xce, 0xd4, 0xcf, 0xce,
  0xd4, 0xcf, 0xce, 0xd4, 0xcf, 0xce, 0xd5, 0xce, 0xce, 0xd5, 0xcd, 0xcc,
  0xd4, 0xcd, 0xcc, 0xd4, 0xcd, 0xcd, 0xd4, 0xcf, 0xcc, 0xd2, 0xc6, 0xd1,
  0xe3, 0xe3, 0xe3, 0xe4, 0xe4, 0xe4, 0xe4, 0xe2, 0xe3, 0xea, 0xe9, 0xe5,
  0xca, 0xc9, 0xe1, 0xd9, 0xd8, 0xe3, 0xe8, 0xe7, 0xe4, 0xe6, 0xe5, 0xe5,
  0xe5, 0xe5, 0xe5, 0xe5, 0xe6, 0xe6, 0xe4, 0xe5, 0xe4, 0xe5, 0xe5, 0xe5,
  0xe5, 0xe5, 0xe5, 0xe6, 0xe5, 0xe5, 0xe4, 0xe4, 0xe3, 0xe3, 0xe2, 0xe2,
  0xe4, 0xe1, 0xe1, 0xe2, 0xe0, 0xe0, 0xe1, 0xe0, 0xe0, 0xe4, 0xe1, 0xe2,
  0xe4, 0xe2, 0xe1, 0xe3, 0xe3, 0xe2, 0xe4, 0xe4, 0xe4, 0xe2, 0xe1, 0xe1,
  0xe2, 0xe0, 0xe0, 0xe2, 0xde, 0xde, 0xe1, 0xde, 0xde, 0xe3, 0xe0, 0xe1,
  0xe1, 0xdf, 0xdf, 0xe1, 0xdf, 0xdf, 0xe2, 0xdf, 0xdf, 0xe2, 0xdf, 0xe0,
  0xe2, 0xe0, 0xe1, 0xe2, 0xe1, 0xe1, 0xe1, 0xde, 0xde, 0xe0, 0xde, 0xde,
  0xe0, 0xde, 0xde, 0xe0, 0xdc, 0xdc, 0xe1, 0xde, 0xdd, 0xe3, 0xe2, 0xe2,
  0xe1, 0xde, 0xde, 0xe0, 0xdd, 0xdd, 0xe0, 0xdc, 0xdd, 0xe0, 0xdd, 0xdc,
  0xe0, 0xdd, 0xdd, 0xe0, 0xdd, 0xdd, 0xdf, 0xde, 0xdd, 0xe0, 0xde, 0xde,
  0xdf, 0xdb, 0xdb, 0xe3, 0xe0, 0xdc, 0xd0, 0xcd, 0xdd, 0xb0, 0xaf, 0xde,
  0xe8, 0xe4, 0xdd, 0xdf, 0xdd, 0xde, 0xde, 0xdc, 0xdc, 0xe0, 0xdd, 0xdd,
  0xdf, 0xdb, 0xdc, 0xe0, 0xdc, 0xdd, 0xe0, 0xdd, 0xdd, 0xe0, 0xdd, 0xdd,
  0xe0, 0xdd, 0xdd, 0xe0, 0xdc, 0xdd, 0xde, 0xdb, 0xdc, 0xdf, 0xdd, 0xdd,
  0xdf, 0xdb, 0xdc, 0xde, 0xdc, 0xdc, 0xdf, 0xdb, 0xdb, 0xdf, 0xdc, 0xdc,
  0xdd, 0xda, 0xda, 0xdf, 0xdc, 0xdc, 0xe0, 0xde, 0xdd, 0xd0, 0xcf, 0xd3,
  0x88, 0x8f, 0xaa, 0x23, 0x30, 0x4b, 0x0e, 0x13, 0x22, 0x51, 0x5a, 0x5c,
  0xce, 0xdb, 0xdb, 0xcb, 0xd6, 0xdd, 0x73, 0x8c, 0x9a, 0x15, 0x20, 0x6c,
  0x00, 0x00, 0x79, 0x04, 0x03, 0x64, 0x01, 0x02, 0x67, 0x07, 0x01, 0x7c,
  0x11, 0x00, 0x7f, 0x1a, 0x01, 0x8c, 0x1c, 0x01, 0x91, 0x1d, 0x00, 0x95,
  0x1d, 0x00, 0x95, 0x1d, 0x00, 0x94, 0x1e, 0x01, 0x94, 0x1f, 0x00, 0x94,
  0x20, 0x01, 0x92, 0x23, 0x04, 0x93, 0x14, 0x00, 0x8d, 0x41, 0x3f, 0x95,
  0xd5, 0xda, 0xd6, 0xe1, 0xdd, 0xde, 0xdd, 0xda, 0xdb, 0xdf, 0xdc, 0xdc,
  0xdf, 0xdb, 0xdb, 0xde, 0xdb, 0xdb, 0xde, 0xdb, 0xdb, 0xde, 0xda, 0xdb,
  0xdf, 0xdb, 0xdc, 0xde, 0xd9, 0xd9, 0xdd, 0xd8, 0xd9, 0xdb, 0xd9, 0xd9,
  0xdb, 0xd7, 0xd8, 0xdc, 0xd7, 0xd8, 0xdc, 0xd7, 0xd7, 0xdc, 0xd7, 0xd8,
  0xda, 0xd5, 0xd6, 0xd9, 0xd4, 0xd5, 0xd9, 0xd4, 0xd5, 0xda, 0xd5, 0xd5,
  0xd9, 0xd4, 0xd5, 0xd9, 0xd4, 0xd5, 0xd9, 0xd4, 0xd4, 0xd8, 0xd3, 0xd3,
  0xd6, 0xd1, 0xd2, 0xd7, 0xd3, 0xd3, 0xd7, 0xd2, 0xd2, 0xd8, 0xd1, 0xd2,
  0xd7, 0xd1, 0xd1, 0xd6, 0xcf, 0xcf, 0xd5, 0xd0, 0xcf, 0xd6, 0xcc, 0xd2,
  0xe1, 0xdf, 0xde, 0xdc, 0xd8, 0xd6, 0xe0, 0xdd, 0xdc, 0xe4, 0xe4, 0xe3,
  0xdf, 0xdd, 0xdc, 0xe2, 0xe0, 0xde, 0xdf, 0xdd, 0xdd, 0xe2, 0xe1, 0xe1,
  0xe0, 0xdd, 0xdc, 0xde, 0xdb, 0xda, 0xe0, 0xdd, 0xdd, 0xe0, 0xdb, 0xdc,
  0xe1, 0xdc, 0xdd, 0xe0, 0xdf, 0xdf, 0xe0, 0xdd, 0xdd, 0xe0, 0xdc, 0xdc,
  0xdf, 0xdc, 0xdd, 0xde, 0xdc, 0xdc, 0xe0, 0xdc, 0xdd, 0xdf, 0xda, 0xdb,
  0xde, 0xda, 0xda, 0xdd, 0xd8, 0xd9, 0xdd, 0xd9, 0xda, 0xde, 0xda, 0xdb,
  0xde, 0xdb, 0xdb, 0xdd, 0xd9, 0xd9, 0xdb, 0xd6, 0xd6, 0xdc, 0xd7, 0xd7,
  0xdf, 0xdb, 0xdb, 0xdf, 0xdd, 0xdd, 0xdf, 0xda, 0xda, 0xde, 0xd9, 0xd9,
  0xdd, 0xd9, 0xd8, 0xdb, 0xd6, 0xd5, 0xdd, 0xd8, 0xd8, 0xdd, 0xd7, 0xd8,
  0xdc, 0xd7, 0xd7, 0xdb, 0xd6, 0xd5, 0xde, 0xdb, 0xdb, 0xde, 0xdb, 0xdb,
  0xde, 0xdb, 0xda, 0xdf, 0xdc, 0xdc, 0xde, 0xdb, 0xdb, 0xdf, 0xdb, 0xdb,
  0xde, 0xdb, 0xda, 0xde, 0xdc, 0xdc, 0xdf, 0xde, 0xdd, 0xdf, 0xdc, 0xdc,
  0xde, 0xd9, 0xdb, 0xe1, 0xdd, 0xd9, 0xcc, 0xc7, 0xd9, 0xad, 0xaa, 0xdc,
  0xe6, 0xe2, 0xda, 0xdd, 0xda, 0xdb, 0xdd, 0xd9, 0xd8, 0xdf, 0xda, 0xdb,
  0xda, 0xd6, 0xd5, 0xdc, 0xd9, 0xd8, 0xdf, 0xdb, 0xdc, 0xe0, 0xde, 0xde,
  0xdd, 0xdc, 0xdc, 0xde, 0xdb, 0xdb, 0xdf, 0xda, 0xdb, 0xdf, 0xdd, 0xdd,
  0xe0, 0xdf, 0xdf, 0xde, 0xda, 0xda, 0xde, 0xdb, 0xdb, 0xdf, 0xdc, 0xdc,
  0xdd, 0xd9, 0xd9, 0xdf, 0xdb, 0xdb, 0xdb, 0xd8, 0xd9, 0xd8, 0xd9, 0xd8,
  0x8c, 0x94, 0xa5, 0x21, 0x2d, 0x49, 0x1f, 0x29, 0x3d, 0x0a, 0x10, 0x1d,
  0x39, 0x44, 0x5f, 0x6e, 0x76, 0x9f, 0x44, 0x53, 0x75, 0x12, 0x15, 0x66,
  0x01, 0x00, 0x61, 0x02, 0x02, 0x6d, 0x01, 0x01, 0x7a, 0x02, 0x01, 0x83,
  0x13, 0x01, 0x88, 0x1e, 0x00, 0x94, 0x1d, 0x00, 0x96, 0x20, 0x01, 0x9b,
  0x1c, 0x01, 0x97, 0x1d, 0x00, 0x97, 0x1f, 0x01, 0x97, 0x1e, 0x01, 0x96,
  0x21, 0x01, 0x96, 0x25, 0x04, 0x95, 0x28, 0x0a, 0x90, 0x08, 0x00, 0x6a,
  0x4c, 0x4e, 0x92, 0xe4, 0xe6, 0xdd, 0xdb, 0xd6, 0xd9, 0xdd, 0xd9, 0xda,
  0xdb, 0xd9, 0xd9, 0xdb, 0xd6, 0xd7, 0xde, 0xd9, 0xda, 0xde, 0xdb, 0xdb,
  0xde, 0xdc, 0xdc, 0xdc, 0xd8, 0xd9, 0xde, 0xdc, 0xdc, 0xde, 0xdb, 0xdb,
  0xde, 0xd9, 0xda, 0xde, 0xd9, 0xda, 0xde, 0xdb, 0xdc, 0xdd, 0xd9, 0xda,
  0xdc, 0xd8, 0xd8, 0xdf, 0xda, 0xdb, 0xde, 0xda, 0xdb, 0xdd, 0xd8, 0xd9,
  0xdd, 0xd8, 0xd9, 0xde, 0xd9, 0xda, 0xde, 0xd9, 0xda, 0xde, 0xd9, 0xda,
  0xdd, 0xd9, 0xda, 0xdd, 0xd9, 0xd9, 0xdc, 0xd8, 0xd9, 0xda, 0xd7, 0xd7,
  0xdc, 0xd7, 0xd7, 0xdc, 0xd7, 0xd8, 0xda, 0xd6, 0xd7, 0xde, 0xd8, 0xdb,
  0xe1, 0xdf, 0xde, 0xde, 0xda, 0xd9, 0xe0, 0xde, 0xde, 0xe2, 0xe1, 0xe2,
  0xe1, 0xe0, 0xe0, 0xe3, 0xe0, 0xe1, 0xe3, 0xe1, 0xe2, 0xe0, 0xde, 0xde,
  0xe2, 0xe0, 0xe0, 0xe1, 0xde, 0xde, 0xe1, 0xe0, 0xe0, 0xe2, 0xe0, 0xe0,
  0xe3, 0xe1, 0xe1, 0xe2, 0xe1, 0xe1, 0xe2, 0xe0, 0xe0, 0xe2, 0xe0, 0xe0,
  0xe2, 0xe1, 0xe1, 0xe2, 0xe0, 0xe0, 0xe2, 0xdf, 0xdf, 0xe2, 0xde, 0xdf,
  0xe2, 0xdf, 0xdf, 0xe2, 0xdf, 0xdf, 0xe1, 0xdf, 0xdf, 0xe1, 0xe0, 0xe0,
  0xe0, 0xdd, 0xdc, 0xdf, 0xdc, 0xdb, 0xde, 0xdb, 0xdb, 0xdc, 0xda, 0xda,
  0xde, 0xdd, 0xdd, 0xe1, 0xe0, 0xe0, 0xdf, 0xdb, 0xdb, 0xdb, 0xd7, 0xd7,
  0xdf, 0xdc, 0xdb, 0xdf, 0xdc, 0xdb, 0xde, 0xdb, 0xdb, 0xde, 0xdb, 0xdb,
  0xdf, 0xdc, 0xdc, 0xde, 0xdd, 0xdd, 0xdf, 0xdd, 0xdd, 0xe0, 0xde, 0xde,
  0xe0, 0xdc, 0xdc, 0xde, 0xda, 0xda, 0xdd, 0xda, 0xda, 0xde, 0xda, 0xda,
  0xdd, 0xdc, 0xdc, 0xde, 0xdb, 0xdc, 0xdf, 0xdb, 0xdc, 0xe0, 0xdd, 0xde,
  0xe0, 0xdd, 0xde, 0xe1, 0xdc, 0xd9, 0xd0, 0xcc, 0xdc, 0xbe, 0xb9, 0xdd,
  0xe2, 0xde, 0xd9, 0xdb, 0xd6, 0xd7, 0xdb, 0xd6, 0xd6, 0xdb, 0xd7, 0xd7,
  0xda, 0xd6, 0xd5, 0xda, 0xd5, 0xd6, 0xdc, 0xd7, 0xd7, 0xdd, 0xda, 0xda,
  0xdd, 0xdb, 0xdb, 0xdd, 0xdc, 0xdb, 0xde, 0xdb, 0xdb, 0xde, 0xd9, 0xd9,
  0xe1, 0xde, 0xde, 0xdf, 0xdc, 0xdc, 0xe1, 0xdd, 0xdd, 0xe0, 0xdd, 0xde,
  0xdf, 0xdc, 0xdd, 0xdc, 0xd8, 0xd7, 0xda, 0xd8, 0xd9, 0x8c, 0x91, 0xa4,
  0x50, 0x58, 0x6e, 0x87, 0x8a, 0x9f, 0x26, 0x31, 0x52, 0x11, 0x17, 0x30,
  0x12, 0x11, 0x54, 0x01, 0x00, 0x48, 0x07, 0x03, 0x69, 0x06, 0x04, 0x52,
  0x13, 0x0b, 0x11, 0x04, 0x02, 0x6b, 0x00, 0x01, 0x8a, 0x02, 0x01, 0x84,
  0x13, 0x01, 0x95, 0x1e, 0x02, 0x95, 0x20, 0x00, 0x9e, 0x1d, 0x00, 0xa0,
  0x1e, 0x01, 0x9c, 0x21, 0x01, 0x9e, 0x1f, 0x01, 0x9b, 0x1d, 0x01, 0x99,
  0x1e, 0x01, 0x96, 0x21, 0x02, 0x95, 0x20, 0x01, 0x8d, 0x23, 0x07, 0x80,
  0x1b, 0x04, 0x8a, 0x93, 0x9a, 0xb9, 0xeb, 0xe8, 0xe2, 0xdd, 0xda, 0xdc,
  0xdf, 0xdd, 0xdd, 0xdd, 0xda, 0xda, 0xde, 0xdb, 0xdb, 0xde, 0xda, 0xda,
  0xdc, 0xdb, 0xda, 0xdc, 0xd9, 0xd9, 0xdd, 0xda, 0xdb, 0xdd, 0xd9, 0xd9,
  0xdc, 0xd7, 0xd8, 0xdb, 0xd7, 0xd7, 0xdc, 0xd8, 0xd8, 0xdc, 0xd7, 0xd8,
  0xdc, 0xd7, 0xd7, 0xdd, 0xd8, 0xd9, 0xdd, 0xd9, 0xda, 0xda, 0xd6, 0xd7,
  0xdb, 0xd7, 0xd7, 0xdb, 0xd6, 0xd7, 0xdb, 0xd6, 0xd7, 0xdb, 0xd6, 0xd7,
  0xdc, 0xd7, 0xd8, 0xda, 0xd5, 0xd6, 0xdb, 0xd7, 0xd8, 0xdc, 0xd9, 0xd9,
  0xd8, 0xd2, 0xd3, 0xda, 0xd5, 0xd6, 0xdb, 0xd6, 0xd7, 0xde, 0xd8, 0xd9,
  0xe1, 0xdf, 0xdf, 0xe1, 0xdf, 0xe0, 0xe3, 0xe1, 0xe1, 0xe1, 0xdf, 0xdf,
  0xe0, 0xdf, 0xdf, 0xe0, 0xde, 0xde, 0xe1, 0xdf, 0xdf, 0xe2, 0xe0, 0xe0,
  0xe1, 0xde, 0xde, 0xe0, 0xdf, 0xdf, 0xe1, 0xdd, 0xde, 0xe1, 0xde, 0xde,
  0xe1, 0xde, 0xde, 0xe1, 0xde, 0xde, 0xe1, 0xdf, 0xdf, 0xe1, 0xdf, 0xdf,
  0xe0, 0xdf, 0xde, 0xe2, 0xdf, 0xde, 0xe2, 0xdf, 0xe0, 0xe0, 0xde, 0xde,
  0xe1, 0xdf, 0xdf, 0xe2, 0xe0, 0xe0, 0xe1, 0xdf, 0xdf, 0xe0, 0xde, 0xde,
  0xe2, 0xdf, 0xdf, 0xe2, 0xe0, 0xe0, 0xe1, 0xe0, 0xe0, 0xe1, 0xe0, 0xe0,
  0xe1, 0xe0, 0xe0, 0xe1, 0xdf, 0xdf, 0xe1, 0xde, 0xde, 0xe1, 0xdf, 0xdf,
  0xe2, 0xe0, 0xe1, 0xe0, 0xdf, 0xdf, 0xe1, 0xe0, 0xe0, 0xe2, 0xe0, 0xe0,
  0xe1, 0xdf, 0xdf, 0xe1, 0xe0, 0xe0, 0xe1, 0xdf, 0xdf, 0xe1, 0xdf, 0xdf,
  0xe0, 0xde, 0xdf, 0xdf, 0xdd, 0xdd, 0xe0, 0xdd, 0xde, 0xdf, 0xdc, 0xdd,
  0xde, 0xdc, 0xdd, 0xde, 0xdc, 0xdc, 0xdf, 0xdd, 0xdd, 0xe1, 0xdf, 0xdf,
  0xe0, 0xdd, 0xde, 0xdc, 0xd9, 0xd9, 0xdf, 0xdd, 0xdc, 0xe1, 0xde, 0xdc,
  0xdd, 0xd9, 0xda, 0xdd, 0xd9, 0xd9, 0xdf, 0xdc, 0xdc, 0xde, 0xdc, 0xdc,
  0xdf, 0xdc, 0xdc, 0xdf, 0xdc, 0xdd, 0xde, 0xda, 0xdb, 0xde, 0xda, 0xdb,
  0xde, 0xdc, 0xdc, 0xdd, 0xdc, 0xdc, 0xe1, 0xdf, 0xdf, 0xdd, 0xda, 0xd9,
  0xdb, 0xd6, 0xd5, 0xdb, 0xd7, 0xd6, 0xdb, 0xd7, 0xd6, 0xdd, 0xda, 0xd9,
  0xdc, 0xda, 0xda, 0xde, 0xdc, 0xdb, 0xe0, 0xde, 0xde, 0xde, 0xdb, 0xdc,
  0xc7, 0xc4, 0xcb, 0x5a, 0x65, 0x80, 0x14, 0x20, 0x45, 0x13, 0x12, 0x7d,
  0x1a, 0x10, 0xa6, 0x12, 0x07, 0x6c, 0x0a, 0x03, 0x63, 0x0f, 0x0a, 0x3d,
  0x17, 0x10, 0x13, 0x06, 0x02, 0x80, 0x01, 0x01, 0x92, 0x05, 0x01, 0x8d,
  0x0f, 0x00, 0xa3, 0x19, 0x00, 0xaf, 0x22, 0x05, 0xb1, 0x24, 0x0d, 0xac,
  0x1c, 0x02, 0xaa, 0x1a, 0x00, 0x9b, 0x22, 0x02, 0x9d, 0x20, 0x01, 0x9e,
  0x1e, 0x00, 0x98, 0x1b, 0x01, 0x92, 0x1c, 0x01, 0x90, 0x20, 0x04, 0x91,
  0x1f, 0x04, 0x94, 0x41, 0x3c, 0x9d, 0xe0, 0xe4, 0xdc, 0xe1, 0xdd, 0xe0,
  0xe0, 0xdf, 0xdf, 0xe2, 0xe0, 0xe0, 0xdf, 0xdd, 0xdd, 0xdf, 0xdd, 0xdd,
  0xe0, 0xdd, 0xde, 0xdf, 0xdc, 0xdc, 0xe1, 0xde, 0xde, 0xdf, 0xde, 0xde,
  0xe0, 0xde, 0xdf, 0xe2, 0xdf, 0xdf, 0xe2, 0xdf, 0xdf, 0xe2, 0xdf, 0xdf,
  0xe2, 0xe0, 0xe1, 0xe0, 0xdd, 0xde, 0xdf, 0xdd, 0xdd, 0xe0, 0xde, 0xde,
  0xe0, 0xdf, 0xdf, 0xe1, 0xde, 0xde, 0xde, 0xda, 0xdb, 0xdd, 0xda, 0xda,
  0xe0, 0xdb, 0xdc, 0xdd, 0xd9, 0xda, 0xde, 0xd9, 0xd9, 0xdc, 0xda, 0xda,
  0xdd, 0xdb, 0xdb, 0xdc, 0xd7, 0xd8, 0xdc, 0xd7, 0xd8, 0xe0, 0xdb, 0xda,
  0xe0, 0xde, 0xde, 0xe0, 0xdf, 0xde, 0xe1, 0xdf, 0xdf, 0xe0, 0xde, 0xde,
  0xe0, 0xde, 0xde, 0xe0, 0xdf, 0xde, 0xe0, 0xde, 0xde, 0xe2, 0xdf, 0xdf,
  0xe3, 0xdf, 0xdf, 0xe1, 0xdf, 0xde, 0xe3, 0xde, 0xdf, 0xe2, 0xdf, 0xdf,
  0xe2, 0xdf, 0xe0, 0xe3, 0xe0, 0xe0, 0xe1, 0xdf, 0xdf, 0xe1, 0xdf, 0xdf,
  0xdf, 0xdc, 0xdc, 0xe2, 0xde, 0xde, 0xe0, 0xdc, 0xdd, 0xdf, 0xdd, 0xdd,
  0xdf, 0xdd, 0xdd, 0xdf, 0xdb, 0xdc, 0xe0, 0xdd, 0xdd, 0xe1, 0xdd, 0xde,
  0xe0, 0xdb, 0xdc, 0xe0, 0xdd, 0xdd, 0xdf, 0xdc, 0xdb, 0xdf, 0xdb, 0xdb,
  0xdf, 0xdd, 0xdd, 0xdf, 0xdc, 0xdc, 0xe1, 0xdd, 0xde, 0xdf, 0xdc, 0xdc,
  0xdf, 0xdd, 0xdd, 0xdf, 0xdd, 0xdd, 0xdf, 0xde, 0xde, 0xe0, 0xdc, 0xdd,
  0xe0, 0xdd, 0xdd, 0xe0, 0xdd, 0xdd, 0xe0, 0xdc, 0xdc, 0xe0, 0xde, 0xde,
  0xe0, 0xde, 0xde, 0xe0, 0xdd, 0xdd, 0xe0, 0xdd, 0xdd, 0xdf, 0xdd, 0xdd,
  0xe0, 0xde, 0xde, 0xe0, 0xde, 0xde, 0xe0, 0xde, 0xde, 0xe0, 0xde, 0xde,
  0xe0, 0xde, 0xde, 0xe0, 0xde, 0xde, 0xdf, 0xdc, 0xdc, 0xdf, 0xda, 0xdc,
  0xdf, 0xdb, 0xdc, 0xdf, 0xdd, 0xdd, 0xdf, 0xdd, 0xdd, 0xe0, 0xde, 0xdf,
  0xe0, 0xdd, 0xdd, 0xdf, 0xdd, 0xdd, 0xde, 0xdd, 0xdd, 0xdf, 0xdc, 0xdc,
  0xdf, 0xdd, 0xdd, 0xdf, 0xdd, 0xdd, 0xdf, 0xdb, 0xdc, 0xdc, 0xd9, 0xd9,
  0xd9, 0xd4, 0xd3, 0xda, 0xd6, 0xd4, 0xda, 0xd5, 0xd5, 0xdb, 0xd5, 0xd6,
  0xda, 0xd6, 0xd6, 0xda, 0xd6, 0xd5, 0xdb, 0xd6, 0xd6, 0xdf, 0xda, 0xdb,
  0xdd, 0xd9, 0xd6, 0x8b, 0x7f, 0xa9, 0x15, 0x0a, 0x98, 0x38, 0x35, 0xbb,
  0x32, 0x25, 0x9e, 0x14, 0x0c, 0x2a, 0x0e, 0x06, 0x35, 0x16, 0x0f, 0x21,
  0x17, 0x12, 0x23, 0x07, 0x03, 0x9c, 0x02, 0x01, 0x9c, 0x22, 0x0d, 0xc4,
  0x49, 0x39, 0xd0, 0x55, 0x4a, 0xa8, 0x4b, 0x44, 0x76, 0x45, 0x41, 0x5a,
  0x52, 0x44, 0x8d, 0x31, 0x13, 0xb5, 0x18, 0x00, 0xa0, 0x1b, 0x02, 0x99,
  0x1e, 0x01, 0x9e, 0x1f, 0x01, 0x9a, 0x1c, 0x01, 0x90, 0x19, 0x00, 0x8b,
  0x1e, 0x04, 0x90, 0x1a, 0x03, 0x92, 0x9c, 0xa2, 0xbe, 0xeb, 0xe9, 0xe3,
  0xde, 0xdc, 0xde, 0xe0, 0xde, 0xdf, 0xe0, 0xe0, 0xe0, 0xdf, 0xdf, 0xdf,
  0xe0, 0xde, 0xde, 0xdf, 0xdd, 0xde, 0xdf, 0xdd, 0xdd, 0xdf, 0xdc, 0xdc,
  0xdc, 0xd9, 0xda, 0xdc, 0xd9, 0xd9, 0xde, 0xdb, 0xdc, 0xdd, 0xdb, 0xdb,
  0xdc, 0xd9, 0xd9, 0xdc, 0xd9, 0xd9, 0xdb, 0xd8, 0xd7, 0xd9, 0xd6, 0xd5,
  0xda, 0xd7, 0xd5, 0xde, 0xda, 0xd9, 0xde, 0xdb, 0xdb, 0xdc, 0xd8, 0xd9,
  0xdc, 0xd7, 0xd8, 0xd9, 0xd4, 0xd5, 0xd8, 0xd3, 0xd3, 0xd7, 0xd3, 0xd2,
  0xd8, 0xd5, 0xd5, 0xd7, 0xd2, 0xd3, 0xd6, 0xd1, 0xd2, 0xdc, 0xd6, 0xd5,
  0xe0, 0xde, 0xde, 0xe2, 0xe0, 0xe0, 0xe1, 0xdf, 0xdf, 0xe1, 0xdf, 0xdf,
  0xe0, 0xde, 0xde, 0xe1, 0xdf, 0xdf, 0xe2, 0xdf, 0xe0, 0xe1, 0xdf, 0xdf,
  0xe2, 0xe0, 0xe0, 0xe1, 0xdf, 0xdf, 0xe2, 0xe0, 0xe0, 0xe3, 0xe1, 0xe1,
  0xe3, 0xe1, 0xe1, 0xe4, 0xe2, 0xe2, 0xe3, 0xe1, 0xe1, 0xe3, 0xe1, 0xe1,
  0xe3, 0xe2, 0xe2, 0xe3, 0xe1, 0xe1, 0xe3, 0xe1, 0xe1, 0xe2, 0xe1, 0xe1,
  0xe3, 0xe2, 0xe2, 0xe4, 0xe1, 0xe1, 0xe3, 0xe1, 0xe1, 0xe2, 0xe0, 0xe0,
  0xe2, 0xe0, 0xe0, 0xe1, 0xe0, 0xe0, 0xe2, 0xe0, 0xe0, 0xe0, 0xde, 0xde,
  0xe1, 0xdf, 0xdf, 0xe0, 0xde, 0xde, 0xe0, 0xdc, 0xdd, 0xe0, 0xdc, 0xdc,
  0xe0, 0xdc, 0xdc, 0xde, 0xdc, 0xdc, 0xdf, 0xdb, 0xdc, 0xe1, 0xdc, 0xdd,
  0xdf, 0xdd, 0xdd, 0xdf, 0xdc, 0xdc, 0xe0, 0xdc, 0xdc, 0xe0, 0xde, 0xde,
  0xe1, 0xde, 0xde, 0xdf, 0xdd, 0xdc, 0xde, 0xdc, 0xdc, 0xe0, 0xdf, 0xdf,
  0xde, 0xdc, 0xdc, 0xdf, 0xdd, 0xdd, 0xdf, 0xdc, 0xdc, 0xdf, 0xdd, 0xdd,
  0xde, 0xdc, 0xdc, 0xdf, 0xdc, 0xdc, 0xe0, 0xdc, 0xdd, 0xdf, 0xde, 0xde,
  0xdf, 0xdd, 0xdd, 0xe0, 0xde, 0xde, 0xdf, 0xdc, 0xdd, 0xde, 0xdc, 0xdc,
  0xdd, 0xdb, 0xdb, 0xe0, 0xdc, 0xdc, 0xdf, 0xdc, 0xdd, 0xdf, 0xdd, 0xdd,
  0xdf, 0xdd, 0xdd, 0xe0, 0xde, 0xde, 0xde, 0xdb, 0xdb, 0xde, 0xdb, 0xdb,
  0xe0, 0xde, 0xde, 0xdf, 0xde, 0xde, 0xe0, 0xde, 0xde, 0xe0, 0xdc, 0xdc,
  0xdf, 0xdd, 0xdd, 0xde, 0xdb, 0xdc, 0xdf, 0xd9, 0xdb, 0xdd, 0xd8, 0xdb,
  0xeb, 0xe8, 0xdf, 0x6d, 0x65, 0xbd, 0x19, 0x0b, 0xba, 0x18, 0x14, 0xa9,
  0x0d, 0x06, 0x8b, 0x17, 0x0a, 0x81, 0x0d, 0x06, 0x3e, 0x09, 0x07, 0x42,
  0x0c, 0x06, 0x68, 0x00, 0x00, 0xa3, 0x23, 0x1e, 0xaa, 0x62, 0x5c, 0xa3,
  0x4e, 0x4b, 0x57, 0x31, 0x2f, 0x28, 0x21, 0x1d, 0x14, 0x15, 0x12, 0x16,
  0x2c, 0x2c, 0x27, 0x56, 0x52, 0x6b, 0x43, 0x30, 0x97, 0x1a, 0x03, 0x9e,
  0x21, 0x02, 0xa6, 0x1f, 0x02, 0x9a, 0x18, 0x01, 0x90, 0x1a, 0x01, 0x8e,
  0x1e, 0x03, 0x8e, 0x19, 0x00, 0x92, 0x3d, 0x39, 0x9c, 0xdd, 0xdf, 0xd6,
  0xda, 0xd4, 0xd6, 0xd9, 0xd5, 0xd4, 0xd8, 0xd4, 0xd4, 0xd9, 0xd4, 0xd4,
  0xd7, 0xd3, 0xd2, 0xd7, 0xd4, 0xd3, 0xd7, 0xd4, 0xd3, 0xd9, 0xd4, 0xd4,
  0xda, 0xd6, 0xd6, 0xdb, 0xd7, 0xd8, 0xdc, 0xd9, 0xd9, 0xdc, 0xd7, 0xd8,
  0xd9, 0xd3, 0xd4, 0xd8, 0xd3, 0xd3, 0xd8, 0xd3, 0xd3, 0xd7, 0xd2, 0xd2,
  0xdb, 0xd5, 0xd5, 0xdb, 0xd5, 0xd6, 0xdb, 0xd6, 0xd7, 0xda, 0xd5, 0xd5,
  0xdc, 0xd7, 0xd8, 0xd9, 0xd6, 0xd6, 0xd8, 0xd4, 0xd4, 0xd9, 0xd4, 0xd5,
  0xdb, 0xd6, 0xd7, 0xda, 0xd5, 0xd6, 0xd9, 0xd5, 0xd6, 0xdd, 0xd7, 0xd6,
  0xe3, 0xe1, 0xe1, 0xe3, 0xe1, 0xe1, 0xe3, 0xe1, 0xe1, 0xe1, 0xdf, 0xdf,
  0xe1, 0xdf, 0xdf, 0xe0, 0xde, 0xde, 0xe1, 0xde, 0xde, 0xe0, 0xde, 0xde,
  0xe0, 0xdd, 0xdd, 0xe1, 0xdd, 0xdd, 0xe0, 0xdc, 0xdd, 0xe1, 0xdc, 0xdd,
  0xe1, 0xdf, 0xdf, 0xe0, 0xde, 0xde, 0xe0, 0xde, 0xde, 0xe2, 0xe0, 0xe0,
  0xe3, 0xe1, 0xe1, 0xe1, 0xdf, 0xdf, 0xe2, 0xe1, 0xe1, 0xe3, 0xe0, 0xe1,
  0xe1, 0xdf, 0xdf, 0xe3, 0xe1, 0xe1, 0xe2, 0xe1, 0xe0, 0xe3, 0xe1, 0xe1,
  0xe2, 0xe1, 0xe1, 0xe2, 0xe0, 0xe0, 0xe0, 0xdf, 0xdf, 0xe0, 0xde, 0xde,
  0xe0, 0xde, 0xdd, 0xe0, 0xde, 0xdd, 0xdf, 0xdd, 0xdd, 0xdf, 0xdd, 0xdd,
  0xe0, 0xdd, 0xdd, 0xe0, 0xdc, 0xdd, 0xe0, 0xdb, 0xdc, 0xe0, 0xdd, 0xdd,
  0xe0, 0xdd, 0xdd, 0xdf, 0xdd, 0xdd, 0xdf, 0xdd, 0xdd, 0xe0, 0xdd, 0xdd,
  0xe0, 0xdc, 0xdc, 0xe0, 0xdc, 0xdd, 0xe1, 0xdb, 0xdc, 0xe0, 0xdc, 0xdd,
  0xe0, 0xdc, 0xdd, 0xe0, 0xdc, 0xdd, 0xdf, 0xdd, 0xdd, 0xe0, 0xdd, 0xdd,
  0xde, 0xdd, 0xdc, 0xde, 0xdb, 0xdb, 0xdf, 0xdb, 0xdb, 0xde, 0xdc, 0xdc,
  0xdf, 0xdc, 0xdb, 0xe0, 0xdd, 0xdd, 0xe0, 0xdf, 0xdf, 0xe1, 0xe0, 0xdf,
  0xe0, 0xdd, 0xdd, 0xe1, 0xdd, 0xde, 0xe0, 0xdd, 0xdd, 0xdf, 0xdd, 0xdd,
  0xe0, 0xde, 0xde, 0xe0, 0xde, 0xde, 0xdf, 0xdd, 0xdd, 0xdf, 0xdb, 0xdc,
  0xe0, 0xde, 0xde, 0xdd, 0xdb, 0xdb, 0xdd, 0xdb, 0xdb, 0xdd, 0xdb, 0xda,
  0xdf, 0xdd, 0xdd, 0xdf, 0xdd, 0xde, 0xdc, 0xd9, 0xdb, 0xe9, 0xe8, 0xde,
  0xac, 0xa7, 0xd0, 0x0e, 0x07, 0x94, 0x15, 0x08, 0xa6, 0x19, 0x0c, 0xad,
  0x03, 0x00, 0x89, 0x1e, 0x0c, 0xc2, 0x12, 0x06, 0xae, 0x00, 0x00, 0x61,
  0x13, 0x0c, 0x9b, 0x35, 0x2b, 0xb0, 0x54, 0x4e, 0x8d, 0x3e, 0x3c, 0x36,
  0x2d, 0x2a, 0x2a, 0x23, 0x1b, 0x20, 0x13, 0x0e, 0x41, 0x05, 0x03, 0x71,
  0x14, 0x11, 0x65, 0x34, 0x31, 0x22, 0x39, 0x3a, 0x2d, 0x59, 0x4d, 0x8a,
  0x2f, 0x10, 0xba, 0x0e, 0x00, 0x90, 0x15, 0x03, 0x8f, 0x12, 0x01, 0x90,
  0x14, 0x01, 0x8e, 0x19, 0x03, 0x93, 0x0b, 0x00, 0x8b, 0x77, 0x7f, 0xad,
  0xe8, 0xe5, 0xdb, 0xd6, 0xd1, 0xd4, 0xdb, 0xd7, 0xd6, 0xde, 0xdc, 0xdb,
  0xdf, 0xdc, 0xdc, 0xdc, 0xda, 0xdb, 0xdf, 0xdc, 0xdc, 0xdd, 0xdb, 0xdb,
  0xda, 0xd6, 0xd7, 0xd8, 0xd5, 0xd4, 0xdb, 0xd7, 0xd8, 0xdb, 0xd7, 0xd7,
  0xdb, 0xd6, 0xd8, 0xd8, 0xd3, 0xd3, 0xdc, 0xd7, 0xd8, 0xda, 0xd5, 0xd6,
  0xdc, 0xd7, 0xd8, 0xdd, 0xd9, 0xda, 0xdd, 0xd7, 0xd9, 0xdb, 0xd6, 0xd7,
  0xdc, 0xd9, 0xda, 0xdb, 0xd9, 0xd9, 0xdc, 0xd8, 0xd9, 0xda, 0xd5, 0xd6,
  0xdb, 0xd6, 0xd7, 0xdb, 0xd7, 0xd8, 0xda, 0xd5, 0xd6, 0xdf, 0xdb, 0xd9,
  0xe1, 0xde, 0xde, 0xe0, 0xdd, 0xde, 0xe2, 0xdf, 0xdf, 0xe3, 0xe0, 0xdf,
  0xe1, 0xe0, 0xe0, 0xe2, 0xe2, 0xe2, 0xe1, 0xe0, 0xe0, 0xe1, 0xde, 0xde,
  0xe3, 0xdf, 0xe0, 0xe1, 0xde, 0xde, 0xe2, 0xde, 0xdf, 0xe1, 0xde, 0xdf,
  0xe0, 0xdf, 0xdf, 0xe1, 0xdf, 0xdf, 0xe1, 0xe0, 0xe0, 0xe1, 0xdf, 0xdf,
  0xe2, 0xdf, 0xe0, 0xe2, 0xde, 0xdf, 0xe1, 0xdf, 0xdf, 0xe2, 0xe1, 0xe1,
  0xe1, 0xde, 0xde, 0xe1, 0xdd, 0xdd, 0xde, 0xda, 0xda, 0xe0, 0xdc, 0xdd,
  0xe0, 0xdd, 0xdd, 0xe0, 0xde, 0xde, 0xe0, 0xde, 0xde, 0xe0, 0xde, 0xde,
  0xe0, 0xde, 0xdd, 0xe0, 0xde, 0xdd, 0xe0, 0xdd, 0xdd, 0xe0, 0xdd, 0xde,
  0xe1, 0xde, 0xdf, 0xe1, 0xdf, 0xdf, 0xe1, 0xe0, 0xe0, 0xe1, 0xe0, 0xdf,
  0xe1, 0xdf, 0xdf, 0xe2, 0xe0, 0xe0, 0xe1, 0xe0, 0xe0, 0xe2, 0xde, 0xdf,
  0xe2, 0xdf, 0xdf, 0xe2, 0xde, 0xdf, 0xe3, 0xde, 0xdf, 0xe1, 0xdd, 0xde,
  0xe1, 0xdc, 0xdd, 0xe0, 0xdd, 0xdd, 0xdf, 0xde, 0xde, 0xe1, 0xdf, 0xdf,
  0xe1, 0xde, 0xde, 0xe0, 0xde, 0xde, 0xdf, 0xdd, 0xdd, 0xe0, 0xdf, 0xde,
  0xe0, 0xdc, 0xdc, 0xe1, 0xde, 0xdf, 0xe1, 0xde, 0xdf, 0xe0, 0xdd, 0xde,
  0xe1, 0xdf, 0xde, 0xdf, 0xdb, 0xdb, 0xdf, 0xdb, 0xdb, 0xdf, 0xdd, 0xdd,
  0xdf, 0xdd, 0xdd, 0xe0, 0xde, 0xde, 0xe0, 0xdd, 0xde, 0xe0, 0xde, 0xde,
  0xe2, 0xe0, 0xe0, 0xe1, 0xe0, 0xe0, 0xe0, 0xde, 0xde, 0xe1, 0xde, 0xde,
  0xdf, 0xdd, 0xdd, 0xdf, 0xdd, 0xde, 0xe0, 0xdf, 0xde, 0xdc, 0xda, 0xde,
  0x56, 0x49, 0xcf, 0x10, 0x06, 0x99, 0x03, 0x03, 0x7c, 0x26, 0x1a, 0xb8,
  0x19, 0x12, 0xa5, 0x3a, 0x2a, 0xcb, 0x28, 0x14, 0xc6, 0x13, 0x0e, 0x6c,
  0x41, 0x39, 0x8e, 0x33, 0x28, 0xb5, 0x31, 0x28, 0x8d, 0x37, 0x32, 0x2d,
  0x30, 0x2c, 0x4c, 0x07, 0x03, 0x7a, 0x00, 0x00, 0x8e, 0x04, 0x05, 0x7a,
  0x1d, 0x13, 0x8c, 0x14, 0x0d, 0x6a, 0x1b, 0x13, 0x2e, 0x31, 0x2e, 0x21,
  0x56, 0x50, 0x76, 0x25, 0x16, 0x9a, 0x03, 0x00, 0x91, 0x08, 0x02, 0x8e,
  0x03, 0x01, 0x87, 0x03, 0x02, 0x85, 0x10, 0x00, 0x8e, 0x18, 0x12, 0x8a,
  0xc2, 0xc8, 0xcb, 0xe0, 0xda, 0xdb, 0xda, 0xd5, 0xd7, 0xdc, 0xd9, 0xd9,
  0xdc, 0xdb, 0xdb, 0xdb, 0xd8, 0xd8, 0xdc, 0xd7, 0xd8, 0xda, 0xd6, 0xd7,
  0xdb, 0xd5, 0xd6, 0xdd, 0xd8, 0xd9, 0xdc, 0xd6, 0xd8, 0xdb, 0xd7, 0xd8,
  0xdb, 0xd9, 0xd9, 0xdb, 0xd6, 0xd7, 0xdb, 0xd6, 0xd7, 0xd8, 0xd3, 0xd4,
  0xd7, 0xd1, 0xd2, 0xd9, 0xd4, 0xd5, 0xd8, 0xd3, 0xd5, 0xd8, 0xd3, 0xd4,
  0xd9, 0xd6, 0xd7, 0xdc, 0xd8, 0xd9, 0xd7, 0xd2, 0xd2, 0xd8, 0xd4, 0xd4,
  0xd7, 0xd2, 0xd1, 0xd5, 0xd0, 0xd0, 0xd5, 0xd0, 0xd1, 0xda, 0xd6, 0xd6,
  0xe2, 0xde, 0xde, 0xdf, 0xdd, 0xdd, 0xe0, 0xdc, 0xdd, 0xe0, 0xdc, 0xdc,
  0xe0, 0xde, 0xde, 0xe0, 0xdf, 0xdf, 0xe2, 0xe1, 0xe1, 0xe3, 0xe0, 0xe1,
  0xe2, 0xe1, 0xe1, 0xe4, 0xe5, 0xe4, 0xe4, 0xe2, 0xe2, 0xe2, 0xde, 0xde,
  0xe1, 0xde, 0xdf, 0xe1, 0xdf, 0xdf, 0xe1, 0xe0, 0xe0, 0xe1, 0xe0, 0xe0,
  0xe2, 0xe0, 0xe0, 0xe1, 0xdf, 0xdf, 0xe3, 0xdf, 0xdf, 0xe3, 0xe1, 0xe1,
  0xe1, 0xe1, 0xe1, 0xe3, 0xdf, 0xdf, 0xe1, 0xde, 0xde, 0xe2, 0xe0, 0xe0,
  0xe2, 0xdf, 0xdf, 0xe2, 0xe0, 0xe0, 0xe0, 0xde, 0xde, 0xde, 0xdb, 0xdb,
  0xe0, 0xde, 0xde, 0xe1, 0xde, 0xde, 0xe0, 0xdd, 0xdc, 0xe0, 0xdc, 0xdd,
  0xdf, 0xdb, 0xdc, 0xe0, 0xdb, 0xdc, 0xdf, 0xdd, 0xdd, 0xe0, 0xdc, 0xdc,
  0xe0, 0xda, 0xdc, 0xe1, 0xdd, 0xdd, 0xe1, 0xdf, 0xdf, 0xe0, 0xdd, 0xde,
  0xe1, 0xdf, 0xdf, 0xe1, 0xdf, 0xdf, 0xe1, 0xdf, 0xdf, 0xe0, 0xdf, 0xdf,
  0xe1, 0xdf, 0xdf, 0xe0, 0xde, 0xde, 0xe1, 0xdf, 0xdf, 0xe1, 0xdf, 0xdf,
  0xe1, 0xdf, 0xdf, 0xe2, 0xe0, 0xe0, 0xe1, 0xe0, 0xe0, 0xe2, 0xe0, 0xe0,
  0xe0, 0xde, 0xde, 0xe1, 0xdf, 0xdf, 0xe0, 0xde, 0xde, 0xe0, 0xde, 0xde,
  0xe1, 0xdf, 0xdf, 0xe0, 0xdc, 0xdc, 0xe1, 0xdd, 0xdd, 0xe0, 0xde, 0xde,
  0xdf, 0xdd, 0xdd, 0xdf, 0xdb, 0xdc, 0xe0, 0xdc, 0xdd, 0xdf, 0xdb, 0xdc,
  0xe0, 0xdb, 0xdc, 0xdf, 0xdb, 0xdc, 0xe0, 0xdb, 0xdc, 0xe0, 0xdb, 0xdc,
  0xe1, 0xdd, 0xdd, 0xdc, 0xd8, 0xdb, 0xf0, 0xed, 0xe3, 0x9a, 0x92, 0xbf,
  0x0d, 0x00, 0xa7, 0x16, 0x08, 0xb0, 0x24, 0x20, 0x74, 0x3c, 0x38, 0x52,
  0x42, 0x3c, 0x60, 0x5f, 0x59, 0xc7, 0x3d, 0x2c, 0xcc, 0x08, 0x02, 0x78,
  0x0d, 0x03, 0x95, 0x1c, 0x03, 0xc8, 0x27, 0x19, 0x92, 0x38, 0x33, 0x27,
  0x1c, 0x15, 0x81, 0x00, 0x00, 0x96, 0x00, 0x00, 0x7f, 0x4d, 0x45, 0x8b,
  0x91, 0x78, 0xa2, 0x25, 0x1a, 0x95, 0x00, 0x00, 0x9b, 0x27, 0x1d, 0x5c,
  0x28, 0x26, 0x15, 0x47, 0x42, 0x50, 0x2f, 0x28, 0x97, 0x00, 0x00, 0x90,
  0x01, 0x01, 0x8a, 0x01, 0x01, 0x8d, 0x05, 0x04, 0x91, 0x02, 0x00, 0x8a,
  0x5e, 0x62, 0xa0, 0xee, 0xed, 0xe0, 0xd9, 0xd3, 0xd8, 0xdb, 0xd9, 0xd9,
  0xdc, 0xd9, 0xd9, 0xdc, 0xd7, 0xd8, 0xdd, 0xd8, 0xd9, 0xdc, 0xd7, 0xd8,
  0xdb, 0xd6, 0xd7, 0xdc, 0xd7, 0xd8, 0xdc, 0xd7, 0xd8, 0xdc, 0xd7, 0xd8,
  0xdb, 0xd8, 0xd9, 0xdb, 0xd7, 0xd7, 0xdb, 0xd6, 0xd7, 0xdb, 0xd6, 0xd7,
  0xda, 0xd5, 0xd6, 0xdb, 0xd6, 0xd7, 0xdb, 0xd6, 0xd7, 0xdb, 0xd6, 0xd7,
  0xd9, 0xd4, 0xd5, 0xda, 0xd5, 0xd6, 0xd9, 0xd4, 0xd4, 0xda, 0xd5, 0xd6,
  0xd8, 0xd3, 0xd4, 0xd7, 0xd3, 0xd3, 0xd8, 0xd2, 0xd3, 0xd9, 0xd4, 0xd5,
  0xe3, 0xdf, 0xe0, 0xe2, 0xe0, 0xe0, 0xe3, 0xe0, 0xe0, 0xe3, 0xe0, 0xe1,
  0xe2, 0xdf, 0xdf, 0xe2, 0xe0, 0xe0, 0xe2, 0xe0, 0xe0, 0xe2, 0xdf, 0xe0,
  0xe2, 0xdf, 0xdf, 0xe2, 0xe1, 0xe1, 0xe5, 0xe4, 0xe4, 0xe4, 0xe3, 0xe2,
  0xe2, 0xdf, 0xdf, 0xe1, 0xdd, 0xdd, 0xe0, 0xde, 0xde, 0xe1, 0xdf, 0xdf,
  0xe1, 0xdf, 0xdf, 0xe1, 0xdf, 0xdf, 0xdf, 0xdd, 0xdd, 0xe1, 0xdf, 0xde,
  0xe0, 0xde, 0xdd, 0xe3, 0xe0, 0xe1, 0xe4, 0xe3, 0xe3, 0xe2, 0xe2, 0xe2,
  0xe6, 0xe3, 0xe3, 0xe3, 0xe2, 0xe2, 0xe1, 0xe0, 0xe0, 0xe1, 0xdf, 0xdf,
  0xe2, 0xe0, 0xdf, 0xe1, 0xdf, 0xde, 0xe1, 0xdf, 0xdf, 0xe1, 0xdf, 0xdf,
  0xe1, 0xdf, 0xdf, 0xe2, 0xdf, 0xdf, 0xe1, 0xdf, 0xdf, 0xe1, 0xde, 0xde,
  0xe0, 0xdd, 0xdd, 0xdf, 0xdc, 0xdc, 0xe1, 0xde, 0xdd, 0xdf, 0xdd, 0xdd,
  0xe0, 0xde, 0xde, 0xe0, 0xdf, 0xdf, 0xe0, 0xdf, 0xde, 0xe0, 0xde, 0xde,
  0xe1, 0xdf, 0xdf, 0xe1, 0xdf, 0xdf, 0xe1, 0xe0, 0xe0, 0xe2, 0xe0, 0xe0,
  0xe2, 0xe0, 0xe0, 0xe2, 0xe0, 0xe0, 0xe2, 0xe0, 0xe0, 0xe1, 0xdf, 0xdf,
  0xe1, 0xdf, 0xdf, 0xe2, 0xe0, 0xe0, 0xe1, 0xdf, 0xdf, 0xe2, 0xe0, 0xe0,
  0xe1, 0xe0, 0xe0, 0xe2, 0xe0, 0xe0, 0xe1, 0xe0, 0xe0, 0xe1, 0xdf, 0xdf,
  0xe1, 0xdf, 0xdf, 0xdf, 0xde, 0xde, 0xdf, 0xde, 0xde, 0xe0, 0xde, 0xde,
  0xe0, 0xde, 0xde, 0xe2, 0xe0, 0xe0, 0xe1, 0xdf, 0xdf, 0xdf, 0xdd, 0xdd,
  0xe0, 0xde, 0xdf, 0xe1, 0xdf, 0xde, 0xdc, 0xd8, 0xdc, 0x42, 0x3a, 0xa7,
  0x00, 0x00, 0x87, 0x3f, 0x37, 0xa3, 0x35, 0x2e, 0x36, 0x16, 0x11, 0x0b,
  0x26, 0x20, 0x2e, 0x2b, 0x22, 0xc2, 0x2a, 0x1d, 0xd0, 0x12, 0x0c, 0x82,
  0x0f, 0x04, 0x98, 0x2e, 0x1c, 0xd6, 0x20, 0x13, 0x9b, 0x34, 0x30, 0x27,
  0x15, 0x11, 0x79, 0x00, 0x00, 0x9c, 0x15, 0x14, 0x7d, 0xab, 0x99, 0xac,
  0xb3, 0x9e, 0xad, 0x94, 0x7a, 0xa0, 0x05, 0x00, 0x9a, 0x14, 0x08, 0xa6,
  0x22, 0x16, 0x3c, 0x1b, 0x14, 0x0a, 0x43, 0x3e, 0x40, 0x3b, 0x33, 0x90,
  0x03, 0x01, 0x91, 0x03, 0x00, 0x70, 0x12, 0x0d, 0x56, 0x14, 0x0d, 0x72,
  0x01, 0x00, 0x7e, 0x83, 0x8b, 0xb1, 0xec, 0xeb, 0xe1, 0xd7, 0xd5, 0xd9,
  0xde, 0xdc, 0xdc, 0xdd, 0xdb, 0xdc, 0xdd, 0xdb, 0xdc, 0xdd, 0xdb, 0xdb,
  0xde, 0xda, 0xdb, 0xde, 0xd9, 0xda, 0xdc, 0xd8, 0xd8, 0xdd, 0xd7, 0xd8,
  0xda, 0xd5, 0xd6, 0xdb, 0xd6, 0xd7, 0xdc, 0xd7, 0xd8, 0xda, 0xd5, 0xd6,
  0xda, 0xd5, 0xd6, 0xdb, 0xd6, 0xd7, 0xd9, 0xd4, 0xd5, 0xda, 0xd5, 0xd6,
  0xda, 0xd5, 0xd6, 0xd9, 0xd4, 0xd5, 0xda, 0xd5, 0xd6, 0xda, 0xd5, 0xd6,
  0xda, 0xd5, 0xd6, 0xda, 0xd5, 0xd6, 0xda, 0xd5, 0xd6, 0xd9, 0xd4, 0xd5,
  0xe1, 0xde, 0xde, 0xe3, 0xe0, 0xe0, 0xe2, 0xe0, 0xe0, 0xe2, 0xe1, 0xe1,
  0xe4, 0xe2, 0xe2, 0xe2, 0xe0, 0xe0, 0xe2, 0xe0, 0xe0, 0xe2, 0xe0, 0xe0,
  0xe3, 0xe1, 0xe1, 0xe1, 0xdf, 0xdf, 0xe0, 0xde, 0xde, 0xe4, 0xe1, 0xe1,
  0xe4, 0xe3, 0xe3, 0xe3, 0xe2, 0xe2, 0xe3, 0xe1, 0xe1, 0xe4, 0xe2, 0xe2,
  0xe3, 0xe1, 0xe1, 0xe2, 0xe0, 0xe1, 0xe2, 0xe0, 0xe0, 0xe2, 0xe0, 0xe0,
  0xe3, 0xe0, 0xe0, 0xe3, 0xe1, 0xe1, 0xe1, 0xe0, 0xe0, 0xe1, 0xde, 0xde,
  0xe1, 0xdd, 0xde, 0xe2, 0xe1, 0xe1, 0xe2, 0xe1, 0xe1, 0xe1, 0xe0, 0xe0,
  0xe2, 0xe1, 0xe1, 0xe1, 0xe1, 0xe1, 0xe2, 0xe0, 0xe0, 0xe3, 0xe1, 0xe1,
  0xe3, 0xe0, 0xe0, 0xe0, 0xde, 0xdd, 0xe2, 0xdf, 0xdf, 0xe1, 0xde, 0xdf,
  0xe0, 0xdf, 0xde, 0xe3, 0xe0, 0xe0, 0xe1, 0xde, 0xde, 0xe0, 0xdd, 0xdd,
  0xde, 0xdc, 0xdc, 0xde, 0xdb, 0xdb, 0xde, 0xdc, 0xdc, 0xe0, 0xde, 0xde,
  0xe0, 0xdc, 0xdd, 0xe1, 0xde, 0xde, 0xe0, 0xde, 0xde, 0xe0, 0xdf, 0xde,
  0xe2, 0xdf, 0xdf, 0xe1, 0xde, 0xdf, 0xe1, 0xdf, 0xdf, 0xe1, 0xdf, 0xdf,
  0xe1, 0xdf, 0xdf, 0xe1, 0xdf, 0xdf, 0xe2, 0xe1, 0xe1, 0xe2, 0xe0, 0xe0,
  0xe2, 0xdf, 0xe0, 0xe1, 0xdf, 0xdf, 0xe1, 0xe0, 0xdf, 0xe1, 0xdf, 0xdf,
  0xe2, 0xe0, 0xe0, 0xe1, 0xdf, 0xdf, 0xe1, 0xdf, 0xdf, 0xe2, 0xdf, 0xe0,
  0xe0, 0xdf, 0xdf, 0xe1, 0xdf, 0xdf, 0xe1, 0xdf, 0xdf, 0xe1, 0xdf, 0xe0,
  0xde, 0xdb, 0xde, 0xf1, 0xf0, 0xe1, 0x6e, 0x64, 0xd6, 0x21, 0x15, 0xa6,
  0x3d, 0x35, 0x62, 0x2e, 0x28, 0x2e, 0x1a, 0x12, 0x11, 0x16, 0x12, 0x3b,
  0x33, 0x2f, 0x4e, 0x29, 0x18, 0xbc, 0x30, 0x23, 0xd1, 0x1e, 0x17, 0x8e,
  0x17, 0x04, 0x9c, 0x26, 0x17, 0xc8, 0x26, 0x14, 0xb8, 0x30, 0x2a, 0x2d,
  0x1a, 0x18, 0x6e, 0x00, 0x00, 0x9c, 0x2c, 0x2b, 0x90, 0xb7, 0xa8, 0xb3,
  0x9a, 0x83, 0xa0, 0xaa, 0x94, 0xa3, 0x65, 0x4d, 0x84, 0x00, 0x00, 0x81,
  0x09, 0x04, 0x9e, 0x1a, 0x10, 0x50, 0x18, 0x11, 0x0b, 0x32, 0x2b, 0x26,
  0x1e, 0x16, 0x6e, 0x00, 0x00, 0x50, 0x21, 0x15, 0x28, 0x38, 0x2e, 0x4b,
  0x47, 0x3c, 0x68, 0x24, 0x12, 0x95, 0x98, 0x9c, 0xbb, 0xf4, 0xf0, 0xe3,
  0xda, 0xd6, 0xd9, 0xdb, 0xd8, 0xda, 0xdc, 0xd8, 0xd8, 0xda, 0xd7, 0xd8,
  0xdc, 0xd7, 0xd8, 0xdb, 0xd8, 0xd8, 0xdb, 0xd9, 0xd9, 0xdb, 0xd7, 0xd8,
  0xda, 0xd5, 0xd6, 0xdb, 0xd7, 0xd7, 0xdb, 0xd7, 0xd7, 0xda, 0xd6, 0xd7,
  0xdb, 0xd5, 0xd7, 0xdc, 0xd7, 0xd8, 0xda, 0xd5, 0xd6, 0xd8, 0xd3, 0xd4,
  0xda, 0xd5, 0xd6, 0xd9, 0xd4, 0xd5, 0xda, 0xd5, 0xd6, 0xd9, 0xd4, 0xd5,
  0xd8, 0xd3, 0xd4, 0xd9, 0xd5, 0xd5, 0xd9, 0xd4, 0xd5, 0xd8, 0xd3, 0xd4,
  0xe2, 0xe0, 0xe0, 0xe1, 0xdf, 0xdf, 0xe0, 0xdf, 0xde, 0xe1, 0xe0, 0xdf,
  0xe2, 0xe0, 0xe1, 0xe0, 0xde, 0xdd, 0xde, 0xdb, 0xdb, 0xe0, 0xdb, 0xdc,
  0xe1, 0xdf, 0xdf, 0xe1, 0xe0, 0xe0, 0xe0, 0xde, 0xde, 0xe1, 0xdf, 0xdf,
  0xe2, 0xe0, 0xe0, 0xe2, 0xe1, 0xe0, 0xe2, 0xe0, 0xe0, 0xe0, 0xde, 0xde,
  0xe1, 0xdf, 0xdf, 0xe2, 0xe0, 0xe0, 0xe2, 0xe0, 0xe0, 0xe3, 0xe1, 0xe1,
  0xe2, 0xe0, 0xe0, 0xe3, 0xe1, 0xe1, 0xe2, 0xe0, 0xe0, 0xe1, 0xdd, 0xde,
  0xe0, 0xdd, 0xde, 0xdf, 0xde, 0xde, 0xe0, 0xde, 0xde, 0xe0, 0xde, 0xde,
  0xe1, 0xdf, 0xe0, 0xe3, 0xe1, 0xe1, 0xe2, 0xe0, 0xe0, 0xe2, 0xe0, 0xe0,
  0xe4, 0xe2, 0xe2, 0xe4, 0xe2, 0xe1, 0xe3, 0xe1, 0xe0, 0xe2, 0xe0, 0xe0,
  0xe3, 0xe0, 0xe1, 0xe2, 0xe0, 0xe0, 0xe0, 0xdf, 0xde, 0xe2, 0xe0, 0xe0,
  0xe4, 0xe2, 0xe2, 0xe3, 0xe0, 0xe1, 0xe0, 0xde, 0xdf, 0xdf, 0xdd, 0xdd,
  0xde, 0xda, 0xdb, 0xde, 0xd9, 0xda, 0xdf, 0xda, 0xda, 0xdf, 0xdb, 0xdb,
  0xdf, 0xda, 0xdb, 0xe0, 0xdd, 0xdc, 0xdf, 0xdd, 0xdd, 0xdf, 0xdd, 0xdc,
  0xdf, 0xdc, 0xdb, 0xe0, 0xdc, 0xdb, 0xe0, 0xde, 0xdd, 0xe0, 0xde, 0xde,
  0xe0, 0xdf, 0xde, 0xe0, 0xde, 0xde, 0xe1, 0xde, 0xdf, 0xe0, 0xdf, 0xdf,
  0xe0, 0xde, 0xde, 0xdf, 0xdd, 0xdd, 0xe0, 0xde, 0xde, 0xdf, 0xdd, 0xde,
  0xe1, 0xde, 0xde, 0xe1, 0xdf, 0xdf, 0xdf, 0xdd, 0xde, 0xdb, 0xd9, 0xdb,
  0xf1, 0xef, 0xe1, 0x95, 0x8f, 0xd8, 0x35, 0x2a, 0xbd, 0x40, 0x3b, 0x4e,
  0x1c, 0x15, 0x0c, 0x1b, 0x12, 0x1a, 0x0f, 0x0a, 0x5e, 0x01, 0x00, 0x8a,
  0x23, 0x1f, 0x55, 0x22, 0x12, 0xa9, 0x2f, 0x21, 0xd7, 0x1c, 0x15, 0x88,
  0x13, 0x09, 0x8b, 0x27, 0x12, 0xcb, 0x26, 0x10, 0xc8, 0x28, 0x1e, 0x3a,
  0x21, 0x1c, 0x4e, 0x00, 0x00, 0x9a, 0x2e, 0x2d, 0x91, 0xc4, 0xb3, 0xba,
  0xa9, 0x94, 0xab, 0xa4, 0x8f, 0xa5, 0x4f, 0x43, 0x41, 0x0f, 0x09, 0x3c,
  0x10, 0x07, 0xae, 0x0a, 0x01, 0xb1, 0x0c, 0x08, 0x50, 0x05, 0x02, 0x52,
  0x00, 0x00, 0x7b, 0x16, 0x09, 0xab, 0x1e, 0x0e, 0xc3, 0x15, 0x05, 0x7d,
  0x30, 0x2e, 0x16, 0x32, 0x2b, 0x7c, 0x05, 0x09, 0x7d, 0x87, 0x8f, 0xaf,
  0xe1, 0xe1, 0xd9, 0xe1, 0xdc, 0xdb, 0xd9, 0xd6, 0xd8, 0xdc, 0xd9, 0xda,
  0xdc, 0xd8, 0xd9, 0xdc, 0xd7, 0xd8, 0xdc, 0xda, 0xda, 0xdc, 0xd7, 0xd8,
  0xdc, 0xd7, 0xd8, 0xdc, 0xd7, 0xd8, 0xdc, 0xd8, 0xd9, 0xdd, 0xd8, 0xd9,
  0xda, 0xd5, 0xd6, 0xdb, 0xd9, 0xd9, 0xdb, 0xd7, 0xd8, 0xd8, 0xd3, 0xd4,
  0xd9, 0xd4, 0xd5, 0xd9, 0xd4, 0xd5, 0xd7, 0xd2, 0xd3, 0xda, 0xd5, 0xd6,
  0xd9, 0xd5, 0xd5, 0xd8, 0xd4, 0xd4, 0xda, 0xd5, 0xd6, 0xd8, 0xd3, 0xd4,
  0xe1, 0xdc, 0xdd, 0xe1, 0xde, 0xde, 0xdf, 0xdb, 0xdc, 0xde, 0xda, 0xd9,
  0xe0, 0xdd, 0xdc, 0xe1, 0xde, 0xde, 0xe0, 0xdc, 0xdd, 0xe0, 0xdc, 0xdd,
  0xe1, 0xde, 0xde, 0xe1, 0xdf, 0xdf, 0xe1, 0xde, 0xde, 0xe1, 0xdf, 0xdf,
  0xe1, 0xde, 0xde, 0xe2, 0xde, 0xdf, 0xe1, 0xde, 0xde, 0xe0, 0xdd, 0xde,
  0xe1, 0xdf, 0xdf, 0xe0, 0xde, 0xdd, 0xdf, 0xdd, 0xdd, 0xe2, 0xe0, 0xe0,
  0xe1, 0xdf, 0xdf, 0xe1, 0xdf, 0xdf, 0xe2, 0xe0, 0xe0, 0xe2, 0xe0, 0xe0,
  0xe1, 0xde, 0xde, 0xe0, 0xde, 0xde, 0xe1, 0xde, 0xde, 0xdf, 0xdb, 0xdc,
  0xe1, 0xde, 0xde, 0xe0, 0xde, 0xde, 0xe1, 0xde, 0xde, 0xe0, 0xde, 0xde,
  0xe0, 0xdd, 0xdd, 0xe0, 0xdd, 0xdc, 0xe2, 0xe0, 0xdf, 0xe3, 0xe1, 0xe1,
  0xe2, 0xe2, 0xe1, 0xe2, 0xe2, 0xe1, 0xe3, 0xe1, 0xe1, 0xe1, 0xdf, 0xdf,
  0xdf, 0xde, 0xde, 0xe0, 0xdf, 0xdf, 0xe3, 0xe0, 0xe0, 0xe3, 0xe2, 0xe2,
  0xe2, 0xe2, 0xe2, 0xe2, 0xdf, 0xdf, 0xe0, 0xdd, 0xdd, 0xdf, 0xdd, 0xdd,
  0xdf, 0xdc, 0xdc, 0xe0, 0xdc, 0xdc, 0xe0, 0xde, 0xde, 0xdf, 0xde, 0xde,
  0xe0, 0xdd, 0xdd, 0xdf, 0xdc, 0xdc, 0xde, 0xdb, 0xdb, 0xe0, 0xdc, 0xdb,
  0xe0, 0xdc, 0xdb, 0xe0, 0xdb, 0xdb, 0xe0, 0xdc, 0xdd, 0xe0, 0xde, 0xde,
  0xe0, 0xdd, 0xde, 0xe1, 0xde, 0xde, 0xe1, 0xde, 0xdf, 0xde, 0xdc, 0xdc,
  0xdd, 0xd8, 0xda, 0xdc, 0xd9, 0xd9, 0xe4, 0xe0, 0xdf, 0xef, 0xec, 0xe8,
  0xac, 0xa6, 0xc8, 0x2a, 0x1e, 0xbc, 0x47, 0x42, 0x6e, 0x16, 0x10, 0x03,
  0x14, 0x0d, 0x2a, 0x06, 0x05, 0x7f, 0x02, 0x01, 0x93, 0x00, 0x00, 0x8f,
  0x3d, 0x35, 0x76, 0x2f, 0x1f, 0x98, 0x2a, 0x1a, 0xd9, 0x20, 0x18, 0x8b,
  0x0c, 0x0a, 0x5f, 0x21, 0x15, 0xc6, 0x14, 0x06, 0xbd, 0x1a, 0x0e, 0x5f,
  0x27, 0x21, 0x25, 0x00, 0x00, 0x8c, 0x16, 0x17, 0x8f, 0xb6, 0xac, 0xb7,
  0xa6, 0x92, 0xa9, 0x9a, 0x84, 0x9d, 0x31, 0x21, 0x31, 0x35, 0x2f, 0x29,
  0x54, 0x3f, 0x9c, 0x00, 0x00, 0x8b, 0x04, 0x04, 0x67, 0x00, 0x01, 0x88,
  0x12, 0x02, 0xab, 0x1b, 0x04, 0xbc, 0x18, 0x0b, 0xb5, 0x08, 0x02, 0x88,
  0x0d, 0x09, 0x1f, 0x4b, 0x45, 0x56, 0x1a, 0x0f, 0x8d, 0x00, 0x00, 0x7a,
  0x35, 0x35, 0x90, 0xc6, 0xcc, 0xce, 0xe5, 0xde, 0xdd, 0xd9, 0xd5, 0xd7,
  0xdb, 0xd6, 0xd7, 0xdc, 0xd7, 0xd8, 0xdd, 0xd9, 0xda, 0xdb, 0xd6, 0xd7,
  0xdc, 0xd7, 0xd8, 0xdd, 0xd8, 0xd9, 0xdd, 0xd8, 0xd9, 0xdd, 0xd9, 0xd9,
  0xdc, 0xd9, 0xda, 0xdb, 0xd7, 0xd7, 0xdb, 0xd9, 0xd9, 0xdc, 0xd9, 0xda,
  0xdd, 0xd8, 0xd9, 0xdd, 0xd8, 0xd9, 0xdc, 0xd7, 0xd8, 0xdd, 0xd8, 0xd9,
  0xdb, 0xd6, 0xd7, 0xdc, 0xd7, 0xd8, 0xdb, 0xd6, 0xd7, 0xd9, 0xd5, 0xd5,
  0xde, 0xda, 0xda, 0xde, 0xda, 0xda, 0xde, 0xda, 0xd9, 0xdf, 0xdb, 0xda,
  0xdd, 0xd8, 0xd7, 0xde, 0xda, 0xd9, 0xe0, 0xdc, 0xdc, 0xe1, 0xdf, 0xde,
  0xdf, 0xdd, 0xdc, 0xdf, 0xdc, 0xdc, 0xdf, 0xde, 0xde, 0xe0, 0xde, 0xde,
  0xe1, 0xdd, 0xde, 0xe1, 0xe0, 0xe0, 0xe1, 0xdf, 0xdf, 0xe1, 0xdf, 0xdf,
  0xe2, 0xe0, 0xe0, 0xe2, 0xe0, 0xe0, 0xe3, 0xe1, 0xe1, 0xe2, 0xe0, 0xe0,
  0xe3, 0xe1, 0xe1, 0xe1, 0xdf, 0xdf, 0xe1, 0xdf, 0xdf, 0xe1, 0xdf, 0xdf,
  0xe1, 0xdf, 0xde, 0xe2, 0xe0, 0xe0, 0xe1, 0xdf, 0xdf, 0xe1, 0xdf, 0xdf,
  0xe1, 0xe0, 0xe0, 0xe0, 0xdf, 0xdf, 0xdf, 0xdc, 0xdc, 0xdf, 0xdb, 0xdc,
  0xe1, 0xde, 0xde, 0xdf, 0xdc, 0xdc, 0xdf, 0xdd, 0xdd, 0xdf, 0xdb, 0xdb,
  0xdd, 0xd9, 0xda, 0xdf, 0xdb, 0xdb, 0xe2, 0xdf, 0xe0, 0xe1, 0xe0, 0xe0,
  0xe1, 0xe1, 0xe1, 0xe4, 0xe1, 0xe2, 0xe1, 0xdc, 0xdc, 0xdf, 0xdc, 0xdc,
  0xe1, 0xdf, 0xdf, 0xe2, 0xe1, 0xe1, 0xe2, 0xe0, 0xe0, 0xe2, 0xdf, 0xdf,
  0xe3, 0xe1, 0xe1, 0xe0, 0xde, 0xde, 0xde, 0xdc, 0xdc, 0xdf, 0xdc, 0xdc,
  0xde, 0xdc, 0xdc, 0xdf, 0xdb, 0xdc, 0xdf, 0xdb, 0xdc, 0xdf, 0xdd, 0xdd,
  0xde, 0xdc, 0xdc, 0xe0, 0xdc, 0xdd, 0xdf, 0xda, 0xdb, 0xe0, 0xda, 0xdb,
  0xdf, 0xda, 0xda, 0xdf, 0xdb, 0xdb, 0xdc, 0xd8, 0xd9, 0xde, 0xda, 0xdb,
  0xe0, 0xdd, 0xe0, 0xe3, 0xdf, 0xe0, 0xc0, 0xbb, 0xc8, 0x7f, 0x78, 0x9b,
  0x2c, 0x1f, 0x99, 0x44, 0x3e, 0x6d, 0x23, 0x1c, 0x15, 0x15, 0x0e, 0x2c,
  0x03, 0x02, 0x79, 0x01, 0x01, 0x83, 0x02, 0x01, 0x87, 0x00, 0x02, 0x87,
  0xa6, 0x9b, 0xa9, 0x5f, 0x4a, 0x92, 0x15, 0x0a, 0xc1, 0x27, 0x1d, 0xa9,
  0x0f, 0x0b, 0x4c, 0x13, 0x0c, 0xaf, 0x11, 0x05, 0xb2, 0x0f, 0x04, 0x9c,
  0x23, 0x1c, 0x1c, 0x12, 0x0c, 0x61, 0x00, 0x00, 0x8d, 0x88, 0x81, 0xa4,
  0xc1, 0xaf, 0xba, 0xa3, 0x8d, 0xa7, 0x67, 0x4f, 0x69, 0x14, 0x13, 0x11,
  0x81, 0x6d, 0x87, 0x20, 0x11, 0x7c, 0x00, 0x00, 0x7b, 0x06, 0x04, 0x9c,
  0x0c, 0x00, 0xb4, 0x12, 0x0f, 0x93, 0x2a, 0x20, 0x8f, 0x11, 0x04, 0x97,
  0x19, 0x07, 0x96, 0x33, 0x2f, 0x50, 0x27, 0x1e, 0x89, 0x02, 0x00, 0x77,
  0x00, 0x00, 0x80, 0x38, 0x40, 0x88, 0xdb, 0xdc, 0xd8, 0xde, 0xd8, 0xda,
  0xdb, 0xd6, 0xd7, 0xdc, 0xd8, 0xd8, 0xdd, 0xd9, 0xda, 0xdd, 0xd7, 0xd8,
  0xdc, 0xd8, 0xd9, 0xdc, 0xda, 0xda, 0xdb, 0xd6, 0xd7, 0xdc, 0xd7, 0xd8,
  0xdb, 0xd6, 0xd7, 0xd9, 0xd4, 0xd4, 0xd9, 0xd4, 0xd5, 0xdb, 0xd6, 0xd7,
  0xda, 0xd5, 0xd6, 0xdb, 0xd6, 0xd7, 0xdc, 0xd7, 0xd8, 0xdb, 0xd7, 0xd6,
  0xdc, 0xd7, 0xd7, 0xda, 0xd5, 0xd6, 0xdd, 0xd8, 0xd9, 0xdc, 0xd7, 0xd8,
  0xe0, 0xdb, 0xdc, 0xe0, 0xdc, 0xdc, 0xe0, 0xdb, 0xdb, 0xe0, 0xdd, 0xdd,
  0xde, 0xdb, 0xda, 0xe0, 0xdc, 0xdc, 0xdf, 0xdc, 0xdc, 0xdd, 0xdb, 0xdb,
  0xe0, 0xdb, 0xdb, 0xe0, 0xdd, 0xdd, 0xdf, 0xdb, 0xdc, 0xe1, 0xde, 0xdf,
  0xe0, 0xdd, 0xdd, 0xe0, 0xde, 0xde, 0xe0, 0xdd, 0xde, 0xe1, 0xde, 0xde,
  0xe2, 0xe0, 0xe0, 0xe1, 0xdf, 0xdf, 0xe2, 0xe1, 0xe0, 0xe1, 0xdf, 0xdf,
  0xe1, 0xe0, 0xe0, 0xe3, 0xe1, 0xe1, 0xe1, 0xe0, 0xe0, 0xe0, 0xdf, 0xde,
  0xe2, 0xe0, 0xdf, 0xe2, 0xe0, 0xe0, 0xe2, 0xe0, 0xe0, 0xe2, 0xe0, 0xe0,
  0xe0, 0xde, 0xde, 0xe2, 0xe1, 0xe1, 0xe3, 0xe0, 0xe0, 0xe1, 0xdf, 0xdf,
  0xe1, 0xe0, 0xe0, 0xe2, 0xe1, 0xe1, 0xe0, 0xde, 0xde, 0xe2, 0xdf, 0xdf,
  0xe3, 0xe0, 0xe1, 0xe2, 0xe0, 0xe1, 0xe2, 0xdf, 0xe0, 0xe1, 0xdf, 0xdf,
  0xe0, 0xdf, 0xdf, 0xe3, 0xe1, 0xe1, 0xe3, 0xe2, 0xe2, 0xe4, 0xe3, 0xe3,
  0xe1, 0xde, 0xdf, 0xdf, 0xdb, 0xdb, 0xe1, 0xdf, 0xdf, 0xe3, 0xe1, 0xe1,
  0xe5, 0xe3, 0xe3, 0xe3, 0xe1, 0xe1, 0xe3, 0xe3, 0xe3, 0xde, 0xdb, 0xdb,
  0xdd, 0xda, 0xda, 0xe0, 0xde, 0xdf, 0xe0, 0xdb, 0xdc, 0xdf, 0xdb, 0xdc,
  0xdf, 0xde, 0xde, 0xe0, 0xdc, 0xdd, 0xe0, 0xdb, 0xdc, 0xe1, 0xdd, 0xde,
  0xdf, 0xdc, 0xdd, 0xdc, 0xda, 0xda, 0xe9, 0xe6, 0xe5, 0xe3, 0xe1, 0xe3,
  0xdc, 0xdc, 0xcf, 0xc4, 0xbf, 0xd5, 0x3d, 0x37, 0x53, 0x0d, 0x06, 0x38,
  0x18, 0x14, 0x69, 0x21, 0x1b, 0x1c, 0x16, 0x0d, 0x2a, 0x04, 0x02, 0x7c,
  0x01, 0x01, 0x7f, 0x02, 0x01, 0x77, 0x04, 0x03, 0x7e, 0x00, 0x00, 0x81,
  0x66, 0x61, 0x9b, 0x81, 0x70, 0x77, 0x29, 0x19, 0xa0, 0x2a, 0x20, 0xc2,
  0x0e, 0x08, 0x3f, 0x14, 0x0b, 0xa5, 0x01, 0x00, 0x9c, 0x09, 0x01, 0xb7,
  0x15, 0x0a, 0x69, 0x1e, 0x17, 0x23, 0x00, 0x00, 0x8c, 0x38, 0x37, 0x91,
  0xb4, 0xa3, 0xab, 0xa6, 0x92, 0xaa, 0x99, 0x80, 0x9c, 0x21, 0x13, 0x22,
  0x43, 0x3e, 0x42, 0x79, 0x62, 0x85, 0x4d, 0x3d, 0x8c, 0x04, 0x00, 0x9a,
  0x07, 0x07, 0x94, 0x72, 0x70, 0x86, 0x67, 0x58, 0x55, 0x15, 0x0b, 0x64,
  0x0a, 0x03, 0x8e, 0x11, 0x03, 0x99, 0x0c, 0x01, 0x79, 0x08, 0x01, 0x7d,
  0x09, 0x00, 0x90, 0x09, 0x0a, 0x7c, 0xc2, 0xc6, 0xc6, 0xe1, 0xde, 0xdd,
  0xdb, 0xd8, 0xd9, 0xdd, 0xd9, 0xd9, 0xdc, 0xda, 0xda, 0xdd, 0xd9, 0xd9,
  0xdd, 0xd8, 0xd9, 0xde, 0xd9, 0xda, 0xdc, 0xd7, 0xd8, 0xdc, 0xd7, 0xd8,
  0xdc, 0xd7, 0xd8, 0xdb, 0xd6, 0xd7, 0xda, 0xd5, 0xd6, 0xdd, 0xd7, 0xd8,
  0xdc, 0xd7, 0xd8, 0xdc, 0xd7, 0xd8, 0xdb, 0xd6, 0xd7, 0xda, 0xd5, 0xd5,
  0xd9, 0xd4, 0xd5, 0xda, 0xd5, 0xd6, 0xda, 0xd5, 0xd6, 0xd9, 0xd4, 0xd4,
  0xe1, 0xdf, 0xdf, 0xe1, 0xdf, 0xdf, 0xe3, 0xe1, 0xe1, 0xe2, 0xe0, 0xe0,
  0xe2, 0xe0, 0xe1, 0xe2, 0xe0, 0xe0, 0xe3, 0xe1, 0xe1, 0xe1, 0xde, 0xde,
  0xe2, 0xde, 0xdf, 0xe2, 0xde, 0xdf, 0xe1, 0xde, 0xde, 0xe1, 0xdd, 0xdd,
  0xe1, 0xdf, 0xdf, 0xe2, 0xe0, 0xe0, 0xe2, 0xe0, 0xe0, 0xe1, 0xde, 0xdf,
  0xe2, 0xe0, 0xe0, 0xe2, 0xe0, 0xe0, 0xe1, 0xde, 0xde, 0xdf, 0xdc, 0xdd,
  0xe0, 0xde, 0xdf, 0xe1, 0xdf, 0xdf, 0xe1, 0xde, 0xde, 0xe1, 0xde, 0xde,
  0xe2, 0xdf, 0xe0, 0xe0, 0xde, 0xde, 0xe2, 0xdf, 0xe0, 0xe2, 0xe0, 0xe0,
  0xe2, 0xe0, 0xe0, 0xe1, 0xde, 0xde, 0xe1, 0xde, 0xde, 0xe1, 0xdd, 0xdd,
  0xe2, 0xdf, 0xdf, 0xe2, 0xdf, 0xdf, 0xe0, 0xde, 0xde, 0xe1, 0xde, 0xde,
  0xe1, 0xe0, 0xdf, 0xe1, 0xe0, 0xe0, 0xe2, 0xe1, 0xe1, 0xe2, 0xe0, 0xe0,
  0xe2, 0xe0, 0xe0, 0xe1, 0xdf, 0xdf, 0xe0, 0xde, 0xdf, 0xe2, 0xe1, 0xe2,
  0xe3, 0xe2, 0xe2, 0xe2, 0xe0, 0xe0, 0xe0, 0xde, 0xde, 0xe0, 0xde, 0xde,
  0xdf, 0xdd, 0xdd, 0xe0, 0xdd, 0xdd, 0xe3, 0xe0, 0xe0, 0xe3, 0xe2, 0xe2,
  0xe1, 0xdf, 0xdf, 0xde, 0xdc, 0xdc, 0xdf, 0xdc, 0xdc, 0xdf, 0xdd, 0xdd,
  0xe0, 0xde, 0xde, 0xdf, 0xdd, 0xdd, 0xe0, 0xdd, 0xdd, 0xdb, 0xd8, 0xd9,
  0xe2, 0xdf, 0xdd, 0xe9, 0xe6, 0xe6, 0xb7, 0xb5, 0xbe, 0x57, 0x55, 0x66,
  0x2d, 0x2a, 0x68, 0x26, 0x24, 0x8a, 0x14, 0x0a, 0x67, 0x04, 0x03, 0x85,
  0x00, 0x00, 0x84, 0x06, 0x04, 0x69, 0x06, 0x03, 0x73, 0x01, 0x01, 0x7b,
  0x01, 0x01, 0x73, 0x02, 0x01, 0x6e, 0x01, 0x01, 0x6a, 0x01, 0x00, 0x6a,
  0x02, 0x02, 0x6b, 0x3d, 0x38, 0x76, 0x35, 0x2b, 0x82, 0x24, 0x16, 0xca,
  0x0e, 0x0a, 0x64, 0x16, 0x0c, 0x9d, 0x0f, 0x05, 0xaf, 0x0c, 0x01, 0xa6,
  0x04, 0x00, 0xa4, 0x1a, 0x13, 0x29, 0x16, 0x0f, 0x44, 0x00, 0x00, 0x92,
  0x94, 0x8d, 0xa6, 0xad, 0x97, 0xa9, 0x8f, 0x78, 0x95, 0x82, 0x68, 0x85,
  0x0f, 0x09, 0x0f, 0x5d, 0x5a, 0x60, 0x90, 0x7a, 0x8b, 0x5b, 0x49, 0x96,
  0x30, 0x2d, 0x72, 0x41, 0x42, 0x2c, 0x5d, 0x57, 0x4a, 0x4a, 0x40, 0x54,
  0x0e, 0x08, 0x28, 0x25, 0x21, 0x1e, 0x2a, 0x25, 0x25, 0x28, 0x20, 0x2a,
  0x21, 0x15, 0x59, 0x1d, 0x19, 0x64, 0xc4, 0xc8, 0xc8, 0xe9, 0xe4, 0xe4,
  0xe0, 0xdd, 0xdd, 0xe2, 0xdf, 0xe0, 0xdd, 0xda, 0xdb, 0xdc, 0xd8, 0xd8,
  0xdc, 0xd9, 0xd9, 0xdc, 0xd8, 0xd9, 0xde, 0xd9, 0xda, 0xde, 0xd9, 0xda,
  0xdd, 0xd8, 0xd9, 0xdd, 0xd8, 0xd9, 0xdc, 0xd7, 0xd8, 0xdc, 0xd7, 0xd8,
  0xdc, 0xd7, 0xd8, 0xdc, 0xd7, 0xd8, 0xdc, 0xd7, 0xd8, 0xdc, 0xd7, 0xd8,
  0xdc, 0xd7, 0xd8, 0xdc, 0xd7, 0xd8, 0xdb, 0xd6, 0xd7, 0xdb, 0xd6, 0xd7,
  0xe0, 0xde, 0xde, 0xe1, 0xdf, 0xdf, 0xe1, 0xde, 0xdd, 0xe0, 0xdd, 0xdc,
  0xe0, 0xdc, 0xdc, 0xe0, 0xdc, 0xdc, 0xe0, 0xdd, 0xdd, 0xde, 0xdb, 0xda,
  0xdf, 0xdc, 0xdc, 0xe1, 0xdd, 0xdd, 0xe0, 0xdc, 0xdb, 0xdf, 0xdc, 0xdb,
  0xe1, 0xdf, 0xdf, 0xe2, 0xdf, 0xdf, 0xe1, 0xe0, 0xe0, 0xe1, 0xdf, 0xe0,
  0xe2, 0xe0, 0xe0, 0xe3, 0xe1, 0xe1, 0xe3, 0xe0, 0xe0, 0xe2, 0xdf, 0xe0,
  0xe2, 0xe1, 0xe1, 0xe1, 0xe0, 0xe0, 0xe0, 0xdd, 0xdd, 0xde, 0xdc, 0xdc,
  0xe1, 0xdf, 0xdf, 0xe0, 0xdc, 0xdd, 0xe0, 0xdc, 0xdc, 0xe1, 0xdd, 0xdd,
  0xe1, 0xdc, 0xdd, 0xe1, 0xde, 0xde, 0xdf, 0xdd, 0xdc, 0xdd, 0xd9, 0xd9,
  0xe0, 0xdb, 0xdb, 0xde, 0xda, 0xd9, 0xe1, 0xdf, 0xdf, 0xde, 0xda, 0xd9,
  0xde, 0xdb, 0xdb, 0xe0, 0xde, 0xde, 0xe1, 0xde, 0xde, 0xe0, 0xde, 0xde,
  0xe0, 0xde, 0xde, 0xe0, 0xdd, 0xdd, 0xe1, 0xdf, 0xdf, 0xde, 0xdc, 0xdc,
  0xdf, 0xdd, 0xdd, 0xe3, 0xe2, 0xe2, 0xe1, 0xe0, 0xe0, 0xe2, 0xe1, 0xe1,
  0xe3, 0xe0, 0xe0, 0xe1, 0xdf, 0xdf, 0xe2, 0xe0, 0xe0, 0xe3, 0xe0, 0xe1,
  0xe3, 0xe2, 0xe2, 0xe2, 0xe1, 0xe1, 0xdd, 0xdb, 0xdb, 0xdf, 0xdd, 0xdd,
  0xe0, 0xdf, 0xde, 0xde, 0xdd, 0xdd, 0xdd, 0xdb, 0xdc, 0xe2, 0xdf, 0xde,
  0xd0, 0xcf, 0xd6, 0x62, 0x61, 0xb1, 0x3f, 0x38, 0x6b, 0x0a, 0x01, 0x7c,
  0x01, 0x00, 0x8b, 0x01, 0x01, 0x82, 0x06, 0x02, 0x74, 0x02, 0x01, 0x6f,
  0x03, 0x02, 0x71, 0x02, 0x01, 0x77, 0x02, 0x01, 0x7f, 0x04, 0x02, 0x6d,
  0x03, 0x01, 0x7c, 0x02, 0x01, 0x7b, 0x02, 0x02, 0x78, 0x02, 0x03, 0x72,
  0x00, 0x00, 0x6c, 0x00, 0x00, 0x6b, 0x49, 0x48, 0x88, 0x70, 0x5e, 0xce,
  0x08, 0x00, 0x8c, 0x0a, 0x09, 0x8c, 0x25, 0x0b, 0xc2, 0x07, 0x00, 0x9f,
  0x00, 0x00, 0xa1, 0x0c, 0x08, 0x69, 0x22, 0x1a, 0x0a, 0x08, 0x02, 0x56,
  0x22, 0x25, 0x91, 0xb3, 0xa7, 0xb1, 0xb1, 0x9f, 0xb0, 0xb8, 0xa3, 0xb7,
  0x5c, 0x44, 0x5d, 0x43, 0x39, 0x48, 0x85, 0x74, 0x90, 0xa2, 0x93, 0x9d,
  0x83, 0x6f, 0x91, 0x1d, 0x13, 0x5a, 0x21, 0x1c, 0x22, 0x34, 0x2e, 0x2c,
  0x1c, 0x15, 0x16, 0x21, 0x1a, 0x17, 0x21, 0x1b, 0x19, 0x20, 0x19, 0x15,
  0x1e, 0x18, 0x0f, 0x1e, 0x18, 0x13, 0x43, 0x44, 0x3e, 0xb6, 0xb8, 0xb3,
  0xc1, 0xc1, 0xc1, 0xbf, 0xc1, 0xbf, 0xd8, 0xd7, 0xd6, 0xe4, 0xe0, 0xe2,
  0xdc, 0xda, 0xda, 0xdd, 0xd9, 0xda, 0xdf, 0xda, 0xdb, 0xdf, 0xda, 0xdb,
  0xdf, 0xda, 0xdb, 0xdf, 0xda, 0xdb, 0xde, 0xd9, 0xda, 0xde, 0xd9, 0xda,
  0xde, 0xd9, 0xda, 0xdd, 0xd8, 0xd9, 0xdd, 0xd8, 0xd9, 0xdd, 0xd8, 0xd9,
  0xdd, 0xd8, 0xd9, 0xdd, 0xd8, 0xd9, 0xdd, 0xd8, 0xd9, 0xdc, 0xd7, 0xd8,
  0xe2, 0xe0, 0xe0, 0xe3, 0xe1, 0xe1, 0xe2, 0xe0, 0xdf, 0xe0, 0xdf, 0xde,
  0xe1, 0xde, 0xdf, 0xe1, 0xde, 0xde, 0xe1, 0xde, 0xde, 0xe2, 0xde, 0xdf,
  0xe1, 0xe0, 0xe0, 0xe0, 0xdf, 0xde, 0xe1, 0xdf, 0xdf, 0xdf, 0xdb, 0xdc,
  0xe0, 0xdb, 0xdc, 0xdf, 0xdc, 0xdb, 0xdf, 0xdc, 0xdc, 0xe1, 0xdd, 0xdd,
  0xde, 0xdc, 0xdb, 0xe1, 0xdf, 0xdf, 0xe1, 0xde, 0xde, 0xe0, 0xdd, 0xdd,
  0xe3, 0xe0, 0xe0, 0xe1, 0xdf, 0xdf, 0xe1, 0xe0, 0xe0, 0xe1, 0xdf, 0xdf,
  0xdf, 0xdd, 0xdd, 0xe1, 0xde, 0xde, 0xdf, 0xdb, 0xdb, 0xe1, 0xde, 0xde,
  0xe1, 0xdf, 0xdf, 0xe2, 0xe0, 0xe0, 0xe0, 0xdf, 0xde, 0xe2, 0xe0, 0xe0,
  0xe2, 0xdf, 0xdf, 0xe0, 0xdf, 0xde, 0xe1, 0xe0, 0xe0, 0xe1, 0xdf, 0xdf,
  0xe1, 0xdf, 0xde, 0xe0, 0xde, 0xde, 0xe1, 0xde, 0xde, 0xe0, 0xdd, 0xdc,
  0xdf, 0xdc, 0xdc, 0xe0, 0xdd, 0xdc, 0xe0, 0xdc, 0xdc, 0xe0, 0xdd, 0xdd,
  0xe0, 0xde, 0xde, 0xe0, 0xde, 0xde, 0xde, 0xdd, 0xdd, 0xe1, 0xdf, 0xdf,
  0xe2, 0xe0, 0xe0, 0xdf, 0xdf, 0xdf, 0xe0, 0xdd, 0xdd, 0xe0, 0xdc, 0xdc,
  0xdf, 0xdb, 0xda, 0xe2, 0xe0, 0xdf, 0xed, 0xed, 0xec, 0xe9, 0xe8, 0xe8,
  0xde, 0xdb, 0xdb, 0xe7, 0xe5, 0xe4, 0xe9, 0xe6, 0xe6, 0xf3, 0xf2, 0xe8,
  0x6f, 0x65, 0x9c, 0x0d, 0x08, 0x7d, 0x2a, 0x21, 0x83, 0x0f, 0x04, 0x9a,
  0x01, 0x02, 0x77, 0x03, 0x03, 0x82, 0x01, 0x01, 0x6f, 0x02, 0x01, 0x73,
  0x02, 0x01, 0x64, 0x02, 0x01, 0x71, 0x03, 0x02, 0x6d, 0x04, 0x03, 0x7b,
  0x02, 0x01, 0x6c, 0x02, 0x03, 0x7a, 0x02, 0x03, 0x81, 0x00, 0x00, 0x84,
  0x50, 0x46, 0xa1, 0xcb, 0xc8, 0xd4, 0xf1, 0xef, 0xe6, 0xe0, 0xd8, 0xe7,
  0x33, 0x23, 0xa1, 0x00, 0x00, 0x7b, 0x27, 0x14, 0xc5, 0x0e, 0x00, 0xab,
  0x00, 0x01, 0x96, 0x03, 0x00, 0x94, 0x16, 0x0f, 0x27, 0x1e, 0x17, 0x14,
  0x00, 0x00, 0x71, 0x47, 0x48, 0x98, 0xc3, 0xb6, 0xb8, 0xb9, 0xa8, 0xb6,
  0xa4, 0x8f, 0xa6, 0xa3, 0x93, 0xa7, 0xa3, 0x95, 0xa8, 0x9d, 0x90, 0xa5,
  0xb0, 0xa2, 0xaa, 0x87, 0x70, 0xb3, 0x53, 0x45, 0x85, 0x3f, 0x35, 0x2a,
  0x23, 0x1a, 0x1e, 0x18, 0x11, 0x13, 0x18, 0x10, 0x11, 0x1b, 0x13, 0x14,
  0x1a, 0x13, 0x14, 0x1d, 0x17, 0x18, 0x09, 0x02, 0x02, 0x75, 0x7d, 0x73,
  0xce, 0xca, 0xcc, 0xb3, 0xb2, 0xb1, 0xbc, 0xb6, 0xb8, 0xb8, 0xb9, 0xb6,
  0xd9, 0xd8, 0xd7, 0xdd, 0xd8, 0xd9, 0xde, 0xd8, 0xd9, 0xdd, 0xd8, 0xd9,
  0xdc, 0xd7, 0xd8, 0xdc, 0xd7, 0xd8, 0xdd, 0xd8, 0xd9, 0xdd, 0xd8, 0xd9,
  0xdc, 0xd7, 0xd8, 0xdc, 0xd7, 0xd8, 0xdc, 0xd7, 0xd8, 0xdd, 0xd8, 0xd9,
  0xdd, 0xd8, 0xd9, 0xdc, 0xd9, 0xda, 0xdd, 0xd8, 0xd9, 0xdb, 0xd7, 0xd8,
  0xe2, 0xde, 0xde, 0xe0, 0xdb, 0xdc, 0xde, 0xdb, 0xdc, 0xe0, 0xde, 0xde,
  0xe0, 0xdd, 0xdd, 0xe0, 0xde, 0xde, 0xe1, 0xde, 0xde, 0xe0, 0xdc, 0xdd,
  0xe1, 0xde, 0xde, 0xe1, 0xde, 0xdd, 0xe1, 0xdf, 0xdf, 0xe2, 0xdf, 0xde,
  0xe2, 0xdf, 0xdf, 0xe1, 0xe0, 0xe0, 0xe2, 0xe0, 0xe0, 0xe2, 0xe0, 0xe0,
  0xe0, 0xde, 0xde, 0xe1, 0xdf, 0xdf, 0xdf, 0xdd, 0xdd, 0xe1, 0xde, 0xdd,
  0xe2, 0xde, 0xde, 0xe1, 0xdf, 0xdf, 0xe1, 0xdf, 0xdf, 0xe1, 0xdf, 0xdf,
  0xe0, 0xde, 0xde, 0xe1, 0xdf, 0xdf, 0xe1, 0xdf, 0xdf, 0xe1, 0xdf, 0xdf,
  0xe1, 0xdf, 0xdf, 0xe2, 0xe0, 0xe0, 0xe1, 0xdf, 0xdf, 0xe1, 0xde, 0xdf,
  0xe2, 0xe0, 0xe0, 0xe2, 0xe1, 0xe1, 0xe2, 0xe1, 0xe1, 0xe1, 0xe0, 0xe0,
  0xe2, 0xe1, 0xe1, 0xe0, 0xde, 0xde, 0xdf, 0xdd, 0xdd, 0xe1, 0xde, 0xdd,
  0xe2, 0xdf, 0xdf, 0xe3, 0xe1, 0xe1, 0xe1, 0xdf, 0xdf, 0xe2, 0xe0, 0xe0,
  0xe2, 0xe0, 0xe0, 0xe1, 0xe0, 0xe0, 0xe2, 0xe0, 0xe0, 0xe2, 0xdf, 0xdf,
  0xe2, 0xe0, 0xe0, 0xe3, 0xe3, 0xe3, 0xe0, 0xdd, 0xde, 0xe0, 0xdd, 0xdd,
  0xe4, 0xe2, 0xe2, 0xd0, 0xcd, 0xcf, 0x81, 0x80, 0x7d, 0xbd, 0xbe, 0xbb,
  0xf1, 0xf0, 0xf0, 0xbd, 0xbb, 0xbb, 0xbc, 0xbc, 0xb8, 0x71, 0x6c, 0xb6,
  0x02, 0x00, 0x86, 0x03, 0x02, 0x80, 0x02, 0x01, 0x7f, 0x03, 0x02, 0x7b,
  0x01, 0x01, 0x77, 0x01, 0x00, 0x79, 0x01, 0x01, 0x76, 0x01, 0x01, 0x70,
  0x02, 0x01, 0x77, 0x03, 0x02, 0x6f, 0x02, 0x02, 0x78, 0x00, 0x00, 0x67,
  0x06, 0x04, 0x85, 0x05, 0x00, 0x8c, 0x12, 0x09, 0x87, 0x8e, 0x86, 0xb7,
  0xec, 0xe9, 0xe1, 0xe8, 0xe4, 0xe0, 0xd9, 0xd7, 0xdb, 0xf0, 0xee, 0xe4,
  0x72, 0x5e, 0xbf, 0x00, 0x00, 0x73, 0x26, 0x14, 0xc1, 0x1b, 0x03, 0xb8,
  0x00, 0x01, 0x91, 0x01, 0x00, 0xa5, 0x0b, 0x04, 0x58, 0x1b, 0x13, 0x04,
  0x17, 0x10, 0x36, 0x00, 0x00, 0x88, 0x80, 0x7b, 0x9e, 0xc7, 0xb6, 0xbc,
  0xb4, 0xa4, 0xb3, 0xb2, 0xa4, 0xaf, 0xae, 0xa0, 0xb0, 0xae, 0xa2, 0xb0,
  0xa2, 0x93, 0xa3, 0xaf, 0x9d, 0xac, 0x40, 0x2d, 0x85, 0x1a, 0x17, 0x20,
  0x1c, 0x16, 0x14, 0x27, 0x20, 0x21, 0x1e, 0x14, 0x16, 0x1a, 0x14, 0x14,
  0x1a, 0x13, 0x13, 0x1e, 0x16, 0x18, 0x12, 0x0d, 0x09, 0x8b, 0x91, 0x86,
  0xf2, 0xef, 0xf0, 0xe1, 0xdf, 0xde, 0xe0, 0xde, 0xdf, 0xb5, 0xb2, 0xb2,
  0xd3, 0xd2, 0xd0, 0xdf, 0xdb, 0xdc, 0xdc, 0xd9, 0xd9, 0xdd, 0xd9, 0xd9,
  0xdd, 0xd9, 0xda, 0xde, 0xd9, 0xda, 0xde, 0xd9, 0xda, 0xdd, 0xd8, 0xd9,
  0xdc, 0xd7, 0xd8, 0xda, 0xd7, 0xd7, 0xda, 0xd6, 0xd7, 0xdb, 0xd7, 0xd7,
  0xda, 0xd6, 0xd7, 0xdc, 0xd8, 0xd8, 0xdb, 0xd7, 0xd8, 0xdb, 0xd7, 0xd7,
  0xe3, 0xe0, 0xe0, 0xe2, 0xde, 0xde, 0xe2, 0xe0, 0xe0, 0xe0, 0xde, 0xde,
  0xe0, 0xdd, 0xde, 0xe1, 0xdd, 0xde, 0xdf, 0xdc, 0xdc, 0xdf, 0xdb, 0xdb,
  0xde, 0xda, 0xd9, 0xde, 0xda, 0xda, 0xe0, 0xdd, 0xdd, 0xdf, 0xdd, 0xdc,
  0xe1, 0xdd, 0xde, 0xdf, 0xdb, 0xdc, 0xe0, 0xdc, 0xdd, 0xdf, 0xdc, 0xdc,
  0xe0, 0xde, 0xde, 0xdf, 0xdc, 0xdd, 0xe2, 0xdd, 0xdd, 0xe0, 0xde, 0xde,
  0xe1, 0xde, 0xde, 0xdf, 0xdd, 0xdd, 0xe0, 0xde, 0xde, 0xdf, 0xdd, 0xdd,
  0xe1, 0xdf, 0xe0, 0xe2, 0xe0, 0xe0, 0xe1, 0xde, 0xde, 0xe1, 0xde, 0xde,
  0xe0, 0xde, 0xdd, 0xe0, 0xde, 0xde, 0xe0, 0xde, 0xde, 0xdf, 0xdc, 0xdc,
  0xe0, 0xde, 0xde, 0xe1, 0xdf, 0xde, 0xe3, 0xe0, 0xdf, 0xe1, 0xdf, 0xdf,
  0xe1, 0xde, 0xde, 0xe2, 0xe1, 0xe0, 0xe2, 0xdf, 0xdf, 0xe3, 0xe1, 0xe0,
  0xe2, 0xe0, 0xdf, 0xe0, 0xde, 0xde, 0xe0, 0xde, 0xde, 0xe1, 0xdf, 0xdf,
  0xe0, 0xde, 0xde, 0xe0, 0xde, 0xde, 0xe1, 0xdd, 0xde, 0xe3, 0xe1, 0xe1,
  0xe2, 0xe0, 0xe0, 0xe0, 0xdd, 0xdd, 0xe3, 0xe0, 0xe0, 0xe2, 0xe0, 0xe0,
  0xeb, 0xea, 0xeb, 0x70, 0x6e, 0x72, 0x66, 0x5a, 0x53, 0x2b, 0x25, 0x29,
  0x62, 0x64, 0x63, 0x2d, 0x29, 0x2c, 0x13, 0x10, 0x14, 0x19, 0x14, 0x33,
  0x0d, 0x09, 0x46, 0x03, 0x02, 0x79, 0x02, 0x02, 0x79, 0x02, 0x01, 0x7c,
  0x01, 0x01, 0x85, 0x01, 0x02, 0x70, 0x03, 0x03, 0x7e, 0x03, 0x02, 0x6d,
  0x02, 0x02, 0x81, 0x01, 0x00, 0x70, 0x07, 0x07, 0x7e, 0x25, 0x1f, 0x7e,
  0x00, 0x00, 0x6d, 0x25, 0x1d, 0x93, 0xba, 0xb7, 0xc7, 0xef, 0xed, 0xe2,
  0xdc, 0xd8, 0xdc, 0xdb, 0xd7, 0xd9, 0xde, 0xdb, 0xde, 0xea, 0xe8, 0xdc,
  0x95, 0x83, 0xd3, 0x02, 0x00, 0x83, 0x21, 0x0f, 0xb6, 0x23, 0x08, 0xc0,
  0x06, 0x00, 0x9a, 0x01, 0x01, 0x9e, 0x03, 0x01, 0x8d, 0x11, 0x0b, 0x18,
  0x1e, 0x16, 0x0c, 0x09, 0x04, 0x5a, 0x16, 0x18, 0x90, 0xb2, 0xa8, 0xb0,
  0xb7, 0xa7, 0xb4, 0xb4, 0xa6, 0xb3, 0xb7, 0xa9, 0xb6, 0xae, 0xa0, 0xaf,
  0xa4, 0x94, 0xa5, 0xb6, 0xa7, 0xb4, 0x75, 0x66, 0x7b, 0x32, 0x2e, 0x33,
  0x1f, 0x17, 0x18, 0x26, 0x1f, 0x1d, 0x29, 0x20, 0x1f, 0x25, 0x20, 0x20,
  0x24, 0x1e, 0x1f, 0x28, 0x21, 0x22, 0x2b, 0x29, 0x24, 0xaf, 0xb2, 0xaa,
  0xe2, 0xe0, 0xe0, 0xd8, 0xd7, 0xd7, 0xdb, 0xd8, 0xd9, 0xe5, 0xe2, 0xe2,
  0xe0, 0xdc, 0xdd, 0xdb, 0xd9, 0xd9, 0xdb, 0xd6, 0xd7, 0xdc, 0xd9, 0xda,
  0xdd, 0xd9, 0xda, 0xdd, 0xd8, 0xd9, 0xde, 0xd9, 0xda, 0xdd, 0xd8, 0xd9,
  0xdb, 0xd7, 0xd8, 0xdb, 0xd8, 0xd8, 0xdc, 0xd9, 0xd9, 0xdc, 0xd8, 0xd8,
  0xdd, 0xd8, 0xd9, 0xdb, 0xd7, 0xd8, 0xdc, 0xd8, 0xd9, 0xdc, 0xd7, 0xd8,
  0xe2, 0xe2, 0xe2, 0xe3, 0xe1, 0xe1, 0xe3, 0xe1, 0xe1, 0xe3, 0xe1, 0xe1,
  0xe2, 0xe0, 0xe0, 0xe2, 0xdf, 0xe0, 0xe2, 0xe0, 0xe0, 0xe1, 0xdf, 0xdf,
  0xe1, 0xdf, 0xdf, 0xe3, 0xe1, 0xe1, 0xe2, 0xe0, 0xe0, 0xe1, 0xdf, 0xdf,
  0xe3, 0xe1, 0xe1, 0xe0, 0xdd, 0xdd, 0xe2, 0xe0, 0xe1, 0xe4, 0xe2, 0xe2,
  0xe0, 0xde, 0xde, 0xe1, 0xdf, 0xdf, 0xe1, 0xdd, 0xdd, 0xe2, 0xdf, 0xdf,
  0xe3, 0xe2, 0xe2, 0xe1, 0xdf, 0xde, 0xdf, 0xdc, 0xdb, 0xdf, 0xdb, 0xda,
  0xe0, 0xdc, 0xdc, 0xe0, 0xdd, 0xde, 0xe0, 0xdd, 0xde, 0xe0, 0xdc, 0xdc,
  0xe0, 0xde, 0xde, 0xde, 0xdb, 0xda, 0xe0, 0xdc, 0xdb, 0xe2, 0xdd, 0xde,
  0xe0, 0xdc, 0xdd, 0xdf, 0xdd, 0xdc, 0xdf, 0xdd, 0xdd, 0xe0, 0xde, 0xde,
  0xe0, 0xdc, 0xdc, 0xe0, 0xdc, 0xdc, 0xe0, 0xdc, 0xdc, 0xde, 0xdb, 0xda,
  0xe1, 0xdd, 0xdd, 0xe0, 0xdd, 0xdc, 0xe0, 0xde, 0xdd, 0xdf, 0xdd, 0xdd,
  0xdf, 0xdc, 0xdc, 0xe0, 0xde, 0xde, 0xe1, 0xdf, 0xdf, 0xe2, 0xe0, 0xe0,
  0xe1, 0xdf, 0xdf, 0xdf, 0xdd, 0xdd, 0xdf, 0xdd, 0xdd, 0xe5, 0xe4, 0xe2,
  0xdf, 0xdd, 0xe0, 0x3f, 0x3b, 0x3d, 0x47, 0x41, 0x3d, 0x25, 0x20, 0x23,
  0x0b, 0x05, 0x06, 0x19, 0x13, 0x14, 0x16, 0x10, 0x11, 0x1a, 0x16, 0x10,
  0x1e, 0x15, 0x0a, 0x0f, 0x0a, 0x46, 0x00, 0x01, 0x77, 0x04, 0x04, 0x80,
  0x05, 0x05, 0x89, 0x03, 0x02, 0x76, 0x00, 0x00, 0x7d, 0x00, 0x00, 0x7b,
  0x0a, 0x06, 0x7b, 0x04, 0x00, 0x75, 0x64, 0x66, 0x9a, 0xe6, 0xe1, 0xe1,
  0xa3, 0x9b, 0xbc, 0xce, 0xcb, 0xce, 0xed, 0xea, 0xe5, 0xdb, 0xd7, 0xdb,
  0xe0, 0xde, 0xde, 0xdf, 0xde, 0xde, 0xdd, 0xdb, 0xdc, 0xe6, 0xe4, 0xdd,
  0xc8, 0xbb, 0xe1, 0x20, 0x13, 0x9c, 0x1e, 0x0f, 0xad, 0x1f, 0x07, 0xbc,
  0x11, 0x00, 0xad, 0x00, 0x01, 0x99, 0x01, 0x01, 0xa7, 0x08, 0x05, 0x4f,
  0x19, 0x12, 0x0a, 0x1c, 0x15, 0x1d, 0x00, 0x00, 0x77, 0x40, 0x41, 0x93,
  0xc3, 0xb5, 0xb6, 0xb6, 0xa7, 0xb5, 0xb5, 0xa7, 0xb3, 0xae, 0xa1, 0xaf,
  0xa9, 0x99, 0xa8, 0xb8, 0xaa, 0xb2, 0x97, 0x83, 0xa3, 0x28, 0x1c, 0x2b,
  0x2a, 0x24, 0x1f, 0x18, 0x11, 0x0d, 0x28, 0x22, 0x1b, 0x2b, 0x27, 0x20,
  0x2a, 0x25, 0x26, 0x24, 0x1e, 0x1e, 0x4b, 0x4b, 0x42, 0xdb, 0xdb, 0xd8,
  0xdb, 0xd9, 0xd9, 0xdd, 0xdb, 0xdb, 0xdd, 0xd8, 0xd9, 0xdb, 0xd6, 0xd7,
  0xdc, 0xd9, 0xd9, 0xdc, 0xda, 0xda, 0xdd, 0xd7, 0xd8, 0xdd, 0xd9, 0xd9,
  0xdd, 0xdb, 0xdb, 0xdd, 0xda, 0xda, 0xdd, 0xd8, 0xd9, 0xde, 0xd9, 0xda,
  0xdb, 0xd8, 0xd8, 0xdc, 0xd8, 0xd8, 0xdc, 0xd8, 0xd9, 0xdc, 0xd7, 0xd8,
  0xdc, 0xd7, 0xd8, 0xdc, 0xd7, 0xd8, 0xdd, 0xd8, 0xd9, 0xdc, 0xd7, 0xd8,
  0xe2, 0xe1, 0xe1, 0xe3, 0xe1, 0xe1, 0xe3, 0xe1, 0xe1, 0xe2, 0xe0, 0xe0,
  0xe2, 0xe0, 0xe0, 0xe1, 0xdf, 0xdf, 0xe1, 0xe0, 0xe0, 0xe2, 0xe0, 0xe0,
  0xe2, 0xdf, 0xdf, 0xe2, 0xe0, 0xe0, 0xe2, 0xe0, 0xe0, 0xe3, 0xe1, 0xe1,
  0xe2, 0xdf, 0xdf, 0xe2, 0xe0, 0xe0, 0xe1, 0xde, 0xde, 0xe1, 0xdf, 0xdf,
  0xe0, 0xde, 0xde, 0xde, 0xdc, 0xdc, 0xe0, 0xde, 0xde, 0xe2, 0xdf, 0xdf,
  0xe3, 0xe2, 0xe3, 0xe3, 0xe1, 0xe1, 0xe1, 0xdf, 0xde, 0xe2, 0xdf, 0xdf,
  0xe1, 0xdd, 0xdd, 0xe0, 0xde, 0xdd, 0xdf, 0xdd, 0xdd, 0xde, 0xdd, 0xdc,
  0xdf, 0xdd, 0xdc, 0xde, 0xd9, 0xd9, 0xdf, 0xdb, 0xda, 0xe0, 0xdd, 0xdd,
  0xdf, 0xdd, 0xdd, 0xdf, 0xdd, 0xdc, 0xe0, 0xdc, 0xdb, 0xdf, 0xdc, 0xdc,
  0xe0, 0xdb, 0xdb, 0xe1, 0xdd, 0xdd, 0xdf, 0xdc, 0xdb, 0xe0, 0xdd, 0xdc,
  0xe0, 0xdb, 0xdc, 0xde, 0xd9, 0xd9, 0xdf, 0xdb, 0xda, 0xdf, 0xda, 0xda,
  0xde, 0xd9, 0xd9, 0xde, 0xdc, 0xdb, 0xe0, 0xdd, 0xdd, 0xe1, 0xde, 0xdf,
  0xe1, 0xde, 0xde, 0xe0, 0xdd, 0xdd, 0xde, 0xdc, 0xdc, 0xe7, 0xe5, 0xe5,
  0xbe, 0xbb, 0xc0, 0x2d, 0x28, 0x2b, 0x42, 0x3a, 0x37, 0x1b, 0x15, 0x16,
  0x1a, 0x15, 0x16, 0x1a, 0x14, 0x16, 0x19, 0x13, 0x14, 0x16, 0x11, 0x15,
  0x1e, 0x18, 0x14, 0x1c, 0x17, 0x36, 0x01, 0x01, 0x7c, 0x00, 0x00, 0x82,
  0x00, 0x00, 0x86, 0x07, 0x03, 0x7e, 0x28, 0x23, 0x90, 0x1d, 0x11, 0x91,
  0x56, 0x54, 0x96, 0xc5, 0xc1, 0xcb, 0xdd, 0xda, 0xdb, 0xe6, 0xe5, 0xe2,
  0xec, 0xec, 0xe6, 0xe5, 0xe3, 0xe2, 0xde, 0xdb, 0xdd, 0xe0, 0xde, 0xde,
  0xe0, 0xdd, 0xde, 0xe0, 0xde, 0xde, 0xde, 0xdc, 0xdc, 0xe0, 0xdf, 0xdd,
  0xdd, 0xd4, 0xdf, 0x46, 0x35, 0xb3, 0x1c, 0x11, 0xa6, 0x1b, 0x07, 0xb6,
  0x11, 0x00, 0xac, 0x04, 0x01, 0xa1, 0x01, 0x01, 0x9c, 0x02, 0x01, 0x95,
  0x10, 0x0b, 0x24, 0x1a, 0x15, 0x0c, 0x17, 0x10, 0x30, 0x00, 0x00, 0x83,
  0x6d, 0x6a, 0x9b, 0xc3, 0xb3, 0xb6, 0xae, 0x9d, 0xad, 0xb1, 0xa3, 0xb1,
  0xad, 0xa0, 0xad, 0xac, 0x9d, 0xa8, 0xb3, 0xa0, 0xb1, 0x30, 0x1e, 0x75,
  0x17, 0x11, 0x24, 0x1d, 0x12, 0x3c, 0x21, 0x19, 0x25, 0x22, 0x1a, 0x29,
  0x33, 0x2c, 0x28, 0x34, 0x32, 0x31, 0xb9, 0xb9, 0xb3, 0xe4, 0xe1, 0xe2,
  0xdc, 0xda, 0xda, 0xdc, 0xda, 0xda, 0xdf, 0xda, 0xdb, 0xdf, 0xd9, 0xda,
  0xdd, 0xda, 0xda, 0xdd, 0xdb, 0xdb, 0xde, 0xda, 0xdb, 0xde, 0xd9, 0xda,
  0xdc, 0xda, 0xda, 0xdc, 0xda, 0xda, 0xde, 0xd8, 0xd9, 0xde, 0xd9, 0xda,
  0xdd, 0xd8, 0xd9, 0xdd, 0xd9, 0xd9, 0xdd, 0xda, 0xdb, 0xdc, 0xda, 0xda,
  0xdc, 0xda, 0xda, 0xde, 0xd9, 0xda, 0xde, 0xd9, 0xda, 0xdd, 0xd8, 0xd9,
  0xdf, 0xdc, 0xdc, 0xdd, 0xd9, 0xd9, 0xdf, 0xdc, 0xdb, 0xe0, 0xdc, 0xdc,
  0xe2, 0xde, 0xde, 0xe2, 0xdf, 0xdf, 0xe0, 0xde, 0xdd, 0xe1, 0xde, 0xdd,
  0xe3, 0xe2, 0xe2, 0xe3, 0xe1, 0xe1, 0xe4, 0xe1, 0xe2, 0xe4, 0xe1, 0xe2,
  0xe3, 0xe2, 0xe2, 0xe1, 0xe2, 0xe2, 0xe2, 0xe0, 0xe0, 0xe2, 0xdf, 0xde,
  0xe2, 0xe1, 0xe1, 0xe2, 0xe0, 0xe0, 0xe2, 0xe0, 0xe0, 0xe2, 0xde, 0xdf,
  0xe1, 0xe0, 0xdf, 0xdf, 0xdc, 0xdc, 0xe2, 0xe0, 0xe0, 0xe2, 0xe1, 0xe1,
  0xe2, 0xe1, 0xe1, 0xe1, 0xe0, 0xe0, 0xe1, 0xdf, 0xdf, 0xe2, 0xe0, 0xe0,
  0xe3, 0xe0, 0xdf, 0xe1, 0xdf, 0xdf, 0xe0, 0xdf, 0xdf, 0xe1, 0xdf, 0xdf,
  0xe2, 0xe0, 0xe0, 0xe1, 0xdf, 0xdf, 0xe1, 0xde, 0xdd, 0xe2, 0xdf, 0xdf,
  0xe1, 0xde, 0xde, 0xe0, 0xde, 0xdd, 0xe0, 0xde, 0xde, 0xdf, 0xdb, 0xdb,
  0xe0, 0xdb, 0xdb, 0xde, 0xdb, 0xdb, 0xdf, 0xdb, 0xdb, 0xe0, 0xdc, 0xdd,
  0xe0, 0xdb, 0xdc, 0xe0, 0xdc, 0xdc, 0xdd, 0xda, 0xd9, 0xdf, 0xda, 0xdb,
  0xdf, 0xdb, 0xdb, 0xdf, 0xdb, 0xda, 0xdc, 0xd8, 0xd9, 0xed, 0xe8, 0xe8,
  0x94, 0x8e, 0x95, 0x19, 0x14, 0x14, 0x23, 0x1d, 0x1d, 0x20, 0x1a, 0x1b,
  0x18, 0x14, 0x15, 0x1a, 0x15, 0x15, 0x22, 0x1c, 0x1d, 0x1b, 0x15, 0x16,
  0x19, 0x11, 0x0c, 0x0b, 0x04, 0x43, 0x05, 0x05, 0x7c, 0x65, 0x60, 0xa1,
  0x7c, 0x73, 0xad, 0xae, 0xa9, 0xc3, 0xdf, 0xdc, 0xda, 0xd7, 0xd3, 0xd5,
  0xdc, 0xd8, 0xd9, 0xea, 0xe8, 0xe4, 0xe1, 0xde, 0xdf, 0xdf, 0xdc, 0xdd,
  0xdd, 0xdb, 0xdc, 0xde, 0xdc, 0xdd, 0xe0, 0xde, 0xde, 0xe1, 0xdf, 0xdf,
  0xe1, 0xde, 0xde, 0xe0, 0xdd, 0xdd, 0xdf, 0xdd, 0xde, 0xdd, 0xda, 0xdd,
  0xeb, 0xe9, 0xde, 0x76, 0x62, 0xc4, 0x19, 0x0e, 0x9a, 0x1c, 0x0a, 0xb3,
  0x09, 0x00, 0xa3, 0x04, 0x01, 0xa2, 0x01, 0x01, 0x99, 0x01, 0x00, 0xa0,
  0x05, 0x03, 0x77, 0x14, 0x0f, 0x12, 0x1a, 0x14, 0x0b, 0x0f, 0x0a, 0x42,
  0x02, 0x04, 0x86, 0x8b, 0x84, 0x9f, 0xc1, 0xae, 0xb6, 0xaf, 0x9f, 0xb0,
  0xb1, 0xa3, 0xb1, 0xb2, 0xa6, 0xb3, 0xc5, 0xb5, 0xb6, 0x4a, 0x38, 0xa2,
  0x11, 0x0a, 0x41, 0x14, 0x08, 0x5e, 0x63, 0x5a, 0xaf, 0x46, 0x34, 0x69,
  0x7d, 0x81, 0x92, 0xe3, 0xdf, 0xdd, 0xe1, 0xdd, 0xe0, 0xdc, 0xda, 0xda,
  0xde, 0xdc, 0xdc, 0xdd, 0xdb, 0xdb, 0xdd, 0xd8, 0xd9, 0xdd, 0xda, 0xda,
  0xde, 0xdc, 0xdc, 0xdd, 0xdb, 0xdb, 0xdd, 0xdb, 0xdb, 0xdd, 0xda, 0xda,
  0xdd, 0xd8, 0xd9, 0xdd, 0xda, 0xda, 0xdd, 0xd9, 0xda, 0xdc, 0xd7, 0xd8,
  0xdf, 0xdb, 0xdb, 0xdc, 0xd8, 0xd9, 0xdb, 0xd7, 0xd7, 0xdc, 0xd9, 0xd9,
  0xdc, 0xd8, 0xd8, 0xde, 0xd8, 0xd9, 0xdd, 0xd8, 0xd9, 0xdc, 0xd8, 0xd9,
  0xde, 0xda, 0xd9, 0xdd, 0xd9, 0xd8, 0xde, 0xda, 0xd9, 0xe1, 0xdd, 0xdd,
  0xde, 0xdb, 0xdb, 0xde, 0xd9, 0xd8, 0xde, 0xda, 0xd9, 0xde, 0xd9, 0xd8,
  0xe1, 0xdd, 0xdc, 0xe1, 0xdf, 0xde, 0xde, 0xdb, 0xdb, 0xdd, 0xd8, 0xd8,
  0xe0, 0xdc, 0xdc, 0xe1, 0xde, 0xde, 0xe0, 0xdd, 0xdd, 0xdf, 0xdb, 0xda,
  0xe4, 0xe0, 0xe0, 0xe1, 0xde, 0xde, 0xe2, 0xdf, 0xdf, 0xe0, 0xde, 0xde,
  0xe1, 0xdf, 0xdf, 0xe2, 0xe0, 0xe0, 0xe1, 0xdf, 0xdf, 0xe0, 0xde, 0xde,
  0xe1, 0xdc, 0xdc, 0xe0, 0xde, 0xde, 0xe0, 0xdf, 0xdf, 0xe2, 0xe0, 0xe0,
  0xe2, 0xe0, 0xe0, 0xe2, 0xe0, 0xe0, 0xe0, 0xde, 0xdd, 0xe2, 0xdf, 0xdf,
  0xe2, 0xe0, 0xe0, 0xe2, 0xe0, 0xe0, 0xe2, 0xe0, 0xdf, 0xe3, 0xe0, 0xe0,
  0xe1, 0xdf, 0xde, 0xe1, 0xdf, 0xdf, 0xe1, 0xdc, 0xdd, 0xe2, 0xdf, 0xde,
  0xe1, 0xde, 0xdd, 0xe1, 0xdf, 0xdd, 0xe1, 0xdf, 0xdf, 0xe1, 0xe0, 0xe0,
  0xe2, 0xdf, 0xdf, 0xe3, 0xe1, 0xe1, 0xe0, 0xde, 0xde, 0xe1, 0xde, 0xde,
  0xe3, 0xdf, 0xe0, 0xe2, 0xdd, 0xde, 0xdd, 0xd8, 0xd9, 0xe9, 0xe4, 0xe5,
  0x6e, 0x68, 0x6b, 0x28, 0x24, 0x24, 0x1e, 0x18, 0x19, 0x1d, 0x18, 0x17,
  0x20, 0x1b, 0x17, 0x23, 0x1d, 0x1d, 0x20, 0x1a, 0x1c, 0x13, 0x0e, 0x0d,
  0x5d, 0x59, 0x58, 0x87, 0x81, 0xae, 0xb2, 0xaf, 0xc5, 0xf1, 0xed, 0xe3,
  0xf1, 0xef, 0xe5, 0xeb, 0xe8, 0xe2, 0xe1, 0xde, 0xde, 0xe1, 0xdf, 0xde,
  0xe0, 0xdd, 0xdd, 0xdd, 0xdb, 0xdc, 0xdf, 0xdd, 0xdd, 0xe0, 0xdc, 0xdd,
  0xdf, 0xdb, 0xdc, 0xde, 0xdb, 0xdc, 0xdc, 0xd9, 0xd9, 0xdf, 0xda, 0xdb,
  0xdf, 0xdd, 0xdd, 0xde, 0xdc, 0xdc, 0xdf, 0xda, 0xdb, 0xdd, 0xd9, 0xdb,
  0xe8, 0xe8, 0xdf, 0xb3, 0xa4, 0xd3, 0x1e, 0x12, 0x8f, 0x18, 0x0e, 0x9c,
  0x07, 0x00, 0xa7, 0x03, 0x01, 0x9a, 0x01, 0x01, 0x9b, 0x02, 0x02, 0x97,
  0x01, 0x01, 0x9f, 0x06, 0x03, 0x6b, 0x11, 0x0e, 0x11, 0x1a, 0x14, 0x08,
  0x09, 0x04, 0x58, 0x0e, 0x10, 0x8a, 0xa0, 0x98, 0xa7, 0xba, 0xab, 0xb4,
  0xb0, 0xa3, 0xb0, 0xb2, 0xa6, 0xb2, 0xc5, 0xb3, 0xb5, 0x6c, 0x57, 0xa4,
  0x07, 0x03, 0x4d, 0x17, 0x0a, 0x42, 0x3d, 0x34, 0xb0, 0xaf, 0xa7, 0xae,
  0x43, 0x30, 0x75, 0xc8, 0xcc, 0xc4, 0xe0, 0xdb, 0xdc, 0xdc, 0xda, 0xda,
  0xdd, 0xdb, 0xdb, 0xdc, 0xd8, 0xd9, 0xda, 0xd8, 0xd8, 0xdc, 0xd9, 0xd9,
  0xde, 0xd9, 0xda, 0xdc, 0xd7, 0xd8, 0xde, 0xd9, 0xda, 0xdd, 0xd8, 0xd9,
  0xdd, 0xd7, 0xd8, 0xdc, 0xd9, 0xd9, 0xdc, 0xd9, 0xd9, 0xdd, 0xd8, 0xd9,
  0xdb, 0xd6, 0xd7, 0xda, 0xd5, 0xd6, 0xdc, 0xd7, 0xd8, 0xdc, 0xd7, 0xd8,
  0xdb, 0xd8, 0xd8, 0xda, 0xd7, 0xd7, 0xdb, 0xd6, 0xd7, 0xdb, 0xd6, 0xd7,
  0xe2, 0xdd, 0xde, 0xe2, 0xde, 0xde, 0xdf, 0xdb, 0xdb, 0xe0, 0xde, 0xdd,
  0xdc, 0xd8, 0xd7, 0xde, 0xda, 0xd9, 0xe1, 0xdc, 0xdc, 0xdf, 0xdc, 0xdb,
  0xdb, 0xd7, 0xd6, 0xde, 0xda, 0xd9, 0xdd, 0xd9, 0xd8, 0xdd, 0xda, 0xd8,
  0xde, 0xda, 0xd9, 0xdf, 0xdb, 0xd9, 0xdd, 0xd8, 0xd9, 0xde, 0xda, 0xd9,
  0xdf, 0xdb, 0xda, 0xe0, 0xdb, 0xdc, 0xdc, 0xd8, 0xd8, 0xdc, 0xd8, 0xd7,
  0xdf, 0xda, 0xdb, 0xdf, 0xdd, 0xdd, 0xe0, 0xdc, 0xdd, 0xe0, 0xdb, 0xdc,
  0xe0, 0xdd, 0xdc, 0xe0, 0xdc, 0xdc, 0xe0, 0xdb, 0xdc, 0xe1, 0xdd, 0xde,
  0xe0, 0xdd, 0xdd, 0xe0, 0xde, 0xdd, 0xe1, 0xdd, 0xdc, 0xdd, 0xd9, 0xd8,
  0xde, 0xdb, 0xdb, 0xde, 0xda, 0xdb, 0xde, 0xda, 0xda, 0xdd, 0xd8, 0xd9,
  0xde, 0xd9, 0xd9, 0xe1, 0xdf, 0xdf, 0xde, 0xdb, 0xdb, 0xdf, 0xdb, 0xda,
  0xde, 0xda, 0xd9, 0xde, 0xd9, 0xd8, 0xde, 0xda, 0xda, 0xdf, 0xdc, 0xdb,
  0xde, 0xda, 0xda, 0xdd, 0xda, 0xd9, 0xde, 0xda, 0xda, 0xde, 0xda, 0xda,
  0xde, 0xda, 0xd9, 0xde, 0xda, 0xd9, 0xde, 0xd9, 0xda, 0xea, 0xe7, 0xe6,
  0xa9, 0xa2, 0xa6, 0x21, 0x19, 0x1d, 0x26, 0x20, 0x1e, 0x2b, 0x25, 0x28,
  0x29, 0x25, 0x2c, 0x43, 0x43, 0x40, 0x43, 0x3e, 0x3d, 0x53, 0x4f, 0x4e,
  0xe7, 0xe6, 0xe4, 0xf3, 0xf2, 0xea, 0xeb, 0xe8, 0xe4, 0xdb, 0xd7, 0xda,
  0xda, 0xd7, 0xd9, 0xdc, 0xd8, 0xda, 0xe0, 0xdc, 0xdd, 0xdd, 0xdb, 0xdb,
  0xe0, 0xde, 0xde, 0xe1, 0xdf, 0xdf, 0xdf, 0xde, 0xde, 0xe0, 0xde, 0xde,
  0xe1, 0xdd, 0xdd, 0xdf, 0xdd, 0xde, 0xdf, 0xdb, 0xdc, 0xe0, 0xdc, 0xdc,
  0xdf, 0xdd, 0xdd, 0xe0, 0xde, 0xde, 0xde, 0xda, 0xdb, 0xde, 0xdc, 0xdc,
  0xdb, 0xd8, 0xdb, 0xec, 0xe6, 0xe0, 0x5f, 0x4d, 0xa3, 0x0c, 0x05, 0x7d,
  0x0c, 0x04, 0xab, 0x04, 0x00, 0x9c, 0x00, 0x00, 0x9b, 0x00, 0x00, 0x9a,
  0x01, 0x01, 0x95, 0x00, 0x01, 0x9c, 0x03, 0x02, 0x79, 0x0f, 0x0b, 0x18,
  0x1a, 0x14, 0x0f, 0x01, 0x00, 0x78, 0x21, 0x24, 0x8e, 0xb1, 0xa8, 0xae,
  0xb6, 0xa9, 0xb5, 0xb5, 0xa9, 0xb3, 0xbe, 0xb0, 0xb2, 0x9d, 0x88, 0xaf,
  0x0e, 0x05, 0x67, 0x1e, 0x16, 0x39, 0x03, 0x00, 0x94, 0xa4, 0xa9, 0xc2,
  0x90, 0x79, 0xb8, 0x3d, 0x37, 0x81, 0xdf, 0xe1, 0xd0, 0xdc, 0xd8, 0xdb,
  0xdd, 0xda, 0xda, 0xdd, 0xdb, 0xda, 0xdc, 0xda, 0xda, 0xdc, 0xda, 0xda,
  0xdd, 0xd9, 0xda, 0xdc, 0xd7, 0xd8, 0xdb, 0xd5, 0xd7, 0xdd, 0xd8, 0xd9,
  0xdd, 0xd8, 0xd9, 0xdd, 0xd7, 0xd8, 0xda, 0xd7, 0xd7, 0xdb, 0xd7, 0xd8,
  0xdc, 0xd7, 0xd8, 0xdd, 0xd7, 0xd9, 0xdc, 0xd7, 0xd8, 0xdb, 0xd7, 0xd7,
  0xda, 0xd6, 0xd6, 0xdb, 0xd6, 0xd7, 0xdb, 0xd6, 0xd7, 0xda, 0xd6, 0xd6,
  0xdf, 0xdc, 0xdc, 0xe0, 0xdd, 0xdd, 0xe1, 0xde, 0xde, 0xe2, 0xdd, 0xdc,
  0xde, 0xd9, 0xd8, 0xe0, 0xdd, 0xdc, 0xdf, 0xdb, 0xda, 0xdf, 0xdc, 0xdb,
  0xdc, 0xd8, 0xd8, 0xe0, 0xdc, 0xdc, 0xe1, 0xde, 0xdd, 0xdd, 0xd9, 0xd9,
  0xdf, 0xde, 0xdd, 0xe0, 0xdd, 0xdd, 0xdf, 0xdc, 0xdb, 0xe0, 0xde, 0xdd,
  0xe1, 0xde, 0xde, 0xe0, 0xde, 0xde, 0xe1, 0xde, 0xdf, 0xe1, 0xdf, 0xdf,
  0xe2, 0xe0, 0xe0, 0xdf, 0xde, 0xde, 0xe1, 0xe0, 0xe0, 0xe3, 0xe0, 0xe0,
  0xe2, 0xdf, 0xdf, 0xdc, 0xd9, 0xd7, 0xde, 0xd9, 0xd9, 0xe1, 0xdc, 0xde,
  0xdf, 0xda, 0xdb, 0xe1, 0xde, 0xde, 0xe2, 0xde, 0xdf, 0xe0, 0xdc, 0xdc,
  0xde, 0xdc, 0xdc, 0xdf, 0xdc, 0xdc, 0xdf, 0xdb, 0xdb, 0xde, 0xd9, 0xd9,
  0xdd, 0xd8, 0xd9, 0xdd, 0xda, 0xd9, 0xe1, 0xde, 0xde, 0xdf, 0xdc, 0xdc,
  0xdd, 0xd8, 0xd8, 0xdc, 0xd7, 0xd6, 0xdc, 0xd8, 0xd8, 0xdd, 0xd9, 0xd9,
  0xdd, 0xd9, 0xd8, 0xdd, 0xda, 0xd9, 0xdd, 0xd8, 0xd7, 0xdc, 0xd9, 0xd8,
  0xde, 0xdc, 0xdb, 0xdc, 0xda, 0xd8, 0xdc, 0xd8, 0xd8, 0xdc, 0xd8, 0xd8,
  0xe5, 0xe0, 0xe0, 0x84, 0x7b, 0x80, 0x24, 0x1d, 0x1b, 0x49, 0x41, 0x47,
  0x47, 0x3e, 0x5f, 0x43, 0x41, 0x3e, 0xce, 0xcc, 0xc8, 0xdf, 0xda, 0xda,
  0xe0, 0xdd, 0xdd, 0xde, 0xd9, 0xdb, 0xe0, 0xde, 0xdf, 0xe0, 0xdf, 0xdf,
  0xdf, 0xdd, 0xdd, 0xe0, 0xdb, 0xdc, 0xdf, 0xdb, 0xdb, 0xde, 0xdc, 0xdc,
  0xde, 0xdd, 0xdd, 0xe0, 0xde, 0xde, 0xdf, 0xdd, 0xdd, 0xdf, 0xdd, 0xdd,
  0xe1, 0xde, 0xde, 0xe0, 0xde, 0xde, 0xe0, 0xde, 0xde, 0xe0, 0xde, 0xde,
  0xe0, 0xdd, 0xde, 0xdf, 0xde, 0xde, 0xe0, 0xde, 0xde, 0xdf, 0xdd, 0xdd,
  0xdd, 0xdb, 0xdd, 0xeb, 0xea, 0xe2, 0xab, 0x9c, 0xcc, 0x0c, 0x02, 0x6d,
  0x0a, 0x08, 0x9c, 0x09, 0x05, 0x9b, 0x1c, 0x14, 0x97, 0x34, 0x29, 0x95,
  0x0a, 0x06, 0x96, 0x00, 0x00, 0x92, 0x01, 0x01, 0x9b, 0x03, 0x01, 0x84,
  0x15, 0x11, 0x1e, 0x1a, 0x14, 0x2a, 0x00, 0x00, 0x8e, 0x4d, 0x4f, 0x94,
  0xc6, 0xb8, 0xba, 0xb2, 0xa6, 0xb2, 0xb9, 0xae, 0xb4, 0xaf, 0x9d, 0xae,
  0x18, 0x0f, 0x81, 0x17, 0x14, 0x28, 0x09, 0x00, 0x7b, 0x3a, 0x36, 0xa0,
  0xee, 0xef, 0xdc, 0x55, 0x3d, 0xa0, 0x64, 0x65, 0x8f, 0xea, 0xe8, 0xd9,
  0xda, 0xd4, 0xd8, 0xdd, 0xda, 0xdb, 0xdb, 0xd8, 0xd9, 0xdc, 0xd8, 0xd9,
  0xdc, 0xd9, 0xda, 0xdc, 0xd9, 0xd9, 0xdc, 0xd9, 0xda, 0xdf, 0xd9, 0xdb,
  0xde, 0xdb, 0xdb, 0xdd, 0xda, 0xda, 0xdc, 0xd8, 0xd8, 0xdd, 0xd9, 0xd9,
  0xde, 0xd9, 0xda, 0xdd, 0xda, 0xdb, 0xdc, 0xd8, 0xd8, 0xde, 0xda, 0xdb,
  0xdf, 0xd9, 0xdb, 0xde, 0xd8, 0xd9, 0xdc, 0xd8, 0xd9, 0xd9, 0xd5, 0xd6,
  0xe3, 0xe1, 0xe1, 0xe2, 0xe2, 0xe2, 0xe1, 0xe1, 0xe1, 0xe3, 0xdf, 0xe0,
  0xe3, 0xe0, 0xe0, 0xe2, 0xe0, 0xe0, 0xe1, 0xde, 0xde, 0xe1, 0xdf, 0xde,
  0xe0, 0xdd, 0xdc, 0xe2, 0xdf, 0xde, 0xde, 0xda, 0xd9, 0xdc, 0xd7, 0xd6,
  0xdb, 0xd6, 0xd6, 0xdf, 0xdc, 0xdc, 0xdd, 0xda, 0xd9, 0xdc, 0xd7, 0xd7,
  0xde, 0xdb, 0xda, 0xdd, 0xd8, 0xd9, 0xde, 0xd9, 0xda, 0xe0, 0xdd, 0xdd,
  0xdf, 0xdb, 0xdb, 0xdf, 0xdc, 0xdc, 0xdf, 0xdd, 0xdd, 0xe0, 0xdd, 0xdc,
  0xe0, 0xdd, 0xdd, 0xde, 0xda, 0xda, 0xde, 0xda, 0xd9, 0xdd, 0xd9, 0xd9,
  0xe0, 0xdc, 0xdb, 0xde, 0xd9, 0xda, 0xdd, 0xd9, 0xd9, 0xdd, 0xd9, 0xd8,
  0xe0, 0xdc, 0xdc, 0xdf, 0xdc, 0xdb, 0xde, 0xda, 0xd8, 0xdd, 0xd8, 0xd7,
  0xdf, 0xda, 0xdc, 0xdc, 0xd7, 0xd6, 0xdc, 0xd7, 0xd7, 0xdc, 0xd8, 0xd7,
  0xda, 0xd6, 0xd4, 0xdb, 0xd6, 0xd4, 0xdb, 0xd6, 0xd5, 0xdb, 0xd6, 0xd5,
  0xde, 0xdb, 0xda, 0xde, 0xda, 0xda, 0xde, 0xd9, 0xd9, 0xdd, 0xd9, 0xd7,
  0xde, 0xda, 0xdb, 0xdd, 0xd9, 0xda, 0xde, 0xd9, 0xda, 0xde, 0xda, 0xda,
  0xde, 0xdb, 0xd9, 0xe6, 0xe2, 0xe1, 0xc2, 0xbc, 0xba, 0xb9, 0xb3, 0xbc,
  0x62, 0x57, 0x94, 0xdd, 0xd9, 0xd4, 0xe1, 0xdd, 0xdc, 0xdb, 0xd7, 0xd6,
  0xdd, 0xd8, 0xd7, 0xe0, 0xdc, 0xdd, 0xdd, 0xda, 0xd9, 0xe0, 0xdd, 0xdd,
  0xe0, 0xdc, 0xdc, 0xde, 0xdc, 0xdb, 0xe1, 0xdf, 0xdf, 0xdf, 0xdd, 0xde,
  0xdf, 0xdc, 0xdd, 0xe0, 0xdd, 0xdd, 0xde, 0xdc, 0xdc, 0xdf, 0xde, 0xde,
  0xdf, 0xdc, 0xdc, 0xdf, 0xdc, 0xdc, 0xdf, 0xdd, 0xdd, 0xe0, 0xde, 0xde,
  0xe0, 0xde, 0xde, 0xe0, 0xde, 0xde, 0xe0, 0xde, 0xde, 0xe0, 0xde, 0xde,
  0xe0, 0xdd, 0xde, 0xdd, 0xdc, 0xdc, 0xeb, 0xe6, 0xe8, 0x42, 0x35, 0x7f,
  0x04, 0x00, 0x83, 0x3e, 0x32, 0x9f, 0x2f, 0x24, 0x95, 0x17, 0x13, 0x94,
  0x03, 0x01, 0x95, 0x01, 0x00, 0x96, 0x01, 0x01, 0x94, 0x01, 0x01, 0x9c,
  0x04, 0x02, 0x8d, 0x19, 0x12, 0x1a, 0x15, 0x0f, 0x40, 0x00, 0x00, 0x8e,
  0x6a, 0x68, 0x96, 0xbe, 0xb0, 0xb3, 0xa2, 0x99, 0xa8, 0xbe, 0xad, 0xaf,
  0x46, 0x36, 0xa1, 0x0a, 0x06, 0x3e, 0x1a, 0x11, 0x54, 0x01, 0x00, 0xa1,
  0x94, 0x9b, 0xbe, 0xe8, 0xe1, 0xdc, 0x36, 0x21, 0x8e, 0x90, 0x93, 0xa2,
  0xea, 0xe8, 0xe2, 0xda, 0xd6, 0xd8, 0xde, 0xda, 0xdb, 0xdd, 0xd9, 0xd9,
  0xdd, 0xd9, 0xda, 0xdd, 0xd8, 0xd9, 0xdd, 0xdb, 0xdb, 0xdd, 0xda, 0xda,
  0xdd, 0xd9, 0xda, 0xdd, 0xda, 0xda, 0xdf, 0xda, 0xdb, 0xdd, 0xd9, 0xda,
  0xdc, 0xd9, 0xda, 0xdb, 0xd9, 0xda, 0xdb, 0xd5, 0xd7, 0xda, 0xd4, 0xd5,
  0xdc, 0xd7, 0xd7, 0xdd, 0xd8, 0xd9, 0xdb, 0xd8, 0xd8, 0xdd, 0xd8, 0xd9,
  0xe0, 0xdd, 0xde, 0xe1, 0xdf, 0xdf, 0xe1, 0xdd, 0xdd, 0xe1, 0xdd, 0xde,
  0xdf, 0xdd, 0xdd, 0xe3, 0xe1, 0xe1, 0xe1, 0xe0, 0xe0, 0xe2, 0xe0, 0xe1,
  0xe5, 0xe3, 0xe3, 0xe3, 0xe1, 0xe1, 0xe2, 0xdf, 0xde, 0xe3, 0xdf, 0xe0,
  0xe3, 0xe1, 0xe1, 0xe2, 0xe0, 0xe0, 0xe0, 0xde, 0xde, 0xdf, 0xdd, 0xdd,
  0xe1, 0xdd, 0xdc, 0xdf, 0xdc, 0xdb, 0xe0, 0xdd, 0xdd, 0xe1, 0xdf, 0xdf,
  0xe0, 0xdc, 0xdc, 0xe0, 0xdf, 0xdf, 0xe2, 0xe0, 0xe0, 0xe0, 0xde, 0xdd,
  0xdd, 0xda, 0xd9, 0xde, 0xdb, 0xdb, 0xdd, 0xd9, 0xd8, 0xdf, 0xdb, 0xda,
  0xdd, 0xd9, 0xd8, 0xde, 0xd9, 0xd9, 0xdd, 0xdb, 0xda, 0xe0, 0xdc, 0xdb,
  0xe0, 0xdb, 0xda, 0xe0, 0xdc, 0xdb, 0xe0, 0xdc, 0xdd, 0xde, 0xda, 0xda,
  0xde, 0xda, 0xd9, 0xe0, 0xdc, 0xdc, 0xe0, 0xde, 0xdd, 0xe1, 0xdd, 0xde,
  0xe1, 0xdf, 0xdf, 0xdf, 0xdc, 0xdd, 0xde, 0xdb, 0xdb, 0xdf, 0xde, 0xdd,
  0xe1, 0xde, 0xde, 0xdf, 0xdb, 0xdb, 0xde, 0xda, 0xd9, 0xdd, 0xd9, 0xd8,
  0xdc, 0xd8, 0xd7, 0xdd, 0xd9, 0xd9, 0xde, 0xda, 0xda, 0xdd, 0xd9, 0xda,
  0xde, 0xdb, 0xdb, 0xdb, 0xd7, 0xd6, 0xe1, 0xde, 0xdf, 0xf0, 0xed, 0xe7,
  0x67, 0x5c, 0x9e, 0xb0, 0xae, 0xbe, 0xe8, 0xe2, 0xdf, 0xdf, 0xdb, 0xdb,
  0xdf, 0xda, 0xda, 0xde, 0xdc, 0xdc, 0xdb, 0xd7, 0xd7, 0xdc, 0xd7, 0xd6,
  0xdd, 0xd9, 0xd9, 0xdc, 0xd8, 0xd8, 0xdd, 0xd9, 0xd9, 0xdb, 0xd7, 0xd6,
  0xdc, 0xd7, 0xd7, 0xdf, 0xda, 0xda, 0xe0, 0xdb, 0xdc, 0xdf, 0xdb, 0xdc,
  0xdf, 0xdd, 0xdc, 0xde, 0xdb, 0xdb, 0xdd, 0xd9, 0xd9, 0xde, 0xdc, 0xdc,
  0xde, 0xdb, 0xdb, 0xdf, 0xdd, 0xdd, 0xe0, 0xdd, 0xdd, 0xdf, 0xdc, 0xdc,
  0xdf, 0xdd, 0xdd, 0xdb, 0xda, 0xdb, 0xef, 0xed, 0xe9, 0x80, 0x74, 0x9d,
  0x00, 0x00, 0x55, 0x05, 0x04, 0x9f, 0x00, 0x00, 0x94, 0x00, 0x00, 0x97,
  0x01, 0x00, 0x95, 0x01, 0x01, 0x97, 0x01, 0x01, 0x9a, 0x02, 0x01, 0x97,
  0x01, 0x00, 0x9d, 0x06, 0x03, 0x80, 0x1b, 0x12, 0x17, 0x0e, 0x0a, 0x4f,
  0x00, 0x02, 0x8d, 0x8d, 0x8a, 0xab, 0xc5, 0xba, 0xc3, 0xbb, 0xb1, 0xb1,
  0x5c, 0x4d, 0x8e, 0x08, 0x00, 0x3d, 0x1c, 0x17, 0x2d, 0x08, 0x00, 0x73,
  0x5b, 0x5a, 0xa0, 0xf3, 0xf4, 0xe2, 0xb8, 0xac, 0xd1, 0x49, 0x3b, 0x82,
  0xc8, 0xc7, 0xcc, 0xe7, 0xe1, 0xe1, 0xdc, 0xd7, 0xd8, 0xde, 0xda, 0xdb,
  0xdf, 0xdb, 0xdc, 0xde, 0xd9, 0xda, 0xdc, 0xda, 0xda, 0xdd, 0xda, 0xdb,
  0xde, 0xdb, 0xdb, 0xdf, 0xda, 0xdb, 0xde, 0xd9, 0xda, 0xdf, 0xd9, 0xda,
  0xde, 0xd9, 0xda, 0xdd, 0xd8, 0xd9, 0xdc, 0xd8, 0xd9, 0xdb, 0xd7, 0xd7,
  0xdb, 0xd7, 0xd7, 0xdb, 0xd7, 0xd8, 0xda, 0xd8, 0xd8, 0xdd, 0xd9, 0xda,
  0xe2, 0xe0, 0xe0, 0xe2, 0xe0, 0xe1, 0xe2, 0xe0, 0xe0, 0xe1, 0xde, 0xde,
  0xe1, 0xde, 0xde, 0xe2, 0xe0, 0xe0, 0xe0, 0xde, 0xde, 0xe0, 0xde, 0xde,
  0xe1, 0xdf, 0xdf, 0xe2, 0xdf, 0xe0, 0xe2, 0xe0, 0xe0, 0xe3, 0xe1, 0xe1,
  0xe3, 0xe1, 0xe1, 0xe3, 0xe2, 0xe2, 0xe1, 0xe0, 0xe0, 0xe4, 0xe1, 0xe2,
  0xe1, 0xdf, 0xdf, 0xe2, 0xde, 0xdd, 0xe0, 0xde, 0xdd, 0xe2, 0xdf, 0xe0,
  0xe4, 0xe1, 0xe2, 0xe1, 0xde, 0xdf, 0xe0, 0xde, 0xde, 0xe2, 0xdf, 0xdf,
  0xe0, 0xde, 0xde, 0xe2, 0xdf, 0xe0, 0xe1, 0xde, 0xdd, 0xe1, 0xde, 0xde,
  0xe0, 0xdf, 0xde, 0xe1, 0xde, 0xde, 0xe1, 0xe0, 0xdf, 0xde, 0xdc, 0xdc,
  0xe0, 0xdd, 0xdd, 0xe1, 0xdd, 0xdd, 0xdf, 0xda, 0xdb, 0xdd, 0xd8, 0xd8,
  0xdb, 0xd8, 0xd9, 0xda, 0xd5, 0xd4, 0xdc, 0xd8, 0xd7, 0xdc, 0xd7, 0xd7,
  0xde, 0xda, 0xd8, 0xe0, 0xdc, 0xdb, 0xdf, 0xdc, 0xdb, 0xe2, 0xde, 0xde,
  0xde, 0xdb, 0xdb, 0xde, 0xdb, 0xda, 0xdc, 0xd8, 0xd7, 0xdc, 0xd7, 0xd7,
  0xde, 0xda, 0xd9, 0xdf, 0xdb, 0xda, 0xe0, 0xdd, 0xdd, 0xde, 0xdc, 0xdc,
  0xdc, 0xd7, 0xd8, 0xe0, 0xdc, 0xdc, 0xd4, 0xcf, 0xce, 0xed, 0xec, 0xe1,
  0x9f, 0x97, 0xc1, 0x86, 0x81, 0xac, 0xef, 0xec, 0xe3, 0xdc, 0xd8, 0xda,
  0xde, 0xd9, 0xd9, 0xe0, 0xdc, 0xdc, 0xe0, 0xdd, 0xdd, 0xdd, 0xd7, 0xd8,
  0xe0, 0xe0, 0xdf, 0xde, 0xda, 0xda, 0xdd, 0xda, 0xda, 0xde, 0xdb, 0xdb,
  0xdc, 0xd8, 0xd7, 0xdb, 0xd8, 0xd7, 0xdd, 0xd9, 0xd8, 0xde, 0xda, 0xda,
  0xde, 0xd9, 0xda, 0xdf, 0xda, 0xdb, 0xde, 0xda, 0xd9, 0xdd, 0xda, 0xd9,
  0xdd, 0xd9, 0xd8, 0xdd, 0xd9, 0xd9, 0xdd, 0xda, 0xd9, 0xdf, 0xdb, 0xdb,
  0xdd, 0xd9, 0xda, 0xdc, 0xd8, 0xd9, 0xea, 0xe9, 0xe3, 0xb0, 0xa2, 0xc1,
  0x01, 0x00, 0x3c, 0x06, 0x05, 0x81, 0x02, 0x01, 0x97, 0x02, 0x01, 0x96,
  0x01, 0x00, 0x98, 0x00, 0x01, 0x99, 0x01, 0x01, 0x96, 0x02, 0x01, 0x90,
  0x02, 0x01, 0x8a, 0x01, 0x01, 0x99, 0x05, 0x02, 0x85, 0x19, 0x13, 0x15,
  0x04, 0x01, 0x54, 0x24, 0x23, 0x67, 0x53, 0x4d, 0x4c, 0x21, 0x1d, 0x20,
  0x13, 0x0f, 0x0f, 0x17, 0x11, 0x11, 0x25, 0x1d, 0x1d, 0x1c, 0x16, 0x0f,
  0x83, 0x89, 0x7e, 0xe9, 0xe7, 0xea, 0xe4, 0xe4, 0xdb, 0xbb, 0xa7, 0xc0,
  0x70, 0x6a, 0x7b, 0xd5, 0xd8, 0xd0, 0xe1, 0xdd, 0xdf, 0xdb, 0xd7, 0xd8,
  0xdc, 0xd6, 0xd7, 0xdb, 0xd6, 0xd7, 0xd9, 0xd5, 0xd6, 0xdc, 0xd7, 0xd8,
  0xdc, 0xd7, 0xd8, 0xdd, 0xd8, 0xd9, 0xdd, 0xd8, 0xd9, 0xdc, 0xd8, 0xd9,
  0xdc, 0xd7, 0xd8, 0xdc, 0xd7, 0xd8, 0xdf, 0xd9, 0xda, 0xdd, 0xd9, 0xda,
  0xdd, 0xda, 0xda, 0xde, 0xd9, 0xda, 0xde, 0xda, 0xdb, 0xdc, 0xd9, 0xda,
  0xe1, 0xde, 0xde, 0xe0, 0xde, 0xde, 0xe0, 0xdd, 0xda, 0xe1, 0xdd, 0xdd,
  0xe2, 0xdf, 0xdf, 0xe1, 0xdf, 0xde, 0xe0, 0xdd, 0xdd, 0xe1, 0xdf, 0xdf,
  0xe1, 0xdf, 0xde, 0xe1, 0xdf, 0xdf, 0xe1, 0xdf, 0xdf, 0xe1, 0xdf, 0xdf,
  0xe1, 0xdd, 0xdd, 0xe1, 0xdf, 0xde, 0xdf, 0xdc, 0xdb, 0xe0, 0xdd, 0xdc,
  0xdf, 0xdd, 0xdd, 0xe0, 0xdd, 0xdd, 0xe1, 0xe1, 0xe0, 0xdf, 0xda, 0xda,
  0xdf, 0xde, 0xde, 0xe1, 0xde, 0xde, 0xe0, 0xde, 0xdd, 0xe1, 0xdd, 0xdd,
  0xde, 0xda, 0xda, 0xe0, 0xdc, 0xdc, 0xe1, 0xdf, 0xdf, 0xe1, 0xdf, 0xde,
  0xe0, 0xde, 0xde, 0xe1, 0xde, 0xdf, 0xe0, 0xde, 0xdd, 0xe2, 0xe0, 0xe0,
  0xe1, 0xdf, 0xdf, 0xe0, 0xdf, 0xdf, 0xe1, 0xde, 0xde, 0xe1, 0xdc, 0xde,
  0xe0, 0xda, 0xdb, 0xdf, 0xdb, 0xdb, 0xdd, 0xda, 0xd9, 0xdc, 0xd8, 0xd7,
  0xde, 0xdb, 0xda, 0xdf, 0xdd, 0xdc, 0xdf, 0xdc, 0xdb, 0xdd, 0xd9, 0xd9,
  0xdf, 0xda, 0xda, 0xe1, 0xde, 0xde, 0xe0, 0xdd, 0xdc, 0xdf, 0xdb, 0xda,
  0xde, 0xd9, 0xd9, 0xe0, 0xdb, 0xdb, 0xdd, 0xd8, 0xda, 0xdc, 0xd8, 0xd8,
  0xdd, 0xda, 0xd9, 0xdc, 0xd9, 0xd8, 0xd5, 0xcf, 0xcb, 0xe0, 0xde, 0xdc,
  0xd9, 0xd2, 0xd8, 0x7f, 0x7a, 0x8a, 0xd9, 0xd6, 0xd2, 0xda, 0xd5, 0xd5,
  0xda, 0xd5, 0xd5, 0xdc, 0xd9, 0xd8, 0xde, 0xdb, 0xdc, 0xda, 0xd6, 0xd5,
  0xda, 0xd6, 0xd5, 0xe0, 0xdf, 0xdf, 0xdf, 0xdd, 0xdd, 0xde, 0xdb, 0xdb,
  0xde, 0xda, 0xd9, 0xde, 0xdb, 0xdc, 0xde, 0xd9, 0xd9, 0xdc, 0xd8, 0xd8,
  0xdf, 0xda, 0xda, 0xdd, 0xd9, 0xd9, 0xdf, 0xda, 0xda, 0xdd, 0xd9, 0xd8,
  0xde, 0xdb, 0xda, 0xdd, 0xd8, 0xd9, 0xdd, 0xd8, 0xd8, 0xdd, 0xda, 0xda,
  0xdd, 0xd8, 0xda, 0xdc, 0xd6, 0xd8, 0xe2, 0xde, 0xdb, 0xc5, 0xbd, 0xcd,
  0x10, 0x07, 0x44, 0x01, 0x01, 0x6d, 0x02, 0x02, 0x9a, 0x01, 0x00, 0x93,
  0x01, 0x00, 0x8a, 0x01, 0x01, 0x80, 0x02, 0x01, 0x87, 0x00, 0x00, 0x9a,
  0x00, 0x00, 0x9f, 0x03, 0x01, 0x90, 0x08, 0x05, 0x68, 0x11, 0x0c, 0x1f,
  0x1a, 0x14, 0x0c, 0x12, 0x0c, 0x0d, 0x09, 0x03, 0x05, 0x12, 0x0b, 0x0c,
  0x19, 0x14, 0x14, 0x1f, 0x1a, 0x1a, 0x28, 0x22, 0x23, 0x1c, 0x16, 0x19,
  0x62, 0x67, 0x5d, 0xea, 0xe9, 0xe8, 0xd9, 0xd4, 0xd7, 0xf0, 0xed, 0xeb,
  0x6f, 0x63, 0x6b, 0x51, 0x58, 0x4e, 0xeb, 0xeb, 0xe8, 0xdb, 0xd7, 0xd8,
  0xda, 0xd5, 0xd6, 0xda, 0xd5, 0xd6, 0xda, 0xd5, 0xd6, 0xdb, 0xd6, 0xd6,
  0xda, 0xd6, 0xd6, 0xda, 0xd5, 0xd6, 0xd9, 0xd5, 0xd6, 0xda, 0xd7, 0xd8,
  0xdb, 0xd7, 0xd8, 0xdc, 0xd7, 0xd8, 0xda, 0xd6, 0xd7, 0xdb, 0xd6, 0xd7,
  0xdb, 0xd6, 0xd7, 0xd9, 0xd5, 0xd6, 0xdb, 0xd6, 0xd7, 0xda, 0xd5, 0xd6,
  0xe0, 0xdb, 0xdc, 0xe2, 0xde, 0xde, 0xe1, 0xdc, 0xdc, 0xde, 0xda, 0xdb,
  0xdf, 0xdd, 0xdd, 0xe2, 0xdf, 0xdf, 0xdf, 0xda, 0xdb, 0xe0, 0xdc, 0xdd,
  0xe2, 0xde, 0xde, 0xe1, 0xdf, 0xdf, 0xe0, 0xde, 0xde, 0xe2, 0xe0, 0xe0,
  0xe2, 0xe0, 0xdf, 0xe0, 0xdb, 0xdb, 0xe1, 0xde, 0xdf, 0xe2, 0xe0, 0xe0,
  0xde, 0xda, 0xd9, 0xdf, 0xda, 0xd9, 0xe1, 0xdd, 0xde, 0xdf, 0xdc, 0xdc,
  0xe0, 0xdb, 0xda, 0xe1, 0xde, 0xde, 0xe1, 0xde, 0xdd, 0xde, 0xd8, 0xd9,
  0xe1, 0xde, 0xde, 0xdf, 0xdc, 0xdc, 0xe1, 0xdc, 0xdd, 0xe2, 0xde, 0xdf,
  0xe0, 0xde, 0xde, 0xe0, 0xdc, 0xdd, 0xdf, 0xdd, 0xdd, 0xdf, 0xdc, 0xdd,
  0xe2, 0xde, 0xde, 0xe0, 0xde, 0xde, 0xe1, 0xdf, 0xdf, 0xe1, 0xde, 0xde,
  0xe1, 0xde, 0xde, 0xe1, 0xdf, 0xdf, 0xe1, 0xdf, 0xdf, 0xe1, 0xe0, 0xe0,
  0xe0, 0xdf, 0xdf, 0xe2, 0xe0, 0xe0, 0xe1, 0xdf, 0xdf, 0xe2, 0xe0, 0xdf,
  0xe1, 0xde, 0xde, 0xe0, 0xdd, 0xdd, 0xe1, 0xdf, 0xdf, 0xe0, 0xdd, 0xdd,
  0xdf, 0xdb, 0xdb, 0xdf, 0xdb, 0xdc, 0xe0, 0xdc, 0xdc, 0xe0, 0xdb, 0xda,
  0xdd, 0xd9, 0xd8, 0xdd, 0xd8, 0xd8, 0xdd, 0xda, 0xda, 0xdc, 0xdb, 0xda,
  0xee, 0xea, 0xeb, 0x71, 0x6f, 0x6c, 0xb3, 0xb2, 0xab, 0xe3, 0xdd, 0xdd,
  0xd8, 0xd5, 0xd4, 0xd8, 0xd4, 0xd2, 0xdb, 0xd7, 0xd6, 0xdd, 0xd8, 0xd9,
  0xdb, 0xd6, 0xd6, 0xde, 0xdb, 0xda, 0xe0, 0xdc, 0xdd, 0xdf, 0xda, 0xdb,
  0xdd, 0xd9, 0xd8, 0xdd, 0xd9, 0xd9, 0xdc, 0xd8, 0xd7, 0xde, 0xda, 0xdb,
  0xde, 0xda, 0xda, 0xde, 0xda, 0xd9, 0xdf, 0xda, 0xdb, 0xde, 0xd9, 0xda,
  0xdb, 0xd7, 0xd6, 0xdc, 0xd8, 0xd7, 0xdd, 0xd8, 0xd9, 0xde, 0xdd, 0xdc,
  0xdc, 0xda, 0xda, 0xdd, 0xd8, 0xd8, 0xdc, 0xd9, 0xd7, 0xe9, 0xe4, 0xe6,
  0x44, 0x39, 0x69, 0x00, 0x00, 0x58, 0x04, 0x03, 0x88, 0x02, 0x01, 0x7c,
  0x02, 0x01, 0x88, 0x01, 0x01, 0x9b, 0x03, 0x01, 0x95, 0x06, 0x04, 0x6f,
  0x0f, 0x0c, 0x43, 0x18, 0x12, 0x22, 0x1d, 0x14, 0x10, 0x1c, 0x15, 0x16,
  0x1a, 0x14, 0x18, 0x1a, 0x13, 0x15, 0x1c, 0x15, 0x17, 0x1c, 0x16, 0x17,
  0x1a, 0x15, 0x14, 0x1e, 0x18, 0x18, 0x25, 0x21, 0x22, 0x1b, 0x14, 0x19,
  0x4c, 0x50, 0x47, 0xe3, 0xe2, 0xdf, 0xdd, 0xd8, 0xda, 0xdb, 0xda, 0xda,
  0xeb, 0xe4, 0xe7, 0x4a, 0x3f, 0x46, 0x7d, 0x85, 0x7b, 0xf0, 0xee, 0xef,
  0xdb, 0xd6, 0xd8, 0xdf, 0xda, 0xdb, 0xdd, 0xda, 0xdb, 0xdd, 0xdc, 0xdb,
  0xde, 0xd9, 0xda, 0xdd, 0xda, 0xda, 0xdc, 0xd7, 0xd8, 0xdd, 0xd8, 0xd9,
  0xde, 0xd9, 0xda, 0xdd, 0xd8, 0xd9, 0xdb, 0xd8, 0xd9, 0xdd, 0xd8, 0xd9,
  0xdc, 0xd7, 0xd8, 0xdb, 0xd6, 0xd7, 0xdb, 0xd6, 0xd7, 0xdc, 0xd6, 0xd7,
  0xe2, 0xe0, 0xe0, 0xe3, 0xdf, 0xe0, 0xe0, 0xdd, 0xde, 0xdf, 0xdb, 0xdb,
  0xe0, 0xdf, 0xdf, 0xe0, 0xdf, 0xdf, 0xe2, 0xdf, 0xdf, 0xe1, 0xdd, 0xde,
  0xdf, 0xdd, 0xdd, 0xe0, 0xde, 0xde, 0xe1, 0xdf, 0xde, 0xe0, 0xdd, 0xdc,
  0xdf, 0xdb, 0xdb, 0xe1, 0xdd, 0xdd, 0xe0, 0xdd, 0xdd, 0xdf, 0xdb, 0xdc,
  0xe0, 0xdd, 0xdd, 0xe2, 0xde, 0xdd, 0xe1, 0xdf, 0xde, 0xe1, 0xdf, 0xdf,
  0xe0, 0xdc, 0xdc, 0xde, 0xdb, 0xda, 0xe2, 0xe0, 0xe0, 0xe2, 0xdd, 0xde,
  0xe0, 0xdc, 0xdd, 0xe0, 0xdd, 0xdd, 0xdf, 0xdc, 0xdc, 0xe2, 0xe0, 0xe0,
  0xe0, 0xdf, 0xdf, 0xe0, 0xde, 0xde, 0xdf, 0xdc, 0xdd, 0xe0, 0xdd, 0xdd,
  0xdf, 0xdb, 0xdc, 0xe0, 0xdd, 0xdd, 0xe1, 0xe0, 0xe0, 0xe2, 0xdf, 0xdf,
  0xdf, 0xdd, 0xdd, 0xdf, 0xde, 0xdd, 0xe0, 0xde, 0xdd, 0xdf, 0xde, 0xdf,
  0xdf, 0xdd, 0xdd, 0xe1, 0xdf, 0xdf, 0xe0, 0xdd, 0xdd, 0xe2, 0xde, 0xde,
  0xe2, 0xdf, 0xdf, 0xe1, 0xdf, 0xdf, 0xe1, 0xdf, 0xdf, 0xe0, 0xdd, 0xdd,
  0xe1, 0xde, 0xdf, 0xdf, 0xdd, 0xdd, 0xdf, 0xdd, 0xdd, 0xe0, 0xdd, 0xdc,
  0xdf, 0xdb, 0xda, 0xdf, 0xda, 0xd9, 0xe1, 0xdc, 0xde, 0xdd, 0xdb, 0xdb,
  0xee, 0xea, 0xea, 0xa2, 0x9d, 0xa0, 0x87, 0x87, 0x7f, 0xef, 0xec, 0xec,
  0xdb, 0xd7, 0xd7, 0xdc, 0xd7, 0xd7, 0xdd, 0xda, 0xd9, 0xe0, 0xde, 0xde,
  0xe0, 0xdd, 0xdd, 0xdb, 0xd6, 0xd4, 0xe0, 0xdb, 0xdb, 0xde, 0xdb, 0xdc,
  0xde, 0xda, 0xda, 0xe0, 0xdc, 0xdc, 0xde, 0xd9, 0xd9, 0xe0, 0xdd, 0xdd,
  0xdc, 0xd9, 0xda, 0xdc, 0xd9, 0xd9, 0xdd, 0xdb, 0xda, 0xda, 0xd6, 0xd5,
  0xdb, 0xd7, 0xd7, 0xdf, 0xdb, 0xda, 0xdb, 0xd7, 0xd6, 0xdf, 0xdd, 0xdd,
  0xda, 0xd6, 0xd6, 0xdb, 0xd7, 0xd7, 0xd7, 0xd3, 0xd3, 0xe8, 0xe4, 0xdf,
  0x8f, 0x84, 0xa3, 0x00, 0x00, 0x31, 0x07, 0x07, 0x74, 0x01, 0x00, 0x9c,
  0x02, 0x00, 0x84, 0x09, 0x05, 0x4a, 0x0f, 0x0a, 0x1b, 0x13, 0x0d, 0x05,
  0x19, 0x14, 0x0a, 0x1c, 0x16, 0x14, 0x1e, 0x18, 0x1c, 0x1e, 0x17, 0x19,
  0x1c, 0x16, 0x17, 0x1b, 0x14, 0x16, 0x1a, 0x13, 0x15, 0x19, 0x13, 0x14,
  0x1b, 0x15, 0x16, 0x20, 0x1a, 0x1b, 0x1d, 0x18, 0x19, 0x18, 0x12, 0x14,
  0x4c, 0x50, 0x48, 0xe2, 0xe0, 0xdc, 0xdb, 0xd7, 0xd8, 0xda, 0xd7, 0xd7,
  0xe0, 0xdd, 0xdd, 0xd6, 0xcb, 0xd3, 0x33, 0x2a, 0x2d, 0xa7, 0xb0, 0xa4,
  0xe9, 0xe4, 0xe6, 0xd9, 0xd5, 0xd6, 0xdc, 0xda, 0xda, 0xde, 0xd9, 0xda,
  0xdc, 0xd9, 0xd9, 0xdc, 0xd9, 0xd9, 0xde, 0xd9, 0xda, 0xdd, 0xd9, 0xda,
  0xde, 0xd9, 0xda, 0xde, 0xd9, 0xda, 0xdd, 0xd8, 0xd9, 0xdb, 0xd8, 0xd9,
  0xdb, 0xd7, 0xd8, 0xdb, 0xd6, 0xd7, 0xdc, 0xd7, 0xd8, 0xdb, 0xd7, 0xd8,
  0xe4, 0xe2, 0xe2, 0xe3, 0xe1, 0xe1, 0xe3, 0xe1, 0xe1, 0xe1, 0xe0, 0xe0,
  0xe1, 0xe0, 0xe0, 0xe1, 0xdf, 0xdf, 0xe2, 0xe0, 0xe0, 0xe2, 0xdf, 0xdf,
  0xe1, 0xdf, 0xde, 0xe1, 0xdf, 0xdf, 0xe1, 0xdf, 0xdf, 0xe0, 0xdd, 0xdc,
  0xde, 0xda, 0xd9, 0xdf, 0xdb, 0xdb, 0xdd, 0xd9, 0xd8, 0xde, 0xdb, 0xda,
  0xe1, 0xdc, 0xdc, 0xe1, 0xde, 0xde, 0xdf, 0xdc, 0xdb, 0xe0, 0xda, 0xdb,
  0xe0, 0xdc, 0xdc, 0xe1, 0xde, 0xdd, 0xe0, 0xde, 0xde, 0xe0, 0xdc, 0xdd,
  0xe0, 0xdd, 0xdc, 0xdf, 0xdb, 0xda, 0xdf, 0xdd, 0xdd, 0xe0, 0xdc, 0xdc,
  0xdf, 0xdc, 0xdb, 0xe0, 0xdc, 0xdb, 0xdf, 0xdc, 0xdb, 0xdf, 0xdb, 0xda,
  0xdf, 0xdc, 0xdc, 0xe1, 0xdf, 0xe0, 0xdf, 0xdb, 0xda, 0xdf, 0xdb, 0xdb,
  0xe1, 0xdf, 0xdf, 0xe0, 0xde, 0xde, 0xe1, 0xdf, 0xdf, 0xe0, 0xde, 0xde,
  0xe1, 0xde, 0xde, 0xdf, 0xdd, 0xdd, 0xe0, 0xdc, 0xdd, 0xe1, 0xdd, 0xdd,
  0xe1, 0xdf, 0xdf, 0xe1, 0xde, 0xde, 0xe0, 0xdc, 0xdc, 0xdf, 0xdc, 0xdd,
  0xde, 0xdd, 0xdc, 0xdf, 0xdd, 0xdd, 0xe0, 0xde, 0xde, 0xe2, 0xdf, 0xdf,
  0xdf, 0xdb, 0xdb, 0xde, 0xd9, 0xd9, 0xe0, 0xdc, 0xdd, 0xe0, 0xdc, 0xdd,
  0xe1, 0xde, 0xdc, 0xd4, 0xd0, 0xd2, 0x6a, 0x6a, 0x66, 0xe1, 0xe0, 0xdc,
  0xe1, 0xdd, 0xde, 0xe1, 0xde, 0xdf, 0xe0, 0xde, 0xde, 0xdf, 0xdd, 0xdd,
  0xe0, 0xdc, 0xdb, 0xdc, 0xd8, 0xd7, 0xde, 0xdd, 0xdc, 0xe0, 0xdf, 0xdf,
  0xe0, 0xdd, 0xdc, 0xdf, 0xdd, 0xdd, 0xde, 0xdc, 0xdb, 0xdd, 0xd9, 0xda,
  0xdc, 0xd8, 0xd9, 0xdd, 0xd9, 0xda, 0xdd, 0xd9, 0xd8, 0xde, 0xd9, 0xd9,
  0xde, 0xdb, 0xdb, 0xdb, 0xd7, 0xd6, 0xde, 0xdb, 0xda, 0xdd, 0xd8, 0xd9,
  0xdd, 0xd8, 0xd9, 0xda, 0xd7, 0xd6, 0xd6, 0xd1, 0xd1, 0xec, 0xea, 0xe3,
  0xaa, 0x9f, 0xbd, 0x01, 0x00, 0x34, 0x0d, 0x09, 0x52, 0x07, 0x04, 0x3b,
  0x09, 0x04, 0x09, 0x0d, 0x08, 0x00, 0x11, 0x0b, 0x08, 0x1d, 0x17, 0x1a,
  0x25, 0x1e, 0x23, 0x24, 0x1c, 0x20, 0x23, 0x1c, 0x1f, 0x20, 0x1a, 0x1b,
  0x1d, 0x18, 0x19, 0x1e, 0x18, 0x19, 0x1b, 0x15, 0x17, 0x1a, 0x14, 0x14,
  0x1b, 0x15, 0x15, 0x17, 0x12, 0x11, 0x1d, 0x19, 0x18, 0x22, 0x1a, 0x1b,
  0x52, 0x56, 0x4c, 0xe1, 0xdf, 0xdc, 0xda, 0xd5, 0xd7, 0xdb, 0xd8, 0xd8,
  0xd6, 0xd2, 0xd2, 0xe6, 0xe3, 0xe2, 0xb5, 0xa7, 0xb1, 0x2d, 0x2c, 0x2a,
  0xcb, 0xcf, 0xc8, 0xe1, 0xdc, 0xdf, 0xdb, 0xd8, 0xd8, 0xdc, 0xda, 0xdb,
  0xdb, 0xd7, 0xd8, 0xda, 0xd5, 0xd6, 0xdd, 0xd8, 0xd9, 0xdc, 0xd8, 0xd9,
  0xde, 0xd8, 0xd9, 0xdb, 0xd5, 0xd6, 0xdd, 0xd9, 0xd9, 0xdc, 0xd9, 0xd9,
  0xdc, 0xd6, 0xd8, 0xdb, 0xd6, 0xd7, 0xdc, 0xd7, 0xd8, 0xdc, 0xd7, 0xd8,
  0xe1, 0xdd, 0xdc, 0xe2, 0xde, 0xde, 0xe3, 0xe1, 0xe1, 0xe1, 0xdf, 0xdf,
  0xe3, 0xe0, 0xe1, 0xe3, 0xe1, 0xe1, 0xe3, 0xe1, 0xe1, 0xe2, 0xe1, 0xe1,
  0xe4, 0xe2, 0xe2, 0xe3, 0xe1, 0xe0, 0xe2, 0xe0, 0xe0, 0xe2, 0xe0, 0xdf,
  0xe2, 0xdf, 0xde, 0xe1, 0xe0, 0xe0, 0xe2, 0xdf, 0xdf, 0xe1, 0xde, 0xde,
  0xe1, 0xdf, 0xdf, 0xe2, 0xdf, 0xdf, 0xe1, 0xdf, 0xdf, 0xe0, 0xdc, 0xdd,
  0xde, 0xdb, 0xda, 0xe0, 0xdc, 0xdb, 0xe0, 0xda, 0xdc, 0xe0, 0xdc, 0xdc,
  0xe0, 0xde, 0xde, 0xe0, 0xdc, 0xdc, 0xe1, 0xde, 0xde, 0xdf, 0xdb, 0xda,
  0xe0, 0xdd, 0xdc, 0xe0, 0xdf, 0xde, 0xdf, 0xdc, 0xdc, 0xde, 0xda, 0xd9,
  0xe0, 0xdd, 0xdc, 0xe0, 0xdc, 0xdc, 0xe1, 0xdd, 0xdd, 0xe0, 0xdd, 0xdd,
  0xe0, 0xde, 0xde, 0xe0, 0xdd, 0xde, 0xdf, 0xdd, 0xdd, 0xdf, 0xdd, 0xdd,
  0xe0, 0xde, 0xde, 0xe0, 0xdd, 0xdd, 0xe1, 0xde, 0xde, 0xe0, 0xde, 0xde,
  0xe1, 0xdf, 0xde, 0xdf, 0xdd, 0xdd, 0xe0, 0xde, 0xdf, 0xe0, 0xdc, 0xdd,
  0xde, 0xda, 0xda, 0xe0, 0xde, 0xde, 0xe0, 0xde, 0xde, 0xe0, 0xdc, 0xdd,
  0xe0, 0xdb, 0xdc, 0xdd, 0xd9, 0xda, 0xdf, 0xdb, 0xdc, 0xe0, 0xdc, 0xdd,
  0xde, 0xda, 0xd9, 0xec, 0xe8, 0xe9, 0x75, 0x74, 0x73, 0xba, 0xba, 0xb3,
  0xea, 0xe6, 0xe7, 0xdf, 0xdd, 0xdd, 0xe0, 0xdd, 0xdd, 0xe0, 0xdf, 0xdf,
  0xe0, 0xde, 0xde, 0xdf, 0xdc, 0xdc, 0xe0, 0xdf, 0xde, 0xdf, 0xdb, 0xdc,
  0xe0, 0xdd, 0xdc, 0xe1, 0xdf, 0xdf, 0xe0, 0xde, 0xde, 0xe1, 0xdf, 0xdf,
  0xe1, 0xdf, 0xdf, 0xe0, 0xdd, 0xdd, 0xe0, 0xde, 0xdd, 0xe0, 0xdd, 0xdd,
  0xdf, 0xdc, 0xdd, 0xde, 0xdc, 0xdc, 0xdf, 0xdd, 0xdd, 0xdd, 0xdb, 0xdb,
  0xe0, 0xdd, 0xdc, 0xdf, 0xdb, 0xdc, 0xdf, 0xdb, 0xdb, 0xdb, 0xd7, 0xd8,
  0x56, 0x4e, 0x6a, 0x13, 0x0c, 0x22, 0x17, 0x10, 0x0a, 0x11, 0x0a, 0x05,
  0x15, 0x0f, 0x10, 0x16, 0x11, 0x14, 0x1d, 0x17, 0x1a, 0x2a, 0x23, 0x26,
  0x27, 0x20, 0x23, 0x24, 0x1d, 0x21, 0x24, 0x1d, 0x20, 0x1d, 0x17, 0x18,
  0x1b, 0x15, 0x16, 0x1a, 0x14, 0x15, 0x16, 0x11, 0x12, 0x15, 0x0f, 0x10,
  0x15, 0x10, 0x0f, 0x21, 0x1b, 0x1a, 0x2a, 0x23, 0x23, 0x22, 0x1b, 0x1b,
  0x5a, 0x5e, 0x53, 0xe3, 0xe0, 0xdd, 0xdb, 0xd7, 0xd7, 0xdb, 0xd9, 0xd9,
  0xdc, 0xda, 0xda, 0xd8, 0xd5, 0xd5, 0xec, 0xea, 0xea, 0x8b, 0x7a, 0x88,
  0x42, 0x45, 0x3e, 0xe3, 0xe4, 0xe0, 0xdb, 0xd4, 0xd6, 0xdb, 0xd8, 0xd8,
  0xdb, 0xd6, 0xd7, 0xdc, 0xd7, 0xd8, 0xdb, 0xd6, 0xd6, 0xdc, 0xd7, 0xd8,
  0xdb, 0xd6, 0xd7, 0xd9, 0xd4, 0xd5, 0xda, 0xd5, 0xd5, 0xda, 0xd5, 0xd6,
  0xdc, 0xd7, 0xd7, 0xdb, 0xd6, 0xd6, 0xd9, 0xd5, 0xd5, 0xdd, 0xd8, 0xd9,
  0xde, 0xd9, 0xd8, 0xde, 0xda, 0xda, 0xde, 0xdb, 0xda, 0xde, 0xdb, 0xda,
  0xe0, 0xdb, 0xdb, 0xdf, 0xdb, 0xdc, 0xdf, 0xde, 0xde, 0xe2, 0xdf, 0xe0,
  0xe1, 0xdf, 0xdf, 0xe2, 0xe0, 0xdf, 0xe2, 0xe0, 0xdf, 0xe0, 0xdf, 0xdf,
  0xe2, 0xe1, 0xe1, 0xe2, 0xe0, 0xe0, 0xe4, 0xe1, 0xe1, 0xe2, 0xe1, 0xe1,
  0xe3, 0xe1, 0xe1, 0xe2, 0xe1, 0xe1, 0xe3, 0xe1, 0xe2, 0xe3, 0xe2, 0xe1,
  0xe1, 0xe2, 0xe2, 0xe2, 0xe2, 0xe2, 0xe3, 0xe0, 0xe0, 0xe0, 0xde, 0xde,
  0xe0, 0xdd, 0xdd, 0xe1, 0xdd, 0xdd, 0xe1, 0xdd, 0xde, 0xe1, 0xde, 0xde,
  0xe1, 0xdd, 0xdc, 0xe2, 0xde, 0xde, 0xe2, 0xdf, 0xde, 0xe1, 0xdc, 0xdc,
  0xe0, 0xde, 0xde, 0xe1, 0xdd, 0xdd, 0xe0, 0xdd, 0xde, 0xe1, 0xde, 0xdf,
  0xe1, 0xde, 0xde, 0xe0, 0xdf, 0xde, 0xe0, 0xde, 0xde, 0xe0, 0xdd, 0xdd,
  0xdf, 0xdc, 0xdb, 0xe2, 0xe0, 0xe0, 0xe0, 0xde, 0xde, 0xe0, 0xde, 0xde,
  0xe0, 0xde, 0xde, 0xe1, 0xdd, 0xdd, 0xde, 0xda, 0xda, 0xe1, 0xe0, 0xe0,
  0xde, 0xda, 0xda, 0xdf, 0xdb, 0xdb, 0xe0, 0xdd, 0xdd, 0xe1, 0xdf, 0xdf,
  0xdf, 0xdc, 0xdd, 0xdf, 0xdb, 0xdc, 0xe0, 0xdc, 0xdc, 0xdf, 0xdc, 0xdc,
  0xdf, 0xda, 0xdb, 0xed, 0xe9, 0xe9, 0xa0, 0x9a, 0x9d, 0x8a, 0x8a, 0x84,
  0xee, 0xec, 0xed, 0xdd, 0xdb, 0xdb, 0xe1, 0xdd, 0xde, 0xdf, 0xdd, 0xdd,
  0xe0, 0xdd, 0xdd, 0xe0, 0xdb, 0xdc, 0xdf, 0xdd, 0xde, 0xe0, 0xde, 0xde,
  0xdf, 0xdb, 0xdb, 0xe0, 0xdb, 0xdb, 0xe1, 0xdf, 0xdf, 0xdf, 0xdd, 0xdd,
  0xe0, 0xde, 0xde, 0xdf, 0xdd, 0xdd, 0xe0, 0xde, 0xde, 0xe0, 0xde, 0xde,
  0xe0, 0xde, 0xde, 0xdf, 0xdc, 0xdc, 0xe0, 0xdd, 0xdc, 0xdf, 0xdc, 0xdc,
  0xdf, 0xdd, 0xdd, 0xdb, 0xd9, 0xda, 0xed, 0xeb, 0xe8, 0x99, 0x8f, 0x9d,
  0x18, 0x12, 0x17, 0x1e, 0x18, 0x16, 0x14, 0x0d, 0x12, 0x10, 0x0a, 0x0d,
  0x0e, 0x09, 0x0a, 0x12, 0x0d, 0x0e, 0x28, 0x22, 0x24, 0x2d, 0x26, 0x29,
  0x2a, 0x23, 0x26, 0x26, 0x20, 0x23, 0x1d, 0x17, 0x18, 0x1c, 0x16, 0x17,
  0x1a, 0x14, 0x15, 0x1a, 0x14, 0x15, 0x19, 0x14, 0x15, 0x1a, 0x14, 0x16,
  0x20, 0x1a, 0x1b, 0x22, 0x1c, 0x1d, 0x26, 0x1f, 0x20, 0x1b, 0x15, 0x16,
  0x79, 0x7a, 0x70, 0xe8, 0xe6, 0xe4, 0xd7, 0xd2, 0xd2, 0xdd, 0xd8, 0xd9,
  0xdf, 0xdc, 0xdb, 0xdb, 0xd7, 0xd7, 0xd6, 0xd3, 0xd3, 0xef, 0xeb, 0xec,
  0x62, 0x55, 0x5f, 0x65, 0x6c, 0x61, 0xed, 0xe8, 0xe7, 0xd6, 0xd1, 0xd2,
  0xdc, 0xd8, 0xd9, 0xdb, 0xd6, 0xd6, 0xdb, 0xd7, 0xd7, 0xdd, 0xd8, 0xd9,
  0xda, 0xd7, 0xd8, 0xdd, 0xda, 0xdb, 0xd9, 0xd5, 0xd6, 0xd9, 0xd4, 0xd4,
  0xdc, 0xd8, 0xd8, 0xda, 0xd7, 0xd6, 0xda, 0xd6, 0xd6, 0xdc, 0xd8, 0xd8,
  0xe1, 0xde, 0xde, 0xe0, 0xde, 0xde, 0xde, 0xdc, 0xdc, 0xdf, 0xdc, 0xdc,
  0xe2, 0xdd, 0xdd, 0xde, 0xd8, 0xd9, 0xe0, 0xdc, 0xdc, 0xe0, 0xdc, 0xdc,
  0xdf, 0xdb, 0xd9, 0xe1, 0xdd, 0xde, 0xe1, 0xde, 0xdf, 0xe0, 0xdf, 0xde,
  0xe3, 0xe1, 0xe1, 0xe3, 0xdf, 0xdf, 0xe0, 0xdc, 0xdc, 0xe0, 0xde, 0xde,
  0xe1, 0xdf, 0xdf, 0xe1, 0xde, 0xdf, 0xe1, 0xde, 0xdd, 0xe2, 0xde, 0xde,
  0xe0, 0xdd, 0xdd, 0xe2, 0xde, 0xdf, 0xe1, 0xe0, 0xe0, 0xe1, 0xdf, 0xdf,
  0xdf, 0xdc, 0xdc, 0xe2, 0xe0, 0xe0, 0xe0, 0xdf, 0xdf, 0xdf, 0xdc, 0xdb,
  0xdf, 0xdb, 0xda, 0xdf, 0xda, 0xd9, 0xdf, 0xdb, 0xda, 0xe0, 0xdc, 0xdb,
  0xe2, 0xdd, 0xde, 0xe0, 0xdd, 0xde, 0xe0, 0xde, 0xde, 0xe2, 0xe0, 0xe0,
  0xe0, 0xde, 0xde, 0xe1, 0xdf, 0xdf, 0xe1, 0xdf, 0xdf, 0xdf, 0xdd, 0xdd,
  0xdf, 0xdc, 0xdb, 0xdf, 0xdc, 0xdc, 0xdf, 0xdc, 0xdd, 0xe1, 0xdd, 0xdd,
  0xe0, 0xdd, 0xdc, 0xe0, 0xdd, 0xdd, 0xdf, 0xdc, 0xdb, 0xdf, 0xdd, 0xdd,
  0xde, 0xdb, 0xda, 0xde, 0xd9, 0xd9, 0xdf, 0xdb, 0xdc, 0xdf, 0xdd, 0xdc,
  0xe0, 0xda, 0xdb, 0xe1, 0xdb, 0xdd, 0xdf, 0xdb, 0xdc, 0xdf, 0xdd, 0xdd,
  0xe0, 0xdc, 0xdd, 0xe5, 0xe1, 0xe2, 0xcf, 0xc9, 0xcb, 0x6c, 0x6a, 0x64,
  0xe3, 0xe1, 0xdd, 0xdd, 0xd9, 0xda, 0xde, 0xdc, 0xdc, 0xde, 0xdc, 0xdc,
  0xdd, 0xd8, 0xd9, 0xdf, 0xdb, 0xdc, 0xde, 0xdc, 0xdc, 0xdf, 0xdd, 0xdd,
  0xdf, 0xde, 0xdd, 0xdf, 0xdb, 0xdc, 0xdf, 0xdb, 0xdc, 0xe0, 0xde, 0xde,
  0xe0, 0xdb, 0xdc, 0xdf, 0xdb, 0xdc, 0xdf, 0xdc, 0xdc, 0xde, 0xdb, 0xda,
  0xdf, 0xdb, 0xdc, 0xde, 0xd9, 0xd9, 0xdf, 0xdc, 0xdb, 0xde, 0xdd, 0xdd,
  0xdf, 0xdc, 0xdd, 0xdc, 0xda, 0xda, 0xe7, 0xe4, 0xe6, 0x66, 0x5c, 0x68,
  0x1d, 0x16, 0x1b, 0x20, 0x1a, 0x1c, 0x1b, 0x15, 0x16, 0x15, 0x10, 0x11,
  0x12, 0x0b, 0x0d, 0x0d, 0x08, 0x08, 0x25, 0x24, 0x24, 0x2d, 0x26, 0x27,
  0x24, 0x1d, 0x1e, 0x21, 0x1b, 0x1c, 0x23, 0x1d, 0x1e, 0x1e, 0x19, 0x19,
  0x1c, 0x17, 0x16, 0x1d, 0x18, 0x17, 0x1c, 0x16, 0x17, 0x1d, 0x17, 0x18,
  0x1e, 0x18, 0x18, 0x1e, 0x18, 0x19, 0x25, 0x1f, 0x20, 0x21, 0x20, 0x1d,
  0xac, 0xb0, 0xa7, 0xe6, 0xe0, 0xe2, 0xda, 0xd5, 0xd6, 0xdc, 0xd7, 0xd8,
  0xdc, 0xd7, 0xd8, 0xdb, 0xd6, 0xd7, 0xdd, 0xd8, 0xd9, 0xdd, 0xda, 0xd9,
  0xe3, 0xda, 0xdf, 0x3f, 0x35, 0x3c, 0x8f, 0x96, 0x8b, 0xea, 0xe3, 0xe5,
  0xd3, 0xd0, 0xd0, 0xd9, 0xd5, 0xd4, 0xdd, 0xd8, 0xd9, 0xdc, 0xd8, 0xd9,
  0xdb, 0xd8, 0xd8, 0xda, 0xd8, 0xd7, 0xd9, 0xd4, 0xd5, 0xda, 0xd4, 0xd5,
  0xdd, 0xda, 0xda, 0xdb, 0xd9, 0xd9, 0xda, 0xd4, 0xd6, 0xd9, 0xd3, 0xd4,
  0xe0, 0xde, 0xde, 0xe2, 0xe0, 0xe0, 0xe1, 0xdc, 0xdd, 0xe1, 0xdd, 0xdd,
  0xe0, 0xdc, 0xdc, 0xe2, 0xdd, 0xde, 0xe0, 0xdb, 0xdc, 0xe0, 0xdc, 0xdc,
  0xe2, 0xde, 0xdf, 0xdf, 0xdb, 0xda, 0xe0, 0xdc, 0xdc, 0xdc, 0xd8, 0xd7,
  0xdd, 0xd9, 0xd8, 0xe1, 0xdd, 0xdd, 0xde, 0xdc, 0xdb, 0xdf, 0xdb, 0xda,
  0xe2, 0xdf, 0xdf, 0xe1, 0xdf, 0xdf, 0xdf, 0xdc, 0xdc, 0xdf, 0xdb, 0xda,
  0xdf, 0xda, 0xda, 0xe1, 0xdc, 0xdc, 0xe1, 0xdd, 0xdd, 0xe2, 0xdf, 0xdf,
  0xe2, 0xdf, 0xe0, 0xe2, 0xdf, 0xdf, 0xe0, 0xdf, 0xdf, 0xe3, 0xe0, 0xe0,
  0xe1, 0xde, 0xde, 0xe0, 0xdd, 0xde, 0xe1, 0xde, 0xdd, 0xe0, 0xde, 0xde,
  0xe2, 0xdf, 0xdf, 0xe0, 0xde, 0xde, 0xdf, 0xde, 0xdd, 0xdf, 0xdb, 0xdb,
  0xe0, 0xdd, 0xdd, 0xe0, 0xdf, 0xde, 0xe2, 0xe0, 0xe0, 0xe1, 0xde, 0xde,
  0xe0, 0xdc, 0xdd, 0xe0, 0xdd, 0xdd, 0xdf, 0xde, 0xdd, 0xdc, 0xd8, 0xd6,
  0xe1, 0xdf, 0xde, 0xe1, 0xdf, 0xdf, 0xe1, 0xdf, 0xdf, 0xdf, 0xdd, 0xdc,
  0xdf, 0xdb, 0xda, 0xe0, 0xdc, 0xdc, 0xde, 0xdc, 0xdc, 0xe0, 0xde, 0xdc,
  0xdf, 0xdd, 0xdc, 0xe0, 0xdc, 0xdc, 0xe0, 0xdc, 0xdc, 0xdf, 0xdd, 0xdd,
  0xe1, 0xdf, 0xdf, 0xdf, 0xdc, 0xdc, 0xed, 0xea, 0xea, 0x76, 0x72, 0x72,
  0xbe, 0xbd, 0xb6, 0xe6, 0xe1, 0xe2, 0xde, 0xdc, 0xdc, 0xdd, 0xda, 0xd8,
  0xde, 0xda, 0xd9, 0xdf, 0xdd, 0xdd, 0xde, 0xdc, 0xdc, 0xde, 0xdc, 0xdc,
  0xde, 0xdb, 0xdb, 0xde, 0xda, 0xda, 0xdd, 0xda, 0xdb, 0xde, 0xdb, 0xdb,
  0xdf, 0xdb, 0xdb, 0xdf, 0xdb, 0xdc, 0xde, 0xdb, 0xda, 0xde, 0xdb, 0xda,
  0xdf, 0xdc, 0xdc, 0xdf, 0xdc, 0xdc, 0xde, 0xda, 0xda, 0xdf, 0xdc, 0xdc,
  0xdd, 0xd9, 0xda, 0xec, 0xeb, 0xe9, 0xa8, 0x9f, 0xa8, 0x21, 0x1b, 0x21,
  0x27, 0x24, 0x26, 0x19, 0x13, 0x14, 0x1b, 0x14, 0x15, 0x1a, 0x14, 0x15,
  0x11, 0x0c, 0x0d, 0x12, 0x0f, 0x0f, 0x39, 0x37, 0x39, 0x29, 0x22, 0x26,
  0x21, 0x1a, 0x1c, 0x23, 0x1d, 0x1d, 0x1d, 0x17, 0x18, 0x1b, 0x16, 0x16,
  0x1f, 0x19, 0x19, 0x1e, 0x18, 0x19, 0x1b, 0x15, 0x16, 0x1d, 0x17, 0x18,
  0x1d, 0x17, 0x17, 0x1d, 0x17, 0x19, 0x1c, 0x16, 0x16, 0x4d, 0x4f, 0x46,
  0xdb, 0xdc, 0xd9, 0xde, 0xd9, 0xda, 0xdd, 0xd9, 0xd9, 0xde, 0xd9, 0xda,
  0xde, 0xd9, 0xda, 0xdb, 0xd7, 0xd8, 0xdb, 0xda, 0xda, 0xdb, 0xd6, 0xd7,
  0xe1, 0xdf, 0xdd, 0xc9, 0xbe, 0xc5, 0x30, 0x2b, 0x2c, 0xbd, 0xc1, 0xb9,
  0xe5, 0xdf, 0xe1, 0xd9, 0xd5, 0xd6, 0xdc, 0xd7, 0xd8, 0xdc, 0xd7, 0xd8,
  0xdb, 0xd5, 0xd6, 0xdb, 0xd7, 0xd7, 0xdc, 0xda, 0xda, 0xdc, 0xd8, 0xd8,
  0xdb, 0xd7, 0xd7, 0xde, 0xdc, 0xdc, 0xd9, 0xd4, 0xd4, 0xd8, 0xd3, 0xd4,
  0xe1, 0xde, 0xdd, 0xdf, 0xdc, 0xdc, 0xe1, 0xde, 0xde, 0xe3, 0xe1, 0xe1,
  0xe0, 0xde, 0xde, 0xe3, 0xe0, 0xe0, 0xe1, 0xdf, 0xde, 0xe1, 0xdf, 0xde,
  0xe0, 0xdc, 0xdd, 0xde, 0xdb, 0xda, 0xe1, 0xdf, 0xde, 0xe1, 0xdf, 0xdf,
  0xe1, 0xde, 0xde, 0xe0, 0xdb, 0xdb, 0xe1, 0xdf, 0xdf, 0xe2, 0xe1, 0xe0,
  0xe2, 0xe0, 0xdf, 0xe2, 0xe0, 0xe0, 0xe3, 0xe0, 0xdf, 0xe1, 0xde, 0xde,
  0xe2, 0xe0, 0xe0, 0xe2, 0xe0, 0xdf, 0xdf, 0xdd, 0xdc, 0xe1, 0xde, 0xde,
  0xe0, 0xdd, 0xdd, 0xde, 0xdb, 0xdb, 0xe1, 0xdf, 0xdf, 0xe1, 0xe0, 0xe0,
  0xe2, 0xe3, 0xe3, 0xe3, 0xe2, 0xe2, 0xe2, 0xe1, 0xe1, 0xe0, 0xdf, 0xdf,
  0xde, 0xdb, 0xdb, 0xe0, 0xdd, 0xdc, 0xdf, 0xdc, 0xdb, 0xe1, 0xdd, 0xdc,
  0xe0, 0xdc, 0xdb, 0xdf, 0xdd, 0xdc, 0xe1, 0xdd, 0xde, 0xde, 0xda, 0xda,
  0xdf, 0xdc, 0xdb, 0xe1, 0xdf, 0xdf, 0xe0, 0xdd, 0xdd, 0xdf, 0xdb, 0xda,
  0xe3, 0xe2, 0xe2, 0xde, 0xdc, 0xdc, 0xe0, 0xdb, 0xdb, 0xe0, 0xdd, 0xdd,
  0xdf, 0xdc, 0xdb, 0xde, 0xda, 0xd9, 0xdf, 0xdb, 0xda, 0xdf, 0xdd, 0xdd,
  0xe1, 0xde, 0xde, 0xe1, 0xdd, 0xdd, 0xe1, 0xde, 0xde, 0xe1, 0xdf, 0xdf,
  0xe1, 0xdf, 0xdf, 0xdf, 0xdb, 0xdc, 0xee, 0xeb, 0xea, 0xa1, 0x9d, 0x9f,
  0x8e, 0x8f, 0x88, 0xee, 0xeb, 0xeb, 0xdd, 0xda, 0xdb, 0xdf, 0xdd, 0xdc,
  0xdf, 0xdd, 0xdd, 0xe1, 0xde, 0xde, 0xdf, 0xdc, 0xdc, 0xdf, 0xdd, 0xdd,
  0xdf, 0xdc, 0xdc, 0xe0, 0xdc, 0xdc, 0xdf, 0xde, 0xde, 0xdf, 0xdc, 0xdc,
  0xdf, 0xdc, 0xdb, 0xdf, 0xdc, 0xdc, 0xde, 0xdd, 0xdc, 0xdf, 0xdc, 0xdb,
  0xdf, 0xdd, 0xdd, 0xdd, 0xdb, 0xda, 0xde, 0xdc, 0xdb, 0xdf, 0xdc, 0xdd,
  0xe4, 0xe1, 0xe0, 0xcf, 0xc8, 0xce, 0x43, 0x3f, 0x4c, 0x2b, 0x26, 0x2a,
  0x21, 0x1b, 0x20, 0x1c, 0x15, 0x16, 0x1a, 0x14, 0x15, 0x18, 0x13, 0x13,
  0x17, 0x11, 0x10, 0x12, 0x0e, 0x0c, 0x45, 0x42, 0x46, 0x39, 0x32, 0x39,
  0x26, 0x1f, 0x22, 0x23, 0x1c, 0x1e, 0x21, 0x1b, 0x1c, 0x1f, 0x19, 0x1a,
  0x1f, 0x19, 0x19, 0x1d, 0x17, 0x17, 0x1b, 0x15, 0x16, 0x1c, 0x16, 0x16,
  0x1b, 0x15, 0x16, 0x1d, 0x17, 0x18, 0x1b, 0x16, 0x15, 0x89, 0x8e, 0x83,
  0xec, 0xe9, 0xea, 0xdb, 0xd8, 0xd8, 0xdd, 0xda, 0xda, 0xde, 0xda, 0xda,
  0xdc, 0xda, 0xda, 0xdd, 0xdb, 0xdb, 0xdd, 0xda, 0xda, 0xdd, 0xd8, 0xd9,
  0xdb, 0xd5, 0xd6, 0xec, 0xea, 0xe9, 0xa4, 0x95, 0xa1, 0x37, 0x38, 0x34,
  0xdb, 0xdc, 0xd7, 0xde, 0xd8, 0xdb, 0xdb, 0xd7, 0xd7, 0xdc, 0xd9, 0xda,
  0xdc, 0xd8, 0xd8, 0xdc, 0xd9, 0xda, 0xda, 0xd7, 0xd7, 0xdd, 0xd8, 0xd9,
  0xdb, 0xd6, 0xd6, 0xda, 0xd7, 0xd7, 0xdb, 0xd6, 0xd7, 0xdc, 0xd7, 0xd8,
  0xe1, 0xe0, 0xe0, 0xe4, 0xe0, 0xe1, 0xe4, 0xe2, 0xe2, 0xe4, 0xe2, 0xe2,
  0xe4, 0xe2, 0xe2, 0xe1, 0xdd, 0xdd, 0xdd, 0xda, 0xda, 0xe1, 0xde, 0xdd,
  0xe2, 0xe0, 0xe0, 0xe3, 0xe1, 0xe1, 0xe3, 0xe1, 0xe2, 0xe2, 0xe0, 0xe0,
  0xe1, 0xe0, 0xe0, 0xe1, 0xdf, 0xdf, 0xe2, 0xe0, 0xe0, 0xe4, 0xe4, 0xe4,
  0xe1, 0xdf, 0xde, 0xe2, 0xdf, 0xdf, 0xe3, 0xe1, 0xe1, 0xe4, 0xe2, 0xe2,
  0xe3, 0xe1, 0xe0, 0xe3, 0xe1, 0xe1, 0xe3, 0xe1, 0xe2, 0xe2, 0xe0, 0xe0,
  0xe1, 0xdf, 0xde, 0xe2, 0xdf, 0xdf, 0xe0, 0xde, 0xdd, 0xe3, 0xe1, 0xe0,
  0xe2, 0xe0, 0xe0, 0xe1, 0xdf, 0xdf, 0xe0, 0xde, 0xde, 0xdf, 0xdd, 0xdc,
  0xe0, 0xdc, 0xdb, 0xe0, 0xde, 0xde, 0xe1, 0xe0, 0xe0, 0xde, 0xdc, 0xdb,
  0xe1, 0xdd, 0xdc, 0xe0, 0xdc, 0xdd, 0xe0, 0xdd, 0xdc, 0xdf, 0xdb, 0xdb,
  0xe0, 0xde, 0xdd, 0xe2, 0xe0, 0xe0, 0xe0, 0xde, 0xde, 0xe1, 0xdf, 0xdf,
  0xdf, 0xdd, 0xde, 0xdf, 0xdc, 0xdb, 0xdf, 0xdc, 0xdb, 0xe0, 0xde, 0xde,
  0xe3, 0xe1, 0xe1, 0xe1, 0xe1, 0xe1, 0xe2, 0xdf, 0xdf, 0xe1, 0xdf, 0xdf,
  0xe1, 0xdd, 0xde, 0xdf, 0xdc, 0xdb, 0xe0, 0xde, 0xdd, 0xe0, 0xde, 0xdd,
  0xdf, 0xdd, 0xdd, 0xde, 0xda, 0xda, 0xe3, 0xdf, 0xde, 0xd1, 0xcc, 0xcf,
  0x6e, 0x6e, 0x6a, 0xe5, 0xe4, 0xe2, 0xde, 0xda, 0xdb, 0xde, 0xda, 0xda,
  0xde, 0xdc, 0xdc, 0xdf, 0xdb, 0xdb, 0xdd, 0xda, 0xd9, 0xdf, 0xdc, 0xdc,
  0xe0, 0xdf, 0xdf, 0xe1, 0xde, 0xdf, 0xe1, 0xde, 0xde, 0xe1, 0xdf, 0xdf,
  0xe2, 0xe1, 0xe0, 0xe0, 0xe0, 0xe0, 0xe0, 0xdf, 0xe0, 0xe0, 0xdc, 0xdc,
  0xe1, 0xde, 0xde, 0xe1, 0xe1, 0xe1, 0xdd, 0xdc, 0xdb, 0xdc, 0xd9, 0xd9,
  0xea, 0xe5, 0xe6, 0x74, 0x6d, 0x7b, 0x2d, 0x2c, 0x32, 0x2b, 0x26, 0x2b,
  0x1c, 0x15, 0x18, 0x18, 0x12, 0x14, 0x18, 0x12, 0x12, 0x14, 0x10, 0x0f,
  0x15, 0x0f, 0x10, 0x0f, 0x0a, 0x09, 0x2c, 0x29, 0x2b, 0x28, 0x22, 0x25,
  0x25, 0x1d, 0x1f, 0x27, 0x21, 0x24, 0x24, 0x1d, 0x1e, 0x1e, 0x18, 0x18,
  0x1e, 0x19, 0x18, 0x1e, 0x19, 0x18, 0x1d, 0x15, 0x16, 0x1a, 0x14, 0x15,
  0x1a, 0x15, 0x16, 0x20, 0x1a, 0x1b, 0x21, 0x1c, 0x1b, 0x84, 0x89, 0x7e,
  0xea, 0xe7, 0xe7, 0xdb, 0xd8, 0xd8, 0xde, 0xd9, 0xda, 0xde, 0xda, 0xdb,
  0xdd, 0xda, 0xda, 0xdf, 0xda, 0xdb, 0xdf, 0xda, 0xdb, 0xde, 0xd9, 0xda,
  0xde, 0xda, 0xda, 0xd9, 0xd5, 0xd6, 0xed, 0xea, 0xea, 0x78, 0x69, 0x75,
  0x53, 0x59, 0x4f, 0xec, 0xeb, 0xe9, 0xdb, 0xd6, 0xd8, 0xdc, 0xd9, 0xd9,
  0xdc, 0xd8, 0xd9, 0xdc, 0xd9, 0xda, 0xdc, 0xd8, 0xd9, 0xdc, 0xd7, 0xd8,
  0xdb, 0xd6, 0xd7, 0xdc, 0xd7, 0xd8, 0xdd, 0xd7, 0xd9, 0xdd, 0xd8, 0xd9,
  0xdf, 0xda, 0xda, 0xe2, 0xde, 0xde, 0xe3, 0xe1, 0xe1, 0xe1, 0xde, 0xdf,
  0xe4, 0xe2, 0xe2, 0xe1, 0xe0, 0xdf, 0xe3, 0xe3, 0xe2, 0xe4, 0xe3, 0xe3,
  0xe2, 0xe1, 0xe1, 0xe1, 0xe0, 0xe0, 0xe3, 0xe1, 0xe2, 0xe2, 0xe0, 0xe0,
  0xdf, 0xda, 0xda, 0xde, 0xda, 0xd9, 0xdb, 0xd6, 0xd5, 0xdf, 0xdb, 0xda,
  0xe1, 0xdf, 0xdf, 0xe1, 0xdf, 0xdf, 0xe1, 0xdd, 0xdd, 0xe1, 0xdf, 0xdf,
  0xe3, 0xe4, 0xe3, 0xe2, 0xe0, 0xe0, 0xde, 0xda, 0xd9, 0xde, 0xda, 0xd8,
  0xe0, 0xdc, 0xdd, 0xdd, 0xd9, 0xd9, 0xdf, 0xdc, 0xdb, 0xe1, 0xdc, 0xdd,
  0xe3, 0xe0, 0xe1, 0xe2, 0xe0, 0xdf, 0xe4, 0xe3, 0xe3, 0xe2, 0xe0, 0xdf,
  0xe3, 0xe2, 0xe2, 0xe2, 0xe1, 0xe1, 0xe1, 0xe2, 0xe1, 0xe2, 0xe1, 0xe0,
  0xe3, 0xe1, 0xe1, 0xe1, 0xe1, 0xe1, 0xe1, 0xe1, 0xe1, 0xdf, 0xdd, 0xdd,
  0xe0, 0xdc, 0xdd, 0xe0, 0xde, 0xdd, 0xdf, 0xdb, 0xda, 0xe2, 0xdf, 0xde,
  0xe1, 0xde, 0xde, 0xe1, 0xdf, 0xdf, 0xdf, 0xdd, 0xdd, 0xe3, 0xe1, 0xe2,
  0xe1, 0xdd, 0xdd, 0xe1, 0xdf, 0xdf, 0xe0, 0xdd, 0xdd, 0xde, 0xda, 0xda,
  0xe2, 0xe0, 0xe0, 0xe2, 0xe0, 0xe0, 0xe1, 0xde, 0xde, 0xe1, 0xdf, 0xdf,
  0xe2, 0xe0, 0xe0, 0xe0, 0xde, 0xde, 0xe0, 0xde, 0xde, 0xea, 0xe6, 0xe8,
  0x74, 0x71, 0x71, 0xc3, 0xc4, 0xbe, 0xe9, 0xe6, 0xe7, 0xde, 0xdd, 0xdd,
  0xe1, 0xdf, 0xe0, 0xdf, 0xdd, 0xdd, 0xdf, 0xde, 0xdd, 0xe0, 0xde, 0xde,
  0xe0, 0xde, 0xde, 0xe0, 0xde, 0xde, 0xdf, 0xdb, 0xdc, 0xe2, 0xdf, 0xdf,
  0xe1, 0xdf, 0xdf, 0xe0, 0xdf, 0xdf, 0xe0, 0xdf, 0xdf, 0xde, 0xda, 0xdb,
  0xde, 0xd9, 0xd9, 0xdf, 0xdd, 0xdd, 0xdf, 0xde, 0xde, 0xec, 0xea, 0xe8,
  0xb5, 0xaf, 0xb8, 0x38, 0x33, 0x40, 0x26, 0x22, 0x26, 0x19, 0x13, 0x15,
  0x18, 0x11, 0x12, 0x17, 0x12, 0x12, 0x16, 0x10, 0x11, 0x15, 0x10, 0x0f,
  0x14, 0x0f, 0x0f, 0x0f, 0x0a, 0x0b, 0x1d, 0x1a, 0x19, 0x39, 0x38, 0x39,
  0x3d, 0x37, 0x3c, 0x29, 0x22, 0x24, 0x26, 0x20, 0x21, 0x24, 0x1e, 0x1e,
  0x1f, 0x19, 0x1a, 0x1f, 0x17, 0x18, 0x1c, 0x14, 0x15, 0x1c, 0x15, 0x16,
  0x1d, 0x17, 0x17, 0x27, 0x21, 0x20, 0x1d, 0x18, 0x18, 0x89, 0x90, 0x84,
  0xea, 0xe7, 0xe6, 0xda, 0xd6, 0xd6, 0xdd, 0xd9, 0xd9, 0xdb, 0xd8, 0xd8,
  0xdc, 0xd7, 0xd8, 0xdc, 0xd6, 0xd7, 0xdb, 0xd6, 0xd6, 0xdc, 0xd7, 0xd8,
  0xdd, 0xd8, 0xd9, 0xdd, 0xd8, 0xd9, 0xd9, 0xd6, 0xd5, 0xe9, 0xe3, 0xe7,
  0x4f, 0x44, 0x4d, 0x7c, 0x85, 0x79, 0xef, 0xed, 0xee, 0xd9, 0xd4, 0xd6,
  0xdd, 0xd8, 0xd9, 0xdd, 0xd9, 0xda, 0xde, 0xda, 0xda, 0xdd, 0xd8, 0xd9,
  0xdc, 0xd8, 0xd9, 0xdd, 0xdb, 0xdb, 0xdd, 0xd8, 0xd9, 0xdc, 0xd8, 0xd9,
  0xe1, 0xde, 0xdf, 0xde, 0xda, 0xdb, 0xe1, 0xdd, 0xdd, 0xd9, 0xd4, 0xd2,
  0xdc, 0xd8, 0xd6, 0xe1, 0xdd, 0xdd, 0xe0, 0xde, 0xde, 0xe3, 0xe0, 0xe0,
  0xe5, 0xe2, 0xe2, 0xe4, 0xe0, 0xe0, 0xdc, 0xd7, 0xd7, 0xdf, 0xdb, 0xdb,
  0xe2, 0xe0, 0xe0, 0xe3, 0xe1, 0xe0, 0xe2, 0xde, 0xde, 0xe1, 0xdf, 0xdf,
  0xe1, 0xdf, 0xdf, 0xe3, 0xe1, 0xe0, 0xdf, 0xdb, 0xda, 0xdd, 0xda, 0xd7,
  0xe3, 0xe1, 0xe1, 0xe3, 0xe1, 0xe0, 0xe2, 0xe0, 0xdf, 0xe1, 0xe0, 0xdf,
  0xe2, 0xe1, 0xe1, 0xe0, 0xde, 0xdd, 0xe2, 0xdf, 0xdf, 0xe1, 0xde, 0xde,
  0xdc, 0xd9, 0xd8, 0xdb, 0xd7, 0xd5, 0xe1, 0xde, 0xde, 0xe3, 0xe1, 0xe1,
  0xe5, 0xe5, 0xe5, 0xe0, 0xdd, 0xde, 0xe0, 0xde, 0xdd, 0xe4, 0xe4, 0xe4,
  0xe2, 0xe0, 0xe0, 0xe0, 0xde, 0xde, 0xdf, 0xde, 0xde, 0xe0, 0xe0, 0xe0,
  0xe2, 0xe0, 0xe0, 0xe3, 0xe1, 0xe1, 0xe1, 0xde, 0xde, 0xe2, 0xe0, 0xe0,
  0xe2, 0xe0, 0xe0, 0xe2, 0xe0, 0xe0, 0xdf, 0xdb, 0xda, 0xe1, 0xde, 0xde,
  0xe2, 0xde, 0xde, 0xdf, 0xdc, 0xdc, 0xe1, 0xdf, 0xde, 0xde, 0xdb, 0xda,
  0xe3, 0xe1, 0xe1, 0xe3, 0xe2, 0xe2, 0xe3, 0xe1, 0xe1, 0xe3, 0xe1, 0xe1,
  0xe3, 0xe1, 0xe1, 0xe2, 0xe2, 0xe2, 0xdf, 0xdf, 0xdf, 0xee, 0xec, 0xeb,
  0x9f, 0x9a, 0x9e, 0x90, 0x92, 0x89, 0xf0, 0xee, 0xee, 0xdd, 0xdc, 0xdb,
  0xdf, 0xdc, 0xdd, 0xde, 0xd9, 0xd9, 0xdf, 0xde, 0xdd, 0xdd, 0xdb, 0xdb,
  0xdc, 0xd7, 0xd8, 0xe0, 0xdd, 0xdd, 0xde, 0xdb, 0xdb, 0xe1, 0xdf, 0xdf,
  0xe1, 0xe0, 0xe0, 0xe2, 0xe0, 0xe0, 0xe1, 0xdf, 0xdf, 0xe0, 0xde, 0xde,
  0xdf, 0xdc, 0xdd, 0xdc, 0xd7, 0xd8, 0xe3, 0xe1, 0xe0, 0xd8, 0xd3, 0xd7,
  0x49, 0x43, 0x4f, 0x24, 0x20, 0x26, 0x1e, 0x17, 0x19, 0x1a, 0x14, 0x15,
  0x17, 0x12, 0x13, 0x17, 0x11, 0x13, 0x15, 0x0f, 0x10, 0x15, 0x10, 0x0f,
  0x14, 0x0e, 0x0e, 0x0e, 0x08, 0x09, 0x1f, 0x1c, 0x1b, 0x46, 0x45, 0x46,
  0x3f, 0x3b, 0x3f, 0x31, 0x2c, 0x30, 0x2b, 0x24, 0x26, 0x27, 0x21, 0x23,
  0x1f, 0x19, 0x1a, 0x1f, 0x18, 0x17, 0x1b, 0x15, 0x16, 0x1e, 0x17, 0x17,
  0x20, 0x1a, 0x1a, 0x25, 0x1e, 0x20, 0x16, 0x13, 0x12, 0xa5, 0xa9, 0x9f,
  0xe9, 0xe5, 0xe8, 0xdb, 0xd8, 0xd8, 0xdb, 0xd7, 0xd8, 0xdb, 0xd8, 0xd8,
  0xdd, 0xdb, 0xdb, 0xdb, 0xd8, 0xd8, 0xdb, 0xd6, 0xd7, 0xdc, 0xd7, 0xd8,
  0xdb, 0xd6, 0xd7, 0xda, 0xd6, 0xd7, 0xd7, 0xd2, 0xd3, 0xde, 0xdc, 0xd9,
  0xd7, 0xcd, 0xd4, 0x38, 0x2f, 0x33, 0xa8, 0xaf, 0xa4, 0xe7, 0xe2, 0xe4,
  0xd8, 0xd3, 0xd4, 0xde, 0xd9, 0xda, 0xdc, 0xd6, 0xd8, 0xdb, 0xd8, 0xd8,
  0xdd, 0xd9, 0xda, 0xda, 0xd6, 0xd6, 0xdb, 0xd8, 0xd7, 0xdc, 0xd8, 0xd9,
  0xe2, 0xe0, 0xe0, 0xe3, 0xe3, 0xe3, 0xe4, 0xe2, 0xe2, 0xe1, 0xde, 0xdd,
  0xe3, 0xe1, 0xe1, 0xe1, 0xde, 0xdd, 0xdf, 0xdb, 0xda, 0xdf, 0xdb, 0xda,
  0xe1, 0xde, 0xde, 0xe2, 0xe0, 0xe0, 0xd9, 0xd3, 0xd1, 0xda, 0xd3, 0xd0,
  0xdc, 0xd8, 0xd6, 0xe1, 0xdf, 0xde, 0xe2, 0xdf, 0xdf, 0xe4, 0xe4, 0xe4,
  0xe3, 0xe1, 0xe1, 0xe4, 0xe2, 0xe2, 0xe5, 0xe4, 0xe4, 0xe3, 0xe1, 0xe2,
  0xe5, 0xe4, 0xe4, 0xe3, 0xe2, 0xe1, 0xe1, 0xde, 0xdf, 0xe0, 0xdd, 0xdd,
  0xe1, 0xe0, 0xdf, 0xe1, 0xde, 0xde, 0xe0, 0xdc, 0xdb, 0xe0, 0xdd, 0xdc,
  0xe0, 0xdc, 0xdc, 0xdf, 0xdc, 0xdb, 0xdf, 0xdb, 0xdb, 0xe2, 0xe0, 0xe0,
  0xe1, 0xdf, 0xde, 0xe0, 0xdc, 0xdb, 0xe3, 0xe1, 0xe2, 0xe2, 0xe1, 0xe1,
  0xe0, 0xdd, 0xdd, 0xde, 0xdb, 0xda, 0xe1, 0xdd, 0xdc, 0xe1, 0xde, 0xdf,
  0xe2, 0xe0, 0xe0, 0xe2, 0xdf, 0xdf, 0xe0, 0xde, 0xdd, 0xe2, 0xe0, 0xe0,
  0xe3, 0xe2, 0xe2, 0xe2, 0xe0, 0xe0, 0xe2, 0xe0, 0xe0, 0xe1, 0xdf, 0xdf,
  0xe0, 0xdd, 0xdd, 0xe1, 0xde, 0xdd, 0xe2, 0xe0, 0xe0, 0xe1, 0xde, 0xde,
  0xe1, 0xdd, 0xdd, 0xe2, 0xe0, 0xe0, 0xe4, 0xe2, 0xe2, 0xe4, 0xe1, 0xe1,
  0xe2, 0xe0, 0xe0, 0xe2, 0xe1, 0xe1, 0xe2, 0xe0, 0xe0, 0xe7, 0xe6, 0xe5,
  0xd0, 0xcd, 0xd0, 0x70, 0x70, 0x6a, 0xe6, 0xe5, 0xe3, 0xdc, 0xd8, 0xd8,
  0xde, 0xdc, 0xdb, 0xe0, 0xdd, 0xdd, 0xe0, 0xdc, 0xdc, 0xdf, 0xde, 0xde,
  0xde, 0xdc, 0xdc, 0xe0, 0xdf, 0xde, 0xdd, 0xd9, 0xda, 0xdd, 0xd8, 0xd9,
  0xe0, 0xde, 0xdd, 0xe0, 0xde, 0xde, 0xe1, 0xdf, 0xdf, 0xe1, 0xdf, 0xdf,
  0xdf, 0xde, 0xdd, 0xde, 0xdb, 0xda, 0xec, 0xe8, 0xe9, 0x7a, 0x71, 0x7e,
  0x21, 0x1c, 0x21, 0x22, 0x1c, 0x1c, 0x1c, 0x16, 0x16, 0x19, 0x13, 0x14,
  0x17, 0x11, 0x12, 0x16, 0x10, 0x11, 0x16, 0x0f, 0x10, 0x13, 0x0e, 0x0e,
  0x13, 0x0e, 0x0f, 0x12, 0x0c, 0x0e, 0x1b, 0x17, 0x15, 0x42, 0x41, 0x43,
  0x38, 0x34, 0x3a, 0x2e, 0x28, 0x2a, 0x2b, 0x25, 0x26, 0x27, 0x20, 0x22,
  0x1f, 0x19, 0x1a, 0x1d, 0x18, 0x17, 0x1a, 0x15, 0x15, 0x1b, 0x15, 0x16,
  0x1f, 0x1a, 0x1a, 0x1d, 0x16, 0x17, 0x2a, 0x2b, 0x24, 0xcc, 0xcf, 0xc6,
  0xe1, 0xda, 0xdc, 0xd8, 0xd3, 0xd4, 0xdc, 0xd9, 0xd9, 0xdc, 0xda, 0xda,
  0xdb, 0xd8, 0xd8, 0xdc, 0xd9, 0xd9, 0xdd, 0xd8, 0xd9, 0xdd, 0xd8, 0xd9,
  0xdb, 0xd6, 0xd7, 0xdb, 0xd7, 0xd8, 0xdc, 0xd8, 0xd9, 0xd8, 0xd2, 0xd4,
  0xe2, 0xdf, 0xdd, 0xb6, 0xa5, 0xae, 0x32, 0x30, 0x2e, 0xcc, 0xcf, 0xc8,
  0xe1, 0xda, 0xdd, 0xd8, 0xd3, 0xd4, 0xd9, 0xd4, 0xd5, 0xda, 0xd5, 0xd6,
  0xdc, 0xd9, 0xd9, 0xdd, 0xd9, 0xda, 0xdc, 0xd7, 0xd8, 0xda, 0xd5, 0xd6,
  0xdf, 0xda, 0xda, 0xe2, 0xdf, 0xe0, 0xe0, 0xdf, 0xdf, 0xe2, 0xdf, 0xe0,
  0xe2, 0xe0, 0xe0, 0xe1, 0xdf, 0xdf, 0xe0, 0xde, 0xde, 0xe1, 0xdf, 0xde,
  0xe1, 0xe0, 0xe0, 0xe0, 0xde, 0xdd, 0xde, 0xd9, 0xd9, 0xe1, 0xde, 0xde,
  0xdf, 0xdc, 0xdb, 0xdd, 0xd8, 0xd6, 0xdf, 0xdb, 0xda, 0xe2, 0xe0, 0xdf,
  0xdf, 0xdb, 0xda, 0xe1, 0xde, 0xde, 0xe2, 0xe1, 0xe1, 0xe2, 0xe0, 0xe0,
  0xdf, 0xdb, 0xda, 0xdc, 0xd9, 0xd8, 0xde, 0xdb, 0xdb, 0xe0, 0xde, 0xdd,
  0xdf, 0xdb, 0xda, 0xdd, 0xd8, 0xd9, 0xdf, 0xdc, 0xdb, 0xe0, 0xdc, 0xdc,
  0xe1, 0xdf, 0xde, 0xde, 0xdb, 0xda, 0xde, 0xda, 0xda, 0xe1, 0xdf, 0xdf,
  0xdf, 0xdd, 0xdd, 0xdf, 0xdb, 0xdb, 0xdd, 0xd9, 0xd8, 0xd9, 0xd4, 0xd3,
  0xdc, 0xd9, 0xd8, 0xe1, 0xde, 0xdd, 0xe2, 0xe0, 0xdf, 0xe3, 0xe2, 0xe2,
  0xde, 0xdc, 0xdc, 0xde, 0xdc, 0xdb, 0xe0, 0xdd, 0xdc, 0xe4, 0xe1, 0xe1,
  0xe2, 0xe1, 0xe1, 0xe1, 0xe0, 0xe0, 0xe2, 0xe1, 0xe1, 0xe2, 0xe0, 0xe0,
  0xe0, 0xdb, 0xda, 0xdf, 0xdd, 0xdd, 0xde, 0xdb, 0xdb, 0xe1, 0xdf, 0xdf,
  0xe1, 0xdf, 0xdf, 0xe3, 0xe1, 0xe1, 0xe3, 0xe1, 0xe1, 0xdf, 0xdd, 0xdc,
  0xde, 0xdd, 0xdd, 0xe2, 0xe1, 0xe1, 0xe1, 0xdf, 0xdf, 0xde, 0xdc, 0xdc,
  0xec, 0xea, 0xea, 0x76, 0x74, 0x73, 0xc2, 0xc3, 0xbc, 0xe6, 0xe3, 0xe4,
  0xdd, 0xdb, 0xdb, 0xe0, 0xde, 0xde, 0xe0, 0xde, 0xde, 0xde, 0xdd, 0xdd,
  0xdf, 0xdc, 0xdb, 0xde, 0xdb, 0xda, 0xdd, 0xd9, 0xd8, 0xdd, 0xd9, 0xd9,
  0xe0, 0xdc, 0xdc, 0xdf, 0xdd, 0xdd, 0xde, 0xdc, 0xdb, 0xdf, 0xdb, 0xdb,
  0xdc, 0xda, 0xd9, 0xea, 0xe9, 0xe7, 0xae, 0xa6, 0xb2, 0x30, 0x2b, 0x36,
  0x26, 0x21, 0x23, 0x1d, 0x17, 0x17, 0x19, 0x12, 0x12, 0x16, 0x10, 0x11,
  0x16, 0x0f, 0x0f, 0x15, 0x0e, 0x0f, 0x14, 0x0e, 0x0f, 0x14, 0x0e, 0x0f,
  0x15, 0x0e, 0x10, 0x15, 0x0f, 0x0f, 0x18, 0x15, 0x12, 0x3d, 0x3f, 0x40,
  0x55, 0x53, 0x58, 0x3b, 0x35, 0x3b, 0x26, 0x21, 0x22, 0x23, 0x1c, 0x1d,
  0x1e, 0x18, 0x19, 0x1d, 0x17, 0x18, 0x1c, 0x15, 0x17, 0x1e, 0x16, 0x18,
  0x1d, 0x17, 0x17, 0x23, 0x1c, 0x1d, 0x2b, 0x2a, 0x27, 0xbc, 0xbf, 0xb6,
  0xe0, 0xd9, 0xd9, 0xda, 0xd7, 0xd6, 0xdb, 0xd7, 0xd7, 0xdd, 0xd9, 0xd9,
  0xd7, 0xd2, 0xd1, 0xda, 0xd5, 0xd5, 0xdc, 0xd7, 0xd8, 0xdb, 0xd6, 0xd7,
  0xdc, 0xd9, 0xd9, 0xdc, 0xd7, 0xd8, 0xda, 0xd4, 0xd5, 0xda, 0xd5, 0xd6,
  0xd8, 0xd3, 0xd4, 0xed, 0xea, 0xe9, 0x8e, 0x7b, 0x88, 0x44, 0x47, 0x3f,
  0xe2, 0xe2, 0xde, 0xdb, 0xd5, 0xd7, 0xdb, 0xd9, 0xd8, 0xdb, 0xd6, 0xd6,
  0xda, 0xd5, 0xd6, 0xdc, 0xd7, 0xd8, 0xdb, 0xd6, 0xd7, 0xd9, 0xd4, 0xd5,
  0xe1, 0xdf, 0xdf, 0xe2, 0xdf, 0xe0, 0xdf, 0xdb, 0xdc, 0xe0, 0xdd, 0xde,
  0xe0, 0xdd, 0xdd, 0xdf, 0xdc, 0xdc, 0xe2, 0xdf, 0xdf, 0xde, 0xdb, 0xda,
  0xe2, 0xe2, 0xe2, 0xe5, 0xe5, 0xe5, 0xdc, 0xd9, 0xd8, 0xde, 0xdb, 0xd9,
  0xe2, 0xdf, 0xdf, 0xdf, 0xda, 0xda, 0xe1, 0xde, 0xdd, 0xde, 0xd9, 0xd8,
  0xda, 0xd6, 0xd4, 0xdf, 0xdb, 0xda, 0xdf, 0xdb, 0xda, 0xdc, 0xd9, 0xd7,
  0xdf, 0xdb, 0xda, 0xde, 0xdb, 0xda, 0xdb, 0xd7, 0xd6, 0xe0, 0xdd, 0xdd,
  0xe0, 0xdd, 0xdc, 0xe0, 0xdc, 0xdc, 0xe1, 0xdf, 0xdf, 0xe0, 0xdd, 0xdd,
  0xdf, 0xdd, 0xdc, 0xde, 0xdb, 0xdb, 0xdc, 0xd8, 0xd8, 0xe2, 0xde, 0xdd,
  0xe1, 0xdf, 0xdf, 0xde, 0xda, 0xda, 0xdc, 0xd8, 0xd7, 0xdf, 0xdb, 0xda,
  0xda, 0xd5, 0xd5, 0xde, 0xdb, 0xda, 0xe4, 0xe2, 0xe3, 0xe5, 0xe4, 0xe4,
  0xdf, 0xdd, 0xdd, 0xe1, 0xe0, 0xe0, 0xe0, 0xde, 0xde, 0xde, 0xdb, 0xdb,
  0xda, 0xd6, 0xd5, 0xdd, 0xda, 0xda, 0xdf, 0xdd, 0xdc, 0xdb, 0xd7, 0xd6,
  0xde, 0xdc, 0xdb, 0xe0, 0xdc, 0xdb, 0xdd, 0xd9, 0xd9, 0xe1, 0xde, 0xde,
  0xde, 0xdc, 0xdc, 0xe3, 0xe1, 0xe1, 0xe5, 0xe3, 0xe3, 0xe5, 0xe3, 0xe3,
  0xe3, 0xe2, 0xe2, 0xe1, 0xe0, 0xe0, 0xe1, 0xdf, 0xdf, 0xdf, 0xdd, 0xdd,
  0xef, 0xed, 0xed, 0x9e, 0x9a, 0x9d, 0x93, 0x95, 0x8d, 0xed, 0xe9, 0xeb,
  0xdc, 0xd9, 0xd9, 0xdf, 0xdc, 0xdd, 0xe0, 0xde, 0xde, 0xe0, 0xdd, 0xdd,
  0xde, 0xdc, 0xdc, 0xdb, 0xd7, 0xd6, 0xdd, 0xd9, 0xd8, 0xdf, 0xdd, 0xde,
  0xdf, 0xdb, 0xdb, 0xdf, 0xdb, 0xda, 0xde, 0xdc, 0xdc, 0xdc, 0xd8, 0xd9,
  0xdf, 0xdc, 0xda, 0xd6, 0xd0, 0xd4, 0x48, 0x40, 0x4e, 0x21, 0x1d, 0x1f,
  0x1d, 0x17, 0x18, 0x1b, 0x14, 0x15, 0x19, 0x11, 0x12, 0x17, 0x10, 0x11,
  0x16, 0x10, 0x11, 0x16, 0x10, 0x11, 0x14, 0x0f, 0x10, 0x15, 0x10, 0x0e,
  0x16, 0x10, 0x10, 0x19, 0x13, 0x14, 0x12, 0x0d, 0x0d, 0x4c, 0x4b, 0x4a,
  0x5f, 0x59, 0x5f, 0x34, 0x30, 0x34, 0x27, 0x22, 0x22, 0x1e, 0x18, 0x19,
  0x20, 0x19, 0x1a, 0x20, 0x19, 0x1a, 0x1d, 0x17, 0x18, 0x1c, 0x16, 0x17,
  0x1a, 0x12, 0x12, 0x29, 0x21, 0x22, 0x09, 0x05, 0x05, 0x94, 0x9a, 0x8f,
  0xed, 0xea, 0xeb, 0xd5, 0xd1, 0xd1, 0xdb, 0xd6, 0xd7, 0xda, 0xd5, 0xd6,
  0xdd, 0xda, 0xda, 0xdd, 0xdb, 0xdb, 0xdd, 0xd8, 0xd8, 0xda, 0xd5, 0xd6,
  0xdc, 0xdb, 0xda, 0xdc, 0xd9, 0xd9, 0xdd, 0xda, 0xda, 0xdb, 0xd8, 0xd8,
  0xde, 0xd9, 0xda, 0xda, 0xd5, 0xd6, 0xec, 0xe7, 0xe9, 0x64, 0x55, 0x60,
  0x66, 0x6d, 0x61, 0xec, 0xe9, 0xe8, 0xd8, 0xd3, 0xd4, 0xdb, 0xd6, 0xd6,
  0xdd, 0xd8, 0xd9, 0xdc, 0xd7, 0xd8, 0xdb, 0xd6, 0xd7, 0xd9, 0xd4, 0xd5,
  0xe0, 0xdf, 0xde, 0xe1, 0xde, 0xde, 0xe3, 0xe1, 0xe1, 0xdf, 0xdc, 0xdb,
  0xdb, 0xd7, 0xd6, 0xdd, 0xd9, 0xd8, 0xde, 0xd9, 0xd9, 0xdf, 0xdc, 0xdb,
  0xde, 0xd9, 0xd8, 0xdf, 0xdb, 0xda, 0xe1, 0xde, 0xde, 0xde, 0xd9, 0xd9,
  0xe0, 0xdd, 0xdc, 0xdf, 0xda, 0xda, 0xe0, 0xdd, 0xdc, 0xdf, 0xdd, 0xdd,
  0xde, 0xdb, 0xda, 0xe0, 0xdd, 0xdc, 0xe2, 0xdf, 0xde, 0xdf, 0xdb, 0xda,
  0xe0, 0xdc, 0xdb, 0xdf, 0xdb, 0xda, 0xe2, 0xdf, 0xde, 0xdd, 0xda, 0xda,
  0xe0, 0xdd, 0xdc, 0xdc, 0xd8, 0xd5, 0xdd, 0xd8, 0xd7, 0xe0, 0xdc, 0xdc,
  0xe2, 0xdf, 0xde, 0xe1, 0xde, 0xde, 0xe4, 0xe2, 0xe2, 0xe1, 0xdd, 0xdc,
  0xe2, 0xdf, 0xe0, 0xe2, 0xe0, 0xe0, 0xdc, 0xda, 0xd8, 0xdc, 0xd7, 0xd7,
  0xda, 0xd5, 0xd3, 0xde, 0xdb, 0xd8, 0xdf, 0xda, 0xda, 0xde, 0xdc, 0xdb,
  0xe0, 0xdd, 0xde, 0xe2, 0xdf, 0xe0, 0xe1, 0xdf, 0xdf, 0xe0, 0xdd, 0xdd,
  0xe1, 0xde, 0xde, 0xdf, 0xdc, 0xdc, 0xdd, 0xd9, 0xd8, 0xe1, 0xdd, 0xdc,
  0xde, 0xda, 0xd9, 0xe0, 0xdd, 0xdc, 0xe1, 0xe0, 0xdf, 0xdf, 0xdb, 0xdc,
  0xdd, 0xd9, 0xd8, 0xe0, 0xde, 0xdd, 0xe0, 0xdd, 0xdd, 0xe1, 0xdf, 0xe0,
  0xe1, 0xdd, 0xdd, 0xdf, 0xdc, 0xdb, 0xde, 0xda, 0xda, 0xde, 0xdb, 0xdc,
  0xe5, 0xe3, 0xe2, 0xcd, 0xc9, 0xcb, 0x74, 0x73, 0x6e, 0xe7, 0xe6, 0xe3,
  0xdf, 0xdc, 0xdd, 0xdf, 0xdc, 0xdc, 0xe0, 0xde, 0xde, 0xe1, 0xde, 0xde,
  0xde, 0xdb, 0xdc, 0xe0, 0xde, 0xde, 0xe1, 0xdf, 0xdf, 0xdd, 0xda, 0xda,
  0xdb, 0xd6, 0xd6, 0xdf, 0xdb, 0xdb, 0xde, 0xda, 0xd9, 0xda, 0xd8, 0xd8,
  0xe9, 0xe5, 0xe6, 0x71, 0x6a, 0x76, 0x20, 0x1c, 0x1f, 0x20, 0x18, 0x1b,
  0x1c, 0x16, 0x17, 0x1a, 0x13, 0x13, 0x16, 0x11, 0x12, 0x16, 0x0f, 0x11,
  0x15, 0x0f, 0x11, 0x14, 0x0f, 0x10, 0x15, 0x0f, 0x0f, 0x12, 0x0d, 0x0b,
  0x13, 0x0d, 0x0e, 0x11, 0x0c, 0x0d, 0x0b, 0x05, 0x06, 0x1d, 0x1a, 0x1a,
  0x2c, 0x28, 0x2b, 0x2c, 0x27, 0x28, 0x25, 0x1f, 0x20, 0x24, 0x1e, 0x1f,
  0x21, 0x1b, 0x1b, 0x1e, 0x17, 0x1a, 0x1b, 0x14, 0x16, 0x17, 0x11, 0x13,
  0x1f, 0x19, 0x19, 0x2d, 0x25, 0x25, 0x04, 0x00, 0x00, 0x7d, 0x83, 0x79,
  0xea, 0xe6, 0xe7, 0xd6, 0xd0, 0xd1, 0xd4, 0xcf, 0xcf, 0xd5, 0xd0, 0xcf,
  0xdb, 0xd7, 0xd7, 0xda, 0xd6, 0xd6, 0xdb, 0xd6, 0xd6, 0xdd, 0xd8, 0xd9,
  0xdc, 0xd8, 0xd9, 0xd9, 0xd4, 0xd4, 0xdb, 0xd9, 0xd8, 0xdc, 0xda, 0xda,
  0xdc, 0xd8, 0xd9, 0xdd, 0xd7, 0xd9, 0xdd, 0xdb, 0xda, 0xe2, 0xda, 0xe0,
  0x43, 0x37, 0x3d, 0x93, 0x9b, 0x8e, 0xec, 0xe7, 0xea, 0xd9, 0xd6, 0xd7,
  0xde, 0xd9, 0xda, 0xdd, 0xd9, 0xda, 0xdc, 0xda, 0xda, 0xdb, 0xd6, 0xd7,
  0xdf, 0xdc, 0xdb, 0xe2, 0xdf, 0xdf, 0xe1, 0xe0, 0xe0, 0xe0, 0xdc, 0xdb,
  0xdd, 0xd8, 0xd7, 0xdd, 0xd9, 0xd9, 0xe1, 0xdf, 0xdf, 0xe5, 0xe3, 0xe3,
  0xe1, 0xde, 0xdd, 0xe0, 0xdd, 0xdc, 0xe5, 0xe4, 0xe4, 0xe1, 0xde, 0xdd,
  0xe1, 0xdc, 0xdc, 0xe3, 0xdf, 0xdf, 0xe2, 0xde, 0xdd, 0xe2, 0xe0, 0xdf,
  0xe1, 0xde, 0xdf, 0xe4, 0xe2, 0xe2, 0xe1, 0xe0, 0xe0, 0xe0, 0xdd, 0xdd,
  0xe1, 0xde, 0xde, 0xe0, 0xdc, 0xdc, 0xdd, 0xd9, 0xd8, 0xdd, 0xd7, 0xd7,
  0xe0, 0xde, 0xdd, 0xe2, 0xe0, 0xe0, 0xdc, 0xd9, 0xd8, 0xdd, 0xd9, 0xd8,
  0xe1, 0xdf, 0xde, 0xdc, 0xd8, 0xd7, 0xdd, 0xda, 0xd9, 0xde, 0xda, 0xd9,
  0xe3, 0xe1, 0xe1, 0xe2, 0xe2, 0xe2, 0xe1, 0xdf, 0xdf, 0xdf, 0xde, 0xde,
  0xda, 0xd5, 0xd4, 0xda, 0xd6, 0xd4, 0xdb, 0xd6, 0xd5, 0xd6, 0xd0, 0xcd,
  0xd9, 0xd4, 0xd2, 0xdd, 0xd9, 0xd9, 0xe0, 0xdd, 0xdd, 0xdf, 0xdc, 0xdb,
  0xe2, 0xe1, 0xe0, 0xe6, 0xe7, 0xe7, 0xe3, 0xe2, 0xe2, 0xe2, 0xe1, 0xe1,
  0xe1, 0xde, 0xde, 0xde, 0xdb, 0xda, 0xdf, 0xdd, 0xdd, 0xe1, 0xdc, 0xdd,
  0xde, 0xda, 0xd9, 0xde, 0xdb, 0xda, 0xdf, 0xdd, 0xdd, 0xe1, 0xde, 0xde,
  0xe1, 0xdf, 0xde, 0xe0, 0xdc, 0xdd, 0xe0, 0xdd, 0xdd, 0xdd, 0xdc, 0xdc,
  0xd8, 0xd3, 0xd3, 0xe7, 0xe3, 0xe3, 0x77, 0x74, 0x74, 0xc7, 0xc6, 0xc1,
  0xe6, 0xe4, 0xe5, 0xe2, 0xe2, 0xe0, 0xdf, 0xdd, 0xdd, 0xde, 0xdc, 0xdc,
  0xe0, 0xdd, 0xdd, 0xe0, 0xde, 0xde, 0xe1, 0xdf, 0xdf, 0xde, 0xdb, 0xdb,
  0xde, 0xd9, 0xda, 0xde, 0xda, 0xdb, 0xd9, 0xd4, 0xd5, 0xe9, 0xe5, 0xe3,
  0xa1, 0x99, 0xa3, 0x28, 0x21, 0x29, 0x22, 0x1d, 0x1c, 0x1c, 0x16, 0x18,
  0x1b, 0x13, 0x15, 0x1a, 0x14, 0x14, 0x17, 0x12, 0x12, 0x17, 0x10, 0x11,
  0x16, 0x10, 0x11, 0x15, 0x10, 0x0f, 0x13, 0x0e, 0x0d, 0x10, 0x0b, 0x0b,
  0x0f, 0x0a, 0x0a, 0x0f, 0x0a, 0x0b, 0x0d, 0x08, 0x08, 0x23, 0x20, 0x1f,
  0x3b, 0x38, 0x3a, 0x32, 0x2e, 0x30, 0x30, 0x2a, 0x2d, 0x25, 0x1d, 0x20,
  0x1f, 0x19, 0x18, 0x1c, 0x16, 0x18, 0x1a, 0x13, 0x16, 0x1e, 0x18, 0x19,
  0x25, 0x1e, 0x1e, 0x20, 0x19, 0x1a, 0x02, 0x00, 0x00, 0x78, 0x7d, 0x72,
  0xea, 0xe5, 0xe5, 0xd9, 0xd7, 0xd7, 0xd9, 0xd5, 0xd5, 0xda, 0xd7, 0xd6,
  0xdc, 0xd9, 0xda, 0xda, 0xd5, 0xd5, 0xd9, 0xd4, 0xd4, 0xd7, 0xd2, 0xd1,
  0xdc, 0xd9, 0xd9, 0xd9, 0xd4, 0xd5, 0xd6, 0xd1, 0xd0, 0xd8, 0xd3, 0xd3,
  0xda, 0xd5, 0xd6, 0xdc, 0xd8, 0xd8, 0xda, 0xd4, 0xd6, 0xe1, 0xdf, 0xdd,
  0xc9, 0xbc, 0xc4, 0x31, 0x2c, 0x2d, 0xb9, 0xc0, 0xb6, 0xe5, 0xe1, 0xe3,
  0xd6, 0xd1, 0xd2, 0xdc, 0xd7, 0xd8, 0xde, 0xd9, 0xda, 0xdb, 0xd6, 0xd7,
  0xe0, 0xdc, 0xdd, 0xe2, 0xde, 0xde, 0xdf, 0xde, 0xdd, 0xe0, 0xdd, 0xdd,
  0xde, 0xda, 0xd9, 0xe0, 0xde, 0xdd, 0xe2, 0xe1, 0xe1, 0xde, 0xdc, 0xdb,
  0xde, 0xdb, 0xda, 0xde, 0xdb, 0xda, 0xde, 0xdb, 0xdb, 0xdf, 0xdb, 0xdb,
  0xdb, 0xd7, 0xd6, 0xe2, 0xde, 0xdd, 0xe1, 0xe0, 0xdf, 0xdf, 0xdb, 0xdb,
  0xdd, 0xd9, 0xd9, 0xe0, 0xde, 0xde, 0xe3, 0xe2, 0xe2, 0xe3, 0xe3, 0xe2,
  0xe5, 0xe4, 0xe4, 0xe3, 0xe2, 0xe2, 0xde, 0xdb, 0xda, 0xde, 0xda, 0xd9,
  0xe0, 0xdd, 0xdc, 0xdd, 0xda, 0xda, 0xdc, 0xd8, 0xd7, 0xdc, 0xd8, 0xd8,
  0xdf, 0xdb, 0xdb, 0xdd, 0xd9, 0xd9, 0xdd, 0xd8, 0xd8, 0xdd, 0xda, 0xd9,
  0xdd, 0xda, 0xda, 0xdf, 0xdd, 0xdd, 0xe1, 0xdf, 0xdf, 0xdf, 0xdc, 0xdb,
  0xdc, 0xd9, 0xd7, 0xde, 0xd9, 0xd9, 0xde, 0xd9, 0xd8, 0xdf, 0xdc, 0xda,
  0xdc, 0xd8, 0xd7, 0xdb, 0xd6, 0xd5, 0xd8, 0xd2, 0xd0, 0xdc, 0xd7, 0xd6,
  0xe0, 0xdd, 0xde, 0xe5, 0xe5, 0xe5, 0xe8, 0xe9, 0xe9, 0xe7, 0xe7, 0xe7,
  0xe0, 0xdf, 0xdf, 0xde, 0xdb, 0xda, 0xdd, 0xd8, 0xd8, 0xdd, 0xd8, 0xd7,
  0xdc, 0xd7, 0xd7, 0xdb, 0xd8, 0xd6, 0xde, 0xdb, 0xdb, 0xe1, 0xde, 0xde,
  0xe3, 0xe1, 0xe1, 0xe2, 0xe0, 0xe0, 0xe1, 0xdf, 0xdf, 0xe0, 0xe0, 0xe0,
  0xdc, 0xda, 0xda, 0xec, 0xe9, 0xe8, 0x98, 0x95, 0x98, 0x97, 0x9a, 0x92,
  0xec, 0xe9, 0xe9, 0xdc, 0xdb, 0xda, 0xe1, 0xe0, 0xe0, 0xde, 0xd9, 0xda,
  0xde, 0xd9, 0xd8, 0xdf, 0xdb, 0xdc, 0xdf, 0xdc, 0xdc, 0xdc, 0xd8, 0xd8,
  0xde, 0xda, 0xda, 0xdd, 0xd9, 0xd9, 0xe3, 0xe0, 0xdf, 0xcc, 0xc5, 0xcb,
  0x38, 0x31, 0x3c, 0x20, 0x19, 0x1a, 0x21, 0x19, 0x1a, 0x1b, 0x14, 0x16,
  0x18, 0x12, 0x13, 0x17, 0x12, 0x12, 0x15, 0x10, 0x0f, 0x15, 0x0f, 0x10,
  0x14, 0x0e, 0x0f, 0x13, 0x0e, 0x0d, 0x10, 0x0c, 0x0b, 0x10, 0x0b, 0x0a,
  0x10, 0x0b, 0x0a, 0x14, 0x0f, 0x0e, 0x10, 0x09, 0x0a, 0x21, 0x1e, 0x1c,
  0x39, 0x38, 0x3b, 0x2d, 0x2a, 0x2b, 0x33, 0x31, 0x35, 0x27, 0x20, 0x24,
  0x1d, 0x16, 0x16, 0x1d, 0x16, 0x17, 0x1d, 0x16, 0x16, 0x22, 0x1a, 0x1a,
  0x24, 0x1d, 0x1d, 0x1b, 0x14, 0x15, 0x05, 0x00, 0x00, 0x7e, 0x83, 0x78,
  0xed, 0xea, 0xeb, 0xd9, 0xd7, 0xd7, 0xdf, 0xdd, 0xdd, 0xdf, 0xde, 0xde,
  0xde, 0xdb, 0xdb, 0xdb, 0xd7, 0xd7, 0xd6, 0xd0, 0xd0, 0xd7, 0xd3, 0xd2,
  0xda, 0xd8, 0xd7, 0xdb, 0xd7, 0xd8, 0xd8, 0xd2, 0xd2, 0xd5, 0xcf, 0xce,
  0xd9, 0xd5, 0xd4, 0xda, 0xd7, 0xd8, 0xd8, 0xd4, 0xd5, 0xd5, 0xd0, 0xcf,
  0xe7, 0xe6, 0xe3, 0xa2, 0x93, 0x9e, 0x38, 0x3a, 0x35, 0xd9, 0xdb, 0xd5,
  0xe1, 0xdc, 0xde, 0xd6, 0xd0, 0xd0, 0xd7, 0xd3, 0xd3, 0xdb, 0xd6, 0xd7,
  0xdf, 0xde, 0xdd, 0xe2, 0xe1, 0xe0, 0xdf, 0xdc, 0xdc, 0xe1, 0xdf, 0xde,
  0xe1, 0xdf, 0xde, 0xe1, 0xe0, 0xe0, 0xe1, 0xdf, 0xdf, 0xe0, 0xde, 0xde,
  0xe2, 0xe0, 0xdf, 0xdf, 0xdc, 0xdb, 0xe3, 0xe0, 0xe0, 0xdf, 0xdb, 0xdb,
  0xe1, 0xdf, 0xde, 0xe2, 0xe2, 0xe2, 0xdd, 0xd9, 0xd9, 0xde, 0xda, 0xd9,
  0xe2, 0xde, 0xdd, 0xdd, 0xd8, 0xd7, 0xdf, 0xdc, 0xda, 0xe3, 0xe2, 0xe2,
  0xe0, 0xdd, 0xdc, 0xe1, 0xde, 0xde, 0xe4, 0xe3, 0xe3, 0xe3, 0xe2, 0xe2,
  0xe4, 0xe4, 0xe4, 0xe4, 0xe3, 0xe3, 0xe3, 0xe2, 0xe2, 0xde, 0xdb, 0xda,
  0xda, 0xd5, 0xd4, 0xdd, 0xd9, 0xd8, 0xdd, 0xd9, 0xd9, 0xdc, 0xd8, 0xd7,
  0xe0, 0xdd, 0xdd, 0xde, 0xdb, 0xda, 0xdc, 0xd8, 0xd7, 0xde, 0xda, 0xd9,
  0xe1, 0xdd, 0xde, 0xe1, 0xde, 0xde, 0xe2, 0xdf, 0xdf, 0xdf, 0xdc, 0xdc,
  0xe0, 0xde, 0xde, 0xe1, 0xdf, 0xdf, 0xe0, 0xdd, 0xdc, 0xe0, 0xde, 0xde,
  0xe0, 0xdd, 0xdd, 0xdd, 0xd9, 0xd9, 0xe1, 0xdf, 0xdf, 0xe6, 0xe6, 0xe5,
  0xe4, 0xe4, 0xe4, 0xe0, 0xde, 0xde, 0xdf, 0xdd, 0xdd, 0xe0, 0xdd, 0xdc,
  0xdc, 0xd7, 0xd6, 0xdc, 0xd7, 0xd6, 0xde, 0xda, 0xda, 0xdd, 0xdb, 0xdb,
  0xe0, 0xdd, 0xde, 0xe2, 0xe0, 0xe0, 0xe0, 0xde, 0xde, 0xde, 0xdb, 0xdc,
  0xde, 0xdb, 0xdc, 0xe4, 0xe1, 0xe0, 0xc6, 0xc0, 0xc3, 0x74, 0x73, 0x6d,
  0xe3, 0xdf, 0xdc, 0xdc, 0xd8, 0xd8, 0xdd, 0xda, 0xda, 0xde, 0xd9, 0xda,
  0xde, 0xdb, 0xdc, 0xe0, 0xdd, 0xde, 0xdd, 0xd8, 0xd8, 0xd8, 0xd4, 0xd3,
  0xde, 0xd9, 0xda, 0xda, 0xd5, 0xd5, 0xe6, 0xe2, 0xe1, 0x7b, 0x72, 0x7f,
  0x29, 0x25, 0x2b, 0x24, 0x1f, 0x21, 0x1c, 0x16, 0x18, 0x19, 0x14, 0x15,
  0x17, 0x12, 0x11, 0x15, 0x0f, 0x0f, 0x16, 0x10, 0x11, 0x14, 0x0e, 0x0f,
  0x14, 0x0e, 0x0e, 0x12, 0x0d, 0x0d, 0x11, 0x0c, 0x0b, 0x12, 0x0b, 0x0b,
  0x14, 0x0f, 0x0e, 0x0d, 0x07, 0x08, 0x27, 0x26, 0x21, 0xa9, 0xa2, 0xa7,
  0x41, 0x3a, 0x43, 0x29, 0x25, 0x27, 0x35, 0x30, 0x35, 0x24, 0x1e, 0x1f,
  0x1d, 0x17, 0x18, 0x20, 0x19, 0x19, 0x1d, 0x17, 0x16, 0x1e, 0x18, 0x17,
  0x20, 0x19, 0x19, 0x1b, 0x15, 0x16, 0x08, 0x05, 0x01, 0x7e, 0x83, 0x76,
  0xe9, 0xe6, 0xe6, 0xdb, 0xda, 0xda, 0xe0, 0xdf, 0xdf, 0xe1, 0xe0, 0xe0,
  0xde, 0xda, 0xdb, 0xd7, 0xd1, 0xd2, 0xd7, 0xd2, 0xd2, 0xdc, 0xd7, 0xd7,
  0xd8, 0xd4, 0xd4, 0xd9, 0xd5, 0xd5, 0xd7, 0xd2, 0xd2, 0xd6, 0xd1, 0xd0,
  0xda, 0xd5, 0xd5, 0xd4, 0xcf, 0xcf, 0xd6, 0xd2, 0xd1, 0xd8, 0xd5, 0xd4,
  0xd9, 0xd5, 0xd6, 0xeb, 0xe7, 0xe6, 0x73, 0x62, 0x6c, 0x54, 0x5a, 0x50,
  0xe8, 0xe6, 0xe4, 0xd0, 0xc8, 0xc9, 0xd3, 0xce, 0xce, 0xd8, 0xd3, 0xd3,
  0xe2, 0xe0, 0xe1, 0xe2, 0xe1, 0xe0, 0xe0, 0xde, 0xde, 0xe2, 0xde, 0xde,
  0xe1, 0xdf, 0xde, 0xe2, 0xe1, 0xe1, 0xe2, 0xe0, 0xe0, 0xe3, 0xe1, 0xe1,
  0xe2, 0xe0, 0xe0, 0xe3, 0xe2, 0xe1, 0xe2, 0xe0, 0xe1, 0xe1, 0xde, 0xde,
  0xe3, 0xe1, 0xe1, 0xe1, 0xdf, 0xdf, 0xe1, 0xde, 0xde, 0xe1, 0xdf, 0xdf,
  0xe1, 0xdf, 0xdf, 0xe3, 0xe1, 0xe0, 0xe1, 0xdf, 0xde, 0xdf, 0xdb, 0xdc,
  0xdb, 0xd7, 0xd6, 0xdf, 0xdb, 0xda, 0xe2, 0xdf, 0xdf, 0xd9, 0xd5, 0xd4,
  0xdc, 0xd8, 0xd7, 0xe0, 0xdf, 0xdf, 0xe3, 0xe2, 0xe2, 0xe5, 0xe3, 0xe3,
  0xe0, 0xdf, 0xde, 0xe2, 0xe2, 0xe2, 0xdb, 0xd8, 0xd6, 0xdb, 0xd6, 0xd4,
  0xe2, 0xde, 0xdd, 0xdd, 0xd8, 0xd8, 0xdc, 0xd8, 0xd7, 0xde, 0xdb, 0xda,
  0xdf, 0xdb, 0xdb, 0xdd, 0xd9, 0xd8, 0xdf, 0xdd, 0xdd, 0xdc, 0xd7, 0xd7,
  0xdc, 0xd8, 0xd7, 0xde, 0xdd, 0xdd, 0xe1, 0xe0, 0xe0, 0xe1, 0xdf, 0xdf,
  0xdf, 0xdc, 0xdc, 0xe0, 0xdc, 0xdc, 0xd8, 0xd2, 0xd1, 0xda, 0xd5, 0xd3,
  0xe2, 0xe0, 0xe0, 0xe5, 0xe4, 0xe4, 0xe1, 0xe1, 0xe1, 0xe1, 0xe0, 0xe0,
  0xe1, 0xdf, 0xde, 0xdf, 0xdc, 0xdc, 0xe0, 0xdc, 0xdc, 0xdf, 0xdb, 0xdc,
  0xdd, 0xd9, 0xd9, 0xdb, 0xd7, 0xd8, 0xdf, 0xdb, 0xdc, 0xe1, 0xde, 0xdf,
  0xdf, 0xdb, 0xdc, 0xda, 0xd6, 0xd6, 0xe3, 0xdd, 0xde, 0x74, 0x70, 0x6f,
  0xc7, 0xc8, 0xc1, 0xe2, 0xdf, 0xe0, 0xdc, 0xd7, 0xd7, 0xdb, 0xd7, 0xd6,
  0xdc, 0xd9, 0xd8, 0xde, 0xda, 0xdb, 0xdc, 0xd8, 0xd8, 0xde, 0xd9, 0xd9,
  0xdc, 0xd7, 0xd8, 0xdd, 0xda, 0xd8, 0xdd, 0xd6, 0xd9, 0x4e, 0x44, 0x50,
  0x26, 0x22, 0x23, 0x31, 0x2c, 0x2f, 0x29, 0x23, 0x24, 0x20, 0x1a, 0x1b,
  0x1f, 0x1a, 0x1a, 0x1e, 0x19, 0x1a, 0x1d, 0x17, 0x18, 0x1c, 0x16, 0x16,
  0x18, 0x13, 0x13, 0x18, 0x11, 0x12, 0x16, 0x0e, 0x0f, 0x17, 0x11, 0x10,
  0x13, 0x0e, 0x0c, 0x1e, 0x1d, 0x18, 0xc4, 0xc7, 0xc2, 0xee, 0xe4, 0xec,
  0x45, 0x3b, 0x46, 0x2b, 0x29, 0x2b, 0x33, 0x2e, 0x31, 0x1d, 0x16, 0x15,
  0x22, 0x1b, 0x1c, 0x1d, 0x18, 0x18, 0x1d, 0x17, 0x16, 0x1c, 0x14, 0x14,
  0x15, 0x10, 0x0d, 0x18, 0x12, 0x10, 0x16, 0x12, 0x11, 0x6e, 0x71, 0x66,
  0xe5, 0xe2, 0xe0, 0xd9, 0xd4, 0xd5, 0xdb, 0xd6, 0xd7, 0xe2, 0xe0, 0xe1,
  0xdd, 0xda, 0xdb, 0xdb, 0xd6, 0xd7, 0xdc, 0xd8, 0xd9, 0xd8, 0xd3, 0xd4,
  0xd2, 0xcd, 0xcd, 0xd5, 0xd1, 0xcf, 0xd6, 0xd1, 0xd0, 0xda, 0xd4, 0xd5,
  0xda, 0xd5, 0xd5, 0xd8, 0xd4, 0xd3, 0xd9, 0xd4, 0xd4, 0xdd, 0xd9, 0xda,
  0xdb, 0xd7, 0xd8, 0xd3, 0xcf, 0xcd, 0xde, 0xd3, 0xd4, 0x50, 0x40, 0x48,
  0x77, 0x7d, 0x70, 0xe4, 0xdc, 0xda, 0xd2, 0xcd, 0xcc, 0xd9, 0xd3, 0xd3,
  0xe1, 0xdd, 0xdd, 0xe2, 0xdf, 0xdf, 0xe3, 0xe1, 0xe1, 0xe4, 0xe1, 0xe1,
  0xe4, 0xe1, 0xe1, 0xe3, 0xe1, 0xe1, 0xe2, 0xe0, 0xe0, 0xe2, 0xdf, 0xdf,
  0xe3, 0xe1, 0xe1, 0xe2, 0xe0, 0xe0, 0xe2, 0xe0, 0xe0, 0xe2, 0xe0, 0xe0,
  0xe2, 0xe1, 0xe1, 0xe2, 0xe0, 0xe0, 0xe2, 0xe0, 0xe0, 0xe1, 0xde, 0xde,
  0xdf, 0xdd, 0xdd, 0xe3, 0xe1, 0xe1, 0xde, 0xdb, 0xda, 0xe0, 0xdd, 0xdd,
  0xe0, 0xde, 0xde, 0xe1, 0xdf, 0xde, 0xe0, 0xde, 0xdd, 0xe3, 0xe1, 0xe1,
  0xdf, 0xdb, 0xdb, 0xdf, 0xdd, 0xdd, 0xe0, 0xde, 0xde, 0xe3, 0xe2, 0xe2,
  0xe2, 0xe1, 0xe1, 0xdd, 0xda, 0xd9, 0xd9, 0xd4, 0xd2, 0xd9, 0xd3, 0xd1,
  0xd8, 0xd3, 0xd1, 0xdd, 0xd9, 0xd8, 0xe1, 0xde, 0xde, 0xde, 0xdb, 0xdb,
  0xdd, 0xd9, 0xd8, 0xdd, 0xda, 0xd9, 0xe0, 0xdc, 0xdc, 0xde, 0xdb, 0xda,
  0xde, 0xda, 0xd9, 0xdc, 0xd8, 0xd8, 0xdd, 0xdb, 0xda, 0xde, 0xda, 0xda,
  0xe2, 0xe0, 0xe0, 0xdf, 0xde, 0xdd, 0xde, 0xdd, 0xdc, 0xd9, 0xd4, 0xd2,
  0xd7, 0xd1, 0xcf, 0xdd, 0xd9, 0xd8, 0xe1, 0xdf, 0xdf, 0xe5, 0xe5, 0xe5,
  0xe5, 0xe6, 0xe6, 0xe1, 0xe0, 0xe0, 0xde, 0xd9, 0xda, 0xdf, 0xdc, 0xdd,
  0xe0, 0xdd, 0xdd, 0xde, 0xdb, 0xdb, 0xde, 0xda, 0xd9, 0xdd, 0xd8, 0xd8,
  0xdb, 0xd7, 0xd6, 0xde, 0xd9, 0xda, 0xef, 0xeb, 0xec, 0x99, 0x95, 0x98,
  0x9c, 0x9b, 0x94, 0xeb, 0xe6, 0xe7, 0xda, 0xd8, 0xd7, 0xe0, 0xde, 0xde,
  0xe0, 0xdc, 0xdc, 0xe0, 0xde, 0xde, 0xe0, 0xdf, 0xde, 0xde, 0xdc, 0xdc,
  0xdd, 0xda, 0xda, 0xdc, 0xd9, 0xd8, 0xdb, 0xd5, 0xd7, 0x4e, 0x46, 0x4e,
  0x1e, 0x19, 0x18, 0x23, 0x1d, 0x1e, 0x2c, 0x26, 0x27, 0x17, 0x11, 0x11,
  0x17, 0x12, 0x12, 0x1a, 0x15, 0x16, 0x1b, 0x16, 0x16, 0x1d, 0x17, 0x17,
  0x13, 0x0f, 0x0e, 0x14, 0x0d, 0x0e, 0x1c, 0x16, 0x14, 0x1c, 0x16, 0x16,
  0x18, 0x17, 0x13, 0xb3, 0xb7, 0xaf, 0xfa, 0xf6, 0xf7, 0xde, 0xd5, 0xda,
  0x49, 0x43, 0x4d, 0x30, 0x2d, 0x30, 0x27, 0x21, 0x22, 0x22, 0x1d, 0x1c,
  0x25, 0x1e, 0x1f, 0x1c, 0x14, 0x15, 0x1d, 0x14, 0x15, 0x1a, 0x12, 0x12,
  0x1d, 0x15, 0x14, 0x21, 0x1b, 0x18, 0x1c, 0x15, 0x18, 0x4a, 0x4c, 0x42,
  0xde, 0xdd, 0xda, 0xd9, 0xd3, 0xd5, 0xdb, 0xd7, 0xd8, 0xda, 0xd5, 0xd5,
  0xda, 0xd7, 0xd6, 0xe0, 0xdd, 0xde, 0xdd, 0xda, 0xda, 0xd8, 0xd4, 0xd4,
  0xd7, 0xd3, 0xd3, 0xdb, 0xd7, 0xd6, 0xdb, 0xd5, 0xd7, 0xd8, 0xd3, 0xd4,
  0xd6, 0xd3, 0xd2, 0xd8, 0xd4, 0xd4, 0xdc, 0xd6, 0xd8, 0xda, 0xd6, 0xd7,
  0xda, 0xd5, 0xd6, 0xd7, 0xd2, 0xd2, 0xdc, 0xda, 0xd7, 0xd4, 0xc9, 0xcf,
  0x38, 0x2e, 0x32, 0xa4, 0xab, 0xa0, 0xe3, 0xdc, 0xde, 0xd3, 0xcf, 0xce,
  0xe0, 0xde, 0xdd, 0xe0, 0xde, 0xde, 0xe1, 0xdf, 0xdf, 0xe2, 0xe0, 0xe0,
  0xe2, 0xdf, 0xdf, 0xe2, 0xe1, 0xe1, 0xe2, 0xe1, 0xe1, 0xe2, 0xe0, 0xe0,
  0xe3, 0xe1, 0xe1, 0xe2, 0xe0, 0xe0, 0xe1, 0xdf, 0xdf, 0xe1, 0xdf, 0xdf,
  0xe1, 0xdf, 0xdf, 0xe2, 0xdf, 0xdf, 0xe2, 0xe0, 0xe0, 0xe3, 0xe1, 0xe1,
  0xe0, 0xdf, 0xde, 0xe0, 0xde, 0xde, 0xdd, 0xda, 0xd9, 0xdc, 0xd8, 0xd7,
  0xda, 0xd6, 0xd5, 0xdc, 0xd9, 0xd8, 0xe0, 0xdd, 0xdc, 0xe0, 0xde, 0xde,
  0xe1, 0xe0, 0xe0, 0xe3, 0xe3, 0xe3, 0xe1, 0xe0, 0xdf, 0xe1, 0xde, 0xdd,
  0xe3, 0xe1, 0xe1, 0xdb, 0xd7, 0xd6, 0xd8, 0xd2, 0xd1, 0xd5, 0xcf, 0xcc,
  0xd3, 0xcd, 0xc9, 0xd9, 0xd2, 0xd1, 0xdf, 0xdb, 0xda, 0xe2, 0xe1, 0xe0,
  0xe2, 0xdf, 0xdf, 0xdf, 0xdb, 0xda, 0xd5, 0xd0, 0xce, 0xd8, 0xd4, 0xd3,
  0xdd, 0xd9, 0xd9, 0xdf, 0xda, 0xdb, 0xdc, 0xd8, 0xd8, 0xda, 0xd6, 0xd5,
  0xdd, 0xd9, 0xd8, 0xdb, 0xd7, 0xd6, 0xdc, 0xd9, 0xd8, 0xe0, 0xdd, 0xde,
  0xdf, 0xda, 0xdb, 0xde, 0xda, 0xd9, 0xda, 0xd5, 0xd4, 0xe2, 0xe0, 0xe0,
  0xe8, 0xe8, 0xe8, 0xe8, 0xe8, 0xe8, 0xe2, 0xe1, 0xe1, 0xde, 0xdc, 0xdc,
  0xde, 0xdb, 0xdb, 0xde, 0xdb, 0xdb, 0xde, 0xdb, 0xda, 0xdd, 0xda, 0xd9,
  0xdf, 0xdc, 0xdb, 0xdd, 0xda, 0xda, 0xe4, 0xe1, 0xe0, 0xc7, 0xc2, 0xc5,
  0x79, 0x78, 0x73, 0xe9, 0xe6, 0xe5, 0xdd, 0xdb, 0xdc, 0xdd, 0xda, 0xda,
  0xdd, 0xd8, 0xd8, 0xdd, 0xda, 0xdb, 0xdd, 0xda, 0xdb, 0xde, 0xda, 0xdb,
  0xe0, 0xdc, 0xdd, 0xde, 0xdb, 0xdb, 0xe4, 0xe1, 0xe3, 0x5f, 0x58, 0x61,
  0x21, 0x1b, 0x1e, 0x1f, 0x17, 0x18, 0x20, 0x1a, 0x1b, 0x21, 0x1b, 0x1c,
  0x13, 0x0d, 0x0e, 0x12, 0x0c, 0x0d, 0x11, 0x0d, 0x0c, 0x12, 0x0d, 0x0e,
  0x17, 0x12, 0x11, 0x15, 0x11, 0x10, 0x14, 0x0f, 0x0d, 0x0d, 0x09, 0x07,
  0x9d, 0x9e, 0x98, 0xf4, 0xf1, 0xf3, 0xe2, 0xde, 0xde, 0xdf, 0xd7, 0xdb,
  0x4e, 0x45, 0x4e, 0x31, 0x2c, 0x2f, 0x23, 0x1d, 0x1d, 0x2c, 0x26, 0x27,
  0x1d, 0x16, 0x17, 0x1f, 0x17, 0x18, 0x1c, 0x15, 0x16, 0x1e, 0x17, 0x18,
  0x1d, 0x16, 0x16, 0x20, 0x1a, 0x1b, 0x10, 0x09, 0x0b, 0x4b, 0x4e, 0x45,
  0xe8, 0xe7, 0xe4, 0xdb, 0xd8, 0xd9, 0xd8, 0xd3, 0xd3, 0xd7, 0xd3, 0xd1,
  0xda, 0xd6, 0xd6, 0xda, 0xd5, 0xd5, 0xde, 0xdb, 0xda, 0xdf, 0xdc, 0xdc,
  0xdb, 0xd7, 0xd8, 0xdb, 0xd9, 0xd9, 0xda, 0xd5, 0xd6, 0xda, 0xd5, 0xd5,
  0xd8, 0xd4, 0xd4, 0xd8, 0xd3, 0xd3, 0xda, 0xd6, 0xd7, 0xda, 0xd8, 0xd8,
  0xda, 0xd6, 0xd7, 0xd9, 0xd4, 0xd5, 0xd9, 0xd4, 0xd5, 0xe2, 0xde, 0xdc,
  0xb4, 0xa6, 0xae, 0x33, 0x2f, 0x2c, 0xc8, 0xcc, 0xc4, 0xdf, 0xd8, 0xdb,
  0xe0, 0xde, 0xde, 0xe1, 0xdd, 0xde, 0xe1, 0xde, 0xdf, 0xdf, 0xdd, 0xdd,
  0xe1, 0xe0, 0xdf, 0xdf, 0xdc, 0xdc, 0xe0, 0xde, 0xdd, 0xe0, 0xde, 0xde,
  0xe0, 0xdf, 0xdf, 0xe1, 0xdf, 0xdf, 0xe1, 0xe0, 0xe0, 0xe1, 0xdf, 0xdf,
  0xe2, 0xe0, 0xe0, 0xe1, 0xe0, 0xe1, 0xe1, 0xdf, 0xdf, 0xe1, 0xe0, 0xe0,
  0xe2, 0xdf, 0xdf, 0xe1, 0xdf, 0xdf, 0xe2, 0xe0, 0xe0, 0xe2, 0xdf, 0xdf,
  0xe0, 0xde, 0xde, 0xe2, 0xe0, 0xe0, 0xe2, 0xe0, 0xe0, 0xe2, 0xdf, 0xdf,
  0xdf, 0xdd, 0xdd, 0xe1, 0xdf, 0xdf, 0xe0, 0xde, 0xde, 0xe0, 0xde, 0xdd,
  0xe2, 0xdf, 0xdf, 0xe2, 0xe1, 0xe1, 0xe1, 0xde, 0xdd, 0xdf, 0xdd, 0xdd,
  0xdf, 0xdc, 0xdb, 0xdc, 0xd7, 0xd6, 0xd9, 0xd4, 0xd3, 0xdd, 0xd8, 0xd7,
  0xe0, 0xde, 0xdf, 0xda, 0xd7, 0xd6, 0xdb, 0xd7, 0xd4, 0xdd, 0xda, 0xda,
  0xdd, 0xda, 0xda, 0xde, 0xdb, 0xdb, 0xdd, 0xd9, 0xd9, 0xde, 0xda, 0xd9,
  0xdf, 0xdb, 0xdb, 0xde, 0xd9, 0xd9, 0xdd, 0xd8, 0xd8, 0xdb, 0xd6, 0xd6,
  0xdc, 0xd8, 0xd7, 0xdd, 0xd9, 0xd8, 0xdd, 0xda, 0xd9, 0xe2, 0xe1, 0xe1,
  0xde, 0xdb, 0xdb, 0xde, 0xdc, 0xdc, 0xe5, 0xe5, 0xe4, 0xe4, 0xe2, 0xe2,
  0xdc, 0xd8, 0xd8, 0xd9, 0xd4, 0xd3, 0xdc, 0xd7, 0xd6, 0xdf, 0xde, 0xdd,
  0xe0, 0xde, 0xdf, 0xdc, 0xd8, 0xd8, 0xd9, 0xd5, 0xd3, 0xe7, 0xe1, 0xe4,
  0x76, 0x73, 0x71, 0xcc, 0xcc, 0xc7, 0xe2, 0xde, 0xdf, 0xdb, 0xd8, 0xd7,
  0xdd, 0xdb, 0xdb, 0xdf, 0xdc, 0xdd, 0xdf, 0xdd, 0xdd, 0xdf, 0xdc, 0xdb,
  0xdd, 0xdb, 0xdb, 0xd9, 0xd7, 0xd7, 0xec, 0xe8, 0xe8, 0x81, 0x78, 0x82,
  0x26, 0x20, 0x25, 0x25, 0x1d, 0x1f, 0x1c, 0x15, 0x17, 0x1f, 0x19, 0x1a,
  0x20, 0x19, 0x1c, 0x19, 0x13, 0x14, 0x14, 0x0f, 0x0e, 0x10, 0x0b, 0x0b,
  0x0e, 0x0a, 0x08, 0x12, 0x0d, 0x0b, 0x1b, 0x19, 0x15, 0x86, 0x87, 0x7f,
  0xee, 0xe9, 0xe7, 0xdf, 0xdb, 0xdb, 0xe1, 0xde, 0xde, 0xe6, 0xe0, 0xe3,
  0x5c, 0x50, 0x5b, 0x2c, 0x27, 0x2a, 0x2c, 0x26, 0x26, 0x22, 0x19, 0x1b,
  0x1e, 0x16, 0x16, 0x1d, 0x16, 0x17, 0x19, 0x14, 0x14, 0x1a, 0x13, 0x15,
  0x1b, 0x14, 0x14, 0x1a, 0x14, 0x14, 0x09, 0x03, 0x03, 0x66, 0x69, 0x5f,
  0xe6, 0xe2, 0xe1, 0xd6, 0xd1, 0xd2, 0xd5, 0xcf, 0xce, 0xd8, 0xd3, 0xd3,
  0xd6, 0xd0, 0xd0, 0xd5, 0xd0, 0xce, 0xda, 0xd5, 0xd5, 0xd9, 0xd5, 0xd6,
  0xd9, 0xd5, 0xd5, 0xde, 0xdb, 0xda, 0xdf, 0xdc, 0xdc, 0xd9, 0xd5, 0xd5,
  0xdc, 0xdb, 0xda, 0xda, 0xd6, 0xd6, 0xd9, 0xd4, 0xd5, 0xd9, 0xd5, 0xd6,
  0xd9, 0xd5, 0xd5, 0xd8, 0xd3, 0xd4, 0xd7, 0xd2, 0xd3, 0xd4, 0xd0, 0xd0,
  0xed, 0xea, 0xe9, 0x8d, 0x7d, 0x89, 0x45, 0x48, 0x40, 0xdf, 0xe0, 0xd9,
  0xdf, 0xdd, 0xdd, 0xe0, 0xdd, 0xdd, 0xe1, 0xdf, 0xe0, 0xdf, 0xdf, 0xde,
  0xe1, 0xdf, 0xde, 0xdf, 0xda, 0xda, 0xdf, 0xdc, 0xdb, 0xde, 0xda, 0xd9,
  0xe2, 0xe0, 0xe0, 0xdf, 0xdd, 0xdd, 0xde, 0xdb, 0xdb, 0xdf, 0xdc, 0xdc,
  0xdb, 0xd6, 0xd7, 0xe0, 0xde, 0xdd, 0xda, 0xd3, 0xd2, 0xe1, 0xdf, 0xdf,
  0xe1, 0xe0, 0xe0, 0xe2, 0xe0, 0xe0, 0xe2, 0xe0, 0xe0, 0xe3, 0xe1, 0xe1,
  0xe1, 0xdf, 0xdf, 0xe1, 0xdf, 0xdf, 0xe0, 0xdf, 0xdf, 0xe2, 0xe0, 0xe0,
  0xe1, 0xdf, 0xdf, 0xe0, 0xdf, 0xdf, 0xdf, 0xdd, 0xdd, 0xe0, 0xdf, 0xde,
  0xde, 0xda, 0xda, 0xe0, 0xde, 0xdd, 0xdf, 0xdc, 0xdb, 0xdf, 0xdd, 0xdc,
  0xe2, 0xe0, 0xe0, 0xe0, 0xde, 0xde, 0xdd, 0xd9, 0xd9, 0xdd, 0xd9, 0xd9,
  0xdc, 0xd9, 0xd8, 0xda, 0xd6, 0xd5, 0xdc, 0xd8, 0xd7, 0xde, 0xda, 0xda,
  0xdf, 0xdd, 0xdc, 0xdf, 0xdc, 0xdc, 0xde, 0xdb, 0xdb, 0xde, 0xdb, 0xda,
  0xe1, 0xdc, 0xdd, 0xdf, 0xdc, 0xdb, 0xdd, 0xd9, 0xd8, 0xdd, 0xda, 0xd9,
  0xde, 0xdb, 0xdb, 0xdd, 0xd9, 0xda, 0xdc, 0xd9, 0xd9, 0xdf, 0xde, 0xdf,
  0xde, 0xdc, 0xdd, 0xd6, 0xd1, 0xd0, 0xd4, 0xcf, 0xcd, 0xdc, 0xd8, 0xd7,
  0xe0, 0xde, 0xde, 0xe0, 0xdf, 0xdf, 0xe1, 0xdf, 0xdf, 0xda, 0xd5, 0xd4,
  0xdd, 0xd9, 0xda, 0xde, 0xdc, 0xdb, 0xd8, 0xd4, 0xd2, 0xe6, 0xe1, 0xe0,
  0x93, 0x8d, 0x92, 0x9d, 0x9c, 0x94, 0xe9, 0xe6, 0xe6, 0xde, 0xdd, 0xdd,
  0xde, 0xdc, 0xdb, 0xe0, 0xde, 0xdd, 0xe0, 0xde, 0xde, 0xdf, 0xdc, 0xdc,
  0xda, 0xd7, 0xd7, 0xda, 0xd6, 0xd5, 0xe6, 0xe2, 0xe0, 0xb4, 0xab, 0xb1,
  0x30, 0x2a, 0x2d, 0x29, 0x24, 0x24, 0x1f, 0x18, 0x1b, 0x1b, 0x15, 0x16,
  0x1c, 0x16, 0x18, 0x1f, 0x19, 0x19, 0x1c, 0x17, 0x16, 0x17, 0x12, 0x12,
  0x15, 0x10, 0x0e, 0x0f, 0x08, 0x09, 0x1b, 0x1b, 0x17, 0xd3, 0xd5, 0xcf,
  0xe7, 0xe1, 0xe3, 0xe1, 0xdd, 0xdc, 0xdd, 0xda, 0xd9, 0xec, 0xe7, 0xe8,
  0x71, 0x65, 0x71, 0x29, 0x24, 0x29, 0x26, 0x20, 0x20, 0x1e, 0x18, 0x17,
  0x1f, 0x17, 0x17, 0x1a, 0x11, 0x10, 0x1a, 0x14, 0x13, 0x1c, 0x14, 0x15,
  0x13, 0x0d, 0x0d, 0x17, 0x11, 0x10, 0x11, 0x0e, 0x0c, 0x94, 0x99, 0x8e,
  0xea, 0xe7, 0xe8, 0xd9, 0xd7, 0xd7, 0xd9, 0xd3, 0xd3, 0xda, 0xd5, 0xd6,
  0xdb, 0xd6, 0xd6, 0xd8, 0xd4, 0xd4, 0xdb, 0xd6, 0xd7, 0xd9, 0xd5, 0xd5,
  0xda, 0xd5, 0xd7, 0xda, 0xd5, 0xd5, 0xdd, 0xdb, 0xda, 0xe0, 0xdd, 0xde,
  0xde, 0xdb, 0xdc, 0xd8, 0xd3, 0xd4, 0xdb, 0xd7, 0xd8, 0xdc, 0xd7, 0xd8,
  0xdb, 0xd8, 0xd8, 0xd9, 0xd4, 0xd5, 0xd7, 0xd1, 0xd2, 0xd8, 0xd4, 0xd4,
  0xd5, 0xd2, 0xd1, 0xe7, 0xdf, 0xe2, 0x64, 0x55, 0x5e, 0x5a, 0x62, 0x54,
  0xe3, 0xe0, 0xe0, 0xe2, 0xdf, 0xdf, 0xe0, 0xdd, 0xdd, 0xe2, 0xdf, 0xdf,
  0xe0, 0xdd, 0xde, 0xdf, 0xdc, 0xdb, 0xe0, 0xdc, 0xdb, 0xe1, 0xdd, 0xdd,
  0xe0, 0xdd, 0xdc, 0xde, 0xda, 0xd9, 0xde, 0xdb, 0xda, 0xdd, 0xd9, 0xd7,
  0xde, 0xdb, 0xdb, 0xdf, 0xdc, 0xdc, 0xdc, 0xd8, 0xd7, 0xdb, 0xd6, 0xd5,
  0xdd, 0xd9, 0xd8, 0xdf, 0xdd, 0xdc, 0xe1, 0xdf, 0xdf, 0xe0, 0xde, 0xde,
  0xe1, 0xdf, 0xdf, 0xe0, 0xde, 0xde, 0xe0, 0xdd, 0xdd, 0xdf, 0xdb, 0xdb,
  0xdd, 0xdb, 0xda, 0xe0, 0xde, 0xde, 0xdf, 0xdd, 0xdd, 0xe0, 0xde, 0xdd,
  0xe0, 0xdc, 0xdb, 0xdf, 0xdb, 0xdb, 0xe0, 0xdd, 0xdd, 0xe2, 0xde, 0xde,
  0xde, 0xdc, 0xdc, 0xdf, 0xdc, 0xdc, 0xde, 0xdb, 0xda, 0xdf, 0xdd, 0xdd,
  0xe0, 0xdf, 0xde, 0xe1, 0xdf, 0xde, 0xdf, 0xdd, 0xdd, 0xdf, 0xdc, 0xdc,
  0xdf, 0xdd, 0xdd, 0xde, 0xda, 0xda, 0xde, 0xdc, 0xdc, 0xe0, 0xe0, 0xe0,
  0xe0, 0xe0, 0xe0, 0xe1, 0xdf, 0xe0, 0xde, 0xdd, 0xdc, 0xdf, 0xde, 0xde,
  0xdd, 0xdb, 0xdb, 0xdf, 0xdb, 0xdc, 0xe0, 0xdf, 0xdf, 0xdd, 0xda, 0xdb,
  0xde, 0xdc, 0xdc, 0xdf, 0xdd, 0xdc, 0xdc, 0xd9, 0xd9, 0xdc, 0xd8, 0xd8,
  0xd9, 0xd5, 0xd5, 0xde, 0xdb, 0xdb, 0xdc, 0xd8, 0xd8, 0xdd, 0xd9, 0xd8,
  0xe0, 0xe0, 0xe0, 0xde, 0xdb, 0xdb, 0xdd, 0xd8, 0xd8, 0xe3, 0xe0, 0xe0,
  0xbf, 0xbb, 0xbe, 0x79, 0x77, 0x72, 0xe7, 0xe4, 0xe2, 0xd8, 0xd5, 0xd4,
  0xde, 0xda, 0xd9, 0xdf, 0xdc, 0xdb, 0xde, 0xdb, 0xdb, 0xdc, 0xd8, 0xd8,
  0xda, 0xd7, 0xd6, 0xdc, 0xd7, 0xd8, 0xdc, 0xd8, 0xd8, 0xdd, 0xd9, 0xdb,
  0x55, 0x4c, 0x53, 0x28, 0x22, 0x24, 0x26, 0x1f, 0x22, 0x1f, 0x19, 0x1a,
  0x1b, 0x15, 0x16, 0x1c, 0x16, 0x17, 0x1c, 0x16, 0x17, 0x1d, 0x16, 0x17,
  0x19, 0x14, 0x13, 0x1b, 0x15, 0x16, 0x07, 0x01, 0x00, 0x70, 0x73, 0x6a,
  0xf8, 0xf3, 0xf4, 0xdc, 0xd7, 0xd6, 0xdd, 0xd8, 0xd7, 0xec, 0xe9, 0xe7,
  0x96, 0x89, 0x95, 0x24, 0x1d, 0x22, 0x28, 0x22, 0x22, 0x21, 0x1a, 0x1a,
  0x19, 0x12, 0x11, 0x1b, 0x12, 0x10, 0x16, 0x10, 0x0f, 0x14, 0x10, 0x0f,
  0x19, 0x13, 0x14, 0x25, 0x1d, 0x1d, 0x1a, 0x14, 0x13, 0x75, 0x78, 0x71,
  0xe7, 0xe3, 0xe4, 0xda, 0xd6, 0xd7, 0xde, 0xdd, 0xdd, 0xe1, 0xde, 0xdf,
  0xda, 0xd7, 0xd7, 0xd9, 0xd4, 0xd5, 0xdc, 0xd8, 0xd8, 0xd9, 0xd6, 0xd7,
  0xda, 0xd4, 0xd6, 0xd8, 0xd3, 0xd4, 0xd9, 0xd6, 0xd6, 0xdb, 0xd9, 0xd9,
  0xdc, 0xd9, 0xda, 0xdc, 0xd9, 0xd9, 0xda, 0xd5, 0xd6, 0xdc, 0xd7, 0xd8,
  0xda, 0xd5, 0xd6, 0xd9, 0xd7, 0xd7, 0xda, 0xd6, 0xd7, 0xd9, 0xd3, 0xd4,
  0xd5, 0xd0, 0xd1, 0xdb, 0xd9, 0xd7, 0xdc, 0xd2, 0xd7, 0x4a, 0x3c, 0x44,
  0xe1, 0xdf, 0xdf, 0xe2, 0xe0, 0xe0, 0xe2, 0xe0, 0xe0, 0xe2, 0xe1, 0xe1,
  0xe1, 0xdf, 0xdf, 0xe0, 0xde, 0xde, 0xe2, 0xe0, 0xe0, 0xe2, 0xe0, 0xe0,
  0xe0, 0xdc, 0xdd, 0xe1, 0xde, 0xde, 0xe0, 0xde, 0xde, 0xe1, 0xdf, 0xdf,
  0xe1, 0xdd, 0xde, 0xe1, 0xdd, 0xdd, 0xdf, 0xdc, 0xdc, 0xe0, 0xdd, 0xdd,
  0xde, 0xdb, 0xdb, 0xde, 0xdb, 0xda, 0xdf, 0xde, 0xde, 0xe0, 0xdd, 0xdd,
  0xe1, 0xdf, 0xdf, 0xe1, 0xe0, 0xe0, 0xe2, 0xe0, 0xe0, 0xe1, 0xdf, 0xdf,
  0xe2, 0xe0, 0xe0, 0xe0, 0xdd, 0xdc, 0xe1, 0xdf, 0xdf, 0xe0, 0xdd, 0xdc,
  0xde, 0xdc, 0xdb, 0xdf, 0xdb, 0xdc, 0xde, 0xd9, 0xd9, 0xde, 0xd9, 0xda,
  0xdf, 0xdb, 0xda, 0xe0, 0xde, 0xdd, 0xde, 0xdb, 0xdb, 0xdc, 0xda, 0xd9,
  0xdf, 0xdb, 0xdc, 0xde, 0xdb, 0xdb, 0xe0, 0xde, 0xde, 0xe0, 0xde, 0xde,
  0xdd, 0xda, 0xd9, 0xde, 0xdc, 0xdc, 0xdf, 0xdc, 0xdd, 0xdf, 0xdb, 0xdc,
  0xdf, 0xda, 0xdb, 0xdd, 0xd9, 0xd9, 0xdc, 0xd8, 0xd9, 0xde, 0xdc, 0xdc,
  0xdf, 0xde, 0xde, 0xdf, 0xdc, 0xdd, 0xdf, 0xdb, 0xdc, 0xdc, 0xd7, 0xd8,
  0xdc, 0xd8, 0xd8, 0xdd, 0xda, 0xd9, 0xdd, 0xda, 0xda, 0xde, 0xdc, 0xdc,
  0xdb, 0xd7, 0xd8, 0xdc, 0xd9, 0xd9, 0xde, 0xdc, 0xdc, 0xd5, 0xcd, 0xcd,
  0xd9, 0xd4, 0xd4, 0xdf, 0xdc, 0xdb, 0xe0, 0xdd, 0xdd, 0xdc, 0xd8, 0xd9,
  0xe2, 0xde, 0xe0, 0x75, 0x72, 0x71, 0xd2, 0xd3, 0xce, 0xe1, 0xdd, 0xde,
  0xdb, 0xd7, 0xd6, 0xdd, 0xda, 0xda, 0xdd, 0xd9, 0xd9, 0xde, 0xdd, 0xdd,
  0xe0, 0xde, 0xde, 0xde, 0xdb, 0xda, 0xdb, 0xd8, 0xd7, 0xeb, 0xe8, 0xe8,
  0x97, 0x90, 0x97, 0x26, 0x1e, 0x22, 0x25, 0x1f, 0x21, 0x24, 0x1e, 0x1e,
  0x1e, 0x19, 0x18, 0x1c, 0x17, 0x17, 0x1f, 0x18, 0x18, 0x1f, 0x18, 0x19,
  0x1d, 0x18, 0x18, 0x1a, 0x12, 0x13, 0x13, 0x0d, 0x0d, 0x24, 0x24, 0x20,
  0xc8, 0xc7, 0xc5, 0xe6, 0xe1, 0xe2, 0xdd, 0xd8, 0xd8, 0xe9, 0xe5, 0xe4,
  0xb8, 0xae, 0xb6, 0x2b, 0x23, 0x29, 0x20, 0x1a, 0x1a, 0x18, 0x12, 0x10,
  0x1a, 0x11, 0x0f, 0x19, 0x11, 0x12, 0x1d, 0x18, 0x19, 0x2a, 0x24, 0x25,
  0x22, 0x1c, 0x1c, 0x1d, 0x15, 0x16, 0x0f, 0x09, 0x09, 0x17, 0x18, 0x0f,
  0xc9, 0xcb, 0xc3, 0xe2, 0xdd, 0xdf, 0xdb, 0xd9, 0xd9, 0xdd, 0xdb, 0xdb,
  0xdd, 0xd7, 0xd8, 0xdd, 0xda, 0xda, 0xdc, 0xd8, 0xd9, 0xdb, 0xd9, 0xd9,
  0xd8, 0xd5, 0xd6, 0xd7, 0xd2, 0xd1, 0xdb, 0xd7, 0xd7, 0xd8, 0xd3, 0xd4,
  0xd7, 0xd2, 0xd3, 0xdb, 0xd7, 0xd7, 0xdc, 0xd9, 0xd9, 0xd9, 0xd4, 0xd5,
  0xd8, 0xd3, 0xd4, 0xdb, 0xd7, 0xd8, 0xda, 0xd7, 0xd7, 0xda, 0xd4, 0xd5,
  0xd9, 0xd3, 0xd4, 0xda, 0xd5, 0xd6, 0xd9, 0xd6, 0xd4, 0xcb, 0xc1, 0xc6,
  0xe2, 0xe0, 0xe0, 0xe2, 0xe0, 0xe0, 0xe3, 0xe1, 0xe1, 0xe0, 0xde, 0xde,
  0xe2, 0xe0, 0xe0, 0xe1, 0xdf, 0xdf, 0xe2, 0xe0, 0xe0, 0xe1, 0xdf, 0xdf,
  0xe1, 0xdf, 0xe0, 0xe2, 0xe0, 0xe0, 0xe0, 0xde, 0xde, 0xe1, 0xdf, 0xdf,
  0xe0, 0xde, 0xde, 0xdf, 0xdc, 0xdd, 0xde, 0xdb, 0xda, 0xde, 0xd9, 0xd8,
  0xdc, 0xd8, 0xd8, 0xda, 0xd6, 0xd5, 0xd9, 0xd4, 0xd3, 0xd6, 0xd1, 0xd1,
  0xd8, 0xd3, 0xd3, 0xde, 0xda, 0xda, 0xda, 0xd6, 0xd5, 0xd9, 0xd4, 0xd2,
  0xdc, 0xd9, 0xd7, 0xdd, 0xdb, 0xda, 0xde, 0xdb, 0xdb, 0xe0, 0xdd, 0xdd,
  0xe0, 0xdd, 0xdd, 0xdf, 0xdd, 0xdd, 0xe2, 0xdf, 0xdf, 0xe1, 0xdf, 0xde,
  0xe0, 0xde, 0xde, 0xe1, 0xe0, 0xe0, 0xda, 0xd7, 0xd6, 0xda, 0xd8, 0xd7,
  0xde, 0xda, 0xdb, 0xdf, 0xdb, 0xdb, 0xdf, 0xdc, 0xdd, 0xde, 0xdb, 0xdb,
  0xdb, 0xd6, 0xd6, 0xdc, 0xd8, 0xd9, 0xdf, 0xda, 0xdb, 0xe0, 0xdd, 0xdd,
  0xdf, 0xdd, 0xdd, 0xe0, 0xdc, 0xdb, 0xdf, 0xde, 0xde, 0xdd, 0xd9, 0xd9,
  0xde, 0xd9, 0xda, 0xdc, 0xd9, 0xd9, 0xdd, 0xd7, 0xd8, 0xdc, 0xd9, 0xd9,
  0xdc, 0xd8, 0xd8, 0xdc, 0xd8, 0xd8, 0xde, 0xdb, 0xdb, 0xdf, 0xdc, 0xdc,
  0xdc, 0xd8, 0xd9, 0xe1, 0xdd, 0xde, 0xdb, 0xd8, 0xd7, 0xdb, 0xd5, 0xd5,
  0xd9, 0xd4, 0xd3, 0xd8, 0xd4, 0xd2, 0xda, 0xd6, 0xd5, 0xdd, 0xd9, 0xda,
  0xeb, 0xe8, 0xe9, 0x90, 0x8b, 0x8e, 0xa7, 0xa8, 0xa2, 0xed, 0xea, 0xec,
  0xdb, 0xd8, 0xd7, 0xda, 0xd6, 0xd5, 0xd8, 0xd4, 0xd3, 0xdb, 0xd7, 0xd7,
  0xdd, 0xd9, 0xd9, 0xdc, 0xda, 0xd9, 0xdb, 0xd9, 0xd8, 0xde, 0xdb, 0xdb,
  0xd8, 0xd3, 0xd6, 0x4a, 0x42, 0x4a, 0x23, 0x1d, 0x1e, 0x22, 0x1b, 0x1c,
  0x23, 0x1e, 0x1d, 0x1f, 0x19, 0x19, 0x22, 0x1b, 0x1c, 0x22, 0x1c, 0x1d,
  0x1a, 0x14, 0x15, 0x18, 0x10, 0x12, 0x19, 0x11, 0x12, 0x0c, 0x06, 0x08,
  0x33, 0x33, 0x2d, 0xdf, 0xdf, 0xdb, 0xe4, 0xdf, 0xe1, 0xe0, 0xdc, 0xdb,
  0xd3, 0xcb, 0xcf, 0x33, 0x2a, 0x30, 0x20, 0x1b, 0x1a, 0x24, 0x1e, 0x1d,
  0x27, 0x21, 0x21, 0x28, 0x22, 0x23, 0x27, 0x20, 0x22, 0x28, 0x23, 0x23,
  0x1d, 0x18, 0x17, 0x1a, 0x15, 0x14, 0x1e, 0x18, 0x18, 0x1b, 0x14, 0x13,
  0x99, 0x9e, 0x95, 0xed, 0xe8, 0xe9, 0xd6, 0xd0, 0xd2, 0xd9, 0xd5, 0xd5,
  0xdc, 0xd7, 0xd8, 0xde, 0xdb, 0xdb, 0xdf, 0xdc, 0xdc, 0xdf, 0xdd, 0xdd,
  0xdf, 0xdd, 0xdd, 0xd9, 0xd5, 0xd5, 0xda, 0xd6, 0xd7, 0xdb, 0xd7, 0xd8,
  0xdd, 0xd9, 0xd9, 0xdd, 0xd9, 0xda, 0xdc, 0xd7, 0xd8, 0xd8, 0xd4, 0xd4,
  0xde, 0xdb, 0xdc, 0xdb, 0xd7, 0xd8, 0xd8, 0xd4, 0xd4, 0xdb, 0xd5, 0xd6,
  0xdc, 0xd8, 0xd8, 0xdb, 0xd8, 0xd8, 0xd8, 0xd5, 0xd5, 0xdd, 0xdb, 0xda,
  0xdf, 0xdc, 0xdc, 0xdf, 0xdb, 0xdb, 0xe1, 0xdd, 0xde, 0xe1, 0xde, 0xdf,
  0xe1, 0xdf, 0xdf, 0xe2, 0xe0, 0xe0, 0xe1, 0xdf, 0xdf, 0xe0, 0xde, 0xde,
  0xe1, 0xdf, 0xdf, 0xe3, 0xe1, 0xe1, 0xe3, 0xe1, 0xe1, 0xe3, 0xe0, 0xe0,
  0xe2, 0xe1, 0xe1, 0xe2, 0xe1, 0xe1, 0xe2, 0xe1, 0xe1, 0xe3, 0xe1, 0xe1,
  0xe2, 0xe1, 0xe0, 0xe1, 0xdf, 0xe0, 0xe1, 0xdf, 0xdf, 0xdf, 0xdd, 0xdd,
  0xde, 0xdc, 0xdc, 0xe0, 0xdd, 0xdd, 0xdf, 0xdc, 0xdb, 0xde, 0xdb, 0xd9,
  0xde, 0xda, 0xd9, 0xde, 0xdb, 0xda, 0xdf, 0xdc, 0xdc, 0xdb, 0xd7, 0xd7,
  0xdc, 0xd8, 0xd7, 0xdf, 0xda, 0xda, 0xdf, 0xdb, 0xdc, 0xde, 0xdc, 0xdc,
  0xe0, 0xde, 0xdf, 0xdf, 0xdd, 0xdd, 0xdf, 0xdc, 0xdc, 0xde, 0xdc, 0xdb,
  0xde, 0xdb, 0xdb, 0xdf, 0xdc, 0xdc, 0xe0, 0xde, 0xde, 0xe1, 0xde, 0xde,
  0xe2, 0xe0, 0xe0, 0xe0, 0xdf, 0xdf, 0xdf, 0xdd, 0xdd, 0xe0, 0xde, 0xdf,
  0xe0, 0xe0, 0xe0, 0xe0, 0xdc, 0xdc, 0xdc, 0xd9, 0xd9, 0xdb, 0xd8, 0xd9,
  0xde, 0xda, 0xda, 0xdc, 0xd9, 0xd9, 0xde, 0xdd, 0xdc, 0xe1, 0xe2, 0xe2,
  0xda, 0xd6, 0xd6, 0xd9, 0xd4, 0xd3, 0xde, 0xda, 0xdb, 0xd8, 0xd2, 0xd3,
  0xd3, 0xce, 0xce, 0xd8, 0xd4, 0xd2, 0xde, 0xda, 0xd9, 0xdc, 0xd8, 0xd9,
  0xd7, 0xd2, 0xd1, 0xd8, 0xd3, 0xd3, 0xd5, 0xd0, 0xcf, 0xd9, 0xd6, 0xd6,
  0xe4, 0xe2, 0xe0, 0xbe, 0xba, 0xbe, 0x7d, 0x7c, 0x76, 0xe2, 0xdd, 0xdb,
  0xd8, 0xd5, 0xd5, 0xdd, 0xda, 0xd9, 0xe0, 0xe0, 0xe0, 0xde, 0xdb, 0xdb,
  0xde, 0xdc, 0xdb, 0xde, 0xdc, 0xdc, 0xde, 0xdd, 0xdd, 0xdb, 0xd8, 0xd8,
  0xec, 0xe9, 0xe9, 0x93, 0x8b, 0x94, 0x26, 0x20, 0x24, 0x25, 0x1f, 0x20,
  0x22, 0x1c, 0x1c, 0x23, 0x1d, 0x1d, 0x20, 0x1a, 0x1c, 0x20, 0x1b, 0x1b,
  0x1b, 0x14, 0x14, 0x17, 0x11, 0x11, 0x14, 0x0f, 0x0e, 0x18, 0x13, 0x11,
  0x09, 0x03, 0x00, 0x6d, 0x6c, 0x65, 0xf1, 0xee, 0xec, 0xdf, 0xdf, 0xde,
  0xf0, 0xec, 0xee, 0x60, 0x54, 0x5d, 0x17, 0x10, 0x0f, 0x23, 0x1b, 0x1c,
  0x20, 0x1a, 0x1a, 0x1f, 0x1a, 0x1a, 0x20, 0x17, 0x17, 0x20, 0x1a, 0x1a,
  0x1f, 0x19, 0x1a, 0x1e, 0x18, 0x18, 0x21, 0x19, 0x19, 0x26, 0x1c, 0x1e,
  0x36, 0x34, 0x30, 0xc3, 0xc4, 0xbe, 0xe5, 0xdf, 0xe1, 0xd2, 0xcd, 0xcc,
  0xdb, 0xd7, 0xd7, 0xda, 0xd7, 0xd7, 0xdb, 0xd9, 0xd9, 0xdd, 0xdb, 0xdb,
  0xe0, 0xde, 0xde, 0xdf, 0xdd, 0xde, 0xda, 0xd6, 0xd7, 0xdc, 0xd8, 0xd8,
  0xd9, 0xd4, 0xd4, 0xd9, 0xd7, 0xd7, 0xda, 0xd6, 0xd6, 0xd7, 0xd3, 0xd3,
  0xd9, 0xd5, 0xd5, 0xd9, 0xd4, 0xd5, 0xd7, 0xd2, 0xd3, 0xd7, 0xd2, 0xd3,
  0xd7, 0xd2, 0xd3, 0xd8, 0xd2, 0xd4, 0xd7, 0xd2, 0xd3, 0xd5, 0xd0, 0xd1,
  0xe0, 0xdc, 0xdc, 0xdd, 0xda, 0xd9, 0xd9, 0xd4, 0xd4, 0xdd, 0xd9, 0xd8,
  0xe0, 0xdd, 0xdd, 0xe0, 0xdc, 0xdd, 0xe1, 0xde, 0xde, 0xde, 0xdb, 0xda,
  0xdf, 0xdd, 0xdc, 0xe4, 0xe2, 0xe2, 0xe2, 0xe0, 0xe0, 0xe2, 0xe0, 0xe0,
  0xe2, 0xe0, 0xe0, 0xe1, 0xdf, 0xdf, 0xe3, 0xe1, 0xe1, 0xe2, 0xe0, 0xe0,
  0xe2, 0xe0, 0xdf, 0xe1, 0xdf, 0xdf, 0xe2, 0xe0, 0xe1, 0xe3, 0xe1, 0xe1,
  0xe1, 0xdf, 0xe0, 0xe2, 0xe0, 0xe0, 0xe3, 0xe1, 0xe1, 0xe1, 0xe0, 0xe0,
  0xe3, 0xe1, 0xe1, 0xe2, 0xe0, 0xe0, 0xe0, 0xde, 0xde, 0xe0, 0xde, 0xde,
  0xe1, 0xe0, 0xdf, 0xe2, 0xdf, 0xdf, 0xdb, 0xd7, 0xd8, 0xe0, 0xde, 0xde,
  0xdb, 0xd8, 0xd7, 0xdc, 0xd7, 0xd6, 0xdd, 0xda, 0xd9, 0xde, 0xda, 0xda,
  0xde, 0xdb, 0xdb, 0xe0, 0xde, 0xde, 0xe0, 0xde, 0xde, 0xe1, 0xdf, 0xdf,
  0xdd, 0xdb, 0xdb, 0xdb, 0xd8, 0xd7, 0xdc, 0xd9, 0xd8, 0xde, 0xdb, 0xdc,
  0xde, 0xda, 0xda, 0xde, 0xdb, 0xda, 0xdb, 0xd6, 0xd6, 0xdf, 0xdd, 0xdc,
  0xe0, 0xde, 0xde, 0xdf, 0xdd, 0xdd, 0xe0, 0xdf, 0xdf, 0xde, 0xdd, 0xde,
  0xda, 0xd5, 0xd4, 0xda, 0xd7, 0xd6, 0xde, 0xda, 0xda, 0xd7, 0xd2, 0xd2,
  0xdb, 0xd5, 0xd6, 0xdd, 0xd9, 0xd9, 0xd9, 0xd6, 0xd5, 0xdb, 0xd8, 0xd7,
  0xd6, 0xd2, 0xd1, 0xd9, 0xd5, 0xd4, 0xd8, 0xd4, 0xd3, 0xd8, 0xd3, 0xd2,
  0xd7, 0xd3, 0xd1, 0xdd, 0xd8, 0xda, 0x73, 0x70, 0x6f, 0xd6, 0xd5, 0xcf,
  0xe0, 0xdb, 0xdc, 0xda, 0xd7, 0xd8, 0xdb, 0xd8, 0xd8, 0xde, 0xdb, 0xdb,
  0xdd, 0xdb, 0xdb, 0xdc, 0xda, 0xda, 0xdd, 0xda, 0xdb, 0xdc, 0xd6, 0xd7,
  0xdb, 0xd6, 0xd5, 0xcd, 0xc5, 0xca, 0x3e, 0x36, 0x3f, 0x29, 0x25, 0x28,
  0x22, 0x1c, 0x1d, 0x21, 0x1b, 0x1c, 0x20, 0x1a, 0x1b, 0x1d, 0x16, 0x16,
  0x18, 0x11, 0x0e, 0x16, 0x11, 0x0f, 0x15, 0x11, 0x10, 0x15, 0x0f, 0x0e,
  0x17, 0x11, 0x10, 0x11, 0x0f, 0x0c, 0xb4, 0xb5, 0xb1, 0xeb, 0xe7, 0xe8,
  0xeb, 0xe8, 0xe7, 0xa6, 0x9b, 0xa4, 0x11, 0x0a, 0x0c, 0x21, 0x1b, 0x1c,
  0x1e, 0x16, 0x17, 0x1c, 0x17, 0x18, 0x1e, 0x18, 0x18, 0x1e, 0x16, 0x16,
  0x1f, 0x19, 0x19, 0x1f, 0x19, 0x1a, 0x20, 0x17, 0x17, 0x21, 0x1b, 0x1a,
  0x2c, 0x23, 0x24, 0x44, 0x42, 0x3e, 0xce, 0xcd, 0xca, 0xe1, 0xdd, 0xde,
  0xd2, 0xcd, 0xcd, 0xda, 0xd6, 0xd6, 0xdc, 0xdb, 0xdb, 0xdc, 0xdb, 0xda,
  0xdc, 0xda, 0xda, 0xdf, 0xdc, 0xdd, 0xe1, 0xdf, 0xdf, 0xde, 0xdc, 0xdc,
  0xd9, 0xd7, 0xd7, 0xd8, 0xd4, 0xd5, 0xdc, 0xd8, 0xd9, 0xdb, 0xd7, 0xd8,
  0xd8, 0xd3, 0xd4, 0xd9, 0xd3, 0xd4, 0xda, 0xd6, 0xd7, 0xdd, 0xd8, 0xd9,
  0xde, 0xd9, 0xda, 0xde, 0xda, 0xdb, 0xda, 0xd5, 0xd6, 0xd9, 0xd4, 0xd4,
  0xdf, 0xdc, 0xdb, 0xe0, 0xdd, 0xdd, 0xe0, 0xdd, 0xdc, 0xdd, 0xd8, 0xd8,
  0xe0, 0xdd, 0xdd, 0xe0, 0xde, 0xde, 0xdf, 0xdc, 0xdc, 0xde, 0xda, 0xd9,
  0xde, 0xda, 0xda, 0xe0, 0xdd, 0xdd, 0xe1, 0xdf, 0xdf, 0xe4, 0xe1, 0xe1,
  0xe1, 0xdf, 0xde, 0xe2, 0xe0, 0xe0, 0xe4, 0xe2, 0xe2, 0xe3, 0xe2, 0xe2,
  0xe3, 0xe1, 0xe1, 0xe2, 0xe0, 0xe0, 0xe3, 0xe1, 0xe1, 0xe2, 0xe1, 0xe1,
  0xe3, 0xe0, 0xe0, 0xe3, 0xe0, 0xe0, 0xe1, 0xdf, 0xdf, 0xe1, 0xdf, 0xdf,
  0xe2, 0xe1, 0xe1, 0xe1, 0xe0, 0xe0, 0xe3, 0xe1, 0xe1, 0xe3, 0xe1, 0xe1,
  0xe1, 0xdf, 0xdf, 0xe1, 0xdf, 0xdf, 0xe1, 0xe0, 0xe0, 0xe1, 0xdf, 0xdf,
  0xe0, 0xde, 0xdd, 0xe0, 0xdd, 0xdc, 0xdf, 0xdd, 0xdd, 0xde, 0xda, 0xdb,
  0xdd, 0xd8, 0xd8, 0xe0, 0xdb, 0xdc, 0xe2, 0xdf, 0xde, 0xdd, 0xd9, 0xd9,
  0xde, 0xdb, 0xdb, 0xde, 0xdb, 0xdb, 0xdd, 0xda, 0xd9, 0xdd, 0xdb, 0xdb,
  0xdf, 0xde, 0xdd, 0xdf, 0xdd, 0xdd, 0xdf, 0xdd, 0xdd, 0xe3, 0xe3, 0xe3,
  0xd7, 0xd2, 0xd3, 0xd1, 0xca, 0xc9, 0xd5, 0xd0, 0xcd, 0xda, 0xd5, 0xd4,
  0xdd, 0xd8, 0xd9, 0xdc, 0xd9, 0xd9, 0xdf, 0xdb, 0xdc, 0xd7, 0xd2, 0xd0,
  0xd7, 0xd3, 0xd0, 0xd7, 0xd2, 0xd2, 0xd9, 0xd4, 0xd4, 0xd7, 0xd3, 0xd2,
  0xd9, 0xd5, 0xd3, 0xda, 0xd6, 0xd7, 0xdc, 0xd9, 0xd9, 0xdc, 0xd8, 0xd9,
  0xd9, 0xd6, 0xd7, 0xeb, 0xea, 0xe8, 0x8b, 0x85, 0x8b, 0x87, 0x85, 0x83,
  0xe2, 0xdf, 0xe0, 0xe0, 0xdd, 0xdd, 0xdb, 0xd8, 0xd8, 0xdd, 0xdc, 0xdc,
  0xdf, 0xde, 0xde, 0xdd, 0xd9, 0xd9, 0xdd, 0xdb, 0xdb, 0xda, 0xd5, 0xd5,
  0xd7, 0xd4, 0xd3, 0xe9, 0xe6, 0xe5, 0x7d, 0x73, 0x7c, 0x27, 0x21, 0x25,
  0x29, 0x23, 0x25, 0x20, 0x1a, 0x1c, 0x1f, 0x17, 0x18, 0x1d, 0x14, 0x15,
  0x1a, 0x13, 0x12, 0x17, 0x12, 0x12, 0x16, 0x11, 0x10, 0x14, 0x0f, 0x0d,
  0x16, 0x12, 0x11, 0x0f, 0x0a, 0x0a, 0x3e, 0x40, 0x39, 0xe6, 0xe4, 0xe2,
  0xe0, 0xde, 0xde, 0xe2, 0xde, 0xe0, 0x46, 0x3e, 0x42, 0x1e, 0x18, 0x17,
  0x29, 0x21, 0x23, 0x23, 0x1d, 0x1e, 0x21, 0x1c, 0x1b, 0x21, 0x1b, 0x1c,
  0x1c, 0x16, 0x16, 0x1d, 0x17, 0x17, 0x1f, 0x19, 0x18, 0x1d, 0x17, 0x17,
  0x2b, 0x24, 0x24, 0x2f, 0x25, 0x29, 0x42, 0x3f, 0x3d, 0xca, 0xcc, 0xc7,
  0xe4, 0xe0, 0xe2, 0xd8, 0xd5, 0xd5, 0xdd, 0xdb, 0xda, 0xda, 0xd7, 0xd8,
  0xdb, 0xd8, 0xd9, 0xdb, 0xd9, 0xd9, 0xdd, 0xdc, 0xdc, 0xdf, 0xdc, 0xdd,
  0xdf, 0xdb, 0xdb, 0xda, 0xd6, 0xd6, 0xdc, 0xd8, 0xd8, 0xdc, 0xd8, 0xd9,
  0xda, 0xd5, 0xd6, 0xda, 0xd7, 0xd7, 0xd9, 0xd5, 0xd6, 0xd7, 0xd3, 0xd3,
  0xd8, 0xd4, 0xd4, 0xdf, 0xdc, 0xdd, 0xdd, 0xd9, 0xda, 0xd9, 0xd6, 0xd6,
  0xe1, 0xdf, 0xde, 0xd9, 0xd4, 0xd1, 0xdb, 0xd8, 0xd6, 0xdd, 0xd9, 0xd8,
  0xde, 0xda, 0xd9, 0xdf, 0xdd, 0xdc, 0xdd, 0xd8, 0xd9, 0xe0, 0xdc, 0xdc,
  0xdf, 0xdd, 0xdd, 0xdc, 0xd7, 0xd6, 0xe0, 0xdc, 0xdc, 0xe0, 0xdd, 0xdd,
  0xe1, 0xde, 0xdc, 0xe1, 0xdf, 0xdf, 0xe2, 0xe0, 0xe0, 0xde, 0xdb, 0xda,
  0xdf, 0xda, 0xda, 0xe1, 0xde, 0xde, 0xe0, 0xdf, 0xdf, 0xe3, 0xe0, 0xe0,
  0xe3, 0xe1, 0xe1, 0xde, 0xdd, 0xdd, 0xe1, 0xdf, 0xdf, 0xe3, 0xe1, 0xe2,
  0xe0, 0xde, 0xdf, 0xdc, 0xd9, 0xd9, 0xdd, 0xda, 0xd9, 0xdd, 0xda, 0xd9,
  0xdf, 0xdc, 0xdb, 0xdd, 0xda, 0xd9, 0xe1, 0xde, 0xde, 0xe0, 0xde, 0xde,
  0xe2, 0xe0, 0xe0, 0xe0, 0xdd, 0xdd, 0xde, 0xdb, 0xdb, 0xe1, 0xdf, 0xdf,
  0xe0, 0xdd, 0xde, 0xe1, 0xdf, 0xdf, 0xde, 0xdb, 0xdb, 0xda, 0xd6, 0xd6,
  0xde, 0xdb, 0xdb, 0xdf, 0xdd, 0xdc, 0xe0, 0xdd, 0xdd, 0xdc, 0xd7, 0xd8,
  0xde, 0xdd, 0xdd, 0xdf, 0xdc, 0xdc, 0xe0, 0xdb, 0xdc, 0xe3, 0xe0, 0xe1,
  0xd6, 0xd1, 0xd0, 0xd3, 0xcd, 0xcb, 0xd2, 0xcc, 0xca, 0xd8, 0xd2, 0xd0,
  0xd8, 0xd4, 0xd4, 0xdd, 0xda, 0xda, 0xdc, 0xda, 0xda, 0xda, 0xd5, 0xd6,
  0xdb, 0xd6, 0xd6, 0xdd, 0xdb, 0xdb, 0xdb, 0xd8, 0xd8, 0xdd, 0xd9, 0xd9,
  0xdd, 0xd8, 0xd9, 0xdc, 0xd8, 0xd8, 0xdb, 0xd8, 0xd7, 0xdc, 0xd9, 0xd9,
  0xdc, 0xda, 0xd9, 0xdb, 0xd8, 0xda, 0x5f, 0x57, 0x5f, 0x25, 0x1f, 0x1e,
  0x48, 0x46, 0x41, 0xd2, 0xd1, 0xcf, 0xde, 0xda, 0xdc, 0xdc, 0xd8, 0xd9,
  0xd9, 0xd6, 0xd5, 0xd6, 0xd1, 0xd0, 0xd9, 0xd6, 0xd6, 0xdd, 0xd9, 0xda,
  0xdc, 0xdb, 0xdb, 0xdf, 0xdd, 0xdc, 0xce, 0xc9, 0xcc, 0x41, 0x38, 0x3f,
  0x2c, 0x27, 0x28, 0x21, 0x1c, 0x1c, 0x21, 0x1a, 0x18, 0x1d, 0x17, 0x17,
  0x19, 0x14, 0x11, 0x19, 0x14, 0x13, 0x17, 0x12, 0x10, 0x17, 0x10, 0x0e,
  0x14, 0x0d, 0x0d, 0x18, 0x13, 0x11, 0x0c, 0x0a, 0x06, 0x99, 0x9b, 0x95,
  0xea, 0xe6, 0xe6, 0xe5, 0xe2, 0xe1, 0xc6, 0xbf, 0xc4, 0x2e, 0x28, 0x2c,
  0x30, 0x2c, 0x2c, 0x34, 0x2e, 0x31, 0x20, 0x1a, 0x1c, 0x1c, 0x16, 0x18,
  0x1c, 0x16, 0x17, 0x1d, 0x17, 0x18, 0x1c, 0x16, 0x17, 0x1e, 0x18, 0x19,
  0x1e, 0x18, 0x19, 0x2b, 0x26, 0x25, 0x2a, 0x21, 0x22, 0x35, 0x33, 0x2f,
  0xc4, 0xc5, 0xc1, 0xe4, 0xdf, 0xe1, 0xd8, 0xd6, 0xd6, 0xdb, 0xd8, 0xd8,
  0xd9, 0xd6, 0xd6, 0xdb, 0xd9, 0xd9, 0xdb, 0xda, 0xd9, 0xdd, 0xdb, 0xdb,
  0xe1, 0xdf, 0xdf, 0xe3, 0xe1, 0xe3, 0xda, 0xd6, 0xd7, 0xd7, 0xd2, 0xd2,
  0xd8, 0xd4, 0xd4, 0xda, 0xd7, 0xd7, 0xdb, 0xd6, 0xd7, 0xd8, 0xd3, 0xd4,
  0xd4, 0xd0, 0xcf, 0xd9, 0xd4, 0xd4, 0xdc, 0xd8, 0xd9, 0xdb, 0xd8, 0xd8,
  0xe1, 0xde, 0xde, 0xdd, 0xd8, 0xd8, 0xde, 0xdc, 0xdb, 0xde, 0xdb, 0xdb,
  0xdd, 0xd9, 0xda, 0xdf, 0xdc, 0xdc, 0xe1, 0xdd, 0xdd, 0xdf, 0xdc, 0xdc,
  0xe1, 0xe0, 0xe0, 0xde, 0xdb, 0xdb, 0xde, 0xda, 0xda, 0xe0, 0xdd, 0xdd,
  0xde, 0xdb, 0xda, 0xdc, 0xd8, 0xd8, 0xde, 0xdc, 0xdc, 0xdf, 0xdc, 0xdc,
  0xdb, 0xd8, 0xd7, 0xde, 0xd9, 0xda, 0xdf, 0xdb, 0xdb, 0xdf, 0xdc, 0xdd,
  0xdf, 0xdd, 0xdd, 0xdf, 0xdc, 0xdc, 0xde, 0xda, 0xda, 0xdd, 0xd8, 0xd8,
  0xde, 0xdb, 0xdb, 0xdd, 0xd9, 0xd9, 0xdd, 0xda, 0xd9, 0xda, 0xd6, 0xd5,
  0xdf, 0xdb, 0xdb, 0xdc, 0xd7, 0xd7, 0xdc, 0xd9, 0xd9, 0xe0, 0xde, 0xde,
  0xe1, 0xdf, 0xdf, 0xe0, 0xde, 0xde, 0xe1, 0xdf, 0xdf, 0xe0, 0xde, 0xde,
  0xdf, 0xdf, 0xdf, 0xe0, 0xde, 0xde, 0xe0, 0xde, 0xde, 0xe0, 0xdf, 0xdf,
  0xd8, 0xd6, 0xd5, 0xdb, 0xd6, 0xd6, 0xdb, 0xd8, 0xd8, 0xdc, 0xd9, 0xd9,
  0xdd, 0xd8, 0xd9, 0xda, 0xd4, 0xd5, 0xda, 0xd6, 0xd7, 0xdd, 0xdb, 0xda,
  0xde, 0xdb, 0xda, 0xdf, 0xdd, 0xdd, 0xd7, 0xd4, 0xd3, 0xda, 0xd6, 0xd5,
  0xda, 0xd6, 0xd5, 0xdc, 0xd8, 0xd7, 0xda, 0xd6, 0xd5, 0xda, 0xd6, 0xd5,
  0xdd, 0xda, 0xd9, 0xde, 0xdc, 0xdc, 0xdf, 0xde, 0xde, 0xdd, 0xdc, 0xdb,
  0xda, 0xd7, 0xd7, 0xdb, 0xd9, 0xd9, 0xdb, 0xd8, 0xd8, 0xdf, 0xdd, 0xde,
  0xe4, 0xe2, 0xe1, 0xbd, 0xb6, 0xbb, 0x28, 0x22, 0x24, 0x1e, 0x18, 0x18,
  0x2f, 0x2e, 0x24, 0xcf, 0xd0, 0xcb, 0xe0, 0xde, 0xde, 0xdb, 0xd8, 0xd9,
  0xda, 0xd6, 0xd7, 0xd9, 0xd4, 0xd4, 0xdc, 0xd9, 0xd9, 0xdc, 0xd8, 0xd9,
  0xd7, 0xd3, 0xd3, 0xd3, 0xce, 0xcd, 0xea, 0xe5, 0xe5, 0x91, 0x88, 0x8f,
  0x2a, 0x24, 0x27, 0x28, 0x22, 0x24, 0x20, 0x1b, 0x1b, 0x1e, 0x18, 0x1a,
  0x1a, 0x15, 0x15, 0x1b, 0x14, 0x14, 0x19, 0x12, 0x12, 0x17, 0x0f, 0x0f,
  0x15, 0x0d, 0x0d, 0x15, 0x0f, 0x0e, 0x12, 0x0d, 0x0b, 0x32, 0x30, 0x2a,
  0xdc, 0xda, 0xd6, 0xdd, 0xd9, 0xda, 0xeb, 0xe8, 0xe8, 0xaa, 0xa1, 0xa8,
  0x2a, 0x25, 0x26, 0x2c, 0x27, 0x28, 0x22, 0x1b, 0x1c, 0x1f, 0x19, 0x1a,
  0x20, 0x1a, 0x1a, 0x20, 0x1a, 0x1b, 0x20, 0x1a, 0x1a, 0x1e, 0x18, 0x19,
  0x1e, 0x18, 0x18, 0x1d, 0x15, 0x16, 0x2d, 0x27, 0x27, 0x20, 0x18, 0x1b,
  0x31, 0x32, 0x2b, 0xcc, 0xcd, 0xc7, 0xe0, 0xd9, 0xdc, 0xd9, 0xd6, 0xd6,
  0xda, 0xd7, 0xd8, 0xda, 0xd7, 0xd7, 0xd9, 0xd5, 0xd6, 0xdb, 0xd7, 0xd8,
  0xd7, 0xd3, 0xd4, 0xd7, 0xd4, 0xd4, 0xdd, 0xdc, 0xdc, 0xdd, 0xd9, 0xda,
  0xd8, 0xd3, 0xd3, 0xd6, 0xd2, 0xd1, 0xd9, 0xd4, 0xd5, 0xdb, 0xd5, 0xd7,
  0xd7, 0xd2, 0xd3, 0xd9, 0xd4, 0xd5, 0xd9, 0xd4, 0xd5, 0xd7, 0xd3, 0xd4,
  0xe0, 0xdf, 0xdf, 0xe1, 0xe0, 0xe1, 0xdd, 0xda, 0xda, 0xde, 0xdb, 0xdb,
  0xdc, 0xd7, 0xd8, 0xdd, 0xd8, 0xd8, 0xdd, 0xd9, 0xd9, 0xd9, 0xd4, 0xd3,
  0xdd, 0xda, 0xda, 0xdf, 0xdd, 0xdd, 0xde, 0xd9, 0xda, 0xdd, 0xda, 0xda,
  0xdb, 0xd7, 0xd6, 0xdd, 0xd9, 0xd9, 0xe0, 0xdc, 0xdb, 0xdf, 0xdd, 0xdd,
  0xdd, 0xda, 0xda, 0xdd, 0xd8, 0xd8, 0xdc, 0xd7, 0xd6, 0xdb, 0xd9, 0xd7,
  0xda, 0xd7, 0xd5, 0xd9, 0xd4, 0xd4, 0xdb, 0xd6, 0xd5, 0xdd, 0xda, 0xda,
  0xe1, 0xe0, 0xe0, 0xe0, 0xde, 0xde, 0xe1, 0xe1, 0xe1, 0xe0, 0xe0, 0xe0,
  0xde, 0xdb, 0xda, 0xdf, 0xda, 0xda, 0xe0, 0xde, 0xde, 0xde, 0xdd, 0xdd,
  0xe0, 0xdf, 0xdf, 0xe0, 0xe0, 0xe0, 0xe0, 0xde, 0xde, 0xe0, 0xde, 0xde,
  0xe0, 0xe0, 0xe0, 0xdd, 0xda, 0xda, 0xdd, 0xdb, 0xda, 0xe1, 0xe0, 0xe1,
  0xd9, 0xd4, 0xd4, 0xd9, 0xd5, 0xd3, 0xdc, 0xda, 0xda, 0xda, 0xd6, 0xd5,
  0xdd, 0xda, 0xda, 0xdd, 0xda, 0xdb, 0xdd, 0xda, 0xda, 0xde, 0xdc, 0xdc,
  0xdd, 0xdb, 0xdc, 0xdb, 0xd8, 0xd8, 0xdd, 0xd9, 0xd8, 0xd8, 0xd4, 0xd4,
  0xdb, 0xd7, 0xd7, 0xdd, 0xda, 0xda, 0xdc, 0xd9, 0xd8, 0xde, 0xda, 0xda,
  0xdf, 0xdd, 0xdd, 0xdd, 0xdb, 0xdb, 0xdd, 0xdb, 0xdb, 0xde, 0xdc, 0xdc,
  0xdd, 0xdb, 0xdb, 0xdf, 0xdd, 0xdd, 0xde, 0xdc, 0xdc, 0xdc, 0xdc, 0xdc,
  0xd5, 0xd2, 0xd2, 0xd8, 0xd2, 0xd2, 0x9d, 0x99, 0x9a, 0x55, 0x54, 0x50,
  0xa4, 0xa5, 0x9d, 0xe2, 0xdd, 0xdf, 0xd7, 0xd5, 0xd5, 0xda, 0xd8, 0xd8,
  0xd9, 0xd6, 0xd6, 0xda, 0xd5, 0xd6, 0xdd, 0xd8, 0xd9, 0xdb, 0xd8, 0xd8,
  0xd8, 0xd4, 0xd4, 0xd8, 0xd4, 0xd4, 0xdc, 0xd9, 0xd9, 0xd3, 0xcd, 0xd0,
  0x48, 0x3e, 0x47, 0x29, 0x24, 0x25, 0x27, 0x21, 0x23, 0x1f, 0x19, 0x1a,
  0x1a, 0x15, 0x15, 0x1b, 0x14, 0x14, 0x19, 0x12, 0x12, 0x17, 0x0f, 0x10,
  0x15, 0x0f, 0x0e, 0x14, 0x10, 0x0d, 0x1a, 0x16, 0x14, 0x0c, 0x08, 0x07,
  0x89, 0x8b, 0x83, 0xed, 0xea, 0xea, 0xd8, 0xd3, 0xd4, 0xf2, 0xef, 0xee,
  0x91, 0x88, 0x90, 0x1d, 0x17, 0x18, 0x2d, 0x27, 0x28, 0x26, 0x1f, 0x20,
  0x21, 0x1a, 0x1b, 0x23, 0x1d, 0x1e, 0x23, 0x1d, 0x1e, 0x1f, 0x19, 0x19,
  0x1d, 0x17, 0x17, 0x20, 0x18, 0x19, 0x22, 0x1c, 0x1d, 0x26, 0x21, 0x21,
  0x17, 0x0f, 0x11, 0x71, 0x76, 0x6b, 0xe8, 0xe5, 0xe5, 0xd7, 0xd3, 0xd4,
  0xdb, 0xd7, 0xd7, 0xdb, 0xd7, 0xd8, 0xdb, 0xd6, 0xd7, 0xdb, 0xd6, 0xd7,
  0xda, 0xd4, 0xd6, 0xda, 0xd5, 0xd6, 0xdd, 0xdc, 0xdc, 0xde, 0xda, 0xdb,
  0xda, 0xd4, 0xd6, 0xd3, 0xce, 0xce, 0xd3, 0xce, 0xcd, 0xdb, 0xd6, 0xd7,
  0xdb, 0xd6, 0xd7, 0xd8, 0xd4, 0xd5, 0xd9, 0xd4, 0xd5, 0xda, 0xd6, 0xd6,
  0xe1, 0xdf, 0xdf, 0xdd, 0xda, 0xd9, 0xd7, 0xd2, 0xd2, 0xd7, 0xd1, 0xcf,
  0xd8, 0xd3, 0xd2, 0xdd, 0xd9, 0xd9, 0xd9, 0xd5, 0xd3, 0xdc, 0xd9, 0xd8,
  0xdd, 0xd9, 0xd9, 0xdb, 0xd7, 0xd6, 0xdb, 0xd6, 0xd6, 0xd7, 0xd3, 0xd2,
  0xdc, 0xd7, 0xd5, 0xdc, 0xd9, 0xd8, 0xdf, 0xda, 0xdb, 0xdf, 0xdb, 0xdc,
  0xde, 0xdc, 0xdb, 0xdb, 0xd7, 0xd5, 0xdd, 0xd9, 0xd8, 0xe0, 0xdc, 0xdd,
  0xdd, 0xda, 0xda, 0xde, 0xdb, 0xdb, 0xdd, 0xd9, 0xd8, 0xdf, 0xdc, 0xdd,
  0xdf, 0xdd, 0xdd, 0xe0, 0xde, 0xde, 0xe0, 0xdf, 0xdf, 0xdd, 0xda, 0xda,
  0xdd, 0xdb, 0xdb, 0xdd, 0xdb, 0xdb, 0xe1, 0xe0, 0xdf, 0xdd, 0xd8, 0xd9,
  0xdf, 0xdb, 0xdb, 0xe0, 0xde, 0xdd, 0xe0, 0xdd, 0xde, 0xdf, 0xdb, 0xdc,
  0xdc, 0xd9, 0xd9, 0xdb, 0xd7, 0xd7, 0xdf, 0xde, 0xde, 0xdc, 0xd8, 0xd8,
  0xdf, 0xdb, 0xdb, 0xe0, 0xde, 0xde, 0xde, 0xdb, 0xdb, 0xdf, 0xdd, 0xde,
  0xdf, 0xdd, 0xdd, 0xde, 0xdc, 0xdc, 0xde, 0xdc, 0xdc, 0xdc, 0xda, 0xda,
  0xdd, 0xdc, 0xdc, 0xdc, 0xd8, 0xd8, 0xdd, 0xda, 0xda, 0xda, 0xd8, 0xd8,
  0xdc, 0xd8, 0xd9, 0xdd, 0xd9, 0xda, 0xde, 0xdc, 0xdc, 0xdb, 0xd6, 0xd7,
  0xd9, 0xd4, 0xd4, 0xd8, 0xd5, 0xd5, 0xda, 0xd7, 0xd8, 0xdc, 0xda, 0xda,
  0xdc, 0xda, 0xda, 0xdd, 0xdb, 0xdb, 0xd9, 0xd7, 0xd7, 0xd7, 0xd4, 0xd4,
  0xd9, 0xd5, 0xd5, 0xd6, 0xd3, 0xd3, 0xdc, 0xda, 0xdb, 0xce, 0xca, 0xca,
  0xc9, 0xc5, 0xc3, 0xcc, 0xc8, 0xc6, 0xd3, 0xcf, 0xce, 0xd4, 0xd0, 0xcf,
  0xd9, 0xd7, 0xd7, 0xda, 0xd9, 0xd9, 0xdc, 0xd8, 0xd9, 0xda, 0xd6, 0xd7,
  0xdd, 0xdb, 0xdb, 0xdf, 0xdd, 0xdd, 0xdb, 0xda, 0xda, 0xec, 0xea, 0xea,
  0x8d, 0x83, 0x8d, 0x2c, 0x26, 0x29, 0x37, 0x31, 0x34, 0x1e, 0x18, 0x1a,
  0x1b, 0x15, 0x16, 0x1a, 0x15, 0x14, 0x19, 0x14, 0x13, 0x18, 0x12, 0x11,
  0x15, 0x10, 0x0e, 0x14, 0x10, 0x0e, 0x17, 0x13, 0x10, 0x11, 0x0b, 0x0b,
  0x42, 0x44, 0x3c, 0xe5, 0xe3, 0xe0, 0xde, 0xd8, 0xda, 0xe4, 0xe3, 0xe1,
  0xc0, 0xb6, 0xbf, 0x20, 0x17, 0x1c, 0x2d, 0x28, 0x29, 0x2f, 0x2a, 0x2c,
  0x25, 0x1f, 0x20, 0x22, 0x1d, 0x1d, 0x23, 0x1e, 0x1d, 0x21, 0x1a, 0x19,
  0x1e, 0x19, 0x18, 0x1f, 0x1a, 0x1b, 0x20, 0x1a, 0x1a, 0x21, 0x19, 0x1a,
  0x20, 0x17, 0x1a, 0x34, 0x33, 0x2c, 0xce, 0xd2, 0xcb, 0xdc, 0xd8, 0xdb,
  0xda, 0xd7, 0xd7, 0xdc, 0xd7, 0xd8, 0xdb, 0xd6, 0xd7, 0xda, 0xd5, 0xd6,
  0xdb, 0xd6, 0xd7, 0xdb, 0xd6, 0xd7, 0xdb, 0xd6, 0xd7, 0xdb, 0xd6, 0xd7,
  0xda, 0xd5, 0xd6, 0xdb, 0xd6, 0xd7, 0xd6, 0xd1, 0xd2, 0xd8, 0xd4, 0xd3,
  0xdc, 0xdb, 0xdb, 0xdb, 0xda, 0xda, 0xdc, 0xd8, 0xd9, 0xdd, 0xd8, 0xd9,
  0xda, 0xd5, 0xd5, 0xdd, 0xda, 0xd9, 0xde, 0xdc, 0xdc, 0xdc, 0xd8, 0xd7,
  0xdc, 0xd8, 0xd8, 0xe1, 0xdf, 0xdf, 0xde, 0xda, 0xda, 0xdf, 0xdb, 0xdb,
  0xd9, 0xd6, 0xd4, 0xdc, 0xd8, 0xd7, 0xdd, 0xd9, 0xd8, 0xdc, 0xd9, 0xd8,
  0xdd, 0xda, 0xd9, 0xde, 0xdb, 0xda, 0xde, 0xdb, 0xda, 0xdb, 0xd6, 0xd5,
  0xdb, 0xd5, 0xd5, 0xde, 0xdb, 0xdb, 0xdb, 0xda, 0xda, 0xde, 0xdb, 0xdb,
  0xdd, 0xd9, 0xd8, 0xdb, 0xd7, 0xd7, 0xe0, 0xdf, 0xe0, 0xde, 0xda, 0xdb,
  0xdf, 0xdd, 0xdc, 0xde, 0xdc, 0xdc, 0xde, 0xdb, 0xdb, 0xdf, 0xdc, 0xdc,
  0xdf, 0xdd, 0xdd, 0xdf, 0xdd, 0xdd, 0xde, 0xda, 0xda, 0xde, 0xdc, 0xdc,
  0xde, 0xdc, 0xdc, 0xde, 0xdb, 0xdb, 0xdb, 0xd7, 0xd6, 0xd9, 0xd3, 0xd3,
  0xde, 0xdc, 0xdc, 0xde, 0xdb, 0xda, 0xde, 0xdb, 0xdc, 0xdc, 0xd7, 0xd7,
  0xd9, 0xd6, 0xd5, 0xda, 0xd6, 0xd6, 0xde, 0xda, 0xda, 0xdc, 0xd8, 0xd8,
  0xdf, 0xdc, 0xdc, 0xde, 0xdc, 0xdd, 0xdf, 0xdd, 0xdd, 0xdd, 0xdc, 0xdc,
  0xdf, 0xdb, 0xdc, 0xdf, 0xdc, 0xdc, 0xdc, 0xd9, 0xd9, 0xdd, 0xda, 0xda,
  0xdb, 0xd8, 0xd8, 0xdd, 0xda, 0xdb, 0xde, 0xdc, 0xdc, 0xdb, 0xd9, 0xd8,
  0xd9, 0xd6, 0xd5, 0xda, 0xd5, 0xd5, 0xdb, 0xd8, 0xd8, 0xda, 0xd8, 0xd8,
  0xde, 0xdc, 0xdc, 0xd9, 0xd5, 0xd5, 0xd5, 0xd1, 0xd0, 0xd8, 0xd3, 0xd3,
  0xd5, 0xd0, 0xcf, 0xd9, 0xd5, 0xd5, 0xcf, 0xcc, 0xcb, 0xd2, 0xce, 0xcb,
  0xd3, 0xcf, 0xce, 0xd5, 0xd1, 0xd2, 0xd6, 0xd1, 0xd2, 0xd6, 0xd2, 0xd2,
  0xd5, 0xd1, 0xd1, 0xd6, 0xd4, 0xd3, 0xd8, 0xd6, 0xd6, 0xd9, 0xd4, 0xd5,
  0xdc, 0xd9, 0xd9, 0xdd, 0xdb, 0xdb, 0xdd, 0xdb, 0xdb, 0xe2, 0xe1, 0xe0,
  0xcb, 0xc4, 0xcb, 0x3e, 0x36, 0x3d, 0x32, 0x2d, 0x2f, 0x21, 0x1b, 0x1c,
  0x1a, 0x14, 0x14, 0x18, 0x13, 0x12, 0x19, 0x14, 0x13, 0x18, 0x12, 0x10,
  0x16, 0x11, 0x0e, 0x14, 0x10, 0x10, 0x14, 0x10, 0x0d, 0x17, 0x11, 0x0e,
  0x20, 0x20, 0x19, 0xcc, 0xcd, 0xc7, 0xe4, 0xe0, 0xe2, 0xdc, 0xd9, 0xd7,
  0xe2, 0xdd, 0xe0, 0x4d, 0x43, 0x4b, 0x2c, 0x29, 0x29, 0x33, 0x2f, 0x31,
  0x27, 0x21, 0x23, 0x21, 0x1b, 0x1b, 0x23, 0x1d, 0x1d, 0x24, 0x1b, 0x1c,
  0x1f, 0x17, 0x18, 0x21, 0x19, 0x1a, 0x1f, 0x17, 0x18, 0x1d, 0x17, 0x17,
  0x23, 0x1e, 0x1d, 0x17, 0x14, 0x12, 0x95, 0x9b, 0x90, 0xe8, 0xe4, 0xe5,
  0xd6, 0xd1, 0xd2, 0xd9, 0xd5, 0xd6, 0xda, 0xd5, 0xd6, 0xdb, 0xd5, 0xd6,
  0xda, 0xd5, 0xd6, 0xd9, 0xd5, 0xd6, 0xd8, 0xd3, 0xd4, 0xdb, 0xd6, 0xd7,
  0xdc, 0xd7, 0xd8, 0xdb, 0xd7, 0xd8, 0xdb, 0xd7, 0xd8, 0xda, 0xd5, 0xd6,
  0xdb, 0xda, 0xda, 0xd9, 0xd5, 0xd5, 0xd8, 0xd4, 0xd4, 0xdb, 0xd8, 0xd9,
  0xdd, 0xd8, 0xd8, 0xe2, 0xe0, 0xe0, 0xe2, 0xdf, 0xdf, 0xdc, 0xd8, 0xd8,
  0xdd, 0xda, 0xda, 0xdf, 0xdc, 0xdb, 0xde, 0xd9, 0xd8, 0xdd, 0xda, 0xd9,
  0xdf, 0xdb, 0xda, 0xe0, 0xdd, 0xdd, 0xe0, 0xde, 0xde, 0xe1, 0xde, 0xde,
  0xdf, 0xdc, 0xdd, 0xde, 0xda, 0xdb, 0xde, 0xda, 0xdb, 0xda, 0xd6, 0xd6,
  0xe0, 0xdb, 0xdc, 0xe3, 0xe0, 0xe1, 0xde, 0xdb, 0xdb, 0xda, 0xd7, 0xd6,
  0xdb, 0xd7, 0xd6, 0xdc, 0xd8, 0xd8, 0xde, 0xdc, 0xdb, 0xde, 0xdc, 0xdc,
  0xde, 0xdc, 0xdc, 0xde, 0xda, 0xda, 0xdb, 0xd6, 0xd6, 0xde, 0xda, 0xda,
  0xdd, 0xd9, 0xda, 0xde, 0xdb, 0xdb, 0xdc, 0xd9, 0xd9, 0xde, 0xdc, 0xdb,
  0xdd, 0xdb, 0xdb, 0xdd, 0xda, 0xdb, 0xdd, 0xdc, 0xdb, 0xdf, 0xdd, 0xdc,
  0xe0, 0xdd, 0xdd, 0xe0, 0xde, 0xde, 0xdf, 0xdc, 0xdc, 0xde, 0xdc, 0xdd,
  0xdd, 0xdb, 0xda, 0xdc, 0xd8, 0xd7, 0xe0, 0xdb, 0xdc, 0xdc, 0xd9, 0xd9,
  0xda, 0xd7, 0xd6, 0xdd, 0xd9, 0xda, 0xdf, 0xdb, 0xdb, 0xdf, 0xde, 0xdd,
  0xdf, 0xdd, 0xdd, 0xdc, 0xdb, 0xdb, 0xdd, 0xda, 0xda, 0xdd, 0xdc, 0xdb,
  0xde, 0xdc, 0xdc, 0xdd, 0xdb, 0xdb, 0xdd, 0xdb, 0xdb, 0xd9, 0xd7, 0xd7,
  0xdd, 0xdb, 0xdb, 0xdd, 0xda, 0xda, 0xdc, 0xdb, 0xdc, 0xd9, 0xd7, 0xd7,
  0xda, 0xd6, 0xd6, 0xd8, 0xd6, 0xd5, 0xd8, 0xd6, 0xd6, 0xdc, 0xd8, 0xd9,
  0xd8, 0xd6, 0xd6, 0xd9, 0xd6, 0xd6, 0xd8, 0xd5, 0xd5, 0xd9, 0xd4, 0xd4,
  0xd6, 0xd3, 0xd3, 0xda, 0xd8, 0xd8, 0xdb, 0xd9, 0xd9, 0xd8, 0xd7, 0xd7,
  0xd9, 0xd6, 0xd6, 0xd9, 0xd5, 0xd5, 0xd4, 0xcf, 0xcf, 0xd4, 0xd0, 0xcf,
  0xd4, 0xd0, 0xcf, 0xd5, 0xcf, 0xd0, 0xd8, 0xd5, 0xd5, 0xd4, 0xd1, 0xd0,
  0xe2, 0xdf, 0xe0, 0x6b, 0x62, 0x6c, 0x2a, 0x24, 0x25, 0x28, 0x22, 0x23,
  0x1e, 0x18, 0x19, 0x19, 0x14, 0x13, 0x19, 0x14, 0x13, 0x1a, 0x15, 0x14,
  0x15, 0x11, 0x0e, 0x14, 0x0f, 0x0e, 0x14, 0x0f, 0x0d, 0x18, 0x13, 0x12,
  0x10, 0x0d, 0x0b, 0xab, 0xac, 0xa5, 0xec, 0xe8, 0xe9, 0xdb, 0xd7, 0xd8,
  0xeb, 0xe9, 0xe8, 0xa2, 0x99, 0xa0, 0x27, 0x22, 0x24, 0x3d, 0x39, 0x3d,
  0x2e, 0x28, 0x2d, 0x20, 0x1a, 0x1a, 0x21, 0x1c, 0x1c, 0x21, 0x1b, 0x1c,
  0x1f, 0x19, 0x1a, 0x20, 0x19, 0x1a, 0x20, 0x19, 0x1a, 0x1f, 0x19, 0x1a,
  0x23, 0x1d, 0x1d, 0x1a, 0x12, 0x15, 0x4d, 0x51, 0x48, 0xe3, 0xe2, 0xdf,
  0xd7, 0xd2, 0xd4, 0xda, 0xd4, 0xd5, 0xd9, 0xd4, 0xd5, 0xda, 0xd6, 0xd6,
  0xd8, 0xd6, 0xd6, 0xd9, 0xd8, 0xd8, 0xd9, 0xd6, 0xd6, 0xda, 0xd5, 0xd6,
  0xda, 0xd5, 0xd6, 0xda, 0xd9, 0xd9, 0xdb, 0xd8, 0xd9, 0xda, 0xd5, 0xd6,
  0xdb, 0xd5, 0xd6, 0xda, 0xd5, 0xd6, 0xd9, 0xd3, 0xd5, 0xda, 0xd5, 0xd6,
  0xdf, 0xdb, 0xdb, 0xdf, 0xdc, 0xdc, 0xdf, 0xdb, 0xda, 0xe1, 0xdd, 0xdc,
  0xdf, 0xdb, 0xdb, 0xdf, 0xdd, 0xdd, 0xdf, 0xdc, 0xdc, 0xe1, 0xdf, 0xdf,
  0xe1, 0xdf, 0xdf, 0xdf, 0xda, 0xdb, 0xde, 0xda, 0xdb, 0xd7, 0xd2, 0xd3,
  0xdd, 0xd7, 0xd8, 0xe0, 0xdc, 0xdc, 0xdc, 0xda, 0xda, 0xdc, 0xd9, 0xda,
  0xdd, 0xd8, 0xd8, 0xdc, 0xd8, 0xd7, 0xde, 0xda, 0xda, 0xdc, 0xd7, 0xd6,
  0xda, 0xd5, 0xd4, 0xdd, 0xda, 0xd9, 0xdc, 0xd8, 0xd7, 0xe0, 0xde, 0xde,
  0xdd, 0xda, 0xda, 0xdd, 0xd9, 0xd9, 0xdf, 0xdd, 0xdd, 0xdf, 0xde, 0xde,
  0xde, 0xdc, 0xdb, 0xe1, 0xde, 0xdf, 0xde, 0xdb, 0xdb, 0xdc, 0xd8, 0xd7,
  0xdd, 0xdb, 0xda, 0xde, 0xdb, 0xdb, 0xdc, 0xd8, 0xd8, 0xdd, 0xdb, 0xda,
  0xe3, 0xe1, 0xe1, 0xe0, 0xe0, 0xdf, 0xdc, 0xda, 0xda, 0xdf, 0xdd, 0xdd,
  0xe1, 0xe1, 0xe2, 0xde, 0xdb, 0xdb, 0xd8, 0xd4, 0xd4, 0xda, 0xd6, 0xd5,
  0xdc, 0xd9, 0xd9, 0xdb, 0xd8, 0xd8, 0xdd, 0xd9, 0xd9, 0xd8, 0xd5, 0xd3,
  0xdc, 0xda, 0xda, 0xdc, 0xdb, 0xdb, 0xde, 0xdd, 0xdc, 0xdc, 0xdb, 0xdb,
  0xde, 0xde, 0xde, 0xdc, 0xdb, 0xdb, 0xdf, 0xde, 0xde, 0xde, 0xdd, 0xdc,
  0xd8, 0xd3, 0xd4, 0xd9, 0xd5, 0xd5, 0xd9, 0xd6, 0xd6, 0xda, 0xd8, 0xd8,
  0xda, 0xd8, 0xd8, 0xd9, 0xd5, 0xd6, 0xda, 0xd8, 0xd8, 0xda, 0xd7, 0xd7,
  0xda, 0xd7, 0xd6, 0xdc, 0xda, 0xda, 0xdb, 0xd7, 0xd8, 0xdb, 0xd8, 0xd9,
  0xda, 0xd7, 0xd7, 0xdb, 0xd9, 0xd9, 0xda, 0xd7, 0xd7, 0xd8, 0xd3, 0xd4,
  0xd8, 0xd3, 0xd4, 0xd9, 0xd7, 0xd7, 0xd8, 0xd4, 0xd5, 0xd9, 0xd5, 0xd6,
  0xd6, 0xd4, 0xd4, 0xd6, 0xd2, 0xd2, 0xd6, 0xd2, 0xd3, 0xd3, 0xce, 0xcf,
  0xdb, 0xd8, 0xd5, 0xb5, 0xac, 0xb1, 0x2c, 0x26, 0x2b, 0x35, 0x31, 0x33,
  0x21, 0x1a, 0x1c, 0x1b, 0x14, 0x13, 0x18, 0x13, 0x14, 0x18, 0x13, 0x13,
  0x17, 0x11, 0x10, 0x16, 0x11, 0x10, 0x14, 0x0f, 0x0f, 0x16, 0x11, 0x10,
  0x0d, 0x0b, 0x09, 0xa6, 0xaa, 0xa2, 0xed, 0xea, 0xeb, 0xde, 0xdd, 0xdc,
  0xe0, 0xdf, 0xdf, 0xe5, 0xe1, 0xe4, 0x4e, 0x44, 0x4c, 0x2a, 0x27, 0x28,
  0x2a, 0x25, 0x27, 0x29, 0x24, 0x25, 0x1e, 0x19, 0x18, 0x21, 0x1b, 0x1c,
  0x21, 0x1b, 0x1c, 0x1d, 0x17, 0x18, 0x21, 0x1a, 0x1b, 0x20, 0x19, 0x1a,
  0x22, 0x1b, 0x1c, 0x23, 0x1c, 0x1e, 0x25, 0x22, 0x1f, 0xac, 0xaf, 0xa6,
  0xde, 0xd9, 0xda, 0xd3, 0xce, 0xcf, 0xd8, 0xd6, 0xd6, 0xdb, 0xd8, 0xd8,
  0xd7, 0xd2, 0xd3, 0xd6, 0xd3, 0xd3, 0xd8, 0xd5, 0xd6, 0xd8, 0xd4, 0xd4,
  0xdc, 0xd6, 0xd7, 0xd9, 0xd6, 0xd6, 0xdb, 0xd9, 0xd9, 0xd8, 0xd3, 0xd4,
  0xd9, 0xd6, 0xd5, 0xda, 0xd8, 0xd8, 0xdb, 0xd8, 0xd9, 0xda, 0xd8, 0xd8,
  0xe0, 0xde, 0xde, 0xe0, 0xdf, 0xde, 0xdf, 0xdb, 0xdb, 0xdf, 0xdc, 0xdb,
  0xdf, 0xdd, 0xdd, 0xe0, 0xdd, 0xdd, 0xe1, 0xe0, 0xe0, 0xda, 0xd5, 0xd4,
  0xdb, 0xd7, 0xd6, 0xe0, 0xdc, 0xdc, 0xd6, 0xd2, 0xd0, 0xda, 0xd6, 0xd5,
  0xdf, 0xdc, 0xdc, 0xdf, 0xdc, 0xdc, 0xdf, 0xdd, 0xdc, 0xdc, 0xd8, 0xd7,
  0xd8, 0xd3, 0xd2, 0xda, 0xd5, 0xd4, 0xdf, 0xdd, 0xdd, 0xe0, 0xdd, 0xdc,
  0xde, 0xda, 0xd9, 0xd9, 0xd4, 0xd4, 0xde, 0xdb, 0xda, 0xdd, 0xda, 0xdb,
  0xda, 0xd6, 0xd6, 0xdf, 0xdd, 0xdd, 0xdf, 0xde, 0xde, 0xdf, 0xdd, 0xdd,
  0xdc, 0xda, 0xd9, 0xdd, 0xda, 0xd9, 0xda, 0xd6, 0xd5, 0xdb, 0xd7, 0xd6,
  0xde, 0xdb, 0xda, 0xde, 0xdc, 0xdc, 0xe0, 0xde, 0xdd, 0xe0, 0xdd, 0xdd,
  0xdb, 0xd7, 0xd8, 0xdb, 0xd9, 0xd9, 0xdd, 0xdc, 0xdc, 0xdd, 0xda, 0xda,
  0xdd, 0xdd, 0xdd, 0xd8, 0xd4, 0xd5, 0xd9, 0xd4, 0xd5, 0xdc, 0xd9, 0xd8,
  0xe0, 0xdd, 0xde, 0xda, 0xd5, 0xd6, 0xd4, 0xd0, 0xcf, 0xd5, 0xd1, 0xcf,
  0xd8, 0xd4, 0xd5, 0xd8, 0xd5, 0xd5, 0xd6, 0xd2, 0xd2, 0xd9, 0xd6, 0xd6,
  0xda, 0xd9, 0xd8, 0xdb, 0xd9, 0xd9, 0xdd, 0xdc, 0xdb, 0xdc, 0xdb, 0xda,
  0xd1, 0xcc, 0xcb, 0xd1, 0xcc, 0xcb, 0xd5, 0xd0, 0xcf, 0xd7, 0xd4, 0xd3,
  0xdc, 0xda, 0xda, 0xdb, 0xd9, 0xd9, 0xda, 0xd8, 0xd8, 0xdc, 0xdb, 0xdb,
  0xdc, 0xdb, 0xdb, 0xdb, 0xda, 0xda, 0xdb, 0xd9, 0xd9, 0xdb, 0xda, 0xda,
  0xdc, 0xdb, 0xda, 0xdb, 0xd9, 0xd9, 0xda, 0xd6, 0xd7, 0xd5, 0xd3, 0xd3,
  0xd9, 0xd7, 0xd7, 0xd7, 0xd4, 0xd5, 0xd6, 0xd4, 0xd4, 0xd6, 0xd2, 0xd3,
  0xd7, 0xd5, 0xd5, 0xdb, 0xda, 0xd9, 0xda, 0xd7, 0xd7, 0xd4, 0xcf, 0xcf,
  0xcf, 0xca, 0xc9, 0xe1, 0xdd, 0xdc, 0x82, 0x79, 0x82, 0x23, 0x1e, 0x20,
  0x28, 0x21, 0x22, 0x1d, 0x15, 0x15, 0x18, 0x14, 0x13, 0x18, 0x13, 0x14,
  0x16, 0x0f, 0x10, 0x15, 0x11, 0x0f, 0x17, 0x0e, 0x0b, 0x29, 0x18, 0x11,
  0x37, 0x1b, 0x17, 0x8c, 0x84, 0x7c, 0xef, 0xf0, 0xf0, 0xe1, 0xdf, 0xdf,
  0xe1, 0xde, 0xde, 0xee, 0xed, 0xec, 0xa2, 0x9b, 0xa2, 0x25, 0x1f, 0x23,
  0x37, 0x33, 0x37, 0x2d, 0x28, 0x2d, 0x1e, 0x19, 0x18, 0x20, 0x1a, 0x1a,
  0x21, 0x1b, 0x1a, 0x20, 0x18, 0x18, 0x1f, 0x1a, 0x1a, 0x20, 0x19, 0x1a,
  0x22, 0x1a, 0x1a, 0x25, 0x1e, 0x1e, 0x1d, 0x13, 0x15, 0x4c, 0x4e, 0x45,
  0xe2, 0xe2, 0xdf, 0xd6, 0xd3, 0xd4, 0xd9, 0xd7, 0xd7, 0xda, 0xd6, 0xd6,
  0xd9, 0xd7, 0xd7, 0xda, 0xd8, 0xd8, 0xda, 0xd7, 0xd8, 0xda, 0xd6, 0xd8,
  0xd9, 0xd6, 0xd6, 0xd6, 0xd3, 0xd3, 0xd9, 0xd7, 0xd7, 0xda, 0xd7, 0xd8,
  0xd9, 0xd7, 0xd7, 0xda, 0xd8, 0xd9, 0xda, 0xd7, 0xd9, 0xda, 0xd8, 0xd8,
  0xe1, 0xdf, 0xdf, 0xe2, 0xe0, 0xe0, 0xe2, 0xe0, 0xe0, 0xe2, 0xe0, 0xe0,
  0xe2, 0xe1, 0xe1, 0xe1, 0xde, 0xdf, 0xdf, 0xdc, 0xdd, 0xde, 0xdc, 0xdb,
  0xda, 0xd5, 0xd4, 0xdf, 0xda, 0xda, 0xdf, 0xdc, 0xdb, 0xdf, 0xdb, 0xdb,
  0xde, 0xdb, 0xdb, 0xda, 0xd6, 0xd4, 0xd8, 0xd4, 0xd3, 0xdb, 0xd7, 0xd8,
  0xdb, 0xd6, 0xd5, 0xde, 0xdb, 0xda, 0xde, 0xdd, 0xdd, 0xe1, 0xdf, 0xde,
  0xdf, 0xdd, 0xdc, 0xdb, 0xd7, 0xd5, 0xdd, 0xd9, 0xd8, 0xdd, 0xda, 0xda,
  0xd9, 0xd7, 0xd6, 0xdc, 0xd9, 0xd9, 0xdf, 0xdd, 0xdd, 0xdd, 0xda, 0xda,
  0xdc, 0xda, 0xda, 0xdb, 0xd8, 0xd7, 0xdd, 0xda, 0xd9, 0xe0, 0xe0, 0xdf,
  0xe0, 0xe0, 0xdf, 0xe0, 0xde, 0xde, 0xdf, 0xdb, 0xdc, 0xdc, 0xd9, 0xd9,
  0xd8, 0xd5, 0xd5, 0xde, 0xdb, 0xdb, 0xdd, 0xdb, 0xdb, 0xd9, 0xd6, 0xd5,
  0xd7, 0xd4, 0xd4, 0xd5, 0xd1, 0xd0, 0xdb, 0xd9, 0xd9, 0xdc, 0xd9, 0xda,
  0xd9, 0xd4, 0xd5, 0xda, 0xd6, 0xd6, 0xdc, 0xd8, 0xd8, 0xda, 0xd6, 0xd6,
  0xdb, 0xda, 0xda, 0xdb, 0xd8, 0xd7, 0xd6, 0xd2, 0xd1, 0xda, 0xd7, 0xd7,
  0xda, 0xd8, 0xd8, 0xda, 0xd6, 0xd7, 0xda, 0xd7, 0xd7, 0xdc, 0xdb, 0xdb,
  0xde, 0xdd, 0xdd, 0xd8, 0xd4, 0xd3, 0xd5, 0xd0, 0xd0, 0xd6, 0xd2, 0xd2,
  0xd7, 0xd3, 0xd2, 0xd5, 0xd1, 0xd1, 0xd6, 0xd2, 0xd2, 0xd8, 0xd5, 0xd5,
  0xd8, 0xd6, 0xd6, 0xdc, 0xda, 0xda, 0xd9, 0xd6, 0xd6, 0xd8, 0xd5, 0xd5,
  0xd9, 0xd6, 0xd6, 0xda, 0xd8, 0xd8, 0xd8, 0xd6, 0xd6, 0xd9, 0xd8, 0xd8,
  0xd8, 0xd7, 0xd7, 0xd7, 0xd5, 0xd5, 0xda, 0xd7, 0xd8, 0xd8, 0xd6, 0xd6,
  0xd7, 0xd6, 0xd6, 0xd9, 0xd7, 0xd7, 0xda, 0xd7, 0xd8, 0xdb, 0xd8, 0xd8,
  0xdb, 0xd9, 0xd9, 0xdf, 0xdf, 0xde, 0xcd, 0xc7, 0xcc, 0x3b, 0x35, 0x3a,
  0x2b, 0x25, 0x27, 0x1e, 0x17, 0x17, 0x1b, 0x12, 0x12, 0x17, 0x15, 0x15,
  0x27, 0x20, 0x1c, 0x2f, 0x15, 0x0f, 0x2b, 0x0b, 0x07, 0x36, 0x14, 0x0b,
  0x48, 0x27, 0x21, 0x41, 0x29, 0x1f, 0xcf, 0xd0, 0xca, 0xe7, 0xe6, 0xe8,
  0xe1, 0xdf, 0xde, 0xdf, 0xde, 0xde, 0xe9, 0xe6, 0xe8, 0x54, 0x4d, 0x54,
  0x27, 0x24, 0x24, 0x32, 0x2b, 0x2f, 0x24, 0x1c, 0x1d, 0x21, 0x1b, 0x1b,
  0x24, 0x1c, 0x1d, 0x22, 0x1a, 0x1a, 0x20, 0x19, 0x19, 0x21, 0x1b, 0x1b,
  0x22, 0x1a, 0x1b, 0x23, 0x1b, 0x1b, 0x26, 0x1e, 0x1e, 0x1c, 0x18, 0x17,
  0x9f, 0xa1, 0x9c, 0xe8, 0xe4, 0xe5, 0xd7, 0xd3, 0xd5, 0xda, 0xd7, 0xd8,
  0xdb, 0xd9, 0xd9, 0xdb, 0xd8, 0xd9, 0xda, 0xd7, 0xd8, 0xdb, 0xd9, 0xda,
  0xd9, 0xd7, 0xd7, 0xd9, 0xd6, 0xd8, 0xdb, 0xd8, 0xd9, 0xdb, 0xd9, 0xda,
  0xda, 0xd8, 0xda, 0xda, 0xd7, 0xd9, 0xda, 0xd6, 0xd9, 0xd9, 0xd7, 0xd8,
  0xdb, 0xd6, 0xd7, 0xe0, 0xdc, 0xdd, 0xdf, 0xdd, 0xdd, 0xde, 0xdc, 0xdc,
  0xdf, 0xdd, 0xdd, 0xe0, 0xde, 0xde, 0xdf, 0xdd, 0xdd, 0xe0, 0xdd, 0xdd,
  0xdf, 0xdc, 0xdc, 0xde, 0xdc, 0xdc, 0xe2, 0xe0, 0xe1, 0xdf, 0xdc, 0xdd,
  0xdd, 0xdb, 0xdb, 0xde, 0xdb, 0xda, 0xdf, 0xdd, 0xdc, 0xe2, 0xe0, 0xe0,
  0xe2, 0xe1, 0xe0, 0xdf, 0xde, 0xdd, 0xde, 0xdb, 0xdb, 0xdd, 0xdb, 0xda,
  0xdb, 0xd8, 0xd8, 0xdf, 0xdd, 0xdd, 0xdd, 0xdb, 0xdb, 0xdc, 0xd9, 0xd9,
  0xd9, 0xd4, 0xd3, 0xe1, 0xdf, 0xde, 0xdc, 0xd9, 0xd9, 0xda, 0xd6, 0xd6,
  0xde, 0xda, 0xdb, 0xde, 0xdc, 0xdc, 0xdf, 0xdd, 0xde, 0xdb, 0xd8, 0xd8,
  0xdc, 0xd9, 0xd9, 0xdb, 0xd8, 0xd8, 0xdc, 0xd9, 0xd9, 0xdc, 0xd8, 0xd8,
  0xdb, 0xd7, 0xd7, 0xda, 0xd6, 0xd7, 0xda, 0xd6, 0xd6, 0xd8, 0xd4, 0xd2,
  0xd7, 0xd3, 0xd2, 0xdb, 0xd8, 0xd7, 0xdb, 0xd9, 0xd9, 0xd5, 0xd0, 0xd0,
  0xd6, 0xd1, 0xd0, 0xda, 0xd7, 0xd6, 0xda, 0xd7, 0xd8, 0xdd, 0xda, 0xda,
  0xdb, 0xd7, 0xd7, 0xda, 0xd6, 0xd5, 0xdc, 0xd8, 0xd7, 0xdc, 0xd9, 0xda,
  0xdc, 0xdb, 0xdb, 0xdc, 0xd8, 0xd9, 0xdc, 0xd8, 0xd8, 0xd9, 0xd4, 0xd5,
  0xd5, 0xd2, 0xd2, 0xd5, 0xd2, 0xd1, 0xd7, 0xd4, 0xd3, 0xd6, 0xd4, 0xd3,
  0xd5, 0xd1, 0xd1, 0xd6, 0xd2, 0xd3, 0xd7, 0xd2, 0xd3, 0xd5, 0xd0, 0xd1,
  0xd8, 0xd5, 0xd5, 0xd9, 0xd5, 0xd5, 0xd9, 0xd6, 0xd6, 0xda, 0xd9, 0xd9,
  0xd9, 0xd7, 0xd7, 0xd8, 0xd5, 0xd5, 0xd8, 0xd6, 0xd7, 0xd7, 0xd4, 0xd4,
  0xd7, 0xd4, 0xd5, 0xd5, 0xd2, 0xd2, 0xd6, 0xd2, 0xd3, 0xd6, 0xd2, 0xd3,
  0xd6, 0xd4, 0xd4, 0xd7, 0xd4, 0xd4, 0xd6, 0xd3, 0xd4, 0xd8, 0xd7, 0xd7,
  0xd7, 0xd3, 0xd3, 0xd3, 0xcf, 0xd0, 0xe2, 0xe0, 0xde, 0x85, 0x7e, 0x86,
  0x20, 0x1d, 0x1f, 0x25, 0x22, 0x26, 0x25, 0x23, 0x27, 0x4a, 0x42, 0x41,
  0x54, 0x34, 0x2d, 0x52, 0x29, 0x1e, 0x3d, 0x18, 0x11, 0x32, 0x10, 0x08,
  0x48, 0x2a, 0x24, 0x37, 0x17, 0x12, 0x86, 0x81, 0x75, 0xed, 0xee, 0xf0,
  0xdd, 0xdb, 0xdb, 0xdb, 0xd9, 0xda, 0xeb, 0xeb, 0xe9, 0xaf, 0xa5, 0xad,
  0x26, 0x20, 0x24, 0x26, 0x22, 0x21, 0x2a, 0x24, 0x25, 0x23, 0x1b, 0x1d,
  0x22, 0x1d, 0x1d, 0x22, 0x1b, 0x1b, 0x1f, 0x19, 0x1a, 0x21, 0x1b, 0x1c,
  0x20, 0x1a, 0x1b, 0x20, 0x19, 0x19, 0x23, 0x1d, 0x1c, 0x20, 0x18, 0x1b,
  0x30, 0x2f, 0x2b, 0xd0, 0xd3, 0xce, 0xde, 0xda, 0xde, 0xdb, 0xd8, 0xda,
  0xda, 0xd7, 0xd9, 0xda, 0xd6, 0xd8, 0xdb, 0xd7, 0xda, 0xda, 0xd8, 0xd9,
  0xda, 0xd8, 0xd8, 0xda, 0xd6, 0xd9, 0xdb, 0xd9, 0xda, 0xdb, 0xd8, 0xda,
  0xdb, 0xd8, 0xda, 0xdb, 0xd8, 0xda, 0xda, 0xd7, 0xda, 0xda, 0xd7, 0xd9,
  0xde, 0xdc, 0xdc, 0xdd, 0xd9, 0xd9, 0xdf, 0xdc, 0xdc, 0xde, 0xdc, 0xdc,
  0xdf, 0xdd, 0xdd, 0xe0, 0xde, 0xde, 0xe0, 0xdf, 0xdf, 0xdf, 0xdb, 0xdb,
  0xdb, 0xd6, 0xd7, 0xde, 0xdc, 0xdc, 0xdc, 0xd9, 0xd9, 0xd8, 0xd2, 0xd2,
  0xe1, 0xdd, 0xdd, 0xe0, 0xdc, 0xdd, 0xdd, 0xd9, 0xd9, 0xdd, 0xd9, 0xd9,
  0xdc, 0xd9, 0xda, 0xdd, 0xd9, 0xd9, 0xd9, 0xd6, 0xd4, 0xd9, 0xd5, 0xd4,
  0xdb, 0xd7, 0xd8, 0xdd, 0xdc, 0xdc, 0xdd, 0xdb, 0xda, 0xdc, 0xd8, 0xd8,
  0xdb, 0xd7, 0xd8, 0xde, 0xdc, 0xdc, 0xd9, 0xd7, 0xd6, 0xda, 0xd6, 0xd5,
  0xd7, 0xd2, 0xd2, 0xda, 0xd6, 0xd4, 0xdc, 0xd9, 0xd9, 0xd5, 0xd0, 0xcf,
  0xd5, 0xd0, 0xcf, 0xd6, 0xd1, 0xd0, 0xda, 0xd6, 0xd5, 0xdd, 0xd8, 0xd8,
  0xdb, 0xd8, 0xd7, 0xd9, 0xd4, 0xd4, 0xd3, 0xce, 0xcd, 0xdc, 0xda, 0xda,
  0xdd, 0xdd, 0xdd, 0xdc, 0xda, 0xdb, 0xd8, 0xd4, 0xd4, 0xdb, 0xda, 0xd8,
  0xdc, 0xda, 0xda, 0xdb, 0xd7, 0xd8, 0xd2, 0xcc, 0xcc, 0xd8, 0xd4, 0xd3,
  0xd8, 0xd3, 0xd3, 0xdc, 0xd9, 0xd9, 0xdf, 0xdd, 0xdd, 0xdd, 0xda, 0xda,
  0xdb, 0xd8, 0xd9, 0xda, 0xd6, 0xd6, 0xd8, 0xd5, 0xd5, 0xd8, 0xd3, 0xd4,
  0xd9, 0xd6, 0xd6, 0xdc, 0xd8, 0xd9, 0xda, 0xd9, 0xd9, 0xdb, 0xd9, 0xd9,
  0xde, 0xdc, 0xdc, 0xdc, 0xd9, 0xd9, 0xd8, 0xd3, 0xd4, 0xd9, 0xd6, 0xd6,
  0xd8, 0xd5, 0xd6, 0xd7, 0xd4, 0xd5, 0xd9, 0xd6, 0xd6, 0xdc, 0xd9, 0xda,
  0xda, 0xd7, 0xd7, 0xd2, 0xcd, 0xce, 0xd7, 0xd3, 0xd4, 0xd8, 0xd6, 0xd6,
  0xd5, 0xd3, 0xd3, 0xd6, 0xd5, 0xd5, 0xd6, 0xd2, 0xd3, 0xd8, 0xd5, 0xd6,
  0xd7, 0xd6, 0xd6, 0xd6, 0xd4, 0xd4, 0xd4, 0xd2, 0xd2, 0xd5, 0xd4, 0xd4,
  0xd5, 0xd1, 0xd2, 0xd8, 0xd6, 0xd5, 0xd9, 0xd5, 0xd7, 0x93, 0x8b, 0x8d,
  0x7b, 0x7c, 0x7b, 0x59, 0x5a, 0x5e, 0x4d, 0x34, 0x2f, 0x54, 0x23, 0x17,
  0x55, 0x21, 0x15, 0x55, 0x28, 0x20, 0x4b, 0x23, 0x1b, 0x45, 0x2e, 0x27,
  0x59, 0x47, 0x46, 0x38, 0x19, 0x13, 0x87, 0x85, 0x78, 0xee, 0xed, 0xef,
  0xda, 0xd8, 0xd8, 0xe1, 0xdf, 0xdf, 0xd5, 0xcf, 0xd3, 0xba, 0xb4, 0xba,
  0x45, 0x3b, 0x42, 0x20, 0x1d, 0x1b, 0x37, 0x34, 0x3a, 0x22, 0x1a, 0x1c,
  0x21, 0x1c, 0x1a, 0x22, 0x1c, 0x1b, 0x1f, 0x1a, 0x19, 0x1f, 0x19, 0x1a,
  0x20, 0x1a, 0x1b, 0x22, 0x19, 0x1a, 0x21, 0x18, 0x18, 0x25, 0x1f, 0x1f,
  0x19, 0x13, 0x14, 0x85, 0x8b, 0x80, 0xe8, 0xe6, 0xe6, 0xd1, 0xcf, 0xd0,
  0xd9, 0xd6, 0xd8, 0xd9, 0xd6, 0xd9, 0xda, 0xd7, 0xd9, 0xd9, 0xd6, 0xd8,
  0xd9, 0xd7, 0xd7, 0xda, 0xd7, 0xda, 0xdb, 0xd8, 0xd9, 0xda, 0xd7, 0xd9,
  0xda, 0xd7, 0xd9, 0xda, 0xd7, 0xd9, 0xd9, 0xd6, 0xd8, 0xd9, 0xd7, 0xd8,
  0xdf, 0xde, 0xdd, 0xdd, 0xdb, 0xdb, 0xdf, 0xdd, 0xdd, 0xde, 0xdc, 0xdc,
  0xe0, 0xde, 0xde, 0xdf, 0xdd, 0xdd, 0xdd, 0xda, 0xdb, 0xde, 0xdb, 0xdc,
  0xde, 0xdc, 0xdc, 0xda, 0xd5, 0xd4, 0xd6, 0xd2, 0xd0, 0xdb, 0xd7, 0xd5,
  0xdf, 0xdc, 0xdc, 0xe0, 0xdd, 0xde, 0xdd, 0xd9, 0xd9, 0xdd, 0xda, 0xda,
  0xdd, 0xda, 0xdb, 0xdb, 0xd8, 0xd8, 0xdc, 0xd8, 0xd7, 0xdd, 0xd9, 0xd8,
  0xe0, 0xde, 0xde, 0xde, 0xdb, 0xdb, 0xdc, 0xd9, 0xd9, 0xd9, 0xd5, 0xd4,
  0xdc, 0xd9, 0xd8, 0xd9, 0xd6, 0xd5, 0xd6, 0xd2, 0xd2, 0xd4, 0xd1, 0xd1,
  0xd7, 0xd2, 0xd1, 0xd7, 0xd3, 0xd1, 0xd9, 0xd7, 0xd6, 0xde, 0xda, 0xda,
  0xda, 0xd7, 0xd7, 0xde, 0xd9, 0xd9, 0xdb, 0xd9, 0xd9, 0xdc, 0xdb, 0xdb,
  0xd7, 0xd1, 0xd1, 0xd7, 0xd4, 0xd3, 0xd2, 0xcd, 0xcc, 0xd7, 0xd1, 0xd1,
  0xdb, 0xd9, 0xd9, 0xdc, 0xdb, 0xda, 0xd9, 0xd6, 0xd6, 0xdd, 0xdb, 0xdb,
  0xe0, 0xdf, 0xdf, 0xdb, 0xd8, 0xd9, 0xda, 0xd7, 0xd8, 0xd8, 0xd4, 0xd3,
  0xdc, 0xd9, 0xd9, 0xde, 0xdd, 0xdc, 0xdd, 0xda, 0xda, 0xd8, 0xd4, 0xd4,
  0xd8, 0xd4, 0xd5, 0xda, 0xd8, 0xd8, 0xda, 0xd9, 0xd9, 0xda, 0xd8, 0xd8,
  0xdb, 0xda, 0xda, 0xde, 0xdd, 0xdd, 0xdc, 0xdc, 0xdc, 0xdb, 0xd7, 0xd8,
  0xda, 0xd8, 0xd8, 0xd9, 0xd5, 0xd5, 0xdb, 0xda, 0xda, 0xdc, 0xda, 0xda,
  0xd8, 0xd4, 0xd4, 0xd7, 0xd3, 0xd4, 0xd6, 0xd3, 0xd3, 0xd8, 0xd4, 0xd5,
  0xd5, 0xd0, 0xd2, 0xd6, 0xd3, 0xd3, 0xda, 0xda, 0xda, 0xd6, 0xd4, 0xd5,
  0xd8, 0xd5, 0xd5, 0xd8, 0xd8, 0xd8, 0xd7, 0xd4, 0xd5, 0xd4, 0xd0, 0xd0,
  0xd3, 0xd1, 0xd1, 0xd4, 0xd0, 0xd1, 0xd3, 0xce, 0xce, 0xd3, 0xd1, 0xd0,
  0xdd, 0xdd, 0xdd, 0xd8, 0xd5, 0xd6, 0xd3, 0xcb, 0xcf, 0x83, 0x8a, 0x92,
  0x77, 0x73, 0x77, 0x75, 0x63, 0x5d, 0x66, 0x4a, 0x47, 0x4c, 0x1d, 0x0f,
  0x55, 0x28, 0x1b, 0x4a, 0x1e, 0x15, 0x39, 0x11, 0x08, 0x3e, 0x23, 0x1c,
  0x4a, 0x30, 0x2d, 0x41, 0x28, 0x22, 0x6f, 0x69, 0x60, 0xdf, 0xdf, 0xdd,
  0xd8, 0xd6, 0xd7, 0xdd, 0xdb, 0xdd, 0x6f, 0x63, 0x74, 0x4e, 0x51, 0x4a,
  0x70, 0x66, 0x6c, 0x25, 0x1f, 0x22, 0x34, 0x30, 0x33, 0x26, 0x20, 0x22,
  0x20, 0x1b, 0x1a, 0x20, 0x1a, 0x1a, 0x1f, 0x1b, 0x18, 0x1f, 0x19, 0x19,
  0x20, 0x1a, 0x1c, 0x20, 0x19, 0x1a, 0x21, 0x18, 0x19, 0x20, 0x1b, 0x1a,
  0x21, 0x19, 0x1c, 0x39, 0x39, 0x32, 0xd1, 0xd4, 0xcf, 0xda, 0xd6, 0xd9,
  0xd7, 0xd4, 0xd6, 0xd8, 0xd5, 0xd7, 0xd9, 0xd6, 0xd8, 0xd9, 0xd6, 0xd7,
  0xd9, 0xd6, 0xd7, 0xd8, 0xd5, 0xd8, 0xd8, 0xd5, 0xd7, 0xd9, 0xd6, 0xd8,
  0xd9, 0xd6, 0xd8, 0xd9, 0xd5, 0xd8, 0xd9, 0xd6, 0xd8, 0xd9, 0xd6, 0xd8,
  0xe0, 0xdc, 0xdd, 0xdf, 0xdc, 0xdc, 0xdd, 0xda, 0xdb, 0xdd, 0xda, 0xda,
  0xe0, 0xdd, 0xdd, 0xdf, 0xdd, 0xdd, 0xe0, 0xdd, 0xde, 0xdf, 0xde, 0xde,
  0xe1, 0xdf, 0xdf, 0xe0, 0xdd, 0xdd, 0xde, 0xdc, 0xdc, 0xdf, 0xdd, 0xdd,
  0xdf, 0xdd, 0xdd, 0xdf, 0xdd, 0xdd, 0xe1, 0xde, 0xde, 0xe0, 0xdf, 0xdf,
  0xe1, 0xe1, 0xe1, 0xdf, 0xdd, 0xdd, 0xdf, 0xdb, 0xdb, 0xdf, 0xdc, 0xdc,
  0xdf, 0xdc, 0xdc, 0xde, 0xdc, 0xdc, 0xda, 0xd7, 0xd6, 0xdc, 0xd8, 0xd8,
  0xdc, 0xd9, 0xd9, 0xdc, 0xd9, 0xd9, 0xdc, 0xd9, 0xd9, 0xd8, 0xd4, 0xd3,
  0xd9, 0xd5, 0xd5, 0xdd, 0xd9, 0xda, 0xda, 0xd7, 0xd7, 0xda, 0xd6, 0xd6,
  0xdc, 0xd9, 0xda, 0xd7, 0xd2, 0xd3, 0xd6, 0xd2, 0xd1, 0xdc, 0xd8, 0xd9,
  0xda, 0xd8, 0xd8, 0xd9, 0xd5, 0xd5, 0xdc, 0xda, 0xd9, 0xdb, 0xd8, 0xd7,
  0xdc, 0xd8, 0xd9, 0xdc, 0xda, 0xda, 0xdb, 0xd6, 0xd7, 0xda, 0xd5, 0xd6,
  0xdb, 0xd8, 0xd8, 0xda, 0xd5, 0xd5, 0xd9, 0xd4, 0xd4, 0xce, 0xc8, 0xc6,
  0xd6, 0xd1, 0xd1, 0xd7, 0xd4, 0xd5, 0xd7, 0xd3, 0xd3, 0xdb, 0xd8, 0xd8,
  0xdb, 0xd9, 0xd9, 0xdc, 0xda, 0xda, 0xdc, 0xd9, 0xd9, 0xd9, 0xd4, 0xd5,
  0xd9, 0xd4, 0xd5, 0xd7, 0xd4, 0xd4, 0xdb, 0xda, 0xd9, 0xd9, 0xd5, 0xd5,
  0xd9, 0xd7, 0xd7, 0xda, 0xd9, 0xd9, 0xd9, 0xd6, 0xd6, 0xd5, 0xd1, 0xd2,
  0xd6, 0xd2, 0xd3, 0xd6, 0xd3, 0xd4, 0xd7, 0xd6, 0xd6, 0xd7, 0xd5, 0xd5,
  0xd8, 0xd5, 0xd6, 0xd7, 0xd5, 0xd5, 0xd9, 0xd8, 0xd8, 0xd7, 0xd6, 0xd6,
  0xd6, 0xd5, 0xd5, 0xda, 0xd9, 0xd9, 0xd5, 0xd1, 0xd2, 0xd1, 0xcc, 0xcd,
  0xd2, 0xd0, 0xd0, 0xd4, 0xd2, 0xd2, 0xd3, 0xd0, 0xd0, 0xda, 0xd6, 0xd7,
  0xc9, 0xc3, 0xc8, 0x74, 0x6e, 0x70, 0x84, 0x83, 0x83, 0x68, 0x5b, 0x6c,
  0x4d, 0x21, 0x1b, 0x4e, 0x21, 0x13, 0x58, 0x3b, 0x34, 0x4e, 0x23, 0x18,
  0x4f, 0x22, 0x15, 0x42, 0x15, 0x09, 0x37, 0x0a, 0x02, 0x39, 0x18, 0x11,
  0x3f, 0x1d, 0x18, 0x47, 0x33, 0x2d, 0x45, 0x3b, 0x35, 0xbc, 0xba, 0xb2,
  0xe5, 0xe4, 0xe6, 0xb3, 0xb1, 0xbc, 0x38, 0x31, 0x40, 0x5a, 0x5e, 0x55,
  0xb2, 0xaa, 0xb1, 0x26, 0x1f, 0x26, 0x34, 0x31, 0x36, 0x2e, 0x29, 0x2d,
  0x1b, 0x16, 0x16, 0x20, 0x1a, 0x1a, 0x20, 0x1b, 0x1a, 0x20, 0x1a, 0x1a,
  0x20, 0x1a, 0x1c, 0x20, 0x18, 0x18, 0x20, 0x18, 0x18, 0x1e, 0x18, 0x18,
  0x23, 0x1c, 0x1d, 0x1c, 0x14, 0x13, 0x7f, 0x84, 0x7a, 0xe6, 0xe4, 0xe5,
  0xd4, 0xd0, 0xd2, 0xd6, 0xd3, 0xd6, 0xd7, 0xd4, 0xd6, 0xd6, 0xd3, 0xd5,
  0xd6, 0xd3, 0xd5, 0xd6, 0xd3, 0xd5, 0xd7, 0xd4, 0xd6, 0xd7, 0xd4, 0xd6,
  0xd7, 0xd4, 0xd6, 0xd8, 0xd5, 0xd6, 0xd9, 0xd6, 0xd7, 0xd9, 0xd6, 0xd8,
  0xdb, 0xd6, 0xd7, 0xde, 0xda, 0xda, 0xe0, 0xdb, 0xdc, 0xdf, 0xdb, 0xdc,
  0xdc, 0xd8, 0xd9, 0xde, 0xda, 0xdb, 0xe0, 0xdd, 0xdd, 0xdf, 0xdc, 0xdb,
  0xdd, 0xd9, 0xd9, 0xdf, 0xdd, 0xdd, 0xe0, 0xde, 0xde, 0xdf, 0xdd, 0xdd,
  0xdf, 0xdc, 0xdc, 0xe0, 0xdf, 0xdf, 0xdf, 0xde, 0xde, 0xde, 0xdb, 0xdb,
  0xdd, 0xdb, 0xdb, 0xdf, 0xdc, 0xdc, 0xdc, 0xd8, 0xd8, 0xdc, 0xd8, 0xd8,
  0xdd, 0xda, 0xd9, 0xe1, 0xde, 0xde, 0xd7, 0xd2, 0xd1, 0xde, 0xda, 0xdb,
  0xdb, 0xd7, 0xd7, 0xd9, 0xd5, 0xd5, 0xd9, 0xd5, 0xd5, 0xdd, 0xda, 0xd9,
  0xdc, 0xd8, 0xd9, 0xdd, 0xd8, 0xd9, 0xd9, 0xd5, 0xd5, 0xd6, 0xd2, 0xd2,
  0xdb, 0xd6, 0xd6, 0xd8, 0xd4, 0xd3, 0xd9, 0xd5, 0xd5, 0xde, 0xdc, 0xdb,
  0xde, 0xde, 0xde, 0xdd, 0xdb, 0xdb, 0xdc, 0xd9, 0xd9, 0xda, 0xd8, 0xd8,
  0xd9, 0xd5, 0xd5, 0xda, 0xd7, 0xd7, 0xd9, 0xd5, 0xd6, 0xdc, 0xd7, 0xd8,
  0xdb, 0xd9, 0xd9, 0xdb, 0xd8, 0xd8, 0xd6, 0xd0, 0xd1, 0xd7, 0xd3, 0xd2,
  0xd8, 0xd4, 0xd4, 0xd9, 0xd6, 0xd6, 0xd8, 0xd3, 0xd3, 0xd8, 0xd4, 0xd4,
  0xd4, 0xcf, 0xcf, 0xd3, 0xce, 0xce, 0xd9, 0xd5, 0xd6, 0xda, 0xd7, 0xd7,
  0xda, 0xd6, 0xd7, 0xd8, 0xd5, 0xd5, 0xd9, 0xd7, 0xd7, 0xda, 0xd8, 0xd8,
  0xdb, 0xda, 0xda, 0xda, 0xd8, 0xd8, 0xd3, 0xce, 0xcf, 0xd7, 0xd3, 0xd3,
  0xdb, 0xda, 0xda, 0xd9, 0xd6, 0xd7, 0xd9, 0xd7, 0xd7, 0xd9, 0xd9, 0xd9,
  0xda, 0xd8, 0xd8, 0xd8, 0xd6, 0xd6, 0xd8, 0xd6, 0xd6, 0xd9, 0xd5, 0xd6,
  0xd6, 0xd2, 0xd3, 0xd3, 0xd0, 0xd1, 0xd0, 0xcb, 0xcb, 0xd3, 0xce, 0xce,
  0xd7, 0xd5, 0xd5, 0xd1, 0xcf, 0xcf, 0xd3, 0xd1, 0xd1, 0xda, 0xd7, 0xd7,
  0xa8, 0xa5, 0xab, 0x67, 0x65, 0x66, 0x5c, 0x4b, 0x4b, 0x4a, 0x1d, 0x12,
  0x4c, 0x1e, 0x0f, 0x4c, 0x1f, 0x14, 0x49, 0x1d, 0x11, 0x4d, 0x21, 0x12,
  0x46, 0x17, 0x0a, 0x42, 0x1d, 0x0f, 0x45, 0x35, 0x2c, 0x4b, 0x33, 0x30,
  0x3b, 0x18, 0x13, 0x3f, 0x29, 0x21, 0x44, 0x37, 0x32, 0xa1, 0x9b, 0x92,
  0xb9, 0xb8, 0xc3, 0x64, 0x60, 0x6b, 0x27, 0x27, 0x28, 0x8a, 0x8f, 0x85,
  0xe8, 0xe3, 0xe9, 0x42, 0x39, 0x44, 0x38, 0x36, 0x3a, 0x30, 0x2a, 0x30,
  0x21, 0x1b, 0x1c, 0x22, 0x1b, 0x1d, 0x23, 0x1c, 0x1d, 0x20, 0x19, 0x1a,
  0x1e, 0x16, 0x17, 0x1c, 0x15, 0x15, 0x1c, 0x16, 0x15, 0x1e, 0x17, 0x16,
  0x1f, 0x1a, 0x19, 0x20, 0x1c, 0x1f, 0x28, 0x28, 0x27, 0xb6, 0xb9, 0xb6,
  0xdb, 0xd8, 0xdb, 0xd3, 0xd1, 0xd2, 0xd4, 0xd1, 0xd3, 0xd4, 0xd1, 0xd3,
  0xd4, 0xd1, 0xd3, 0xd4, 0xd1, 0xd3, 0xd4, 0xd1, 0xd3, 0xd3, 0xd0, 0xd2,
  0xd4, 0xd1, 0xd3, 0xd5, 0xd3, 0xd3, 0xd7, 0xd4, 0xd5, 0xd7, 0xd3, 0xd5,
  0xde, 0xdc, 0xdc, 0xe0, 0xde, 0xde, 0xdf, 0xdc, 0xdd, 0xde, 0xda, 0xdb,
  0xdf, 0xde, 0xde, 0xe0, 0xdd, 0xde, 0xdd, 0xd9, 0xd9, 0xdc, 0xda, 0xda,
  0xdd, 0xda, 0xda, 0xdd, 0xd9, 0xd9, 0xdd, 0xd9, 0xd9, 0xe0, 0xdf, 0xdf,
  0xde, 0xdc, 0xdc, 0xdd, 0xdb, 0xdb, 0xde, 0xdc, 0xdc, 0xdd, 0xdb, 0xdb,
  0xde, 0xd9, 0xda, 0xdd, 0xda, 0xda, 0xde, 0xdb, 0xdb, 0xdc, 0xda, 0xd9,
  0xe0, 0xe0, 0xe0, 0xdf, 0xde, 0xde, 0xdc, 0xd9, 0xd8, 0xdd, 0xda, 0xd9,
  0xd7, 0xd2, 0xd1, 0xde, 0xda, 0xda, 0xdc, 0xd9, 0xd9, 0xdb, 0xda, 0xda,
  0xdb, 0xd9, 0xd9, 0xdd, 0xda, 0xda, 0xdd, 0xdc, 0xdc, 0xdc, 0xd9, 0xd9,
  0xde, 0xdc, 0xdc, 0xdb, 0xd6, 0xd7, 0xd6, 0xd1, 0xd2, 0xd9, 0xd5, 0xd6,
  0xd9, 0xd5, 0xd5, 0xdf, 0xdc, 0xdc, 0xd9, 0xd5, 0xd5, 0xd5, 0xd1, 0xd0,
  0xda, 0xd7, 0xd6, 0xda, 0xd8, 0xd7, 0xdd, 0xdb, 0xdb, 0xdc, 0xd9, 0xd9,
  0xd8, 0xd3, 0xd4, 0xda, 0xd9, 0xd9, 0xd5, 0xd0, 0xcf, 0xd7, 0xd3, 0xd2,
  0xd9, 0xd4, 0xd4, 0xd4, 0xd0, 0xd0, 0xd1, 0xcb, 0xcb, 0xcd, 0xc7, 0xc5,
  0xd3, 0xcd, 0xcd, 0xd7, 0xd3, 0xd3, 0xda, 0xd9, 0xd9, 0xdd, 0xdb, 0xdc,
  0xdd, 0xdb, 0xdb, 0xd9, 0xd5, 0xd5, 0xd8, 0xd6, 0xd6, 0xde, 0xdd, 0xdd,
  0xdb, 0xda, 0xda, 0xd9, 0xd7, 0xd7, 0xd9, 0xd5, 0xd6, 0xd9, 0xd6, 0xd7,
  0xd5, 0xd4, 0xd4, 0xd5, 0xd1, 0xd2, 0xd8, 0xd5, 0xd5, 0xd9, 0xd8, 0xd8,
  0xd8, 0xd6, 0xd6, 0xd6, 0xd3, 0xd3, 0xd6, 0xd2, 0xd3, 0xd5, 0xd0, 0xd1,
  0xd6, 0xd2, 0xd2, 0xd5, 0xd1, 0xd2, 0xd4, 0xd1, 0xd1, 0xd3, 0xce, 0xcf,
  0xd2, 0xcf, 0xcf, 0xd2, 0xce, 0xce, 0xd8, 0xd5, 0xd4, 0xc7, 0xc5, 0xca,
  0x83, 0x6e, 0x74, 0x59, 0x34, 0x30, 0x52, 0x27, 0x1e, 0x50, 0x26, 0x18,
  0x4d, 0x25, 0x17, 0x51, 0x24, 0x19, 0x4e, 0x1e, 0x12, 0x46, 0x1c, 0x11,
  0x4c, 0x3a, 0x33, 0x4e, 0x4e, 0x4c, 0x52, 0x58, 0x56, 0x46, 0x2e, 0x2c,
  0x3b, 0x1a, 0x14, 0x3f, 0x27, 0x20, 0x46, 0x31, 0x2c, 0x6e, 0x66, 0x67,
  0x46, 0x40, 0x4a, 0x27, 0x21, 0x21, 0x21, 0x20, 0x1d, 0xa9, 0xab, 0xa4,
  0xef, 0xeb, 0xef, 0x86, 0x7b, 0x86, 0x1e, 0x18, 0x1b, 0x20, 0x1b, 0x1b,
  0x21, 0x1c, 0x1c, 0x20, 0x1b, 0x1b, 0x22, 0x1c, 0x1d, 0x21, 0x1c, 0x19,
  0x1d, 0x17, 0x17, 0x23, 0x1a, 0x1d, 0x24, 0x18, 0x1e, 0x25, 0x18, 0x22,
  0x2a, 0x18, 0x29, 0x31, 0x1d, 0x2d, 0x2f, 0x20, 0x29, 0xb0, 0xb5, 0xb2,
  0xd4, 0xd3, 0xd6, 0xcc, 0xca, 0xcb, 0xcd, 0xcb, 0xcc, 0xce, 0xcb, 0xcd,
  0xcf, 0xcd, 0xcd, 0xd0, 0xcd, 0xcf, 0xd1, 0xce, 0xd0, 0xcf, 0xcc, 0xce,
  0xd0, 0xcd, 0xcf, 0xd2, 0xcf, 0xd1, 0xd2, 0xd1, 0xd3, 0xd2, 0xd0, 0xd2,
  0xd9, 0xd4, 0xd4, 0xd9, 0xd4, 0xd3, 0xdb, 0xd7, 0xd7, 0xde, 0xd9, 0xda,
  0xe2, 0xde, 0xdf, 0xde, 0xdb, 0xdc, 0xda, 0xd6, 0xd5, 0xdb, 0xd6, 0xd6,
  0xde, 0xdb, 0xdc, 0xe0, 0xdd, 0xdd, 0xdf, 0xdd, 0xdd, 0xe0, 0xdf, 0xdf,
  0xdf, 0xde, 0xde, 0xda, 0xd5, 0xd5, 0xdb, 0xd7, 0xd7, 0xdc, 0xda, 0xda,
  0xde, 0xdb, 0xdb, 0xdb, 0xd7, 0xd8, 0xda, 0xd5, 0xd5, 0xdb, 0xd8, 0xd8,
  0xde, 0xdd, 0xdd, 0xdf, 0xdd, 0xdd, 0xe1, 0xe1, 0xe0, 0xdc, 0xda, 0xda,
  0xd8, 0xd3, 0xd2, 0xd9, 0xd4, 0xd5, 0xde, 0xda, 0xdb, 0xde, 0xdc, 0xdb,
  0xd7, 0xd3, 0xd2, 0xdd, 0xdc, 0xdc, 0xde, 0xdd, 0xdd, 0xd4, 0xd0, 0xcf,
  0xda, 0xd5, 0xd6, 0xdc, 0xd9, 0xda, 0xda, 0xd8, 0xd8, 0xd9, 0xd4, 0xd4,
  0xd5, 0xd1, 0xd1, 0xd4, 0xcf, 0xcd, 0xd7, 0xd3, 0xd1, 0xd7, 0xd2, 0xd2,
  0xda, 0xd7, 0xd7, 0xd6, 0xd0, 0xd1, 0xdb, 0xd9, 0xd9, 0xd6, 0xd2, 0xd2,
  0xd6, 0xd0, 0xd0, 0xde, 0xdd, 0xde, 0xd8, 0xd5, 0xd5, 0xd8, 0xd4, 0xd4,
  0xcf, 0xc8, 0xc8, 0xce, 0xc8, 0xc6, 0xd0, 0xca, 0xc7, 0xd2, 0xcf, 0xcd,
  0xd6, 0xd2, 0xd2, 0xd4, 0xd0, 0xcf, 0xda, 0xd8, 0xd8, 0xd6, 0xd2, 0xd2,
  0xda, 0xd8, 0xd8, 0xd6, 0xd3, 0xd4, 0xd9, 0xd6, 0xd6, 0xd8, 0xd5, 0xd5,
  0xd9, 0xd7, 0xd7, 0xd9, 0xd7, 0xd7, 0xdb, 0xd8, 0xd8, 0xd7, 0xd3, 0xd4,
  0xd2, 0xce, 0xcf, 0xd8, 0xd5, 0xd5, 0xd9, 0xd6, 0xd7, 0xdb, 0xda, 0xda,
  0xd8, 0xd6, 0xd6, 0xd4, 0xd1, 0xd1, 0xd7, 0xd5, 0xd5, 0xd3, 0xd1, 0xd1,
  0xd4, 0xd2, 0xd2, 0xd5, 0xd4, 0xd4, 0xd4, 0xd2, 0xd2, 0xd9, 0xd8, 0xd7,
  0xdd, 0xdc, 0xdb, 0xd8, 0xd4, 0xd7, 0xcb, 0xc6, 0xc9, 0x99, 0x80, 0x88,
  0x61, 0x37, 0x30, 0x5e, 0x33, 0x29, 0x5b, 0x2e, 0x23, 0x57, 0x2d, 0x20,
  0x56, 0x2d, 0x21, 0x4a, 0x25, 0x1d, 0x4a, 0x31, 0x29, 0x4c, 0x44, 0x40,
  0x4c, 0x45, 0x43, 0x44, 0x35, 0x33, 0x41, 0x2a, 0x29, 0x3d, 0x1e, 0x18,
  0x42, 0x1d, 0x15, 0x40, 0x1a, 0x15, 0x3c, 0x1b, 0x15, 0x32, 0x20, 0x21,
  0x2a, 0x26, 0x26, 0x31, 0x2b, 0x2c, 0x21, 0x1d, 0x1c, 0x35, 0x2f, 0x30,
  0x43, 0x40, 0x3e, 0xaf, 0xae, 0xac, 0x29, 0x22, 0x27, 0x24, 0x21, 0x20,
  0x2a, 0x24, 0x27, 0x20, 0x1a, 0x1c, 0x22, 0x1c, 0x1d, 0x21, 0x1a, 0x1b,
  0x1c, 0x13, 0x29, 0x35, 0x1a, 0x2a, 0x4d, 0x21, 0x18, 0x3e, 0x17, 0x11,
  0x3a, 0x15, 0x10, 0x44, 0x1d, 0x15, 0x42, 0x1b, 0x0f, 0x96, 0x92, 0x87,
  0xd4, 0xd5, 0xd9, 0xc8, 0xc5, 0xc9, 0xc9, 0xc5, 0xc9, 0xc6, 0xc2, 0xc6,
  0xcc, 0xca, 0xcb, 0xcf, 0xcb, 0xcc, 0xcd, 0xca, 0xcc, 0xcc, 0xca, 0xcc,
  0xcd, 0xca, 0xcb, 0xcf, 0xca, 0xcc, 0xcd, 0xcb, 0xcc, 0xce, 0xca, 0xcc,
  0xd8, 0xd3, 0xd2, 0xdc, 0xd9, 0xd8, 0xe0, 0xdd, 0xdd, 0xd8, 0xd5, 0xd4,
  0xdb, 0xd7, 0xd7, 0xe0, 0xdf, 0xdf, 0xdf, 0xdf, 0xdf, 0xde, 0xdb, 0xdc,
  0xe0, 0xdf, 0xdf, 0xe0, 0xde, 0xde, 0xdf, 0xdd, 0xdd, 0xe0, 0xdd, 0xde,
  0xdf, 0xde, 0xde, 0xde, 0xdc, 0xdc, 0xdf, 0xdc, 0xdc, 0xdc, 0xdb, 0xdb,
  0xdf, 0xde, 0xde, 0xd9, 0xd6, 0xd5, 0xd6, 0xd2, 0xd0, 0xdc, 0xda, 0xd9,
  0xdf, 0xdc, 0xdd, 0xdf, 0xdb, 0xdb, 0xdf, 0xda, 0xdb, 0xdf, 0xdc, 0xdd,
  0xde, 0xdb, 0xdb, 0xdc, 0xd7, 0xd8, 0xdc, 0xda, 0xda, 0xdc, 0xda, 0xd9,
  0xd9, 0xd6, 0xd5, 0xdd, 0xda, 0xda, 0xd9, 0xd4, 0xd4, 0xd9, 0xd5, 0xd4,
  0xd8, 0xd4, 0xd3, 0xd8, 0xd4, 0xd3, 0xdc, 0xda, 0xda, 0xdb, 0xd9, 0xd9,
  0xd9, 0xd7, 0xd7, 0xda, 0xd7, 0xd7, 0xdc, 0xda, 0xda, 0xd6, 0xd1, 0xd2,
  0xd5, 0xd1, 0xd2, 0xd9, 0xd6, 0xd6, 0xde, 0xdd, 0xdd, 0xdd, 0xdb, 0xdc,
  0xdb, 0xda, 0xd9, 0xdc, 0xdb, 0xdb, 0xd6, 0xd3, 0xd3, 0xd9, 0xd5, 0xd5,
  0xd6, 0xd0, 0xd2, 0xd4, 0xd0, 0xd0, 0xd9, 0xd7, 0xd7, 0xd6, 0xd1, 0xd1,
  0xd6, 0xd2, 0xd1, 0xd9, 0xd6, 0xd6, 0xd7, 0xd3, 0xd4, 0xcf, 0xca, 0xca,
  0xd7, 0xd3, 0xd2, 0xd4, 0xcf, 0xcf, 0xd2, 0xcd, 0xcc, 0xd5, 0xd2, 0xd2,
  0xd4, 0xd1, 0xd1, 0xd3, 0xd1, 0xcf, 0xd6, 0xd5, 0xd5, 0xd6, 0xd4, 0xd4,
  0xd6, 0xd3, 0xd3, 0xdb, 0xda, 0xda, 0xd7, 0xd4, 0xd4, 0xda, 0xd8, 0xd9,
  0xd6, 0xd3, 0xd3, 0xd3, 0xcf, 0xcf, 0xd7, 0xd6, 0xd6, 0xd6, 0xd3, 0xd3,
  0xd4, 0xd3, 0xd3, 0xd9, 0xd6, 0xd6, 0xd9, 0xd7, 0xd8, 0xb9, 0xb4, 0xba,
  0xa7, 0xa0, 0xa8, 0x95, 0x93, 0x9a, 0x5f, 0x59, 0x60, 0x30, 0x20, 0x20,
  0x41, 0x2b, 0x24, 0x64, 0x3a, 0x30, 0x61, 0x37, 0x2d, 0x5a, 0x31, 0x29,
  0x58, 0x2f, 0x27, 0x43, 0x25, 0x1f, 0x36, 0x1f, 0x1c, 0x37, 0x1a, 0x17,
  0x36, 0x18, 0x12, 0x37, 0x16, 0x0e, 0x3a, 0x17, 0x0e, 0x34, 0x18, 0x14,
  0x2b, 0x14, 0x10, 0x2a, 0x1b, 0x14, 0x22, 0x16, 0x13, 0x31, 0x26, 0x23,
  0x3a, 0x33, 0x31, 0x27, 0x20, 0x1f, 0x1f, 0x19, 0x19, 0x1f, 0x1b, 0x1a,
  0x10, 0x0a, 0x07, 0x7c, 0x80, 0x77, 0xa4, 0x9e, 0xa3, 0x56, 0x57, 0x5a,
  0x52, 0x50, 0x58, 0x32, 0x30, 0x30, 0x21, 0x1b, 0x25, 0x22, 0x15, 0x1d,
  0x2a, 0x14, 0x15, 0x34, 0x15, 0x0f, 0x4a, 0x21, 0x15, 0x50, 0x21, 0x15,
  0x66, 0x4c, 0x3e, 0x6e, 0x56, 0x54, 0x3d, 0x12, 0x0e, 0x77, 0x6f, 0x62,
  0xd5, 0xd7, 0xda, 0xc9, 0xc4, 0xc9, 0xc5, 0xc1, 0xc7, 0xc8, 0xc6, 0xc9,
  0xb9, 0xb3, 0xb8, 0xc2, 0xbf, 0xc0, 0xc8, 0xc5, 0xc7, 0xc8, 0xc5, 0xc7,
  0xca, 0xc5, 0xc7, 0xca, 0xc5, 0xc7, 0xc9, 0xc5, 0xc5, 0xc8, 0xc4, 0xc4,
  0xd5, 0xce, 0xcc, 0xd7, 0xd3, 0xd2, 0xdb, 0xd6, 0xd6, 0xdc, 0xd9, 0xd8,
  0xde, 0xdc, 0xdc, 0xe2, 0xe0, 0xe0, 0xe1, 0xe1, 0xe1, 0xde, 0xdd, 0xdd,
  0xde, 0xdb, 0xdb, 0xde, 0xda, 0xdb, 0xdb, 0xd7, 0xd7, 0xdc, 0xd8, 0xd8,
  0xd8, 0xd5, 0xd4, 0xde, 0xda, 0xda, 0xdf, 0xdb, 0xdc, 0xdd, 0xdc, 0xdc,
  0xde, 0xdc, 0xdc, 0xdd, 0xdc, 0xdc, 0xde, 0xdc, 0xdc, 0xdd, 0xd9, 0xda,
  0xdf, 0xda, 0xdb, 0xdd, 0xd9, 0xda, 0xdd, 0xdb, 0xdb, 0xde, 0xdc, 0xdc,
  0xde, 0xdc, 0xdc, 0xdf, 0xdd, 0xde, 0xd9, 0xd7, 0xd7, 0xd7, 0xd4, 0xd3,
  0xdc, 0xd9, 0xd9, 0xdd, 0xda, 0xda, 0xd8, 0xd6, 0xd5, 0xd5, 0xd2, 0xd1,
  0xd9, 0xd5, 0xd5, 0xd7, 0xd2, 0xd2, 0xd7, 0xd3, 0xd4, 0xdd, 0xdb, 0xdb,
  0xd9, 0xd5, 0xd6, 0xd9, 0xd6, 0xd6, 0xda, 0xd6, 0xd7, 0xdd, 0xdb, 0xdb,
  0xdc, 0xdb, 0xdb, 0xdd, 0xdd, 0xdd, 0xe3, 0xe3, 0xe4, 0xe1, 0xe0, 0xe2,
  0xde, 0xde, 0xdd, 0xde, 0xdd, 0xde, 0xdb, 0xd9, 0xd9, 0xd7, 0xd5, 0xd4,
  0xd8, 0xd3, 0xd4, 0xd8, 0xd3, 0xd4, 0xda, 0xda, 0xda, 0xd9, 0xd5, 0xd5,
  0xda, 0xd9, 0xd8, 0xdb, 0xd9, 0xda, 0xd9, 0xd7, 0xd7, 0xda, 0xd9, 0xd9,
  0xd9, 0xd6, 0xd6, 0xdc, 0xda, 0xda, 0xd9, 0xd8, 0xd8, 0xdb, 0xda, 0xda,
  0xd9, 0xd8, 0xd8, 0xdb, 0xd9, 0xda, 0xda, 0xd7, 0xd7, 0xd7, 0xd5, 0xd5,
  0xd9, 0xd7, 0xd7, 0xda, 0xd8, 0xd8, 0xd9, 0xd7, 0xd7, 0xd8, 0xd6, 0xd6,
  0xd5, 0xd3, 0xd3, 0xd7, 0xd5, 0xd5, 0xd3, 0xd1, 0xd1, 0xd5, 0xd2, 0xd2,
  0xd6, 0xd5, 0xd5, 0xb5, 0xb3, 0xb6, 0x94, 0x8e, 0x99, 0x61, 0x56, 0x5b,
  0x56, 0x4b, 0x4e, 0x67, 0x64, 0x63, 0x6f, 0x6b, 0x70, 0x27, 0x22, 0x20,
  0x3b, 0x33, 0x2f, 0x57, 0x3d, 0x37, 0x4e, 0x35, 0x32, 0x45, 0x31, 0x2d,
  0x3e, 0x2d, 0x28, 0x3d, 0x2e, 0x28, 0x5d, 0x51, 0x4c, 0x5e, 0x54, 0x51,
  0x65, 0x5f, 0x59, 0x7c, 0x70, 0x6d, 0x3f, 0x31, 0x32, 0x2a, 0x27, 0x23,
  0x4d, 0x4b, 0x47, 0x2c, 0x26, 0x28, 0x2a, 0x26, 0x22, 0x37, 0x2e, 0x2d,
  0x5a, 0x51, 0x4c, 0x37, 0x2a, 0x2e, 0x15, 0x10, 0x10, 0x1e, 0x18, 0x1a,
  0x19, 0x13, 0x15, 0x34, 0x37, 0x2f, 0xd6, 0xd4, 0xd3, 0x68, 0x66, 0x6d,
  0x5b, 0x5c, 0x5a, 0x51, 0x46, 0x46, 0x54, 0x4f, 0x4f, 0x51, 0x4a, 0x50,
  0x4c, 0x3b, 0x40, 0x38, 0x0f, 0x09, 0x48, 0x1d, 0x11, 0x48, 0x1b, 0x0e,
  0x58, 0x31, 0x1f, 0x5b, 0x38, 0x34, 0x42, 0x1f, 0x17, 0x77, 0x70, 0x65,
  0xcd, 0xce, 0xd0, 0xc0, 0xbb, 0xbf, 0xbf, 0xbb, 0xc0, 0xb1, 0xa7, 0xb3,
  0x42, 0x36, 0x41, 0x88, 0x8c, 0x84, 0xc0, 0xba, 0xbd, 0xb7, 0xb2, 0xb3,
  0xbc, 0xb8, 0xb8, 0xbe, 0xb9, 0xba, 0xc0, 0xba, 0xbb, 0xc4, 0xbe, 0xbf,
  0xd8, 0xd2, 0xd2, 0xd8, 0xd3, 0xd3, 0xdf, 0xdb, 0xdb, 0xdf, 0xdc, 0xdd,
  0xe0, 0xde, 0xde, 0xe0, 0xdd, 0xde, 0xe3, 0xe1, 0xe1, 0xe1, 0xe1, 0xe1,
  0xde, 0xdc, 0xdc, 0xde, 0xda, 0xda, 0xdd, 0xda, 0xda, 0xdf, 0xdd, 0xdd,
  0xdd, 0xda, 0xdb, 0xde, 0xda, 0xdb, 0xde, 0xdb, 0xdb, 0xe0, 0xde, 0xde,
  0xdf, 0xdd, 0xdc, 0xdc, 0xd9, 0xd9, 0xdd, 0xda, 0xda, 0xdf, 0xdc, 0xdc,
  0xdd, 0xdb, 0xdb, 0xdd, 0xdb, 0xdb, 0xdd, 0xdb, 0xdb, 0xdd, 0xdb, 0xdb,
  0xdd, 0xda, 0xda, 0xde, 0xdc, 0xdc, 0xdc, 0xd8, 0xd9, 0xd8, 0xd4, 0xd4,
  0xde, 0xdb, 0xdb, 0xde, 0xdc, 0xdc, 0xdf, 0xdf, 0xde, 0xe4, 0xe2, 0xe0,
  0xdf, 0xdd, 0xdd, 0xda, 0xd8, 0xd8, 0xda, 0xd8, 0xd8, 0xdd, 0xdb, 0xdc,
  0xdd, 0xd9, 0xd9, 0xd9, 0xd7, 0xd7, 0xdd, 0xdb, 0xdb, 0xdf, 0xdd, 0xdd,
  0xde, 0xde, 0xde, 0xe1, 0xe1, 0xe2, 0xe4, 0xe3, 0xe4, 0xdf, 0xde, 0xde,
  0xdb, 0xd9, 0xd9, 0xda, 0xd7, 0xd7, 0xd9, 0xd7, 0xd8, 0xd8, 0xd7, 0xd7,
  0xd8, 0xd4, 0xd5, 0xd9, 0xd4, 0xd5, 0xd8, 0xd7, 0xd7, 0xd9, 0xd7, 0xd7,
  0xdb, 0xda, 0xda, 0xda, 0xda, 0xd9, 0xd8, 0xd6, 0xd6, 0xd9, 0xd7, 0xd8,
  0xd7, 0xd6, 0xd6, 0xd7, 0xd6, 0xd6, 0xd7, 0xd5, 0xd5, 0xd7, 0xd5, 0xd5,
  0xd5, 0xd3, 0xd3, 0xd8, 0xd4, 0xd6, 0xd5, 0xd2, 0xd3, 0xd6, 0xd2, 0xd3,
  0xd7, 0xd4, 0xd4, 0xd6, 0xd2, 0xd3, 0xd3, 0xd2, 0xd2, 0xd4, 0xd2, 0xd3,
  0xd7, 0xd5, 0xd5, 0xd9, 0xd7, 0xd7, 0xd8, 0xd5, 0xd6, 0xd2, 0xd1, 0xd1,
  0xdf, 0xde, 0xdf, 0x84, 0x84, 0x8b, 0x48, 0x45, 0x44, 0x53, 0x4a, 0x4b,
  0x37, 0x2f, 0x2f, 0x2c, 0x25, 0x25, 0x58, 0x52, 0x50, 0x4c, 0x45, 0x45,
  0x4d, 0x4a, 0x48, 0x4e, 0x48, 0x47, 0x48, 0x40, 0x40, 0x46, 0x43, 0x43,
  0x80, 0x7e, 0x79, 0x85, 0x7e, 0x7c, 0x6e, 0x6b, 0x6c, 0x5e, 0x57, 0x58,
  0x70, 0x69, 0x64, 0x8c, 0x82, 0x82, 0x5e, 0x58, 0x56, 0x51, 0x4e, 0x47,
  0x57, 0x51, 0x4e, 0x32, 0x2b, 0x28, 0x44, 0x3f, 0x3b, 0x31, 0x2d, 0x2c,
  0x32, 0x2f, 0x2c, 0x3b, 0x3a, 0x35, 0x46, 0x45, 0x40, 0x4a, 0x4a, 0x46,
  0x55, 0x58, 0x53, 0x79, 0x80, 0x7e, 0x80, 0x7f, 0x81, 0x59, 0x5d, 0x5f,
  0x5d, 0x56, 0x55, 0x3d, 0x13, 0x0c, 0x41, 0x21, 0x15, 0x5f, 0x55, 0x59,
  0x6d, 0x65, 0x6e, 0x6a, 0x4e, 0x4b, 0x45, 0x16, 0x0b, 0x57, 0x3a, 0x40,
  0x45, 0x31, 0x53, 0x61, 0x43, 0x44, 0x5a, 0x3f, 0x3a, 0x53, 0x47, 0x3d,
  0xa4, 0x9f, 0x99, 0xba, 0xb5, 0xb7, 0xae, 0xa8, 0xac, 0x68, 0x5b, 0x69,
  0x14, 0x0d, 0x0d, 0x7b, 0x80, 0x74, 0xc4, 0xbf, 0xbf, 0xbc, 0xb7, 0xb8,
  0xc0, 0xbb, 0xbb, 0xc3, 0xbe, 0xbe, 0xc6, 0xc2, 0xc1, 0xc8, 0xc3, 0xc2,
  0xd3, 0xcc, 0xc9, 0xd4, 0xce, 0xcb, 0xdb, 0xd6, 0xd6, 0xd7, 0xd1, 0xd1,
  0xd9, 0xd3, 0xd3, 0xdf, 0xdc, 0xdc, 0xe1, 0xe0, 0xe0, 0xe0, 0xdf, 0xdf,
  0xe0, 0xdd, 0xdd, 0xd9, 0xd5, 0xd5, 0xd7, 0xd2, 0xd1, 0xdc, 0xd9, 0xd9,
  0xdf, 0xdd, 0xdd, 0xdd, 0xd9, 0xda, 0xdb, 0xd8, 0xd7, 0xda, 0xd6, 0xd6,
  0xdf, 0xdb, 0xdc, 0xe2, 0xe1, 0xe1, 0xdc, 0xda, 0xd9, 0xda, 0xd7, 0xd7,
  0xdf, 0xdd, 0xdd, 0xdf, 0xdd, 0xdd, 0xde, 0xdc, 0xdc, 0xde, 0xdc, 0xdc,
  0xdd, 0xdb, 0xdb, 0xdd, 0xda, 0xda, 0xde, 0xdc, 0xdc, 0xde, 0xdc, 0xdc,
  0xdc, 0xda, 0xda, 0xde, 0xdc, 0xdb, 0xce, 0xcc, 0xce, 0xc0, 0xbe, 0xc6,
  0xd7, 0xd3, 0xd6, 0xe5, 0xe1, 0xe2, 0xe4, 0xe2, 0xe1, 0xde, 0xdd, 0xdc,
  0xdc, 0xda, 0xda, 0xdb, 0xda, 0xda, 0xdc, 0xdc, 0xdc, 0xde, 0xde, 0xde,
  0xe0, 0xe0, 0xe0, 0xe0, 0xe0, 0xe1, 0xdf, 0xdf, 0xe0, 0xdd, 0xdb, 0xdb,
  0xd9, 0xd6, 0xd7, 0xd6, 0xd5, 0xd5, 0xd7, 0xd4, 0xd4, 0xd7, 0xd3, 0xd3,
  0xd6, 0xd3, 0xd3, 0xd7, 0xd4, 0xd4, 0xd8, 0xd3, 0xd2, 0xd5, 0xd2, 0xd1,
  0xd4, 0xd0, 0xd0, 0xd6, 0xd2, 0xd1, 0xd7, 0xd3, 0xd3, 0xd8, 0xd5, 0xd4,
  0xdb, 0xd9, 0xd8, 0xd9, 0xd9, 0xd7, 0xda, 0xd8, 0xd7, 0xdd, 0xda, 0xd9,
  0xdb, 0xda, 0xd8, 0xdb, 0xdb, 0xd9, 0xd9, 0xd8, 0xd8, 0xd8, 0xd6, 0xd7,
  0xdb, 0xd9, 0xd7, 0xdf, 0xdb, 0xda, 0xe0, 0xdc, 0xda, 0xe0, 0xdc, 0xdb,
  0xde, 0xdb, 0xda, 0xdb, 0xd9, 0xd8, 0xd8, 0xd6, 0xd6, 0xd5, 0xd3, 0xd3,
  0xd7, 0xd7, 0xd7, 0xbb, 0xbb, 0xbf, 0x57, 0x56, 0x59, 0x4d, 0x4b, 0x49,
  0x48, 0x45, 0x4c, 0x4d, 0x4c, 0x4b, 0x69, 0x6b, 0x64, 0x76, 0x76, 0x73,
  0x75, 0x76, 0x72, 0x75, 0x74, 0x72, 0x6f, 0x6e, 0x6d, 0x69, 0x6a, 0x67,
  0x82, 0x82, 0x7f, 0x8d, 0x8b, 0x8a, 0x72, 0x72, 0x70, 0x74, 0x76, 0x72,
  0x75, 0x78, 0x76, 0x83, 0x85, 0x83, 0x8c, 0x8e, 0x8c, 0x81, 0x84, 0x83,
  0x76, 0x7b, 0x79, 0x7d, 0x81, 0x7d, 0x7c, 0x7e, 0x7d, 0x7a, 0x7f, 0x7e,
  0x7a, 0x7f, 0x7e, 0x7a, 0x7f, 0x7c, 0x7e, 0x82, 0x81, 0x7d, 0x81, 0x7d,
  0x87, 0x8b, 0x87, 0x7c, 0x7e, 0x85, 0x62, 0x66, 0x65, 0x86, 0x81, 0x85,
  0x62, 0x5d, 0x6e, 0x71, 0x5d, 0x5b, 0x46, 0x1a, 0x11, 0x49, 0x36, 0x2b,
  0x76, 0x6e, 0x6a, 0x76, 0x6a, 0x69, 0x5f, 0x46, 0x3e, 0x67, 0x58, 0x5e,
  0x4c, 0x3e, 0x69, 0x4e, 0x42, 0x84, 0x40, 0x37, 0x79, 0x47, 0x31, 0x43,
  0x80, 0x74, 0x64, 0xc4, 0xbc, 0xbf, 0x80, 0x75, 0x7e, 0x38, 0x2c, 0x34,
  0x21, 0x1f, 0x18, 0xa4, 0xa7, 0x9c, 0xcc, 0xc6, 0xc8, 0xc8, 0xc3, 0xc3,
  0xc8, 0xc2, 0xc3, 0xc8, 0xc2, 0xc3, 0xc9, 0xc4, 0xc3, 0xc7, 0xc2, 0xc1,
  0xd9, 0xd4, 0xd2, 0xd8, 0xd2, 0xd1, 0xd6, 0xd2, 0xd1, 0xd9, 0xd5, 0xd4,
  0xdd, 0xd9, 0xd9, 0xde, 0xda, 0xdb, 0xdf, 0xdc, 0xdc, 0xdd, 0xdc, 0xdc,
  0xde, 0xdd, 0xdd, 0xe2, 0xe1, 0xe1, 0xdd, 0xdb, 0xdb, 0xdc, 0xd9, 0xd9,
  0xd8, 0xd3, 0xd3, 0xd6, 0xd1, 0xd0, 0xd9, 0xd5, 0xd4, 0xdb, 0xd7, 0xd8,
  0xdd, 0xd9, 0xda, 0xde, 0xdc, 0xdc, 0xdc, 0xd8, 0xd8, 0xda, 0xd4, 0xd5,
  0xdd, 0xd8, 0xd9, 0xdd, 0xd9, 0xda, 0xe0, 0xde, 0xde, 0xe1, 0xdf, 0xdf,
  0xdf, 0xdd, 0xdd, 0xdf, 0xdd, 0xdd, 0xde, 0xdc, 0xdc, 0xde, 0xdb, 0xdb,
  0xdd, 0xd9, 0xda, 0xe0, 0xde, 0xdd, 0xc0, 0xc1, 0xc2, 0x4a, 0x4b, 0x51,
  0x4e, 0x4b, 0x4f, 0x84, 0x7e, 0x8a, 0xb7, 0xb3, 0xc0, 0xda, 0xd6, 0xdb,
  0xe8, 0xe5, 0xe6, 0xea, 0xe9, 0xe8, 0xe8, 0xe8, 0xe7, 0xe7, 0xe8, 0xe7,
  0xe8, 0xe8, 0xe7, 0xe8, 0xe7, 0xe7, 0xe6, 0xe6, 0xe6, 0xe2, 0xe0, 0xe0,
  0xe0, 0xdc, 0xdc, 0xde, 0xda, 0xdb, 0xdf, 0xd9, 0xda, 0xdc, 0xd7, 0xd8,
  0xd9, 0xd3, 0xd5, 0xd6, 0xd1, 0xd2, 0xd7, 0xd0, 0xd3, 0xdb, 0xd6, 0xd9,
  0xdc, 0xd8, 0xdc, 0xdd, 0xd7, 0xdc, 0xdd, 0xd9, 0xde, 0xda, 0xd7, 0xdc,
  0xd9, 0xd6, 0xdc, 0xd4, 0xd2, 0xd8, 0xd3, 0xd0, 0xd7, 0xcf, 0xcd, 0xd5,
  0xcc, 0xc9, 0xd3, 0xcb, 0xc9, 0xcf, 0xd0, 0xcf, 0xd2, 0xcd, 0xcc, 0xcf,
  0xbf, 0xbd, 0xc7, 0xac, 0xac, 0xbe, 0xa4, 0xa4, 0xb8, 0x9c, 0x9d, 0xb3,
  0x96, 0x99, 0xae, 0xad, 0xb1, 0xb7, 0xb2, 0xb8, 0xb9, 0xaf, 0xb5, 0xb7,
  0xab, 0xb0, 0xb2, 0xa7, 0xae, 0xaf, 0xa2, 0xa9, 0xa8, 0xa0, 0xa9, 0xa6,
  0x8a, 0x93, 0x9b, 0x91, 0x99, 0x9d, 0x9a, 0xa0, 0x9e, 0x95, 0x9b, 0x9a,
  0xa1, 0xa5, 0xa3, 0xa1, 0xa4, 0xa2, 0x9e, 0xa1, 0x9f, 0x95, 0x97, 0x97,
  0x81, 0x85, 0x86, 0x76, 0x7a, 0x7a, 0x7c, 0x7e, 0x7f, 0x7b, 0x7d, 0x7e,
  0x78, 0x7c, 0x7c, 0x6d, 0x6b, 0x6e, 0x63, 0x62, 0x62, 0x6a, 0x68, 0x67,
  0x76, 0x71, 0x6f, 0x77, 0x71, 0x71, 0x75, 0x70, 0x6e, 0x75, 0x71, 0x6f,
  0x71, 0x6c, 0x6a, 0x74, 0x6d, 0x6a, 0x89, 0x84, 0x7f, 0x8a, 0x84, 0x84,
  0x79, 0x68, 0x6a, 0x65, 0x4c, 0x4c, 0x6f, 0x4a, 0x45, 0x77, 0x5a, 0x51,
  0x81, 0x7a, 0x7e, 0x73, 0x6c, 0x69, 0x79, 0x65, 0x5d, 0x74, 0x56, 0x4b,
  0x58, 0x4c, 0x4f, 0x69, 0x67, 0x69, 0x6b, 0x6d, 0x75, 0x6b, 0x6f, 0x73,
  0x62, 0x3d, 0x30, 0x4e, 0x31, 0x4c, 0x58, 0x39, 0x4c, 0x51, 0x33, 0x41,
  0x6f, 0x5b, 0x52, 0x77, 0x6d, 0x75, 0x3e, 0x35, 0x38, 0x1f, 0x17, 0x18,
  0x3d, 0x40, 0x33, 0xcc, 0xcd, 0xc5, 0xce, 0xc7, 0xc9, 0xc3, 0xbd, 0xbc,
  0xc4, 0xbe, 0xbf, 0xc5, 0xbf, 0xbf, 0xc5, 0xbf, 0xbe, 0xc5, 0xbe, 0xbe,
  0xd8, 0xd4, 0xd3, 0xda, 0xd5, 0xd5, 0xd8, 0xd5, 0xd3, 0xda, 0xd6, 0xd5,
  0xdd, 0xda, 0xdb, 0xdd, 0xdb, 0xdb, 0xdf, 0xdc, 0xdd, 0xe3, 0xe1, 0xe1,
  0xdf, 0xdf, 0xdf, 0xe0, 0xde, 0xde, 0xd9, 0xd6, 0xd5, 0xd5, 0xd1, 0xd0,
  0xdd, 0xda, 0xda, 0xdf, 0xdc, 0xdc, 0xde, 0xdd, 0xdd, 0xe0, 0xe0, 0xe0,
  0xde, 0xdf, 0xdf, 0xde, 0xdc, 0xdd, 0xdf, 0xdd, 0xdd, 0xe0, 0xdd, 0xde,
  0xe0, 0xdc, 0xdd, 0xdf, 0xde, 0xde, 0xdf, 0xdf, 0xde, 0xe2, 0xe0, 0xe0,
  0xe1, 0xdf, 0xdf, 0xdf, 0xdd, 0xdd, 0xdc, 0xda, 0xda, 0xdd, 0xdb, 0xdb,
  0xde, 0xdd, 0xdd, 0xdb, 0xdb, 0xdb, 0xe6, 0xe4, 0xe4, 0xc8, 0xca, 0xc6,
  0x66, 0x66, 0x63, 0x33, 0x32, 0x32, 0x35, 0x34, 0x35, 0x50, 0x4c, 0x54,
  0x78, 0x72, 0x7b, 0x9c, 0x97, 0xa2, 0xac, 0xa9, 0xb4, 0xb3, 0xb0, 0xb9,
  0xae, 0xab, 0xb7, 0xad, 0xa9, 0xb8, 0xaa, 0xa7, 0xaf, 0xa3, 0x9f, 0xa5,
  0x97, 0x94, 0x99, 0x94, 0x91, 0x94, 0x91, 0x8f, 0x92, 0x92, 0x90, 0x9c,
  0x87, 0x83, 0x97, 0x83, 0x7e, 0x92, 0x7f, 0x7a, 0x8e, 0x81, 0x7f, 0x8f,
  0x82, 0x81, 0x92, 0x83, 0x82, 0x91, 0x84, 0x82, 0x8e, 0x85, 0x87, 0x93,
  0x82, 0x86, 0x90, 0x8e, 0x8f, 0x98, 0x96, 0x97, 0x9d, 0x8d, 0x8e, 0x97,
  0x82, 0x83, 0x8b, 0xaf, 0xb2, 0xb3, 0xcc, 0xce, 0xd0, 0xc4, 0xc4, 0xc6,
  0xb2, 0xb2, 0xb5, 0x9e, 0xa1, 0xa3, 0x9c, 0xa1, 0xa2, 0xa8, 0xac, 0xad,
  0xac, 0xb0, 0xaf, 0x92, 0x94, 0x94, 0x83, 0x83, 0x85, 0x79, 0x7a, 0x7a,
  0x7c, 0x7c, 0x7b, 0x7a, 0x7a, 0x77, 0x8f, 0x8f, 0x8c, 0x92, 0x8f, 0x8c,
  0x95, 0x90, 0x8d, 0x97, 0x96, 0x91, 0x9c, 0x9a, 0x96, 0xa3, 0x9e, 0x9c,
  0xa9, 0xa3, 0xa0, 0xb0, 0xaa, 0xa8, 0xb0, 0xaa, 0xa9, 0x9c, 0x95, 0x93,
  0x89, 0x80, 0x7b, 0x87, 0x80, 0x7c, 0x86, 0x7c, 0x78, 0x8b, 0x80, 0x7d,
  0x88, 0x7e, 0x7a, 0x73, 0x69, 0x66, 0x76, 0x6c, 0x66, 0x7f, 0x73, 0x6f,
  0x81, 0x78, 0x74, 0x86, 0x7d, 0x7a, 0x89, 0x7e, 0x79, 0x89, 0x7e, 0x79,
  0x96, 0x8c, 0x85, 0x9f, 0x96, 0x90, 0xa0, 0x98, 0x91, 0x9f, 0x83, 0x88,
  0x6e, 0x3c, 0x39, 0x5d, 0x2d, 0x1f, 0x5a, 0x29, 0x18, 0x59, 0x27, 0x17,
  0x5a, 0x38, 0x2c, 0x87, 0x7b, 0x74, 0x83, 0x68, 0x62, 0x7b, 0x6e, 0x6a,
  0x67, 0x64, 0x6f, 0x5d, 0x55, 0x66, 0x5b, 0x4c, 0x5c, 0x5e, 0x46, 0x4e,
  0x5a, 0x30, 0x2a, 0x5d, 0x2e, 0x20, 0x5a, 0x2b, 0x1f, 0x5a, 0x2c, 0x1e,
  0x48, 0x2a, 0x25, 0x42, 0x39, 0x37, 0x54, 0x4a, 0x46, 0x28, 0x1c, 0x1e,
  0x38, 0x36, 0x2f, 0x75, 0x6e, 0x6e, 0x88, 0x82, 0x80, 0xc0, 0xbc, 0xb8,
  0xc2, 0xbc, 0xba, 0xc4, 0xbc, 0xbc, 0xc5, 0xbc, 0xbd, 0xc4, 0xbc, 0xbc,
  0xdb, 0xd7, 0xd6, 0xda, 0xd6, 0xd5, 0xda, 0xd6, 0xd6, 0xd9, 0xd4, 0xd3,
  0xd8, 0xd3, 0xd3, 0xde, 0xdc, 0xdc, 0xdf, 0xdb, 0xdc, 0xde, 0xdc, 0xdc,
  0xdd, 0xda, 0xda, 0xde, 0xda, 0xdb, 0xdd, 0xda, 0xda, 0xde, 0xdb, 0xdb,
  0xdc, 0xd9, 0xd9, 0xda, 0xd5, 0xd6, 0xdc, 0xd7, 0xd8, 0xdb, 0xd7, 0xd7,
  0xda, 0xd6, 0xd7, 0xdb, 0xd7, 0xd7, 0xd9, 0xd5, 0xd5, 0xd9, 0xd6, 0xd6,
  0xdf, 0xde, 0xde, 0xda, 0xd8, 0xd9, 0xdc, 0xda, 0xda, 0xdf, 0xdd, 0xdd,
  0xe1, 0xdf, 0xdf, 0xdf, 0xde, 0xde, 0xde, 0xdf, 0xdf, 0xdb, 0xda, 0xd9,
  0xdd, 0xdc, 0xdc, 0xde, 0xde, 0xdf, 0xd6, 0xd6, 0xd6, 0xdc, 0xda, 0xda,
  0xdd, 0xde, 0xde, 0xb8, 0xbc, 0xb9, 0x82, 0x89, 0x83, 0x53, 0x55, 0x51,
  0x31, 0x2f, 0x2c, 0x29, 0x25, 0x25, 0x2e, 0x29, 0x2b, 0x36, 0x30, 0x32,
  0x32, 0x2d, 0x2e, 0x33, 0x2d, 0x30, 0x39, 0x33, 0x35, 0x3c, 0x35, 0x35,
  0x3f, 0x3c, 0x38, 0x4d, 0x4b, 0x45, 0x3d, 0x3a, 0x39, 0x3f, 0x39, 0x36,
  0x3e, 0x39, 0x33, 0x4a, 0x48, 0x42, 0x55, 0x50, 0x4b, 0x5d, 0x59, 0x53,
  0x6d, 0x6b, 0x64, 0x75, 0x73, 0x6b, 0x86, 0x82, 0x79, 0x9d, 0x98, 0x91,
  0x9c, 0x97, 0x8f, 0xa6, 0xa3, 0x9c, 0xb3, 0xb0, 0xab, 0xa9, 0xa3, 0xa0,
  0xa5, 0xa3, 0x9c, 0xd3, 0xd3, 0xce, 0xd7, 0xd6, 0xd7, 0xd1, 0xce, 0xcf,
  0xcf, 0xca, 0xcb, 0xd1, 0xcd, 0xcc, 0xd4, 0xd0, 0xcf, 0xd5, 0xd2, 0xd1,
  0xd0, 0xcd, 0xcc, 0xc3, 0xbe, 0xbd, 0xb1, 0xac, 0xa7, 0xaa, 0xa6, 0x9e,
  0xb3, 0xaf, 0xaa, 0xbb, 0xb6, 0xb4, 0xc1, 0xbc, 0xb9, 0xc3, 0xbe, 0xbb,
  0xc5, 0xc0, 0xbe, 0xc0, 0xbb, 0xb8, 0xba, 0xb3, 0xb0, 0xbb, 0xb3, 0xaf,
  0xba, 0xb1, 0xaf, 0xb9, 0xb1, 0xae, 0xb8, 0xb0, 0xab, 0xb0, 0xa6, 0xa2,
  0xa9, 0x9f, 0x9b, 0xa8, 0x9e, 0x9a, 0xa2, 0x95, 0x91, 0xa2, 0x98, 0x93,
  0x9d, 0x93, 0x90, 0x95, 0x8d, 0x89, 0x99, 0x8f, 0x88, 0x9a, 0x93, 0x8a,
  0x99, 0x91, 0x8b, 0x9c, 0x92, 0x8d, 0x9c, 0x91, 0x8d, 0x9b, 0x90, 0x8d,
  0x9b, 0x92, 0x90, 0x8e, 0x8c, 0x8c, 0x68, 0x60, 0x66, 0x3d, 0x28, 0x2a,
  0x41, 0x22, 0x1c, 0x5e, 0x32, 0x24, 0x66, 0x34, 0x27, 0x64, 0x32, 0x24,
  0x6c, 0x41, 0x33, 0x7b, 0x5a, 0x54, 0x62, 0x3b, 0x36, 0x52, 0x33, 0x2e,
  0x53, 0x2f, 0x28, 0x4d, 0x26, 0x21, 0x4c, 0x25, 0x1c, 0x51, 0x27, 0x1b,
  0x4f, 0x2a, 0x21, 0x47, 0x26, 0x21, 0x45, 0x28, 0x23, 0x44, 0x28, 0x23,
  0x3b, 0x21, 0x1f, 0x1f, 0x16, 0x13, 0x2f, 0x27, 0x25, 0x2c, 0x23, 0x23,
  0x22, 0x19, 0x1b, 0x1d, 0x16, 0x17, 0x1f, 0x1d, 0x18, 0x93, 0x95, 0x8b,
  0xc6, 0xbd, 0xbb, 0xbf, 0xb7, 0xb6, 0xc0, 0xb9, 0xb9, 0xc1, 0xba, 0xb8,
  0xdc, 0xd9, 0xd9, 0xe1, 0xdf, 0xdf, 0xdf, 0xdd, 0xdd, 0xde, 0xdb, 0xdb,
  0xda, 0xd8, 0xd7, 0xd9, 0xd3, 0xd3, 0xdc, 0xd8, 0xd7, 0xe0, 0xdf, 0xdf,
  0xda, 0xd7, 0xd6, 0xda, 0xd6, 0xd6, 0xdc, 0xd8, 0xd8, 0xda, 0xd6, 0xd6,
  0xd8, 0xd2, 0xd1, 0xd9, 0xd4, 0xd3, 0xdb, 0xd7, 0xd6, 0xd9, 0xd4, 0xd3,
  0xd8, 0xd3, 0xd2, 0xda, 0xd5, 0xd5, 0xd8, 0xd3, 0xd2, 0xd9, 0xd4, 0xd3,
  0xd8, 0xd4, 0xd3, 0xd5, 0xd1, 0xd0, 0xdd, 0xda, 0xda, 0xdd, 0xdb, 0xdb,
  0xe0, 0xde, 0xde, 0xe1, 0xe0, 0xe1, 0xdd, 0xdd, 0xde, 0xdc, 0xdc, 0xdb,
  0xd6, 0xd3, 0xd3, 0xd2, 0xd0, 0xd0, 0xd3, 0xd4, 0xd4, 0xce, 0xcf, 0xcf,
  0xc0, 0xc1, 0xc1, 0xc3, 0xc7, 0xc7, 0xbd, 0xbe, 0xbf, 0xa5, 0xa2, 0x9f,
  0x8a, 0x86, 0x80, 0x78, 0x72, 0x6b, 0x69, 0x61, 0x5c, 0x63, 0x59, 0x54,
  0x64, 0x5c, 0x55, 0x6d, 0x68, 0x5f, 0x6d, 0x69, 0x60, 0x73, 0x6b, 0x64,
  0x87, 0x7f, 0x77, 0xa0, 0x9a, 0x92, 0x90, 0x8c, 0x84, 0xa3, 0x9d, 0x91,
  0xab, 0xa1, 0x99, 0xae, 0xa5, 0x9e, 0xb0, 0xa9, 0xa0, 0xb7, 0xb1, 0xab,
  0xbd, 0xb7, 0xb1, 0xc0, 0xba, 0xb5, 0xc8, 0xc2, 0xbf, 0xc9, 0xc4, 0xc2,
  0xcc, 0xc6, 0xc6, 0xd0, 0xcc, 0xcb, 0xd2, 0xcf, 0xcf, 0xd5, 0xd3, 0xd2,
  0xd9, 0xd7, 0xd7, 0xda, 0xd8, 0xd8, 0xd4, 0xd1, 0xd2, 0xd3, 0xcf, 0xd0,
  0xd0, 0xcc, 0xcc, 0xd0, 0xcc, 0xcc, 0xce, 0xca, 0xca, 0xce, 0xca, 0xca,
  0xcd, 0xc8, 0xc8, 0xcb, 0xc7, 0xc7, 0xcb, 0xc5, 0xc5, 0xcc, 0xc5, 0xc4,
  0xcc, 0xc7, 0xc6, 0xcb, 0xc7, 0xc6, 0xc4, 0xc0, 0xbe, 0xc4, 0xc0, 0xbe,
  0xc7, 0xc3, 0xc2, 0xbf, 0xb9, 0xb8, 0xb5, 0xae, 0xab, 0xb9, 0xb1, 0xad,
  0xbd, 0xb6, 0xb3, 0xbd, 0xb7, 0xb4, 0xb9, 0xb3, 0xaf, 0xb0, 0xa7, 0xa3,
  0xae, 0xa4, 0xa0, 0xb1, 0xa5, 0xa1, 0xaf, 0xa4, 0x9f, 0xb0, 0xa6, 0xa1,
  0xb1, 0xa8, 0xa4, 0xb0, 0xa5, 0xa1, 0xac, 0xa2, 0x9d, 0xad, 0xa2, 0x9b,
  0xaa, 0xa1, 0x9b, 0xa4, 0x9e, 0x9c, 0x85, 0x7b, 0x82, 0x6a, 0x62, 0x63,
  0x6c, 0x63, 0x64, 0x91, 0x90, 0x8a, 0x68, 0x60, 0x68, 0x15, 0x11, 0x0f,
  0x2a, 0x23, 0x20, 0x50, 0x2c, 0x23, 0x4c, 0x27, 0x1f, 0x3f, 0x22, 0x1a,
  0x34, 0x1c, 0x15, 0x3d, 0x28, 0x26, 0x3d, 0x25, 0x1e, 0x4e, 0x38, 0x31,
  0x35, 0x20, 0x1e, 0x2d, 0x1c, 0x17, 0x38, 0x27, 0x21, 0x48, 0x35, 0x2e,
  0x4d, 0x42, 0x3b, 0x53, 0x4e, 0x48, 0x4e, 0x47, 0x45, 0x47, 0x41, 0x41,
  0x41, 0x3c, 0x3c, 0x4b, 0x47, 0x41, 0x43, 0x3f, 0x3b, 0x28, 0x21, 0x21,
  0x2c, 0x27, 0x27, 0x33, 0x2e, 0x2d, 0x31, 0x2b, 0x2a, 0x5e, 0x5e, 0x53,
  0xc3, 0xbb, 0xb6, 0xbc, 0xb4, 0xb3, 0xbd, 0xb7, 0xb6, 0xc0, 0xb9, 0xb6,
  0xd8, 0xd4, 0xd3, 0xda, 0xd5, 0xd4, 0xda, 0xd6, 0xd5, 0xd9, 0xd6, 0xd5,
  0xda, 0xd6, 0xd5, 0xd8, 0xd3, 0xd1, 0xdc, 0xda, 0xd8, 0xe5, 0xe7, 0xe7,
  0xdd, 0xd9, 0xda, 0xdf, 0xdc, 0xdc, 0xdd, 0xdb, 0xda, 0xd8, 0xd3, 0xd3,
  0xd7, 0xd2, 0xd2, 0xd9, 0xd5, 0xd3, 0xdd, 0xd9, 0xd8, 0xda, 0xd6, 0xd5,
  0xd9, 0xd5, 0xd4, 0xdb, 0xd7, 0xd7, 0xdd, 0xd9, 0xd9, 0xdb, 0xd6, 0xd6,
  0xdb, 0xd6, 0xd5, 0xdb, 0xd7, 0xd6, 0xdd, 0xd9, 0xda, 0xdc, 0xd8, 0xd7,
  0xd9, 0xd5, 0xd4, 0xd8, 0xd4, 0xd4, 0xd7, 0xd2, 0xd1, 0xd6, 0xd1, 0xd1,
  0xd5, 0xd0, 0xce, 0xd3, 0xce, 0xcb, 0xd6, 0xd4, 0xd3, 0xd9, 0xd7, 0xd6,
  0xd3, 0xcf, 0xcf, 0xd0, 0xcd, 0xcb, 0xcd, 0xca, 0xc8, 0xc9, 0xc6, 0xc4,
  0xc4, 0xc1, 0xbc, 0xb9, 0xb4, 0xaf, 0xae, 0xa7, 0xa0, 0xa7, 0x9f, 0x96,
  0xad, 0xa4, 0x9c, 0xaa, 0xa2, 0x9b, 0x9c, 0x93, 0x8c, 0xa4, 0x9c, 0x95,
  0xb0, 0xa8, 0xa3, 0xbb, 0xb3, 0xaf, 0xbf, 0xb7, 0xb2, 0x87, 0x80, 0x85,
  0x8a, 0x88, 0x8b, 0xa7, 0xa0, 0xa0, 0xc3, 0xbb, 0xbc, 0xcf, 0xc8, 0xc6,
  0xcc, 0xc7, 0xc4, 0xc9, 0xc3, 0xbf, 0xc7, 0xc0, 0xc0, 0xcc, 0xc8, 0xc7,
  0xcf, 0xcb, 0xcb, 0xd3, 0xd2, 0xd3, 0xd4, 0xd4, 0xd4, 0xd5, 0xd4, 0xd4,
  0xd5, 0xd2, 0xd2, 0xd3, 0xce, 0xcf, 0xd1, 0xcc, 0xce, 0xd0, 0xcb, 0xcb,
  0xd0, 0xcb, 0xca, 0xcf, 0xcb, 0xca, 0xcf, 0xca, 0xc9, 0xce, 0xc9, 0xc8,
  0xce, 0xc9, 0xc8, 0xcc, 0xc8, 0xc7, 0xc9, 0xc5, 0xc5, 0xc8, 0xc2, 0xc1,
  0xc9, 0xc4, 0xc3, 0xca, 0xc5, 0xc4, 0xca, 0xc5, 0xc5, 0xcd, 0xc9, 0xc9,
  0xcf, 0xcd, 0xcd, 0xce, 0xca, 0xca, 0xca, 0xc7, 0xc6, 0xcd, 0xcb, 0xcb,
  0xd0, 0xce, 0xcf, 0xcf, 0xcb, 0xcc, 0xc7, 0xc2, 0xc2, 0xc1, 0xbc, 0xba,
  0xbb, 0xb3, 0xb2, 0xb9, 0xaf, 0xac, 0xb7, 0xae, 0xab, 0xb6, 0xad, 0xab,
  0xb5, 0xac, 0xa9, 0xb5, 0xac, 0xa9, 0xb5, 0xac, 0xaa, 0xb5, 0xac, 0xa7,
  0xa9, 0xa0, 0xa1, 0x5a, 0x5d, 0x61, 0x66, 0x5d, 0x62, 0x4f, 0x46, 0x46,
  0x37, 0x2d, 0x2e, 0x47, 0x43, 0x3f, 0x63, 0x5b, 0x5f, 0x1c, 0x14, 0x16,
  0x32, 0x2d, 0x2a, 0x41, 0x36, 0x34, 0x30, 0x27, 0x24, 0x42, 0x3d, 0x36,
  0x6e, 0x6c, 0x64, 0x89, 0x83, 0x81, 0x51, 0x49, 0x47, 0x5c, 0x57, 0x53,
  0x57, 0x4b, 0x4b, 0x36, 0x31, 0x2f, 0x48, 0x42, 0x40, 0x31, 0x2b, 0x2c,
  0x35, 0x33, 0x2f, 0x89, 0x82, 0x7c, 0x5e, 0x4c, 0x55, 0x38, 0x34, 0x30,
  0x47, 0x3e, 0x3e, 0x35, 0x2e, 0x2c, 0x4a, 0x41, 0x3e, 0x2a, 0x22, 0x22,
  0x29, 0x23, 0x21, 0x2f, 0x2a, 0x28, 0x3b, 0x36, 0x31, 0x53, 0x4f, 0x48,
  0xa0, 0x9a, 0x95, 0xba, 0xb3, 0xb0, 0xba, 0xb5, 0xb2, 0xbd, 0xb6, 0xb4,
  0xd9, 0xd4, 0xd3, 0xd6, 0xd1, 0xd0, 0xd7, 0xd2, 0xd1, 0xd6, 0xd1, 0xd0,
  0xd7, 0xd1, 0xd1, 0xd7, 0xd1, 0xd1, 0xd6, 0xd2, 0xd1, 0xdd, 0xdc, 0xdb,
  0xe1, 0xde, 0xde, 0xdd, 0xdb, 0xdb, 0xda, 0xd6, 0xd6, 0xd6, 0xd1, 0xd0,
  0xd9, 0xd5, 0xd5, 0xdd, 0xda, 0xd9, 0xdd, 0xdc, 0xdc, 0xda, 0xd7, 0xd7,
  0xda, 0xd6, 0xd6, 0xd8, 0xd3, 0xd3, 0xd6, 0xd1, 0xd0, 0xdc, 0xd8, 0xd8,
  0xde, 0xdd, 0xdc, 0xdb, 0xd7, 0xd6, 0xdb, 0xd6, 0xd7, 0xdc, 0xd7, 0xd7,
  0xda, 0xd5, 0xd5, 0xda, 0xd6, 0xd5, 0xd9, 0xd7, 0xd6, 0xd8, 0xd5, 0xd4,
  0xd7, 0xd2, 0xd1, 0xd6, 0xd3, 0xd2, 0xd6, 0xd1, 0xd0, 0xd5, 0xd0, 0xd0,
  0xd3, 0xcd, 0xcc, 0xd3, 0xce, 0xcc, 0xda, 0xd6, 0xd5, 0xd4, 0xcd, 0xcb,
  0xd4, 0xcf, 0xce, 0xd5, 0xce, 0xcd, 0xd2, 0xcb, 0xc9, 0xd1, 0xc9, 0xc5,
  0xd0, 0xc9, 0xc7, 0xcb, 0xc3, 0xbf, 0xcb, 0xc4, 0xc0, 0xcb, 0xc4, 0xc1,
  0xc6, 0xbf, 0xbc, 0xc7, 0xc1, 0xbd, 0xd3, 0xcd, 0xcb, 0x79, 0x77, 0x76,
  0x21, 0x1f, 0x1e, 0x3b, 0x37, 0x3a, 0x60, 0x5c, 0x65, 0x99, 0x93, 0x9a,
  0xc4, 0xbd, 0xbe, 0xd5, 0xcf, 0xcf, 0xd9, 0xd4, 0xd2, 0xd9, 0xd5, 0xd3,
  0xd9, 0xd6, 0xd4, 0xdf, 0xda, 0xda, 0xdd, 0xd9, 0xd8, 0xda, 0xd5, 0xd5,
  0xd7, 0xd2, 0xd2, 0xd7, 0xd1, 0xd1, 0xd7, 0xd2, 0xd2, 0xd6, 0xd1, 0xd1,
  0xd5, 0xd0, 0xcf, 0xd6, 0xd2, 0xcf, 0xd5, 0xd0, 0xcd, 0xd4, 0xce, 0xcb,
  0xd3, 0xcd, 0xca, 0xd0, 0xca, 0xc7, 0xcd, 0xc8, 0xc5, 0xcd, 0xc8, 0xc5,
  0xce, 0xc9, 0xc5, 0xcf, 0xca, 0xc7, 0xd1, 0xcc, 0xca, 0xd5, 0xcf, 0xce,
  0xd5, 0xd1, 0xd0, 0xd3, 0xd0, 0xce, 0xd3, 0xcf, 0xcd, 0xd5, 0xd1, 0xcf,
  0xd5, 0xd0, 0xcf, 0xd3, 0xcd, 0xcc, 0xd1, 0xcc, 0xc9, 0xd1, 0xcc, 0xc9,
  0xcd, 0xc7, 0xc5, 0xc8, 0xc2, 0xbe, 0xc4, 0xbd, 0xb8, 0xc4, 0xbb, 0xb6,
  0xc0, 0xb6, 0xb3, 0xbc, 0xb4, 0xb1, 0xbb, 0xb3, 0xb0, 0xbc, 0xb4, 0xb1,
  0xb3, 0xaa, 0xab, 0x5e, 0x5d, 0x61, 0x32, 0x2d, 0x2d, 0x26, 0x21, 0x23,
  0x29, 0x24, 0x22, 0x26, 0x21, 0x1d, 0x22, 0x1e, 0x19, 0x26, 0x21, 0x1e,
  0x2b, 0x26, 0x24, 0x36, 0x31, 0x2f, 0x38, 0x35, 0x30, 0x36, 0x33, 0x31,
  0x5a, 0x55, 0x51, 0x66, 0x5c, 0x5e, 0x29, 0x25, 0x25, 0x31, 0x2c, 0x2a,
  0x31, 0x2c, 0x28, 0x57, 0x53, 0x4d, 0x43, 0x41, 0x3d, 0x58, 0x57, 0x50,
  0x62, 0x61, 0x5d, 0x5e, 0x5c, 0x59, 0x60, 0x61, 0x5e, 0x6d, 0x6d, 0x68,
  0x63, 0x61, 0x5e, 0x63, 0x64, 0x5f, 0x64, 0x67, 0x61, 0x71, 0x73, 0x6c,
  0x74, 0x75, 0x71, 0x77, 0x7a, 0x77, 0x80, 0x85, 0x7f, 0x8c, 0x90, 0x8b,
  0x9c, 0x9c, 0x98, 0xaf, 0xab, 0xa7, 0xb1, 0xae, 0xad, 0xb7, 0xb3, 0xb2,
  0xda, 0xd6, 0xd5, 0xd9, 0xd4, 0xd3, 0xdb, 0xd7, 0xd6, 0xda, 0xd6, 0xd5,
  0xd8, 0xd3, 0xd1, 0xd8, 0xd3, 0xd2, 0xd6, 0xd1, 0xd0, 0xd8, 0xd3, 0xd2,
  0xd8, 0xd4, 0xd4, 0xdc, 0xd8, 0xd8, 0xdf, 0xdc, 0xdd, 0xdc, 0xd9, 0xd9,
  0xdd, 0xdb, 0xdc, 0xdd, 0xdc, 0xdc, 0xe0, 0xde, 0xdf, 0xdb, 0xd7, 0xd8,
  0xda, 0xd7, 0xd7, 0xd9, 0xd6, 0xd5, 0xdd, 0xda, 0xd9, 0xde, 0xdc, 0xdc,
  0xdc, 0xda, 0xda, 0xdc, 0xd9, 0xd9, 0xd7, 0xd3, 0xd2, 0xda, 0xd5, 0xd5,
  0xdb, 0xd9, 0xd9, 0xdc, 0xda, 0xda, 0xdd, 0xdc, 0xdb, 0xdd, 0xda, 0xda,
  0xde, 0xdc, 0xdc, 0xdd, 0xdc, 0xdc, 0xdc, 0xdb, 0xdb, 0xdb, 0xd9, 0xd8,
  0xdb, 0xd9, 0xd9, 0xdb, 0xd8, 0xd8, 0xd7, 0xd3, 0xd3, 0xd5, 0xcf, 0xcd,
  0xd4, 0xcf, 0xcd, 0xd4, 0xcf, 0xcc, 0xd5, 0xcf, 0xcd, 0xd5, 0xcf, 0xce,
  0xd4, 0xce, 0xcc, 0xd4, 0xce, 0xcc, 0xd3, 0xcc, 0xc9, 0xd3, 0xcc, 0xc8,
  0xd3, 0xcc, 0xc9, 0xd3, 0xcd, 0xcc, 0xd1, 0xcc, 0xca, 0xda, 0xd5, 0xd0,
  0x8a, 0x89, 0x84, 0x33, 0x30, 0x2c, 0x20, 0x1c, 0x1b, 0x25, 0x1f, 0x20,
  0x3f, 0x38, 0x3d, 0x65, 0x5d, 0x64, 0x8a, 0x82, 0x88, 0xa3, 0x9a, 0xa1,
  0xb0, 0xa9, 0xab, 0xb3, 0xae, 0xb3, 0xb5, 0xb1, 0xba, 0xb6, 0xb0, 0xb6,
  0xb7, 0xb1, 0xb4, 0xb3, 0xae, 0xb4, 0xb1, 0xad, 0xb1, 0xb2, 0xae, 0xaf,
  0xb7, 0xb3, 0xb5, 0xbb, 0xb5, 0xc0, 0xb8, 0xb2, 0xc0, 0xb9, 0xb4, 0xc1,
  0xbb, 0xb6, 0xc1, 0xbd, 0xb9, 0xc3, 0xbb, 0xb7, 0xc2, 0xbc, 0xb7, 0xc1,
  0xbd, 0xb8, 0xc1, 0xbd, 0xb8, 0xc3, 0xc0, 0xbd, 0xc7, 0xc0, 0xbd, 0xc7,
  0xbf, 0xbb, 0xc6, 0xbd, 0xba, 0xc4, 0xb9, 0xb5, 0xc2, 0xb4, 0xb0, 0xbd,
  0xb2, 0xaf, 0xbb, 0xaf, 0xad, 0xba, 0xaa, 0xa8, 0xb6, 0xa5, 0xa2, 0xb1,
  0xa1, 0xa1, 0xb1, 0x9e, 0x9d, 0xae, 0x96, 0x94, 0xa9, 0x90, 0x90, 0xa4,
  0xa3, 0xa6, 0xab, 0xad, 0xb0, 0xaf, 0xad, 0xaf, 0xae, 0xa8, 0xad, 0xab,
  0xac, 0xb1, 0xb0, 0xa0, 0xa6, 0xa8, 0x87, 0x90, 0x8d, 0x80, 0x88, 0x88,
  0x66, 0x6b, 0x7b, 0x7e, 0x87, 0x85, 0x80, 0x8a, 0x82, 0x81, 0x88, 0x83,
  0x7f, 0x87, 0x83, 0x82, 0x8c, 0x88, 0x87, 0x8f, 0x8a, 0x84, 0x89, 0x84,
  0x82, 0x88, 0x83, 0x7e, 0x86, 0x81, 0x86, 0x8d, 0x8a, 0x88, 0x8f, 0x8a,
  0x84, 0x8e, 0x8c, 0x82, 0x8d, 0x8b, 0x92, 0x9b, 0x97, 0x99, 0x9f, 0x9c,
  0x9c, 0xa2, 0xa0, 0x9a, 0xa0, 0x9d, 0x9c, 0xa1, 0x9f, 0x99, 0x9c, 0x9b,
  0x9c, 0x9f, 0x9c, 0x9e, 0xa0, 0x9e, 0xa1, 0xa3, 0xa0, 0xa9, 0xa7, 0xa3,
  0xaf, 0xaa, 0xa8, 0xae, 0xaa, 0xa6, 0xb2, 0xb1, 0xad, 0xb6, 0xb2, 0xaf,
  0xbc, 0xb5, 0xb3, 0xbf, 0xb8, 0xb4, 0xc2, 0xb9, 0xb5, 0xc5, 0xbc, 0xb9,
  0xda, 0xd6, 0xd5, 0xdb, 0xd6, 0xd5, 0xd9, 0xd5, 0xd4, 0xda, 0xd6, 0xd5,
  0xd9, 0xd4, 0xd2, 0xdc, 0xd8, 0xd7, 0xdb, 0xd7, 0xd6, 0xd8, 0xd3, 0xd3,
  0xd8, 0xd3, 0xd2, 0xdc, 0xd7, 0xd7, 0xde, 0xdb, 0xdb, 0xdc, 0xd8, 0xd8,
  0xdc, 0xd9, 0xd8, 0xdc, 0xd8, 0xd8, 0xdd, 0xd7, 0xd9, 0xdb, 0xd6, 0xd7,
  0xdc, 0xd9, 0xd8, 0xdc, 0xd8, 0xd8, 0xdd, 0xda, 0xda, 0xda, 0xd6, 0xd6,
  0xd8, 0xd2, 0xd3, 0xdd, 0xdb, 0xdb, 0xe0, 0xdf, 0xdf, 0xdf, 0xdc, 0xdd,
  0xdd, 0xda, 0xda, 0xdc, 0xd8, 0xd8, 0xdc, 0xda, 0xd9, 0xdf, 0xde, 0xde,
  0xe0, 0xe0, 0xdf, 0xdf, 0xdd, 0xdd, 0xde, 0xdc, 0xdc, 0xdc, 0xda, 0xda,
  0xdc, 0xdb, 0xdc, 0xdd, 0xdb, 0xdb, 0xdb, 0xd9, 0xd9, 0xdb, 0xd9, 0xd9,
  0xdb, 0xd9, 0xd9, 0xd7, 0xd5, 0xd5, 0xd9, 0xd7, 0xd7, 0xd9, 0xd6, 0xd5,
  0xd9, 0xd7, 0xd6, 0xda, 0xd7, 0xd6, 0xd7, 0xd3, 0xd3, 0xd4, 0xce, 0xcc,
  0xcf, 0xc8, 0xc6, 0xcf, 0xca, 0xc8, 0xcd, 0xc8, 0xc5, 0xcc, 0xc7, 0xc5,
  0xdb, 0xd5, 0xd5, 0xbc, 0xbd, 0xbb, 0x78, 0x77, 0x75, 0x44, 0x42, 0x3f,
  0x2c, 0x2a, 0x26, 0x23, 0x1f, 0x1c, 0x22, 0x1c, 0x1c, 0x26, 0x1f, 0x21,
  0x2b, 0x23, 0x23, 0x2d, 0x26, 0x26, 0x2f, 0x28, 0x29, 0x37, 0x30, 0x30,
  0x3c, 0x36, 0x38, 0x40, 0x3a, 0x3b, 0x4a, 0x46, 0x45, 0x44, 0x3e, 0x40,
  0x3e, 0x39, 0x3b, 0x43, 0x3e, 0x44, 0x3f, 0x3a, 0x40, 0x40, 0x3b, 0x42,
  0x45, 0x40, 0x48, 0x49, 0x45, 0x4e, 0x48, 0x45, 0x4d, 0x49, 0x48, 0x4d,
  0x4f, 0x4d, 0x53, 0x57, 0x54, 0x5b, 0x54, 0x52, 0x58, 0x57, 0x56, 0x5b,
  0x5c, 0x5d, 0x62, 0x5d, 0x5f, 0x64, 0x6c, 0x6e, 0x72, 0x7b, 0x80, 0x81,
  0x91, 0x94, 0x96, 0x93, 0x96, 0x99, 0x8d, 0x91, 0x93, 0x92, 0x97, 0x98,
  0x93, 0x98, 0x9a, 0x96, 0x9b, 0x9d, 0x9f, 0xa5, 0xa7, 0x9a, 0xa0, 0xa3,
  0x9c, 0xa4, 0xa4, 0xa2, 0xa9, 0xa8, 0xa5, 0xab, 0xa9, 0xac, 0xb4, 0xb2,
  0xaf, 0xb5, 0xb3, 0xb1, 0xb7, 0xb4, 0xb4, 0xb9, 0xb7, 0xb4, 0xb7, 0xb5,
  0xb4, 0xb8, 0xb4, 0xb2, 0xb7, 0xb6, 0xb0, 0xb4, 0xb3, 0xad, 0xb0, 0xae,
  0xb4, 0xb6, 0xb4, 0xba, 0xb9, 0xb7, 0xc1, 0xbd, 0xba, 0xc6, 0xc1, 0xbc,
  0xc7, 0xc1, 0xbe, 0xc6, 0xbf, 0xbc, 0xc4, 0xbd, 0xba, 0xc2, 0xbb, 0xb8,
  0xc3, 0xbe, 0xba, 0xbf, 0xb8, 0xb4, 0xc3, 0xba, 0xb7, 0xc3, 0xbb, 0xb8,
  0xc2, 0xb8, 0xb6, 0xc1, 0xb7, 0xb5, 0xbc, 0xb2, 0xaf, 0xb6, 0xac, 0xa9,
  0xbb, 0xb2, 0xae, 0xbd, 0xb4, 0xb0, 0xc0, 0xb7, 0xb2, 0xc5, 0xbc, 0xb8,
  0xc6, 0xbc, 0xb9, 0xc6, 0xbc, 0xbb, 0xc7, 0xbc, 0xb9, 0xc7, 0xbd, 0xb9,
  0xc9, 0xbe, 0xbc, 0xc9, 0xc0, 0xbc, 0xca, 0xc1, 0xbe, 0xc8, 0xbf, 0xbc,
  0xda, 0xd5, 0xd5, 0xdd, 0xda, 0xda, 0xda, 0xd8, 0xd7, 0xd7, 0xd2, 0xd1,
  0xda, 0xd6, 0xd6, 0xdc, 0xd8, 0xd8, 0xd8, 0xd3, 0xd2, 0xd4, 0xce, 0xcb,
  0xd3, 0xcd, 0xcc, 0xda, 0xd6, 0xd5, 0xdb, 0xd7, 0xd7, 0xdb, 0xd8, 0xd7,
  0xdb, 0xd7, 0xd6, 0xdc, 0xd8, 0xd7, 0xdc, 0xd8, 0xd8, 0xd9, 0xd5, 0xd5,
  0xdb, 0xd7, 0xd7, 0xda, 0xd6, 0xd5, 0xd9, 0xd4, 0xd4, 0xd8, 0xd3, 0xd2,
  0xdb, 0xd7, 0xd7, 0xdc, 0xd8, 0xd9, 0xdc, 0xdb, 0xdb, 0xdc, 0xd7, 0xd7,
  0xdc, 0xd7, 0xd6, 0xdb, 0xd6, 0xd7, 0xda, 0xd6, 0xd7, 0xdb, 0xda, 0xd9,
  0xe0, 0xdf, 0xde, 0xda, 0xd7, 0xd8, 0xdc, 0xd9, 0xd9, 0xdc, 0xd9, 0xd9,
  0xdb, 0xd8, 0xd9, 0xdf, 0xde, 0xde, 0xde, 0xdb, 0xdc, 0xd9, 0xd5, 0xd5,
  0xd8, 0xd4, 0xd3, 0xdc, 0xda, 0xd9, 0xdc, 0xda, 0xda, 0xd7, 0xd2, 0xd1,
  0xd9, 0xd7, 0xd6, 0xdd, 0xdb, 0xdb, 0xde, 0xdd, 0xdd, 0xdd, 0xdd, 0xdd,
  0xdb, 0xd9, 0xda, 0xd4, 0xd0, 0xd0, 0xce, 0xcb, 0xca, 0xcd, 0xca, 0xc9,
  0xc5, 0xc4, 0xc4, 0xc5, 0xc5, 0xc6, 0xbb, 0xbd, 0xbd, 0x9e, 0xa2, 0xa1,
  0x87, 0x86, 0x82, 0x79, 0x73, 0x6f, 0x6c, 0x67, 0x62, 0x61, 0x5c, 0x57,
  0x60, 0x5c, 0x56, 0x55, 0x51, 0x49, 0x61, 0x5e, 0x52, 0x65, 0x5f, 0x56,
  0x59, 0x51, 0x4d, 0x69, 0x63, 0x58, 0x85, 0x7e, 0x75, 0x6b, 0x63, 0x5e,
  0x56, 0x4f, 0x47, 0x54, 0x4d, 0x48, 0x5c, 0x57, 0x4e, 0x5c, 0x57, 0x4d,
  0x69, 0x66, 0x5b, 0x6c, 0x65, 0x5b, 0x66, 0x60, 0x56, 0x67, 0x63, 0x58,
  0x6f, 0x68, 0x5d, 0x80, 0x7c, 0x70, 0x8a, 0x84, 0x7a, 0x9a, 0x93, 0x89,
  0xa1, 0x9b, 0x90, 0xa2, 0x9d, 0x93, 0xb5, 0xaf, 0xa6, 0xc5, 0xbe, 0xb7,
  0xcf, 0xc7, 0xc3, 0xcf, 0xc6, 0xc3, 0xcb, 0xc3, 0xbe, 0xd0, 0xc9, 0xc4,
  0xd0, 0xc8, 0xc4, 0xd2, 0xcc, 0xc8, 0xdb, 0xd6, 0xd3, 0xd6, 0xd0, 0xcf,
  0xd4, 0xcf, 0xcd, 0xd3, 0xcc, 0xca, 0xd5, 0xcc, 0xca, 0xd4, 0xcb, 0xca,
  0xd3, 0xca, 0xc7, 0xd2, 0xcb, 0xc8, 0xd0, 0xca, 0xc8, 0xd2, 0xcc, 0xcc,
  0xd1, 0xcb, 0xca, 0xd0, 0xca, 0xc7, 0xd2, 0xcd, 0xcb, 0xd0, 0xca, 0xc9,
  0xd2, 0xcb, 0xca, 0xd1, 0xca, 0xc7, 0xd0, 0xc8, 0xc6, 0xca, 0xc0, 0xbd,
  0xca, 0xc1, 0xbe, 0xcb, 0xc1, 0xbe, 0xc8, 0xbc, 0xb8, 0xca, 0xbf, 0xbb,
  0xcc, 0xc1, 0xbe, 0xcf, 0xc4, 0xc1, 0xcc, 0xc1, 0xbf, 0xcc, 0xc1, 0xbf,
  0xcd, 0xc4, 0xc0, 0xcf, 0xc6, 0xc3, 0xcd, 0xc3, 0xc2, 0xcb, 0xc2, 0xbf,
  0xca, 0xc1, 0xbe, 0xcb, 0xc2, 0xbf, 0xcc, 0xc2, 0xc0, 0xc4, 0xb9, 0xb7,
  0xc1, 0xb6, 0xb3, 0xc0, 0xb6, 0xb4, 0xc1, 0xb6, 0xb1, 0xc2, 0xb9, 0xb4,
  0xc6, 0xbd, 0xba, 0xc8, 0xbf, 0xbb, 0xc6, 0xbc, 0xb9, 0xc4, 0xba, 0xb7,
  0xdb, 0xd6, 0xd7, 0xda, 0xd6, 0xd6, 0xdd, 0xda, 0xda, 0xde, 0xdb, 0xdb,
  0xdf, 0xdd, 0xdd, 0xde, 0xdc, 0xdc, 0xdf, 0xdc, 0xdc, 0xdc, 0xd8, 0xd7,
  0xda, 0xd5, 0xd4, 0xdc, 0xd8, 0xd7, 0xdc, 0xd9, 0xd9, 0xde, 0xdb, 0xdb,
  0xdc, 0xd7, 0xd8, 0xd9, 0xd7, 0xd6, 0xde, 0xdc, 0xdb, 0xd9, 0xd5, 0xd4,
  0xda, 0xd5, 0xd5, 0xd6, 0xd1, 0xd0, 0xd9, 0xd5, 0xd4, 0xdc, 0xd8, 0xd8,
  0xd9, 0xd5, 0xd4, 0xd8, 0xd3, 0xd2, 0xd8, 0xd4, 0xd3, 0xd8, 0xd4, 0xd3,
  0xdb, 0xd7, 0xd7, 0xda, 0xd5, 0xd6, 0xdb, 0xd6, 0xd5, 0xda, 0xd5, 0xd4,
  0xd9, 0xd4, 0xd4, 0xdc, 0xd7, 0xd8, 0xd9, 0xd5, 0xd3, 0xda, 0xd5, 0xd4,
  0xd9, 0xd4, 0xd4, 0xd7, 0xd2, 0xd3, 0xd9, 0xd6, 0xd6, 0xd9, 0xd6, 0xd6,
  0xdd, 0xdb, 0xda, 0xdc, 0xda, 0xd9, 0xdd, 0xdc, 0xdc, 0xdd, 0xdb, 0xdb,
  0xdc, 0xdb, 0xdb, 0xe3, 0xe3, 0xe3, 0xdb, 0xd9, 0xd9, 0xd5, 0xcf, 0xcf,
  0xd8, 0xd2, 0xd2, 0xdb, 0xd7, 0xd7, 0xd8, 0xd6, 0xd5, 0xd7, 0xd4, 0xd3,
  0xd9, 0xd7, 0xd7, 0xd3, 0xd2, 0xd2, 0xc6, 0xc4, 0xc3, 0xbe, 0xbd, 0xbd,
  0xc5, 0xc4, 0xc1, 0xae, 0xad, 0xa8, 0x96, 0x92, 0x8b, 0x8b, 0x85, 0x7d,
  0x8f, 0x89, 0x82, 0x91, 0x8c, 0x83, 0xa2, 0x9a, 0x93, 0x9a, 0x90, 0x8a,
  0x8d, 0x84, 0x7c, 0xac, 0xa4, 0x9b, 0xb8, 0xae, 0xa8, 0xab, 0x9f, 0x99,
  0xa0, 0x95, 0x8d, 0xa2, 0x99, 0x8f, 0xaa, 0xa1, 0x99, 0xb2, 0xa7, 0xa1,
  0xb4, 0xab, 0xa4, 0xb2, 0xa9, 0xa1, 0xb6, 0xac, 0xa4, 0xb3, 0xaa, 0xa1,
  0xb8, 0xaf, 0xa9, 0xc2, 0xba, 0xb4, 0xd2, 0xcc, 0xc8, 0xd1, 0xc8, 0xc5,
  0xd1, 0xc9, 0xc6, 0xd2, 0xc9, 0xc7, 0xd0, 0xc6, 0xc5, 0xd0, 0xc7, 0xc5,
  0xce, 0xc7, 0xc5, 0xce, 0xc8, 0xc5, 0xcf, 0xc9, 0xc5, 0xcf, 0xc8, 0xc6,
  0xd0, 0xc9, 0xc6, 0xd1, 0xca, 0xc7, 0xd0, 0xca, 0xc6, 0xd1, 0xca, 0xc7,
  0xd1, 0xc9, 0xc7, 0xce, 0xc6, 0xc3, 0xce, 0xc7, 0xc4, 0xcd, 0xc5, 0xc3,
  0xcd, 0xc6, 0xc2, 0xcf, 0xc8, 0xc5, 0xcf, 0xc8, 0xc4, 0xce, 0xc8, 0xc5,
  0xce, 0xc7, 0xc5, 0xcc, 0xc5, 0xc2, 0xcc, 0xc6, 0xc2, 0xcd, 0xc6, 0xc5,
  0xce, 0xc7, 0xc4, 0xc9, 0xc3, 0xbe, 0xcc, 0xc6, 0xc2, 0xc6, 0xbb, 0xb7,
  0xc7, 0xbe, 0xb9, 0xcc, 0xc3, 0xc1, 0xc8, 0xbf, 0xbb, 0xc9, 0xbf, 0xbb,
  0xca, 0xbf, 0xbb, 0xcc, 0xc1, 0xbd, 0xcb, 0xc2, 0xbf, 0xca, 0xc0, 0xbd,
  0xcc, 0xc0, 0xbe, 0xcc, 0xc2, 0xbf, 0xcc, 0xc3, 0xc0, 0xca, 0xc1, 0xbe,
  0xc8, 0xbf, 0xbc, 0xc9, 0xc0, 0xbd, 0xcb, 0xc1, 0xbe, 0xc4, 0xb8, 0xb4,
  0xc2, 0xb7, 0xb3, 0xc2, 0xb7, 0xb3, 0xc3, 0xb8, 0xb3, 0xc3, 0xba, 0xb5,
  0xc6, 0xbd, 0xba, 0xc8, 0xbd, 0xba, 0xc4, 0xb9, 0xb5, 0xc3, 0xb8, 0xb3,
  0xdc, 0xd7, 0xd8, 0xd6, 0xd2, 0xd0, 0xdc, 0xd8, 0xd7, 0xe1, 0xdd, 0xdf,
  0xe0, 0xdd, 0xdd, 0xdf, 0xdc, 0xdc, 0xdd, 0xda, 0xda, 0xdf, 0xdb, 0xda,
  0xdd, 0xd8, 0xd9, 0xda, 0xd5, 0xd4, 0xd8, 0xd3, 0xd2, 0xd7, 0xd2, 0xd1,
  0xd6, 0xd1, 0xd0, 0xd9, 0xd4, 0xd3, 0xdd, 0xd9, 0xd9, 0xd8, 0xd4, 0xd3,
  0xd7, 0xd3, 0xd1, 0xe0, 0xdd, 0xdc, 0xde, 0xda, 0xda, 0xda, 0xd7, 0xd7,
  0xd9, 0xd4, 0xd3, 0xd8, 0xd3, 0xd2, 0xdb, 0xd8, 0xd7, 0xd9, 0xd5, 0xd4,
  0xd7, 0xd3, 0xd2, 0xd8, 0xd3, 0xd2, 0xda, 0xd7, 0xd5, 0xd6, 0xd2, 0xd1,
  0xd9, 0xd4, 0xd3, 0xd8, 0xd3, 0xd2, 0xd8, 0xd4, 0xd3, 0xd8, 0xd4, 0xd3,
  0xda, 0xd5, 0xd5, 0xd8, 0xd4, 0xd3, 0xd8, 0xd3, 0xd1, 0xd8, 0xd2, 0xd2,
  0xd9, 0xd5, 0xd5, 0xd8, 0xd4, 0xd2, 0xda, 0xd5, 0xd4, 0xda, 0xd8, 0xd6,
  0xdd, 0xdb, 0xda, 0xdc, 0xd8, 0xd8, 0xd9, 0xd4, 0xd3, 0xd3, 0xcc, 0xcb,
  0xd0, 0xc8, 0xc5, 0xd4, 0xcd, 0xcc, 0xd6, 0xd1, 0xd1, 0xd4, 0xcf, 0xcf,
  0xd1, 0xcc, 0xca, 0xd5, 0xd1, 0xd0, 0xd4, 0xce, 0xcc, 0xd3, 0xcd, 0xcb,
  0xd4, 0xce, 0xcd, 0xd1, 0xcb, 0xca, 0xdb, 0xda, 0xd6, 0xcb, 0xc6, 0xc3,
  0xbf, 0xb7, 0xb1, 0xbf, 0xb6, 0xb0, 0xc0, 0xb7, 0xb2, 0xbe, 0xb4, 0xaf,
  0xb8, 0xb0, 0xa8, 0xb4, 0xac, 0xa3, 0xb5, 0xab, 0xa4, 0xb9, 0xb1, 0xaa,
  0xc4, 0xbc, 0xb9, 0xbd, 0xb4, 0xb0, 0xbe, 0xb5, 0xb0, 0xc0, 0xb8, 0xb3,
  0xc3, 0xb9, 0xb5, 0xc6, 0xbe, 0xba, 0xc1, 0xb8, 0xb3, 0xc0, 0xb7, 0xb2,
  0xc3, 0xbb, 0xb7, 0xc7, 0xbe, 0xba, 0xca, 0xc0, 0xbe, 0xc2, 0xb8, 0xb3,
  0xc4, 0xbb, 0xb5, 0xcc, 0xc5, 0xc2, 0xcb, 0xc4, 0xbf, 0xcd, 0xc4, 0xc0,
  0xcd, 0xc5, 0xc2, 0xcc, 0xc5, 0xc1, 0xcd, 0xc7, 0xc2, 0xce, 0xc6, 0xc3,
  0xd0, 0xc7, 0xc4, 0xcf, 0xc6, 0xc4, 0xcf, 0xc6, 0xc3, 0xce, 0xc8, 0xc4,
  0xcf, 0xc8, 0xc5, 0xce, 0xc7, 0xc4, 0xce, 0xc7, 0xc4, 0xce, 0xc8, 0xc4,
  0xcd, 0xc6, 0xc3, 0xcf, 0xc8, 0xc5, 0xd0, 0xc9, 0xc8, 0xce, 0xc7, 0xc5,
  0xce, 0xc7, 0xc3, 0xcf, 0xc7, 0xc3, 0xcc, 0xc5, 0xc1, 0xcc, 0xc4, 0xc1,
  0xce, 0xc6, 0xc2, 0xcb, 0xc5, 0xc0, 0xcc, 0xc4, 0xc0, 0xcb, 0xc1, 0xbe,
  0xca, 0xc1, 0xbd, 0xcb, 0xc2, 0xbe, 0xcb, 0xc1, 0xbe, 0xcb, 0xc0, 0xbc,
  0xca, 0xc1, 0xbc, 0xca, 0xc1, 0xbe, 0xcb, 0xc2, 0xbf, 0xcd, 0xc1, 0xbf,
  0xca, 0xbe, 0xbc, 0xca, 0xbe, 0xbc, 0xcc, 0xc0, 0xbe, 0xcc, 0xc0, 0xbe,
  0xcb, 0xc1, 0xbe, 0xc9, 0xbe, 0xbc, 0xcb, 0xbe, 0xbc, 0xca, 0xbf, 0xbb,
  0xc7, 0xbc, 0xb8, 0xc8, 0xbd, 0xb9, 0xc8, 0xbc, 0xb9, 0xc8, 0xbe, 0xbb,
  0xc8, 0xbe, 0xbb, 0xc9, 0xbe, 0xbc, 0xc9, 0xbe, 0xbc, 0xca, 0xbe, 0xbc,
  0xda, 0xd5, 0xd5, 0xda, 0xd5, 0xd5, 0xda, 0xd5, 0xd5, 0xe0, 0xdd, 0xde,
  0xd9, 0xd7, 0xd6, 0xd6, 0xd1, 0xd0, 0xe0, 0xdd, 0xdd, 0xdb, 0xd8, 0xd7,
  0xd8, 0xd2, 0xd2, 0xde, 0xd9, 0xd9, 0xdb, 0xd7, 0xd6, 0xda, 0xd7, 0xd7,
  0xe0, 0xdc, 0xdd, 0xdd, 0xd9, 0xd8, 0xdb, 0xd8, 0xd6, 0xda, 0xd6, 0xd5,
  0xe0, 0xde, 0xde, 0xdc, 0xdb, 0xda, 0xd4, 0xce, 0xcd, 0xda, 0xd6, 0xd5,
  0xdd, 0xd9, 0xd8, 0xdb, 0xd8, 0xd8, 0xd6, 0xd1, 0xd1, 0xd7, 0xd3, 0xd2,
  0xd9, 0xd6, 0xd6, 0xd9, 0xd6, 0xd5, 0xdc, 0xd9, 0xd8, 0xd7, 0xd3, 0xd2,
  0xdb, 0xd7, 0xd6, 0xdd, 0xd8, 0xd7, 0xd7, 0xd2, 0xd1, 0xd7, 0xd1, 0xd0,
  0xdd, 0xda, 0xd9, 0xd9, 0xd6, 0xd5, 0xda, 0xd6, 0xd5, 0xdb, 0xd6, 0xd5,
  0xdc, 0xd8, 0xd8, 0xd8, 0xd4, 0xd3, 0xd8, 0xd2, 0xd2, 0xdb, 0xd7, 0xd7,
  0xd8, 0xd5, 0xd3, 0xd9, 0xd4, 0xd2, 0xda, 0xd6, 0xd4, 0xd4, 0xcf, 0xcd,
  0xd3, 0xcd, 0xcb, 0xd2, 0xcb, 0xc9, 0xd1, 0xca, 0xc8, 0xd6, 0xd2, 0xd0,
  0xd3, 0xce, 0xcc, 0xd6, 0xd1, 0xd1, 0xd5, 0xd0, 0xcf, 0xd7, 0xd2, 0xd1,
  0xd0, 0xcb, 0xca, 0xd5, 0xd2, 0xcf, 0xdf, 0xdd, 0xdd, 0xd4, 0xcf, 0xcf,
  0xd1, 0xcc, 0xcb, 0xd1, 0xcb, 0xca, 0xce, 0xc8, 0xc6, 0xcd, 0xc5, 0xc2,
  0xcb, 0xc4, 0xc0, 0xcd, 0xc7, 0xc2, 0xcd, 0xc6, 0xc2, 0xcf, 0xc9, 0xc4,
  0xd1, 0xcb, 0xc9, 0xcc, 0xc5, 0xc2, 0xcd, 0xc5, 0xc3, 0xcc, 0xc4, 0xc1,
  0xca, 0xc2, 0xbe, 0xcb, 0xc2, 0xbf, 0xcb, 0xc3, 0xc0, 0xcc, 0xc4, 0xc1,
  0xcc, 0xc2, 0xbf, 0xcb, 0xc2, 0xbf, 0xce, 0xc5, 0xc2, 0xcd, 0xc4, 0xc1,
  0xcd, 0xc4, 0xc2, 0xcd, 0xc5, 0xc3, 0xcc, 0xc6, 0xc1, 0xcd, 0xc5, 0xc2,
  0xcf, 0xc7, 0xc4, 0xcf, 0xc7, 0xc4, 0xce, 0xc7, 0xc4, 0xcc, 0xc4, 0xc2,
  0xce, 0xc5, 0xc2, 0xcf, 0xc6, 0xc3, 0xd0, 0xc8, 0xc4, 0xd0, 0xc9, 0xc6,
  0xcf, 0xc8, 0xc5, 0xcf, 0xc8, 0xc5, 0xcf, 0xc8, 0xc5, 0xd0, 0xca, 0xc6,
  0xcf, 0xc8, 0xc6, 0xd0, 0xc9, 0xc8, 0xd1, 0xca, 0xc9, 0xce, 0xc7, 0xc5,
  0xcd, 0xc5, 0xc2, 0xcd, 0xc4, 0xc0, 0xcd, 0xc3, 0xc0, 0xce, 0xc6, 0xc3,
  0xcc, 0xc4, 0xc1, 0xcb, 0xc3, 0xbf, 0xcb, 0xc1, 0xbd, 0xcc, 0xc2, 0xbe,
  0xca, 0xc1, 0xbd, 0xc9, 0xc0, 0xbc, 0xcb, 0xc1, 0xbe, 0xc9, 0xbe, 0xb9,
  0xc9, 0xbe, 0xba, 0xcb, 0xc2, 0xbf, 0xcb, 0xc0, 0xbe, 0xcb, 0xbf, 0xbd,
  0xca, 0xc0, 0xbd, 0xc9, 0xbe, 0xbc, 0xcb, 0xbf, 0xbd, 0xcb, 0xc0, 0xbe,
  0xc9, 0xbf, 0xbd, 0xca, 0xc0, 0xbd, 0xcb, 0xc1, 0xbe, 0xc9, 0xc0, 0xbc,
  0xca, 0xc0, 0xbc, 0xc9, 0xbe, 0xbb, 0xc9, 0xbd, 0xbb, 0xc8, 0xbe, 0xbc,
  0xc8, 0xbd, 0xbb, 0xc8, 0xbd, 0xbb, 0xc7, 0xbe, 0xbb, 0xc9, 0xc0, 0xbd,
  0xdf, 0xdc, 0xdb, 0xd9, 0xd4, 0xd4, 0xdb, 0xd6, 0xd6, 0xde, 0xdc, 0xdc,
  0xda, 0xd6, 0xd5, 0xd9, 0xd5, 0xd4, 0xdd, 0xd9, 0xd8, 0xde, 0xdc, 0xdc,
  0xd8, 0xd4, 0xd3, 0xdb, 0xd5, 0xd6, 0xd8, 0xd3, 0xd4, 0xd6, 0xd2, 0xd1,
  0xd7, 0xd1, 0xd0, 0xd5, 0xcf, 0xce, 0xdb, 0xd6, 0xd6, 0xdb, 0xd8, 0xd8,
  0xd9, 0xd4, 0xd4, 0xdc, 0xd9, 0xd9, 0xdc, 0xd9, 0xd8, 0xe0, 0xdd, 0xdd,
  0xdc, 0xd9, 0xd9, 0xdd, 0xda, 0xda, 0xdd, 0xda, 0xda, 0xdb, 0xd7, 0xd7,
  0xd6, 0xd1, 0xd0, 0xd9, 0xd4, 0xd3, 0xdc, 0xd7, 0xd7, 0xd6, 0xd1, 0xd0,
  0xda, 0xd6, 0xd5, 0xdb, 0xd8, 0xd7, 0xdb, 0xd7, 0xd6, 0xdd, 0xda, 0xda,
  0xdd, 0xdb, 0xdb, 0xe0, 0xde, 0xde, 0xd9, 0xd4, 0xd4, 0xd7, 0xd3, 0xd1,
  0xd5, 0xce, 0xcb, 0xd6, 0xd1, 0xcf, 0xdb, 0xd7, 0xd7, 0xd7, 0xd2, 0xd2,
  0xd6, 0xd1, 0xd0, 0xdb, 0xd6, 0xd4, 0xd7, 0xd2, 0xd1, 0xd6, 0xd2, 0xd0,
  0xd8, 0xd3, 0xd2, 0xda, 0xd6, 0xd4, 0xd8, 0xd4, 0xd2, 0xd3, 0xce, 0xcc,
  0xd4, 0xcf, 0xcc, 0xda, 0xd5, 0xd4, 0xd7, 0xd3, 0xd2, 0xd5, 0xd0, 0xcf,
  0xd8, 0xd3, 0xd2, 0xd8, 0xd4, 0xd3, 0xd3, 0xce, 0xcc, 0xd9, 0xd5, 0xd4,
  0xd9, 0xd6, 0xd5, 0xd4, 0xcf, 0xce, 0xd7, 0xd3, 0xd2, 0xd7, 0xd4, 0xd3,
  0xd4, 0xcf, 0xce, 0xd4, 0xce, 0xcc, 0xd1, 0xcc, 0xc9, 0xd5, 0xcf, 0xcc,
  0xd4, 0xce, 0xcc, 0xd6, 0xd1, 0xcf, 0xd6, 0xd1, 0xd1, 0xd2, 0xcc, 0xca,
  0xd5, 0xd0, 0xce, 0xd3, 0xce, 0xcc, 0xce, 0xc7, 0xc5, 0xcf, 0xc9, 0xc7,
  0xcf, 0xc8, 0xc5, 0xd0, 0xc9, 0xc6, 0xcf, 0xc8, 0xc6, 0xcd, 0xc6, 0xc3,
  0xce, 0xc8, 0xc5, 0xd1, 0xcb, 0xc8, 0xd0, 0xc9, 0xc6, 0xcf, 0xc9, 0xc6,
  0xd0, 0xc9, 0xc6, 0xd0, 0xc9, 0xc5, 0xcf, 0xc8, 0xc5, 0xd0, 0xca, 0xc8,
  0xd0, 0xca, 0xc8, 0xd0, 0xca, 0xc8, 0xce, 0xc9, 0xc6, 0xcf, 0xc8, 0xc6,
  0xd0, 0xc9, 0xc9, 0xcf, 0xc8, 0xc7, 0xd1, 0xcb, 0xc8, 0xd4, 0xd0, 0xcf,
  0xd2, 0xce, 0xcd, 0xcf, 0xcb, 0xc9, 0xce, 0xc8, 0xc5, 0xcd, 0xc5, 0xc5,
  0xce, 0xc8, 0xc5, 0xcd, 0xc5, 0xc2, 0xcd, 0xc6, 0xc2, 0xcd, 0xc6, 0xc4,
  0xcd, 0xc7, 0xc5, 0xcf, 0xca, 0xc8, 0xcf, 0xc9, 0xc7, 0xcc, 0xc5, 0xc2,
  0xcd, 0xc6, 0xc4, 0xce, 0xc6, 0xc4, 0xcc, 0xc4, 0xc2, 0xcd, 0xc6, 0xc3,
  0xcc, 0xc4, 0xc2, 0xcd, 0xc6, 0xc4, 0xca, 0xc0, 0xbd, 0xc9, 0xbf, 0xbc,
  0xca, 0xc1, 0xbe, 0xca, 0xc1, 0xbe, 0xcb, 0xc2, 0xbf, 0xcb, 0xc2, 0xbf,
  0xcc, 0xc2, 0xc0, 0xca, 0xc1, 0xbe, 0xca, 0xc1, 0xbe, 0xca, 0xc1, 0xbe,
  0xca, 0xc1, 0xbe, 0xca, 0xc2, 0xbf, 0xca, 0xbf, 0xbd, 0xc8, 0xbd, 0xbb,
  0xca, 0xbe, 0xbc, 0xca, 0xbe, 0xbc, 0xc9, 0xbe, 0xbc, 0xc9, 0xc1, 0xbd,
  0xdc, 0xd9, 0xd9, 0xdd, 0xda, 0xd9, 0xe2, 0xdf, 0xdf, 0xdc, 0xd9, 0xd9,
  0xde, 0xda, 0xdb, 0xde, 0xdb, 0xdb, 0xdd, 0xd9, 0xda, 0xdd, 0xd9, 0xd9,
  0xdd, 0xda, 0xd8, 0xd8, 0xd4, 0xd2, 0xd5, 0xd1, 0xd0, 0xd7, 0xd2, 0xd1,
  0xd5, 0xd0, 0xce, 0xda, 0xd6, 0xd5, 0xd9, 0xd5, 0xd4, 0xd9, 0xd5, 0xd4,
  0xd9, 0xd4, 0xd3, 0xde, 0xdb, 0xdb, 0xdf, 0xdf, 0xdf, 0xe1, 0xdf, 0xdf,
  0xe1, 0xe0, 0xe0, 0xd7, 0xd4, 0xd3, 0xd8, 0xd2, 0xd2, 0xd5, 0xcf, 0xce,
  0xd6, 0xd0, 0xce, 0xdc, 0xd8, 0xd8, 0xe1, 0xe2, 0xe1, 0xdd, 0xda, 0xda,
  0xd9, 0xd3, 0xd2, 0xdf, 0xdd, 0xdd, 0xe0, 0xdf, 0xdf, 0xde, 0xda, 0xdb,
  0xd8, 0xd4, 0xd3, 0xda, 0xd5, 0xd6, 0xd3, 0xcc, 0xcb, 0xd2, 0xcb, 0xc8,
  0xd8, 0xd4, 0xd1, 0xdc, 0xd9, 0xd8, 0xd7, 0xd2, 0xd1, 0xd5, 0xd0, 0xcd,
  0xdb, 0xd8, 0xd8, 0xdc, 0xd9, 0xd9, 0xd9, 0xd5, 0xd5, 0xda, 0xd7, 0xd7,
  0xdb, 0xd7, 0xd7, 0xde, 0xdb, 0xdb, 0xd8, 0xd4, 0xd3, 0xd9, 0xd5, 0xd4,
  0xdd, 0xdb, 0xdb, 0xdc, 0xd8, 0xd8, 0xdd, 0xd9, 0xd8, 0xda, 0xd7, 0xd6,
  0xd9, 0xd6, 0xd5, 0xd4, 0xcf, 0xcd, 0xd8, 0xd4, 0xd3, 0xda, 0xd6, 0xd5,
  0xd5, 0xd0, 0xcf, 0xd5, 0xd1, 0xd0, 0xd6, 0xd1, 0xd0, 0xd4, 0xce, 0xcc,
  0xd3, 0xcd, 0xcb, 0xd7, 0xd2, 0xd1, 0xd7, 0xd3, 0xd2, 0xd2, 0xcc, 0xca,
  0xd4, 0xce, 0xca, 0xd5, 0xd0, 0xce, 0xd7, 0xd3, 0xd2, 0xd6, 0xd0, 0xcf,
  0xdd, 0xdb, 0xda, 0xde, 0xde, 0xde, 0xd6, 0xd2, 0xd2, 0xd6, 0xd2, 0xd2,
  0xd7, 0xd4, 0xd4, 0xd6, 0xd3, 0xd2, 0xd5, 0xd3, 0xd2, 0xd5, 0xd2, 0xd1,
  0xd9, 0xd6, 0xd5, 0xd7, 0xd4, 0xd3, 0xd8, 0xd3, 0xd3, 0xd2, 0xce, 0xcd,
  0xd5, 0xd2, 0xd0, 0xd8, 0xd5, 0xd5, 0xd7, 0xd5, 0xd4, 0xd7, 0xd4, 0xd3,
  0xd8, 0xd5, 0xd4, 0xd6, 0xd2, 0xd2, 0xd3, 0xcf, 0xcf, 0xd4, 0xd0, 0xd0,
  0xd3, 0xcf, 0xcd, 0xd6, 0xd1, 0xd1, 0xd7, 0xd3, 0xd3, 0xda, 0xd5, 0xd6,
  0xd3, 0xcd, 0xce, 0xcf, 0xca, 0xc8, 0xd4, 0xcf, 0xce, 0xd4, 0xce, 0xcd,
  0xd1, 0xcb, 0xca, 0xd0, 0xcc, 0xc9, 0xd2, 0xcd, 0xcc, 0xd5, 0xd2, 0xd1,
  0xd5, 0xd1, 0xd1, 0xd0, 0xca, 0xc9, 0xd3, 0xcf, 0xcf, 0xd4, 0xd1, 0xd1,
  0xd0, 0xcb, 0xca, 0xd0, 0xcb, 0xca, 0xd1, 0xcd, 0xcd, 0xd4, 0xd0, 0xd1,
  0xd2, 0xce, 0xce, 0xd5, 0xd0, 0xd0, 0xd1, 0xcd, 0xc9, 0xd0, 0xcb, 0xca,
  0xcb, 0xc3, 0xc1, 0xcb, 0xc1, 0xc0, 0xcb, 0xc1, 0xc1, 0xcc, 0xc2, 0xc1,
  0xcb, 0xc0, 0xbf, 0xcb, 0xc1, 0xc1, 0xca, 0xc1, 0xbe, 0xcc, 0xc2, 0xbf,
  0xcc, 0xc3, 0xbf, 0xcb, 0xc4, 0xc1, 0xc9, 0xbf, 0xbd, 0xca, 0xbf, 0xbc,
  0xc9, 0xbf, 0xbc, 0xca, 0xc0, 0xbd, 0xca, 0xc0, 0xbd, 0xc9, 0xc0, 0xbd,
  0xdf, 0xdd, 0xdd, 0xde, 0xde, 0xdd, 0xe0, 0xde, 0xdf, 0xda, 0xd5, 0xd6,
  0xd7, 0xd1, 0xd1, 0xdc, 0xd7, 0xd8, 0xda, 0xd5, 0xd5, 0xda, 0xd5, 0xd4,
  0xdf, 0xdd, 0xdd, 0xdc, 0xd9, 0xda, 0xd5, 0xce, 0xcc, 0xd4, 0xcf, 0xce,
  0xda, 0xd6, 0xd5, 0xd9, 0xd4, 0xd3, 0xd5, 0xcf, 0xce, 0xdc, 0xd8, 0xd7,
  0xdd, 0xd9, 0xd9, 0xdc, 0xd8, 0xd8, 0xe0, 0xe0, 0xe0, 0xe0, 0xdf, 0xdf,
  0xdf, 0xdb, 0xdb, 0xdb, 0xd8, 0xd7, 0xd6, 0xd0, 0xcf, 0xd9, 0xd4, 0xd3,
  0xde, 0xdb, 0xdb, 0xde, 0xd9, 0xda, 0xdb, 0xd7, 0xd8, 0xd7, 0xd3, 0xd3,
  0xdd, 0xda, 0xd9, 0xdb, 0xd8, 0xd8, 0xda, 0xd6, 0xd6, 0xd7, 0xd2, 0xd2,
  0xdb, 0xd7, 0xd7, 0xda, 0xd6, 0xd5, 0xd6, 0xd0, 0xcd, 0xd5, 0xce, 0xcc,
  0xe0, 0xde, 0xde, 0xdd, 0xdb, 0xdb, 0xd7, 0xd2, 0xd1, 0xdd, 0xdb, 0xd9,
  0xdc, 0xda, 0xd9, 0xd9, 0xd4, 0xd3, 0xd6, 0xd1, 0xd0, 0xdb, 0xd7, 0xd6,
  0xda, 0xd5, 0xd5, 0xd5, 0xd0, 0xcf, 0xd7, 0xd2, 0xd0, 0xd9, 0xd3, 0xd2,
  0xd9, 0xd5, 0xd5, 0xd9, 0xd6, 0xd4, 0xda, 0xd4, 0xd3, 0xd1, 0xca, 0xc7,
  0xd9, 0xd5, 0xd3, 0xdb, 0xd7, 0xd8, 0xd8, 0xd3, 0xd3, 0xd9, 0xd4, 0xd5,
  0xda, 0xd7, 0xd7, 0xda, 0xd6, 0xd6, 0xd7, 0xd3, 0xd2, 0xd8, 0xd3, 0xd1,
  0xd7, 0xd3, 0xd2, 0xd7, 0xd4, 0xd3, 0xd7, 0xd3, 0xd2, 0xd8, 0xd2, 0xd1,
  0xd6, 0xd1, 0xcf, 0xd6, 0xd1, 0xd0, 0xda, 0xd6, 0xd5, 0xd8, 0xd3, 0xd2,
  0xd6, 0xd1, 0xd0, 0xd9, 0xd5, 0xd5, 0xd7, 0xd3, 0xd2, 0xd8, 0xd4, 0xd3,
  0xd9, 0xd5, 0xd5, 0xda, 0xd7, 0xd8, 0xda, 0xd8, 0xd8, 0xdf, 0xde, 0xdf,
  0xda, 0xd7, 0xd7, 0xda, 0xd7, 0xd6, 0xd6, 0xd1, 0xd0, 0xd9, 0xd5, 0xd4,
  0xdb, 0xd7, 0xd7, 0xd6, 0xd3, 0xd3, 0xd9, 0xd5, 0xd6, 0xda, 0xd6, 0xd7,
  0xdb, 0xdb, 0xda, 0xdb, 0xd9, 0xd9, 0xd8, 0xd2, 0xd3, 0xd7, 0xd3, 0xd4,
  0xd7, 0xd5, 0xd5, 0xd9, 0xd4, 0xd4, 0xd9, 0xd5, 0xd6, 0xd5, 0xd0, 0xd1,
  0xd3, 0xcd, 0xcd, 0xd7, 0xd3, 0xd3, 0xd9, 0xd7, 0xd6, 0xd4, 0xce, 0xcd,
  0xd3, 0xce, 0xcd, 0xd8, 0xd5, 0xd4, 0xd3, 0xcd, 0xcf, 0xd4, 0xcf, 0xcf,
  0xd4, 0xd0, 0xce, 0xd2, 0xcd, 0xca, 0xd1, 0xcc, 0xcb, 0xd5, 0xd2, 0xd2,
  0xd5, 0xd2, 0xd2, 0xd6, 0xd2, 0xd2, 0xd2, 0xcc, 0xcc, 0xd1, 0xcb, 0xc9,
  0xd0, 0xca, 0xc8, 0xd5, 0xd0, 0xd0, 0xd2, 0xcc, 0xcc, 0xd1, 0xcd, 0xcd,
  0xcf, 0xca, 0xc9, 0xcf, 0xc9, 0xc9, 0xd0, 0xca, 0xca, 0xce, 0xc9, 0xc6,
  0xd0, 0xcb, 0xc9, 0xce, 0xc8, 0xc8, 0xce, 0xc8, 0xc7, 0xcd, 0xc5, 0xc5,
  0xcc, 0xc4, 0xc2, 0xcd, 0xc5, 0xc3, 0xcf, 0xc8, 0xc8, 0xcb, 0xc0, 0xbd,
  0xcc, 0xc3, 0xc0, 0xcb, 0xc2, 0xbf, 0xca, 0xc2, 0xbe, 0xca, 0xc1, 0xbe,
  0xe1, 0xdf, 0xdf, 0xde, 0xdc, 0xdc, 0xdc, 0xd9, 0xd8, 0xdc, 0xd8, 0xd7,
  0xdd, 0xda, 0xd9, 0xdb, 0xd8, 0xd7, 0xde, 0xdc, 0xdc, 0xe0, 0xde, 0xde,
  0xdd, 0xdb, 0xdb, 0xdc, 0xd9, 0xd9, 0xd7, 0xd1, 0xcf, 0xd5, 0xcf, 0xcd,
  0xd6, 0xd1, 0xd0, 0xd3, 0xcd, 0xcb, 0xd6, 0xd0, 0xce, 0xda, 0xd5, 0xd4,
  0xdd, 0xd9, 0xd8, 0xdf, 0xdc, 0xdb, 0xdf, 0xdd, 0xdd, 0xdb, 0xd7, 0xd7,
  0xdc, 0xd9, 0xda, 0xe0, 0xdf, 0xdf, 0xd8, 0xd4, 0xd3, 0xd9, 0xd5, 0xd4,
  0xdf, 0xdd, 0xdd, 0xd6, 0xd1, 0xcf, 0xdc, 0xd7, 0xd7, 0xe0, 0xdf, 0xdf,
  0xdc, 0xd9, 0xd9, 0xd6, 0xd1, 0xd0, 0xd9, 0xd6, 0xd5, 0xdb, 0xd7, 0xd6,
  0xda, 0xd6, 0xd5, 0xd3, 0xce, 0xcc, 0xd8, 0xd2, 0xd0, 0xd8, 0xd3, 0xd2,
  0xd9, 0xd4, 0xd3, 0xd9, 0xd5, 0xd3, 0xdd, 0xdc, 0xdb, 0xde, 0xdd, 0xdd,
  0xdd, 0xd9, 0xd9, 0xd7, 0xd2, 0xd0, 0xdd, 0xdb, 0xdb, 0xdf, 0xdd, 0xdd,
  0xd9, 0xd4, 0xd5, 0xd7, 0xd3, 0xd3, 0xd7, 0xd2, 0xd2, 0xd4, 0xcf, 0xce,
  0xd9, 0xd5, 0xd4, 0xd8, 0xd5, 0xd3, 0xd6, 0xd2, 0xd0, 0xd8, 0xd4, 0xd2,
  0xd5, 0xcf, 0xcd, 0xd7, 0xd2, 0xd0, 0xd9, 0xd5, 0xd4, 0xd9, 0xd4, 0xd4,
  0xde, 0xdb, 0xdb, 0xd6, 0xd1, 0xd0, 0xd0, 0xca, 0xc7, 0xd4, 0xce, 0xcb,
  0xd6, 0xd1, 0xd0, 0xda, 0xd7, 0xd6, 0xd9, 0xd5, 0xd5, 0xd9, 0xd5, 0xd5,
  0xd8, 0xd4, 0xd4, 0xdc, 0xd9, 0xd8, 0xd6, 0xd2, 0xd1, 0xda, 0xd7, 0xd6,
  0xd6, 0xd1, 0xd1, 0xd9, 0xd4, 0xd3, 0xda, 0xd6, 0xd5, 0xd8, 0xd3, 0xd2,
  0xd8, 0xd3, 0xd2, 0xd7, 0xd3, 0xd3, 0xd8, 0xd4, 0xd4, 0xd8, 0xd3, 0xd3,
  0xd6, 0xd0, 0xd0, 0xd4, 0xcd, 0xca, 0xd2, 0xcb, 0xc9, 0xd4, 0xce, 0xcc,
  0xd3, 0xcd, 0xcc, 0xd0, 0xc9, 0xc6, 0xd4, 0xce, 0xcc, 0xd2, 0xcb, 0xca,
  0xda, 0xd7, 0xd7, 0xd9, 0xd6, 0xd5, 0xda, 0xd6, 0xd5, 0xda, 0xd6, 0xd7,
  0xd6, 0xd2, 0xd2, 0xd8, 0xd4, 0xd4, 0xd8, 0xd5, 0xd6, 0xd1, 0xcd, 0xcc,
  0xd6, 0xd3, 0xd1, 0xda, 0xd5, 0xd5, 0xd0, 0xc9, 0xc6, 0xd3, 0xcf, 0xcd,
  0xd2, 0xce, 0xcd, 0xd2, 0xcd, 0xcd, 0xd6, 0xd2, 0xd2, 0xd2, 0xcd, 0xcd,
  0xd3, 0xcd, 0xcc, 0xd9, 0xd5, 0xd5, 0xd3, 0xcf, 0xcf, 0xd4, 0xcf, 0xcf,
  0xd8, 0xd5, 0xd5, 0xd8, 0xd4, 0xd5, 0xcd, 0xc5, 0xc3, 0xcd, 0xc7, 0xc4,
  0xd2, 0xcc, 0xca, 0xd4, 0xcf, 0xce, 0xd1, 0xcc, 0xcb, 0xd0, 0xc9, 0xc9,
  0xd3, 0xce, 0xce, 0xd5, 0xd1, 0xd1, 0xd6, 0xd2, 0xd3, 0xd6, 0xd1, 0xd2,
  0xd2, 0xcb, 0xcb, 0xd4, 0xd0, 0xd0, 0xd7, 0xd5, 0xd5, 0xd8, 0xd6, 0xd7,
  0xd2, 0xcd, 0xce, 0xd1, 0xcd, 0xcc, 0xd7, 0xd3, 0xd3, 0xce, 0xc6, 0xc4,
  0xcc, 0xc3, 0xc3, 0xcc, 0xc3, 0xc1, 0xcc, 0xc3, 0xc0, 0xcb, 0xc2, 0xbf
};
unsigned int skigirl_COCO_128_128_bgr_data_len = 49152;
#endif /* __IMAGE_SKIGIRL_COCO_128_128_BGR_DATA_H__ */
