
/*
 * Copyright 2025-2026 NXP
 * Copyright 2022 xuehao.ma
 *
 * SPDX-License-Identifier: MIT
 */

 // The model has been converted with 
// Converted by eIQ neutron-converter version 3.1.1+0X447b3538
// command:
// ./neutron-converter --input antispoofing.tflite --output antispoofing_npu64.tflite --target imxrt700
// Then the model is converted into a C data array,
// so it can be easily compiled into a binary for devices that don't have a file system.
// It was created using the command
// (with additional modification for alignment specification):
// xxd -i antisoofing_npu64.tflite > antispoofing_npu64_tflite.h

#ifndef __XCC__
#include <cmsis_compiler.h>
#else
#define __ALIGNED(x) __attribute__((aligned(x)))
#endif

#define __PLACEMENT __attribute__((section(".modeldata")))

static const uint8_t antispoofing_data[] __ALIGNED(16) __PLACEMENT = {
  0x08, 0x00, 0x00, 0x00, 0x54, 0x46, 0x4c, 0x33, 0xea, 0x8f, 0xff, 0xff,
  0x03, 0x00, 0x00, 0x00, 0x08, 0x73, 0x00, 0x00, 0x00, 0x70, 0x00, 0x00,
  0x78, 0x6f, 0x00, 0x00, 0x04, 0x00, 0x00, 0x00, 0x04, 0x00, 0x00, 0x00,
  0x68, 0x6f, 0x00, 0x00, 0xcc, 0x5a, 0x00, 0x00, 0x18, 0x00, 0x00, 0x00,
  0x04, 0x00, 0x00, 0x00, 0x46, 0xa5, 0xff, 0xff, 0x04, 0x00, 0x00, 0x00,
  0x01, 0x00, 0x00, 0x00, 0x00, 0x00, 0x00, 0x00, 0x56, 0xa5, 0xff, 0xff,
  0x04, 0x00, 0x00, 0x00, 0x98, 0x5a, 0x00, 0x00, 0xef, 0xd0, 0x04, 0xd4,
  0x03, 0x40, 0xce, 0xf3, 0xb3, 0x75, 0x17, 0x04, 0x7e, 0x5b, 0x1a, 0xea,
  0xea, 0x81, 0x2c, 0xfd, 0xd2, 0xef, 0x14, 0xf2, 0x23, 0xd0, 0x7e, 0xdd,
  0x6b, 0x0c, 0xd5, 0x35, 0x07, 0xec, 0x23, 0xb5, 0x4f, 0xfa, 0x2d, 0xf8,
  0x43, 0xea, 0xcd, 0x1c, 0x1a, 0x1f, 0xf3, 0xe1, 0xd8, 0x22, 0xf8, 0xfb,
  0x2a, 0x5f, 0x25, 0xf1, 0x03, 0x28, 0x93, 0x09, 0xa5, 0xef, 0x25, 0xc0,
  0x22, 0x20, 0xee, 0x10, 0xd8, 0xf2, 0x2d, 0xe2, 0xc5, 0xf2, 0xf7, 0x2b,
  0x11, 0xe6, 0xcc, 0x1b, 0xde, 0x23, 0x34, 0x34, 0xdf, 0x13, 0x81, 0xa7,
  0x93, 0x09, 0x26, 0x0a, 0x4c, 0x01, 0x1c, 0x38, 0x4f, 0x01, 0x16, 0xe0,
  0x0b, 0xe6, 0xe8, 0x7f, 0x54, 0x22, 0xaf, 0x15, 0xf5, 0xcf, 0x0a, 0x81,
  0x48, 0x1c, 0x14, 0x24, 0x16, 0xf7, 0xe4, 0xee, 0xf9, 0xf6, 0xf7, 0x07,
  0xf6, 0x3c, 0x05, 0xdd, 0xf7, 0xf2, 0x1f, 0x43, 0xec, 0x19, 0xec, 0x47,
  0x0b, 0x15, 0xd9, 0xf6, 0x5f, 0x30, 0x51, 0x4c, 0xce, 0x0f, 0xff, 0x1d,
  0xf2, 0x05, 0xcd, 0xfa, 0x40, 0xda, 0x7f, 0x2d, 0x0a, 0x00, 0xd2, 0x0b,
  0x00, 0x26, 0xd9, 0x03, 0xd7, 0xf6, 0xf0, 0x2c, 0x33, 0x2b, 0xdf, 0xf9,
  0x4f, 0x01, 0xdd, 0x0a, 0x1f, 0x04, 0x3a, 0x13, 0xef, 0x28, 0x0d, 0x3a,
  0xa6, 0xe7, 0x3b, 0xc9, 0x7f, 0x01, 0xe0, 0xff, 0x3e, 0xe1, 0xe4, 0xfa,
  0xae, 0x14, 0x0b, 0x10, 0x04, 0x3f, 0x36, 0xf4, 0x2d, 0xfb, 0x0b, 0x39,
  0x37, 0xef, 0x37, 0x56, 0x56, 0xdb, 0x15, 0x09, 0x10, 0x32, 0xed, 0x06,
  0x06, 0xb2, 0xda, 0x09, 0x1f, 0xb8, 0xb9, 0x33, 0x42, 0xdf, 0xcf, 0x56,
  0xdd, 0x3e, 0x67, 0xf1, 0x0e, 0xd7, 0xcb, 0x00, 0x06, 0xe4, 0x3d, 0xf7,
  0x25, 0xff, 0xec, 0xe0, 0xe8, 0xad, 0xf0, 0x28, 0xcf, 0x0e, 0x09, 0x01,
  0x2c, 0x1a, 0x24, 0xf7, 0x37, 0xde, 0x15, 0xe1, 0xd6, 0x19, 0xee, 0xb8,
  0x9f, 0xb7, 0x98, 0xf1, 0x06, 0xfc, 0xcc, 0x54, 0x3c, 0xc9, 0x4a, 0xd1,
  0x37, 0xf8, 0xe9, 0x03, 0xba, 0xdc, 0x1e, 0xa1, 0x15, 0xf5, 0xdc, 0xe3,
  0x05, 0x1f, 0x35, 0x2e, 0xd1, 0x90, 0x22, 0xf4, 0xb4, 0xf2, 0x02, 0x1f,
  0xcb, 0xdb, 0x7f, 0xf9, 0x12, 0xe2, 0xfe, 0xda, 0x08, 0xbc, 0x40, 0xdb,
  0xc7, 0xf6, 0xeb, 0xf4, 0x26, 0xd2, 0xe1, 0x14, 0x36, 0xde, 0xf7, 0x3a,
  0xfb, 0x20, 0x42, 0x2f, 0x20, 0xea, 0x28, 0xfa, 0x92, 0xd0, 0x1f, 0xff,
  0x2b, 0x56, 0xee, 0x0c, 0xef, 0x6c, 0x08, 0x55, 0xc3, 0x20, 0x7f, 0xcc,
  0xe6, 0x8a, 0x28, 0x16, 0xa0, 0x4b, 0x90, 0x32, 0x03, 0x4a, 0xb8, 0x08,
  0x1b, 0x45, 0xe5, 0x5e, 0xe4, 0x02, 0xd9, 0xf9, 0xe2, 0x26, 0x0c, 0xf5,
  0xd7, 0xe7, 0xe1, 0x5d, 0x32, 0xc2, 0xf3, 0xda, 0xdc, 0xfe, 0x15, 0xc3,
  0x81, 0xf0, 0x66, 0xcd, 0x43, 0xef, 0x0f, 0xdf, 0x1f, 0xd6, 0x0a, 0xc5,
  0xf0, 0x48, 0xd6, 0x1c, 0xf2, 0x0e, 0xd4, 0xfd, 0x87, 0xe7, 0xed, 0x35,
  0xdf, 0xd9, 0x4c, 0x2e, 0xee, 0xd4, 0xe3, 0x0e, 0xd5, 0xdf, 0x29, 0x18,
  0x08, 0xfe, 0xcc, 0xe1, 0xf8, 0xcc, 0x37, 0xcf, 0x24, 0xd8, 0xe4, 0xcc,
  0xf9, 0x1e, 0xfb, 0x11, 0x0b, 0x34, 0xf7, 0xf5, 0x1d, 0xf2, 0xd6, 0xec,
  0xd8, 0x3e, 0x11, 0xf1, 0x7f, 0x38, 0x2d, 0xd2, 0x7f, 0x40, 0xdd, 0x2e,
  0xf0, 0x2d, 0x1f, 0xfe, 0xb4, 0x16, 0x10, 0xef, 0xf6, 0x03, 0xbf, 0xc5,
  0x31, 0x28, 0xe4, 0xd8, 0x1b, 0xbf, 0xfc, 0x1d, 0x3d, 0xb7, 0x1e, 0xdf,
  0x93, 0x0d, 0x08, 0x11, 0x46, 0xf7, 0xe3, 0xff, 0x3f, 0x37, 0xf3, 0x11,
  0xec, 0x01, 0x3e, 0x13, 0xda, 0xf8, 0x03, 0x26, 0x16, 0xc2, 0x44, 0x9e,
  0x03, 0x24, 0xe6, 0x35, 0x45, 0x10, 0xe3, 0xdf, 0xa3, 0xe0, 0x15, 0x18,
  0x13, 0xb2, 0xf9, 0xe9, 0x43, 0x00, 0x02, 0xd5, 0x08, 0x3d, 0x06, 0x17,
  0xf0, 0xad, 0xcb, 0x10, 0x04, 0xed, 0x23, 0x29, 0x29, 0xdb, 0x51, 0x2d,
  0x2b, 0x24, 0xf4, 0xea, 0xd7, 0x13, 0x33, 0x13, 0xfb, 0xd3, 0xcd, 0x21,
  0x16, 0xec, 0xcb, 0x3e, 0x0c, 0x1a, 0xf4, 0xf0, 0xdf, 0xf8, 0x20, 0x5b,
  0x03, 0x1d, 0xe6, 0xeb, 0xf3, 0xdb, 0xfe, 0xf7, 0x1e, 0x0f, 0x44, 0x37,
  0xa6, 0xd6, 0x27, 0xa0, 0xcb, 0xff, 0x65, 0x08, 0x35, 0xe0, 0xe0, 0x1c,
  0x2b, 0xb4, 0x4a, 0x21, 0x84, 0x04, 0xe5, 0x2e, 0xda, 0x6f, 0x1e, 0x30,
  0xf1, 0x12, 0x21, 0xe8, 0x20, 0x25, 0x81, 0x51, 0x10, 0xaa, 0xd5, 0xb7,
  0xe8, 0xa0, 0x31, 0x15, 0xd0, 0x3d, 0x2d, 0x49, 0xcb, 0xd8, 0xeb, 0xec,
  0xee, 0x20, 0x12, 0x7f, 0x46, 0x58, 0x05, 0x63, 0x0b, 0xe1, 0xf6, 0x33,
  0xf1, 0x22, 0xd3, 0x57, 0xe0, 0x2f, 0x2e, 0xda, 0xfb, 0xc9, 0x15, 0xe5,
  0x09, 0x1f, 0x3b, 0x3c, 0x55, 0xfe, 0xe2, 0xee, 0xc0, 0x00, 0x31, 0xec,
  0x03, 0x29, 0x27, 0x16, 0xcf, 0x75, 0xa1, 0xe5, 0x2d, 0x03, 0xde, 0x19,
  0xd5, 0xc0, 0x02, 0x7f, 0x2a, 0xfc, 0xec, 0xd6, 0xed, 0x51, 0xfd, 0x05,
  0x0f, 0xf0, 0xe1, 0x6d, 0xdb, 0xe8, 0xe5, 0x07, 0x00, 0x47, 0xad, 0x13,
  0xff, 0x3b, 0x48, 0x0d, 0xdd, 0x24, 0xf9, 0xf7, 0xd7, 0xf9, 0x02, 0x36,
  0x0d, 0x01, 0x37, 0xc2, 0xd0, 0xb4, 0x46, 0x57, 0x19, 0xe2, 0xf2, 0x5b,
  0xd7, 0x4a, 0x08, 0xfe, 0x61, 0xf4, 0xf6, 0xe9, 0x2c, 0xb4, 0x34, 0x07,
  0xdc, 0xed, 0xe1, 0xfc, 0x2c, 0xee, 0xaa, 0x95, 0x00, 0xc1, 0xd5, 0x43,
  0xba, 0xeb, 0x30, 0x33, 0xed, 0x07, 0x26, 0xfa, 0xec, 0xf9, 0x14, 0x45,
  0x36, 0x99, 0x12, 0xcd, 0xbd, 0x1e, 0x2e, 0x3e, 0x09, 0x16, 0x4c, 0x2c,
  0xce, 0xea, 0xec, 0xe0, 0xf6, 0x01, 0x24, 0xe9, 0xe9, 0x18, 0xf9, 0xf4,
  0xe5, 0x14, 0xf2, 0xc8, 0x1f, 0xf2, 0xe5, 0xe8, 0x49, 0x48, 0x32, 0xf7,
  0x02, 0xf5, 0xd7, 0x1e, 0xd5, 0x1b, 0x15, 0x0e, 0x02, 0xf6, 0xb5, 0xcd,
  0xdc, 0x0b, 0x1b, 0xf1, 0xf1, 0x13, 0xd0, 0xb6, 0x12, 0x0e, 0xe2, 0xe5,
  0xe8, 0x16, 0x0d, 0x11, 0x1c, 0xe7, 0x25, 0x5a, 0xf6, 0xdd, 0x50, 0xee,
  0x9f, 0xfa, 0x04, 0x10, 0x09, 0x22, 0x1f, 0xeb, 0xde, 0xc9, 0xd7, 0xfc,
  0xf3, 0x4c, 0x9d, 0xaa, 0x40, 0xd2, 0xbb, 0xf8, 0x2f, 0x1d, 0x59, 0xfd,
  0x2a, 0xc5, 0xd9, 0xc1, 0xf3, 0x39, 0x2a, 0xd6, 0xf3, 0x31, 0x40, 0xac,
  0xf1, 0x3a, 0x35, 0xb2, 0xd2, 0xfd, 0xd4, 0xfc, 0xbc, 0x46, 0x85, 0x40,
  0x2a, 0xd2, 0xf3, 0xf4, 0xd1, 0x2d, 0xa3, 0xc1, 0x27, 0x03, 0xdd, 0x2e,
  0x7f, 0x53, 0x4d, 0xd4, 0xb4, 0x01, 0xbb, 0x20, 0xf1, 0xf8, 0x23, 0xd0,
  0xe4, 0xbc, 0x81, 0x41, 0x08, 0xd5, 0xb4, 0x2c, 0xe6, 0xe3, 0x52, 0x18,
  0x43, 0x1c, 0x3b, 0x0d, 0xfb, 0xf0, 0xef, 0x51, 0xe3, 0x15, 0x42, 0x3b,
  0xe6, 0x0c, 0x07, 0xe3, 0xc8, 0xd0, 0x26, 0xf7, 0x7f, 0xfc, 0xf7, 0xb9,
  0xed, 0xe1, 0x24, 0xef, 0xd3, 0xc7, 0xe7, 0x17, 0x10, 0xf6, 0x2b, 0x06,
  0xe7, 0xd5, 0x16, 0xb9, 0xda, 0x87, 0x01, 0xdb, 0xd6, 0x13, 0x2e, 0xfd,
  0x3a, 0x6f, 0xdd, 0xb5, 0xf5, 0xe6, 0x30, 0xe5, 0xe9, 0xbd, 0xfc, 0x50,
  0x8e, 0xf3, 0xd7, 0x15, 0x1a, 0x05, 0x1d, 0x17, 0xd0, 0x11, 0xf7, 0xb0,
  0xc1, 0x46, 0xfc, 0x16, 0x03, 0xf8, 0x1c, 0x18, 0x3d, 0x03, 0x15, 0x02,
  0xdf, 0xf6, 0xeb, 0xff, 0xbf, 0x3b, 0xfe, 0xc7, 0x20, 0x03, 0xf5, 0x09,
  0xdc, 0xdc, 0x20, 0xff, 0xba, 0x16, 0x19, 0x0b, 0x3c, 0xf3, 0x38, 0x0f,
  0x0e, 0xe9, 0x29, 0xe8, 0xf5, 0x3e, 0xf5, 0xfe, 0x34, 0x0a, 0xf4, 0x34,
  0xaf, 0xa6, 0x24, 0x2f, 0x47, 0x04, 0x25, 0xd4, 0x06, 0x2b, 0x10, 0x54,
  0x20, 0xf1, 0xa5, 0x3e, 0x05, 0xff, 0xe2, 0xb1, 0x49, 0x5d, 0xef, 0xfc,
  0x6a, 0x64, 0xc6, 0xba, 0x33, 0xeb, 0xee, 0x26, 0x3d, 0xdf, 0x25, 0xcc,
  0x05, 0xbf, 0x16, 0x81, 0xc8, 0x26, 0xdd, 0x23, 0xf9, 0xd5, 0xdf, 0x39,
  0x0b, 0x05, 0x2c, 0x8d, 0x09, 0x1e, 0xbf, 0x30, 0x26, 0xca, 0x14, 0xed,
  0x0b, 0x7a, 0x33, 0xda, 0x7a, 0x74, 0x00, 0xc7, 0xaa, 0x00, 0x4e, 0x86,
  0xd9, 0x1c, 0xc8, 0x99, 0xeb, 0xec, 0x1b, 0xfa, 0x57, 0x11, 0xef, 0xf7,
  0xe8, 0x02, 0xe8, 0xc6, 0x2e, 0xa2, 0xfb, 0x38, 0x29, 0xe6, 0x19, 0xe8,
  0xf8, 0xe8, 0x12, 0xb3, 0x4f, 0x18, 0x09, 0x61, 0xfd, 0x09, 0x02, 0x30,
  0x0f, 0x0d, 0xd7, 0xc9, 0xf2, 0xf4, 0x55, 0xef, 0x43, 0xc6, 0xd7, 0xc3,
  0x45, 0x75, 0x45, 0xdb, 0xbf, 0xc5, 0x2e, 0xe3, 0xdc, 0xdb, 0x2d, 0xfc,
  0xf2, 0x31, 0xd1, 0xdb, 0x90, 0x2c, 0x17, 0xf6, 0xe5, 0xf0, 0x09, 0xd2,
  0x27, 0x11, 0xee, 0x4f, 0x2a, 0x0c, 0xac, 0xeb, 0x1c, 0x33, 0xa4, 0xf4,
  0xbf, 0x4f, 0xd8, 0xee, 0x0c, 0xff, 0x06, 0x93, 0xe6, 0xb7, 0xc9, 0x2a,
  0x6c, 0x20, 0xf9, 0x44, 0x44, 0xee, 0x3f, 0xe5, 0x00, 0xdb, 0x26, 0xf7,
  0xd2, 0xcf, 0xde, 0x3a, 0x0a, 0x20, 0xc5, 0xbb, 0x3d, 0xe4, 0xf3, 0xda,
  0x4a, 0xe1, 0xd1, 0xe1, 0xc4, 0xcf, 0xbe, 0x55, 0x3e, 0x10, 0x42, 0x22,
  0x17, 0xc6, 0xe0, 0x47, 0x1a, 0xf4, 0xe1, 0x06, 0x0a, 0xcb, 0xf5, 0xf7,
  0xe1, 0x3e, 0x19, 0xe6, 0x1e, 0xf0, 0xcf, 0x0c, 0xc2, 0xe9, 0x8f, 0x14,
  0xc3, 0xd0, 0x26, 0xf5, 0xbe, 0xb6, 0xe2, 0xe9, 0x9e, 0x0e, 0xc8, 0x20,
  0xfa, 0xed, 0xc1, 0x26, 0x18, 0xe4, 0x0e, 0x34, 0xd0, 0x09, 0xd3, 0xcb,
  0xec, 0x16, 0x2e, 0x33, 0x9d, 0x45, 0xe6, 0x1c, 0x59, 0x14, 0xec, 0x2c,
  0xe8, 0x4e, 0x15, 0x01, 0xf7, 0x10, 0xeb, 0xbd, 0x26, 0xfe, 0x10, 0x3a,
  0x26, 0x28, 0x38, 0x32, 0x61, 0xc7, 0xad, 0xeb, 0xe8, 0xef, 0x07, 0xec,
  0xfa, 0xf1, 0xf7, 0xf0, 0x07, 0x20, 0xc7, 0x19, 0x1c, 0x15, 0xfc, 0x3e,
  0xad, 0xc6, 0x5a, 0x25, 0x57, 0xc3, 0x3b, 0x11, 0xb9, 0x17, 0xfc, 0xf9,
  0x35, 0xdb, 0x5f, 0x2d, 0x02, 0xd3, 0x10, 0x2f, 0x4a, 0xf2, 0xda, 0xff,
  0x10, 0x45, 0x59, 0x30, 0xf3, 0x4e, 0x27, 0x59, 0x37, 0x08, 0xec, 0x0d,
  0x0e, 0x06, 0x40, 0x03, 0xcb, 0xeb, 0x05, 0xea, 0xe6, 0x35, 0x14, 0x2c,
  0x1a, 0x09, 0xec, 0x3b, 0xcd, 0x4d, 0x0e, 0x46, 0xba, 0x33, 0xe4, 0x2a,
  0xd2, 0x66, 0x31, 0xef, 0x39, 0x07, 0xa2, 0xba, 0xfe, 0xeb, 0xe1, 0xf2,
  0x1c, 0xd9, 0xf2, 0x81, 0xe4, 0x27, 0xb6, 0xec, 0x1d, 0xec, 0x26, 0xee,
  0xf4, 0x7f, 0xf3, 0xe5, 0xfc, 0xf6, 0x16, 0x14, 0xfc, 0x42, 0x7c, 0x10,
  0xdd, 0x1a, 0x19, 0xea, 0xc0, 0x37, 0xaf, 0x27, 0x62, 0xf4, 0x0f, 0xac,
  0xf7, 0x21, 0xe5, 0xf8, 0x33, 0xda, 0xfc, 0x09, 0x63, 0x0a, 0xdc, 0x66,
  0x18, 0xfc, 0xda, 0x05, 0xfc, 0xee, 0x29, 0xec, 0xb5, 0xd7, 0xf7, 0x0f,
  0xfb, 0xf7, 0xb3, 0x00, 0xed, 0xf1, 0x06, 0xb2, 0xd3, 0x3e, 0x32, 0x82,
  0x60, 0xf7, 0xd5, 0x0c, 0x34, 0xd0, 0x59, 0x1a, 0x7f, 0x92, 0x9a, 0xf6,
  0x22, 0xa5, 0xfe, 0x2c, 0xb9, 0xe0, 0xc4, 0x06, 0x7f, 0xdc, 0xe8, 0x2c,
  0x1e, 0xc3, 0xec, 0x1c, 0xe1, 0x08, 0xf7, 0xef, 0xe7, 0x31, 0xda, 0xb4,
  0x41, 0xf5, 0x3a, 0xfa, 0x26, 0x29, 0xf6, 0xf1, 0x14, 0x13, 0x31, 0x64,
  0xfb, 0xe3, 0x07, 0xec, 0x0d, 0x69, 0xd5, 0x11, 0x54, 0x3f, 0xd8, 0x0b,
  0xd0, 0x14, 0x88, 0xda, 0xbd, 0xef, 0xe6, 0xe8, 0xc4, 0xfa, 0x52, 0xbc,
  0xea, 0xe4, 0x25, 0xfc, 0xf6, 0x41, 0x32, 0x3b, 0x2b, 0xbc, 0xa9, 0x06,
  0x41, 0xe2, 0x0b, 0xdf, 0x63, 0xbf, 0x85, 0x77, 0x6b, 0x47, 0x5a, 0xd6,
  0xdb, 0xeb, 0x1b, 0xfd, 0xd8, 0x4b, 0x07, 0x39, 0xc1, 0xdd, 0x1f, 0x18,
  0xea, 0x26, 0x2c, 0x99, 0xfc, 0x07, 0x12, 0xfa, 0xf8, 0x4f, 0xc1, 0x24,
  0x9c, 0xf7, 0x0b, 0xdd, 0x2e, 0x67, 0x3b, 0x78, 0x6d, 0xea, 0xc1, 0xfd,
  0x20, 0x28, 0x8f, 0xda, 0x5b, 0x0c, 0xef, 0x9e, 0xb4, 0xbe, 0xbe, 0xfb,
  0x13, 0xfd, 0xed, 0x35, 0x26, 0xf3, 0xce, 0xe9, 0xee, 0xdd, 0xf4, 0xb2,
  0xee, 0x07, 0xce, 0xd7, 0x00, 0x47, 0x16, 0xd0, 0x0d, 0xde, 0xd3, 0xcb,
  0xf1, 0x02, 0x0e, 0x0a, 0xf9, 0x10, 0x17, 0xd3, 0x02, 0xee, 0xec, 0xeb,
  0x47, 0x33, 0x36, 0xc0, 0x94, 0xfe, 0xdc, 0xb9, 0x1d, 0xcc, 0x39, 0xe9,
  0xcc, 0x3a, 0xab, 0xa0, 0xb2, 0x1c, 0x67, 0x3e, 0xe6, 0x24, 0x05, 0xe9,
  0xd4, 0xe9, 0x13, 0xb6, 0x0d, 0xf6, 0x31, 0x25, 0xe3, 0xd1, 0x76, 0xdc,
  0x33, 0xbf, 0x61, 0xd5, 0x17, 0x0e, 0x51, 0xc2, 0x06, 0x00, 0xfa, 0xde,
  0x25, 0x0a, 0x22, 0xfb, 0xf7, 0xe0, 0xf0, 0xe2, 0xb9, 0x25, 0xe5, 0x2c,
  0x16, 0xf6, 0x07, 0x27, 0xe5, 0xf5, 0x08, 0x03, 0x3b, 0x3e, 0x81, 0x57,
  0x7f, 0xf3, 0x1a, 0x5f, 0x0a, 0xf8, 0x63, 0x22, 0x05, 0x72, 0x0a, 0xd4,
  0xff, 0x25, 0xc5, 0x12, 0xc3, 0x4a, 0xfa, 0x96, 0x18, 0x23, 0x3d, 0x00,
  0xc4, 0xbc, 0xf6, 0x0b, 0xff, 0x2e, 0x2d, 0x39, 0x1b, 0xf5, 0xda, 0x2d,
  0x03, 0xb8, 0x81, 0x3c, 0xbe, 0x26, 0xcf, 0xcb, 0xdf, 0x0d, 0x2e, 0x4e,
  0xd5, 0x11, 0xd8, 0xe5, 0x3f, 0xe0, 0xd3, 0x7f, 0xe6, 0xda, 0xac, 0x3d,
  0x0d, 0x07, 0xf8, 0x97, 0x26, 0xdd, 0xe8, 0x07, 0xd5, 0xc2, 0x28, 0xf3,
  0x48, 0xe6, 0xf1, 0x14, 0x0b, 0xee, 0x34, 0x1b, 0x0a, 0xc6, 0x87, 0x81,
  0x81, 0x26, 0xcc, 0x21, 0x24, 0xd7, 0xd4, 0x1c, 0x97, 0x03, 0x01, 0x10,
  0xf4, 0xf2, 0x4e, 0xcc, 0x19, 0x04, 0xd4, 0xeb, 0xeb, 0x0f, 0xd1, 0x7f,
  0xfa, 0xed, 0xf9, 0xda, 0x39, 0x02, 0xde, 0x32, 0x0e, 0x81, 0xb3, 0xf0,
  0x3a, 0x01, 0x2a, 0x01, 0xc1, 0x65, 0x64, 0x39, 0xa9, 0x21, 0x66, 0x18,
  0xc2, 0xc6, 0xbc, 0xe3, 0x00, 0x0e, 0x79, 0x81, 0x63, 0x8e, 0xcd, 0x24,
  0x22, 0x34, 0x1e, 0xd4, 0xf0, 0x10, 0xe1, 0xef, 0xf9, 0xc4, 0xf3, 0xe4,
  0xfc, 0xf5, 0xc5, 0xaf, 0x0c, 0x7f, 0x20, 0xb8, 0x00, 0x32, 0x0b, 0xb8,
  0x1b, 0x22, 0xec, 0xe2, 0xf6, 0x4d, 0x35, 0xd5, 0xda, 0x7f, 0xd3, 0xc7,
  0x0a, 0xd3, 0xfe, 0xfe, 0xbb, 0x2b, 0xeb, 0x04, 0xbe, 0xeb, 0xb0, 0x2c,
  0x30, 0x01, 0x23, 0xc7, 0xa8, 0x17, 0xe9, 0xf7, 0x16, 0x8d, 0xab, 0xe6,
  0xf1, 0xfc, 0xf3, 0x42, 0x25, 0xff, 0x06, 0xe3, 0x9f, 0xc4, 0xbd, 0xf3,
  0xec, 0xfb, 0x47, 0xd9, 0xf2, 0x30, 0xce, 0x7f, 0x9b, 0xe3, 0xff, 0x1d,
  0x5d, 0xb7, 0x52, 0x32, 0xd2, 0xf3, 0x0d, 0x02, 0x36, 0x36, 0x1d, 0xf5,
  0x10, 0xe4, 0xe2, 0xf8, 0xe8, 0xb4, 0xea, 0x02, 0x4d, 0xef, 0xed, 0x37,
  0x2d, 0x12, 0x16, 0xc1, 0x32, 0x39, 0xcb, 0xce, 0xb0, 0x19, 0xf7, 0x7c,
  0xec, 0x81, 0xcc, 0x04, 0xeb, 0x46, 0xa1, 0x17, 0xaa, 0x10, 0xef, 0x42,
  0xfa, 0x17, 0x23, 0xfb, 0xea, 0x14, 0x23, 0xfd, 0x00, 0xdd, 0x4c, 0xf4,
  0x00, 0xf3, 0x27, 0x4c, 0xc7, 0x1e, 0x02, 0x01, 0x25, 0x57, 0xdf, 0xa3,
  0x26, 0x3b, 0xfd, 0x39, 0xf7, 0xf1, 0xff, 0xe6, 0xe3, 0x9e, 0xe0, 0xfb,
  0x0f, 0x19, 0x88, 0xf8, 0xfd, 0x5f, 0x46, 0xe4, 0x9d, 0x65, 0xe5, 0x07,
  0x0e, 0xd6, 0xf5, 0xa4, 0xd7, 0xe3, 0xc2, 0x43, 0x2f, 0xec, 0x93, 0xf4,
  0x0a, 0x03, 0x7f, 0xc5, 0x0f, 0xcf, 0x2f, 0xcb, 0xe6, 0xee, 0x2f, 0x16,
  0xb4, 0xe6, 0xf4, 0xef, 0xd5, 0xf7, 0x07, 0xdf, 0x1f, 0x01, 0x16, 0xff,
  0x11, 0x0b, 0xbc, 0xf6, 0x1e, 0xe8, 0x26, 0xe1, 0xea, 0x14, 0xdf, 0x53,
  0x40, 0x9f, 0x42, 0x2d, 0xc9, 0xba, 0xf3, 0x0f, 0xfe, 0x06, 0xd8, 0x19,
  0x16, 0xd6, 0x02, 0xc2, 0x4a, 0xd4, 0x7f, 0xd6, 0xbc, 0xe1, 0x06, 0xcc,
  0x18, 0xc6, 0x0b, 0x09, 0xf9, 0x23, 0x3f, 0xd2, 0x21, 0x23, 0x81, 0xca,
  0xbf, 0x08, 0xae, 0x53, 0x1e, 0x01, 0xdc, 0xfe, 0xf3, 0x08, 0x3b, 0xa6,
  0x31, 0xea, 0x08, 0x3a, 0xeb, 0xca, 0xd6, 0xa3, 0x18, 0xe4, 0xc3, 0x0b,
  0x57, 0xe8, 0xed, 0xba, 0x26, 0x4d, 0x0d, 0x03, 0x22, 0x16, 0xf8, 0xc5,
  0x2f, 0xc6, 0x34, 0x02, 0x43, 0xaa, 0x16, 0x9c, 0xe7, 0xab, 0x9b, 0x27,
  0x16, 0xe3, 0xd3, 0xc9, 0xa9, 0xd0, 0xcc, 0xcc, 0xdc, 0x28, 0xf0, 0x12,
  0xe5, 0x22, 0xa3, 0xdc, 0x22, 0xf2, 0x05, 0xc7, 0xdb, 0xef, 0x2e, 0xf5,
  0xe5, 0xd5, 0xea, 0xba, 0x5c, 0x46, 0xd4, 0xe9, 0x0e, 0x2c, 0xc0, 0x2f,
  0x1a, 0x0f, 0x00, 0xfc, 0x10, 0x2a, 0xc9, 0x05, 0x28, 0x2b, 0xd8, 0x13,
  0x00, 0x01, 0xd0, 0x10, 0xd9, 0x31, 0x0f, 0x51, 0xf8, 0xac, 0x59, 0x1f,
  0x38, 0xe4, 0xae, 0xac, 0x55, 0xf2, 0x1f, 0xc4, 0xef, 0x0e, 0xe9, 0x4c,
  0x08, 0x09, 0x29, 0xfa, 0xe3, 0x0f, 0xf8, 0xa6, 0xff, 0xc9, 0xe3, 0x48,
  0x36, 0x48, 0x21, 0x02, 0x02, 0x98, 0xf0, 0xff, 0x05, 0xff, 0xc2, 0x72,
  0x0f, 0xd1, 0xde, 0xfa, 0x16, 0x08, 0x35, 0xaf, 0x42, 0xb2, 0xcd, 0x28,
  0x81, 0xf5, 0x43, 0x06, 0xe5, 0xcb, 0x43, 0xd3, 0xe4, 0x1c, 0x5b, 0x24,
  0xd7, 0xed, 0xe1, 0xd6, 0x12, 0xf3, 0xd2, 0xf1, 0x12, 0x09, 0x3e, 0xe1,
  0xfa, 0xdf, 0xa9, 0xf2, 0xf7, 0xd1, 0x20, 0xda, 0x16, 0xcc, 0xf8, 0x03,
  0x81, 0x2a, 0x1d, 0x3c, 0xfa, 0xd4, 0xe9, 0xbb, 0xe9, 0x1f, 0x1e, 0xdb,
  0x6c, 0x05, 0xde, 0xc7, 0x27, 0xf0, 0xfb, 0xf8, 0x0c, 0xc5, 0xdf, 0x03,
  0xea, 0xe2, 0xd2, 0x00, 0x37, 0x1c, 0x16, 0xb7, 0x06, 0x78, 0x04, 0x35,
  0x21, 0x37, 0xfa, 0xb8, 0x45, 0x18, 0x17, 0x32, 0x40, 0xcf, 0x23, 0x13,
  0x21, 0x48, 0xb7, 0x2f, 0xca, 0xec, 0x22, 0x00, 0xc4, 0x09, 0xe7, 0xca,
  0x49, 0x25, 0x38, 0x3f, 0xf0, 0x6e, 0x36, 0x92, 0x25, 0x02, 0x16, 0x3b,
  0x53, 0xc0, 0xf1, 0x23, 0x03, 0x53, 0x09, 0xd0, 0x63, 0x4c, 0x13, 0x37,
  0x11, 0x5c, 0x53, 0x1f, 0x00, 0x09, 0xfd, 0x52, 0x96, 0x00, 0x1e, 0xef,
  0x02, 0xa2, 0xeb, 0x10, 0x25, 0xea, 0xd2, 0x1c, 0x2a, 0xdf, 0xcb, 0xd5,
  0x0d, 0xf4, 0xe5, 0xf9, 0xa7, 0x6f, 0x34, 0xc1, 0x25, 0x3f, 0xf9, 0xdf,
  0x01, 0x4c, 0xed, 0x11, 0x0e, 0xe8, 0xc0, 0xf7, 0x04, 0x2f, 0x01, 0xfe,
  0x0f, 0x16, 0xf5, 0x12, 0x18, 0xcd, 0x2a, 0xfe, 0x2d, 0x19, 0x24, 0xdb,
  0x1f, 0xde, 0x21, 0xdf, 0xc2, 0xd8, 0xe6, 0x38, 0xa2, 0x23, 0xf6, 0x1f,
  0xd7, 0x36, 0xb4, 0xb6, 0x08, 0x1f, 0xd8, 0xab, 0xb6, 0x48, 0x28, 0x20,
  0xd1, 0xed, 0x01, 0xf5, 0x39, 0x29, 0xd7, 0x7b, 0x0c, 0xaf, 0x1a, 0x00,
  0xd6, 0x16, 0x09, 0x2d, 0x26, 0x23, 0xdd, 0xc3, 0x46, 0xd3, 0x02, 0x33,
  0xe0, 0x30, 0xf5, 0x65, 0x29, 0x12, 0xaf, 0x15, 0x11, 0xde, 0x09, 0xf2,
  0x9a, 0x42, 0xd2, 0xe9, 0x06, 0x29, 0x67, 0xe2, 0x14, 0x16, 0xd7, 0xf3,
  0x08, 0xcc, 0x0a, 0xd1, 0x49, 0x6e, 0x5e, 0xd1, 0x0a, 0xb1, 0x3a, 0x12,
  0x0f, 0x23, 0xf8, 0xa7, 0x35, 0xd7, 0xd6, 0xcc, 0xe2, 0xf1, 0xd2, 0x41,
  0x55, 0x43, 0xd7, 0xfd, 0x93, 0x07, 0x55, 0xfa, 0xe8, 0x6f, 0x17, 0x93,
  0xe8, 0xe2, 0x47, 0xa6, 0x2f, 0x19, 0x0c, 0x3b, 0xba, 0xfd, 0x7f, 0xe3,
  0xda, 0xf5, 0xf7, 0x36, 0x2b, 0x13, 0x3d, 0x2d, 0xdb, 0xe5, 0x13, 0xe4,
  0x7f, 0x0c, 0xcf, 0xc3, 0x01, 0x0b, 0xd0, 0x23, 0xce, 0xc1, 0x1a, 0xe6,
  0xd7, 0xf1, 0x09, 0xb2, 0x82, 0xee, 0x3c, 0xef, 0x07, 0xbe, 0xe2, 0x3f,
  0x15, 0x21, 0xf1, 0xe2, 0xbd, 0x13, 0x13, 0x8e, 0x0d, 0xb9, 0xc2, 0x10,
  0x23, 0xfd, 0xd4, 0xe8, 0x12, 0x0a, 0xf5, 0x8f, 0xd6, 0xcd, 0x4c, 0xbe,
  0x24, 0xc3, 0x09, 0x27, 0x04, 0xed, 0x81, 0x0a, 0xa2, 0xf5, 0x1a, 0xf4,
  0x20, 0x40, 0x58, 0x81, 0xb1, 0x94, 0xf0, 0xa8, 0xed, 0xe7, 0x2a, 0x1b,
  0x5c, 0xcc, 0x39, 0xd3, 0xdd, 0x1f, 0x19, 0xf2, 0xa1, 0x67, 0x5b, 0x4e,
  0x0d, 0x54, 0x7f, 0x98, 0x17, 0xcc, 0x02, 0x7f, 0x7d, 0x03, 0xb5, 0x63,
  0x01, 0x04, 0xd5, 0xa7, 0xaa, 0xf1, 0xf2, 0xf9, 0x23, 0xe1, 0x1f, 0xd4,
  0x03, 0xdc, 0xd9, 0xf3, 0xf0, 0x4f, 0xf1, 0x2a, 0xdd, 0x1a, 0xe5, 0x2a,
  0x17, 0xaa, 0xe5, 0x28, 0xc4, 0x81, 0x05, 0x10, 0x02, 0x07, 0x32, 0xce,
  0x11, 0xeb, 0x31, 0xe7, 0xc5, 0x2b, 0xcf, 0x41, 0x1f, 0x41, 0xb7, 0x0e,
  0x00, 0x18, 0xe7, 0xfa, 0xd7, 0xf9, 0x32, 0x2b, 0x37, 0xe0, 0x2b, 0xc1,
  0xc8, 0xf7, 0xa1, 0x27, 0x24, 0xbe, 0xd4, 0x2b, 0x31, 0x23, 0xdf, 0x22,
  0x8f, 0x1b, 0x43, 0x0e, 0xbc, 0xd4, 0x63, 0xd3, 0x16, 0x14, 0xd9, 0x2b,
  0x8c, 0x1c, 0xe1, 0x1b, 0x14, 0xec, 0xba, 0x35, 0x17, 0xc3, 0x05, 0xc6,
  0x24, 0xc3, 0xf5, 0xfd, 0xc8, 0xd9, 0x04, 0xe3, 0xa4, 0xd3, 0x25, 0x0d,
  0x16, 0xe7, 0x3a, 0xf3, 0x11, 0xc1, 0xa3, 0xfc, 0x12, 0xd7, 0x38, 0xbe,
  0xd1, 0x0d, 0x50, 0xef, 0x7b, 0x4e, 0x74, 0xda, 0xba, 0xf2, 0x48, 0x1f,
  0xfb, 0x44, 0x2e, 0xf3, 0xf8, 0x0b, 0x20, 0x26, 0x1a, 0x42, 0x16, 0x0c,
  0x04, 0xd3, 0xe8, 0x36, 0x28, 0x1d, 0xde, 0x21, 0x27, 0x6c, 0x02, 0xf0,
  0xc7, 0xe9, 0x0b, 0x14, 0x27, 0x03, 0x36, 0xfc, 0xec, 0xf2, 0x19, 0x18,
  0x29, 0x36, 0xcc, 0xbe, 0xba, 0xa5, 0xd5, 0x1a, 0xe4, 0xf1, 0x1f, 0x7f,
  0xed, 0x2e, 0xbf, 0x05, 0x6f, 0x2c, 0xdb, 0xfc, 0x4d, 0x0a, 0x31, 0x44,
  0xd3, 0xd9, 0x1c, 0xac, 0xd1, 0xc9, 0xd7, 0xea, 0x60, 0xc1, 0x47, 0x5b,
  0xd5, 0xd8, 0x00, 0x18, 0xd5, 0x5f, 0x6c, 0xac, 0xdd, 0x47, 0xdb, 0xe5,
  0x06, 0x21, 0x2b, 0x32, 0x3a, 0x3e, 0x37, 0x02, 0x9a, 0xa7, 0xa5, 0x23,
  0xb9, 0x54, 0x17, 0xee, 0x25, 0x01, 0x0b, 0xc6, 0x16, 0x13, 0xfe, 0xd7,
  0x17, 0xe0, 0x6d, 0x28, 0x63, 0x1a, 0x88, 0x69, 0xc7, 0xd4, 0x03, 0xfc,
  0x1f, 0xfb, 0xd3, 0x00, 0xf3, 0x04, 0xc3, 0xc4, 0xb8, 0xd1, 0xfc, 0x06,
  0xb6, 0x15, 0x04, 0x01, 0x0a, 0xf8, 0x5e, 0x2a, 0xea, 0xe6, 0x41, 0x2d,
  0xce, 0xd0, 0xe6, 0xb2, 0x11, 0x42, 0xfe, 0x15, 0x15, 0x10, 0x50, 0xfb,
  0xe9, 0xf5, 0x52, 0xfe, 0x10, 0xe5, 0x3c, 0xf3, 0xf7, 0xea, 0x0a, 0x0e,
  0x9b, 0x43, 0xab, 0x81, 0x0b, 0x03, 0x22, 0xbd, 0xeb, 0xbf, 0x15, 0xef,
  0x2f, 0xe7, 0x23, 0xd6, 0x4d, 0xf6, 0x43, 0x1c, 0x48, 0xe0, 0xe8, 0x81,
  0x1f, 0x06, 0xd4, 0xca, 0x15, 0x6c, 0x01, 0xe5, 0x02, 0xfa, 0x67, 0xaf,
  0x04, 0x6b, 0x2a, 0x4c, 0x10, 0xad, 0x6f, 0xbe, 0x13, 0x34, 0x03, 0xee,
  0x37, 0x3c, 0xb8, 0xdb, 0x08, 0x08, 0xdc, 0x03, 0x81, 0x10, 0x01, 0x58,
  0x0a, 0x5c, 0x1b, 0x36, 0x2d, 0x4b, 0xf6, 0x1c, 0x0e, 0xce, 0xe4, 0x3e,
  0x33, 0x7a, 0x2f, 0x3d, 0xf8, 0x22, 0xc7, 0x21, 0x0a, 0x2d, 0x4f, 0xfe,
  0x18, 0x55, 0x23, 0x4a, 0xdc, 0x20, 0x31, 0x7e, 0xa7, 0xc6, 0x00, 0xf6,
  0x0b, 0xdd, 0x0f, 0x3d, 0x0e, 0xfa, 0xd5, 0xf8, 0xe1, 0xf5, 0xe4, 0xb8,
  0xfb, 0x02, 0x3a, 0xc5, 0xd8, 0x38, 0x81, 0x34, 0x0b, 0xdf, 0x1d, 0x2e,
  0xfb, 0xec, 0xf2, 0xba, 0xfc, 0xe5, 0x28, 0x2b, 0x10, 0xe2, 0x4a, 0xda,
  0xeb, 0xfa, 0x06, 0xe5, 0x63, 0x4e, 0xe1, 0x10, 0xd5, 0x22, 0xfd, 0x28,
  0x2f, 0xdc, 0x7f, 0xcc, 0x64, 0x19, 0x31, 0x15, 0xf6, 0x37, 0x9d, 0x15,
  0xcd, 0xf7, 0x0c, 0x08, 0xf1, 0x08, 0xd1, 0x07, 0xae, 0x3a, 0xd9, 0x17,
  0x2e, 0xf1, 0xe8, 0x53, 0x28, 0x3c, 0x02, 0x58, 0x52, 0xb8, 0x3f, 0x25,
  0x41, 0x13, 0xf2, 0x7f, 0xf9, 0x65, 0x3b, 0x10, 0xae, 0x19, 0x62, 0xef,
  0x46, 0xce, 0x2d, 0xb7, 0xa2, 0x0e, 0x05, 0x04, 0x54, 0x81, 0xf3, 0x17,
  0xb5, 0x03, 0xdd, 0x03, 0xfe, 0xf7, 0x2e, 0x0c, 0x2f, 0xab, 0x56, 0xfb,
  0x2a, 0x13, 0x4d, 0xdb, 0xf2, 0x63, 0xdf, 0xc4, 0x81, 0x4a, 0xf2, 0xa4,
  0x02, 0xf1, 0xdc, 0x07, 0x81, 0xe8, 0xe8, 0x2d, 0x0a, 0x0b, 0xef, 0x11,
  0xcd, 0x53, 0xb0, 0x3c, 0xd2, 0x29, 0x12, 0x29, 0xd0, 0xf0, 0x09, 0xd9,
  0xec, 0xe5, 0xe4, 0x0a, 0xe0, 0xfa, 0x33, 0xdf, 0x8c, 0x81, 0xc7, 0x5d,
  0x18, 0x22, 0x2b, 0xe6, 0x17, 0xd1, 0x1c, 0xef, 0xdf, 0x00, 0xad, 0xb6,
  0x26, 0xbd, 0x03, 0xdf, 0x81, 0x34, 0x18, 0xc1, 0x19, 0xcd, 0xcb, 0xfc,
  0xf1, 0x50, 0xcd, 0x16, 0xa5, 0xb9, 0x16, 0x15, 0x3a, 0x1d, 0x15, 0xd9,
  0x81, 0xed, 0x0b, 0xca, 0x93, 0xea, 0x35, 0x17, 0xf4, 0x0b, 0x39, 0x51,
  0xa6, 0x00, 0x06, 0x08, 0xf8, 0xd7, 0xe6, 0x5d, 0xe5, 0x30, 0x11, 0xdd,
  0x15, 0xef, 0xdc, 0xf5, 0x35, 0x1f, 0x39, 0x03, 0x41, 0x16, 0xf6, 0xf2,
  0xf1, 0xfd, 0x9c, 0x55, 0x19, 0xfa, 0x05, 0xd8, 0xf5, 0xe7, 0xf9, 0xdd,
  0xe3, 0xf1, 0xdf, 0x3d, 0xca, 0xc3, 0xf6, 0x01, 0x10, 0x72, 0xf5, 0xd4,
  0x5a, 0xb0, 0xd4, 0x28, 0x1d, 0x3b, 0xce, 0xc2, 0x18, 0xf8, 0x39, 0x0a,
  0x2e, 0x5b, 0x1d, 0xc5, 0x13, 0x29, 0x34, 0x27, 0xdc, 0x09, 0x7f, 0x03,
  0x26, 0x38, 0xf5, 0xdc, 0x09, 0x12, 0xbd, 0x32, 0x32, 0x06, 0x1a, 0xbd,
  0xed, 0xc1, 0xa1, 0xe7, 0xf9, 0x08, 0x3b, 0xcf, 0xb9, 0x41, 0xd9, 0xd8,
  0xe8, 0x0a, 0xf5, 0xe5, 0x0c, 0x1f, 0xf5, 0x0a, 0x2a, 0x06, 0xd1, 0xed,
  0xe2, 0xf2, 0xb6, 0xba, 0xdf, 0x1b, 0x02, 0xd4, 0xd4, 0xf9, 0xc1, 0xd5,
  0xea, 0xd5, 0xfd, 0xb7, 0x02, 0xbc, 0xc8, 0x4e, 0xe9, 0xa8, 0xcf, 0x91,
  0xe9, 0xd5, 0xd8, 0xfa, 0xdb, 0x9c, 0x3a, 0xa8, 0xd5, 0xa3, 0xc7, 0x1a,
  0x26, 0x39, 0xb8, 0x14, 0xd2, 0x57, 0x1e, 0xe8, 0xd8, 0xbf, 0xf2, 0xfb,
  0xa4, 0x54, 0xd1, 0x24, 0x41, 0x42, 0x57, 0xf1, 0xcf, 0xfb, 0xb8, 0x22,
  0x31, 0x11, 0xcd, 0x08, 0xca, 0x35, 0x01, 0x00, 0x4f, 0x30, 0x22, 0xe2,
  0x1a, 0xf4, 0x22, 0xd4, 0x11, 0x10, 0x19, 0xe5, 0xd5, 0x2b, 0xf0, 0xc7,
  0x5d, 0x0f, 0x71, 0xcf, 0xfa, 0xd8, 0xee, 0x1c, 0xc8, 0xfd, 0xef, 0x12,
  0xff, 0x46, 0xe9, 0x26, 0xf7, 0x30, 0xe2, 0xdd, 0xd1, 0xef, 0x57, 0xe8,
  0x21, 0x6b, 0xe6, 0xef, 0xd1, 0x0d, 0x72, 0xd8, 0xce, 0xd0, 0xab, 0x2e,
  0xcb, 0x3e, 0xdd, 0xd1, 0x1f, 0xde, 0x0e, 0x81, 0xcb, 0xe1, 0xcf, 0x96,
  0xfb, 0x1b, 0x02, 0xe7, 0x05, 0x11, 0x18, 0x0c, 0xd8, 0x1f, 0x2e, 0x44,
  0xba, 0x2e, 0xc9, 0x39, 0xe1, 0x3d, 0xe2, 0xcb, 0x3e, 0x0f, 0x81, 0x06,
  0xfe, 0xf6, 0xbd, 0xd6, 0x2f, 0xc0, 0xc9, 0x09, 0x14, 0x15, 0xeb, 0xa9,
  0x12, 0xd6, 0x1e, 0xf0, 0x04, 0x81, 0x10, 0xf9, 0xc5, 0x3f, 0x81, 0xb6,
  0xc5, 0xf8, 0xdf, 0xef, 0x18, 0x69, 0x45, 0xc4, 0x11, 0xea, 0xd9, 0x47,
  0xc7, 0xb3, 0x26, 0x15, 0xf8, 0xfb, 0x28, 0x05, 0x3f, 0xcb, 0xe2, 0x35,
  0x1c, 0xc0, 0x13, 0x25, 0xed, 0x0c, 0x35, 0x50, 0x1f, 0x7f, 0x7a, 0xd7,
  0x10, 0x02, 0xf3, 0xef, 0xfb, 0x2b, 0x01, 0x3f, 0xc6, 0x2f, 0x0b, 0x4c,
  0xe9, 0xf2, 0x27, 0xf5, 0xe3, 0x06, 0x19, 0x0a, 0xe0, 0x93, 0xd9, 0xbe,
  0xd8, 0xa5, 0x17, 0xad, 0x1a, 0x41, 0x73, 0x45, 0x0b, 0x00, 0x12, 0x30,
  0xd9, 0xef, 0xe6, 0x1f, 0xf3, 0xfd, 0xb2, 0x2d, 0x0f, 0xe4, 0xb2, 0x58,
  0x0c, 0x38, 0xfc, 0x33, 0xeb, 0x6b, 0x66, 0xaa, 0xc3, 0x31, 0x22, 0xfa,
  0xc1, 0x22, 0xdf, 0x2b, 0xd5, 0xea, 0x09, 0x25, 0x02, 0x07, 0x0a, 0xf8,
  0xd2, 0xc3, 0xfe, 0xa2, 0xf5, 0x28, 0xef, 0x2d, 0x9d, 0xe7, 0xd0, 0x31,
  0xc7, 0x34, 0x3c, 0x08, 0xd0, 0xf0, 0x6b, 0x0a, 0x2a, 0x2a, 0xc1, 0x53,
  0xfb, 0x04, 0x1b, 0x9e, 0x25, 0xe5, 0xe7, 0xf3, 0xf9, 0xf6, 0xf1, 0x28,
  0x0f, 0xaa, 0x2d, 0xd9, 0xf3, 0xe3, 0xf3, 0x3a, 0xaa, 0xef, 0x35, 0xd1,
  0x12, 0xf9, 0xac, 0x24, 0x49, 0xef, 0x46, 0x13, 0xf3, 0xeb, 0xd6, 0x07,
  0xf3, 0x0c, 0xdb, 0x03, 0x63, 0x0d, 0xd5, 0xf9, 0xc7, 0x07, 0xe2, 0x30,
  0x4c, 0x0a, 0xf9, 0x19, 0xb7, 0x3f, 0xf2, 0x1f, 0xad, 0xae, 0x49, 0x23,
  0xdb, 0xd5, 0x50, 0x6b, 0xf5, 0xb5, 0xd7, 0x29, 0x0d, 0xf1, 0xdb, 0x0d,
  0x7f, 0x2e, 0xef, 0x12, 0x62, 0x06, 0x62, 0x32, 0x4f, 0x05, 0xdb, 0xc2,
  0x1d, 0xef, 0x15, 0x24, 0xa0, 0x46, 0xa9, 0x12, 0xf6, 0xc7, 0x1f, 0xd3,
  0x53, 0xec, 0xee, 0xdb, 0x40, 0xe7, 0xa0, 0x01, 0x48, 0x1f, 0x2e, 0x12,
  0x1d, 0x10, 0xc9, 0x0e, 0xb4, 0xf5, 0x0a, 0xf6, 0xdc, 0xca, 0x32, 0xe1,
  0x00, 0xff, 0x27, 0x84, 0x0a, 0x17, 0x12, 0xf9, 0x3d, 0x20, 0x14, 0x2b,
  0x02, 0xf9, 0xd7, 0xc0, 0x29, 0xf6, 0xcc, 0x22, 0xf4, 0xdc, 0xe4, 0x1f,
  0xe5, 0xfb, 0xe9, 0x00, 0xe7, 0xdc, 0xf4, 0xf9, 0xc2, 0x25, 0xa3, 0xed,
  0x25, 0xea, 0x4a, 0x18, 0x00, 0x00, 0xeb, 0xde, 0x0f, 0x11, 0x19, 0xe7,
  0xc9, 0xcb, 0x9b, 0xe2, 0x1a, 0x2a, 0x15, 0x24, 0x01, 0xd9, 0xa6, 0x07,
  0xe6, 0xba, 0x0d, 0x39, 0x10, 0xd9, 0xce, 0x7d, 0xb3, 0xc8, 0x86, 0xe9,
  0x03, 0x22, 0xcc, 0x3a, 0xc3, 0xf1, 0xd5, 0xf5, 0x91, 0x84, 0x05, 0x24,
  0xb8, 0xbd, 0xa5, 0xbc, 0xb9, 0x09, 0x74, 0xc5, 0xfc, 0x56, 0x92, 0xca,
  0x08, 0xca, 0x04, 0xe5, 0xfb, 0x2c, 0x24, 0xc7, 0xe2, 0x5f, 0x15, 0xf4,
  0x24, 0x08, 0x11, 0xfb, 0x57, 0xbc, 0xff, 0xcf, 0x3a, 0x31, 0x00, 0xe9,
  0x07, 0x1a, 0xfc, 0x26, 0xf3, 0xe6, 0x0f, 0xd5, 0x0c, 0x32, 0xdb, 0x3c,
  0xf5, 0xf1, 0xd9, 0x2b, 0x1b, 0x0d, 0x2b, 0xc3, 0x20, 0xd4, 0xdb, 0xe0,
  0xed, 0xdb, 0x17, 0x06, 0x42, 0x3a, 0x65, 0xf3, 0xf3, 0x44, 0xdf, 0x33,
  0x51, 0x4b, 0x0e, 0xfe, 0x9a, 0x18, 0xeb, 0xcf, 0xd9, 0x71, 0xac, 0xae,
  0xf6, 0xcb, 0x34, 0xfd, 0x21, 0xdc, 0xff, 0x01, 0x05, 0x36, 0xd7, 0x30,
  0x33, 0x27, 0x00, 0x62, 0xed, 0x08, 0xc3, 0x12, 0x24, 0x58, 0xf5, 0xc6,
  0xf4, 0x1b, 0xe8, 0xc1, 0xde, 0xbe, 0xf4, 0x35, 0x0d, 0x61, 0xfc, 0xc9,
  0xdb, 0xbd, 0x25, 0xf9, 0xf0, 0x33, 0xb4, 0xd6, 0xeb, 0x07, 0xd9, 0x81,
  0xf7, 0x19, 0xfb, 0x21, 0xfc, 0xe8, 0xc2, 0xd2, 0x05, 0x20, 0x1c, 0xce,
  0xb8, 0xeb, 0xe3, 0x2c, 0x07, 0xf6, 0xf2, 0xd1, 0xf0, 0xd6, 0x14, 0x2e,
  0xcf, 0xfc, 0xff, 0xff, 0xd6, 0xfc, 0xff, 0xff, 0x9b, 0x05, 0x00, 0x00,
  0x9a, 0xf2, 0xff, 0xff, 0xd4, 0xfb, 0xff, 0xff, 0xb9, 0x0a, 0x00, 0x00,
  0x60, 0xf2, 0xff, 0xff, 0xb4, 0xf9, 0xff, 0xff, 0x32, 0x00, 0x00, 0x00,
  0x36, 0xfe, 0xff, 0xff, 0x5c, 0xf7, 0xff, 0xff, 0x09, 0xff, 0xff, 0xff,
  0x72, 0xfe, 0xff, 0xff, 0x2c, 0xfa, 0xff, 0xff, 0x97, 0xfb, 0xff, 0xff,
  0xae, 0xff, 0xff, 0xff, 0x36, 0x0c, 0x00, 0x00, 0x8a, 0x08, 0x00, 0x00,
  0xc5, 0x04, 0x00, 0x00, 0x81, 0xfd, 0xff, 0xff, 0xe2, 0x01, 0x00, 0x00,
  0xd6, 0xf3, 0xff, 0xff, 0x1b, 0x02, 0x00, 0x00, 0x1e, 0x02, 0x00, 0x00,
  0x67, 0xf4, 0xff, 0xff, 0x55, 0xff, 0xff, 0xff, 0xfa, 0xf0, 0xff, 0xff,
  0x2e, 0xfe, 0xff, 0xff, 0x5e, 0x02, 0x00, 0x00, 0x58, 0xfb, 0xff, 0xff,
  0x1d, 0xf7, 0xff, 0xff, 0xc0, 0xfa, 0xff, 0xff, 0x9d, 0xf8, 0xff, 0xff,
  0x5c, 0xfe, 0xff, 0xff, 0x87, 0x0a, 0x00, 0x00, 0x7d, 0x01, 0x00, 0x00,
  0xce, 0xff, 0xff, 0xff, 0x97, 0xfb, 0xff, 0xff, 0xdd, 0xfe, 0xff, 0xff,
  0xfe, 0x04, 0x00, 0x00, 0xde, 0xf4, 0xff, 0xff, 0x21, 0xfa, 0xff, 0xff,
  0xdd, 0x07, 0x00, 0x00, 0xe3, 0xf9, 0xff, 0xff, 0x06, 0xfd, 0xff, 0xff,
  0x25, 0xf7, 0xff, 0xff, 0xb7, 0x07, 0x00, 0x00, 0x13, 0xf1, 0xff, 0xff,
  0xa1, 0x03, 0x00, 0x00, 0xb8, 0xfc, 0xff, 0xff, 0x99, 0xfb, 0xff, 0xff,
  0xd4, 0x0a, 0x00, 0x00, 0xb6, 0xfb, 0xff, 0xff, 0x78, 0xfe, 0xff, 0xff,
  0x62, 0xfb, 0xff, 0xff, 0xe6, 0xfd, 0xff, 0xff, 0xd1, 0xfc, 0xff, 0xff,
  0x77, 0x09, 0x00, 0x00, 0xe7, 0x01, 0x00, 0x00, 0xc7, 0x0f, 0x00, 0x00,
  0x22, 0x10, 0x00, 0x00, 0xdc, 0xfa, 0xff, 0xff, 0x7d, 0x08, 0x00, 0x00,
  0xb6, 0x09, 0x00, 0x00, 0x8d, 0x14, 0x14, 0x00, 0x15, 0x85, 0x17, 0x00,
  0x3b, 0x8d, 0x17, 0x00, 0x2d, 0x7a, 0x17, 0x00, 0x39, 0xd5, 0x17, 0x00,
  0xc3, 0x92, 0x17, 0x00, 0xd1, 0xad, 0x17, 0x00, 0x11, 0xf3, 0x18, 0x00,
  0x85, 0xab, 0x17, 0x00, 0x89, 0x47, 0x16, 0x00, 0x83, 0xff, 0x18, 0x00,
  0x21, 0x95, 0x17, 0x00, 0xf5, 0xd2, 0x18, 0x00, 0x1b, 0xc3, 0x18, 0x00,
  0x6f, 0x8e, 0x17, 0x00, 0xe1, 0x22, 0x15, 0x00, 0xa7, 0x88, 0x17, 0x00,
  0xad, 0xf7, 0x18, 0x00, 0x13, 0x41, 0x16, 0x00, 0x87, 0x9c, 0x17, 0x00,
  0x83, 0xd1, 0x18, 0x00, 0xcb, 0x45, 0x16, 0x00, 0xf9, 0xa7, 0x17, 0x00,
  0x93, 0xb3, 0x17, 0x00, 0x13, 0xec, 0x18, 0x00, 0x5f, 0xf3, 0x18, 0x00,
  0x95, 0x37, 0x16, 0x00, 0x7d, 0xae, 0x17, 0x00, 0xc1, 0xd4, 0x17, 0x00,
  0x67, 0x47, 0x16, 0x00, 0xbd, 0x47, 0x16, 0x00, 0xe7, 0x97, 0x17, 0x00,
  0xc3, 0xca, 0x18, 0x00, 0x23, 0x01, 0x10, 0x00, 0x7d, 0x80, 0x17, 0x00,
  0x25, 0x6d, 0x16, 0x00, 0x9d, 0x27, 0x15, 0x00, 0xd5, 0x15, 0x14, 0x00,
  0x13, 0xc7, 0x17, 0x00, 0xdd, 0xf9, 0x18, 0x00, 0x8b, 0x59, 0x16, 0x00,
  0x85, 0xdb, 0x18, 0x00, 0x55, 0x60, 0x16, 0x00, 0x5b, 0x6e, 0x17, 0x00,
  0x3d, 0x08, 0x13, 0x00, 0xeb, 0x06, 0x13, 0x00, 0x2b, 0x38, 0x16, 0x00,
  0xbd, 0x14, 0x14, 0x00, 0xa9, 0x43, 0x16, 0x00, 0x69, 0x27, 0x15, 0x00,
  0x73, 0x80, 0x17, 0x00, 0xcf, 0x4f, 0x16, 0x00, 0x7d, 0x96, 0x17, 0x00,
  0x69, 0x92, 0x17, 0x00, 0xed, 0x03, 0x12, 0x00, 0xa3, 0x74, 0x16, 0x00,
  0x8b, 0x8a, 0x17, 0x00, 0xb5, 0x99, 0x17, 0x00, 0xd1, 0xe6, 0x18, 0x00,
  0xa1, 0x9d, 0x17, 0x00, 0x1f, 0x79, 0x17, 0x00, 0x1b, 0xeb, 0x18, 0x00,
  0xcd, 0x8a, 0x17, 0x00, 0x7d, 0xb1, 0x17, 0x00, 0xea, 0xb7, 0xc0, 0x89,
  0x2e, 0xb9, 0xe2, 0xd4, 0x29, 0xfe, 0xf1, 0x3a, 0x36, 0xdf, 0xc8, 0x0a,
  0xef, 0x06, 0xe1, 0xe1, 0x28, 0x9d, 0x15, 0xe9, 0xc9, 0xde, 0x54, 0xd0,
  0xed, 0xf9, 0xcc, 0x0f, 0x1b, 0x5c, 0x1c, 0x9d, 0x1c, 0xce, 0x2f, 0xbc,
  0xad, 0x13, 0xdf, 0xe5, 0x10, 0xa0, 0xfc, 0x7f, 0xe4, 0x17, 0xcf, 0x25,
  0x09, 0x1e, 0xde, 0xe9, 0x1f, 0x1d, 0x0e, 0xbe, 0x81, 0x45, 0xaf, 0xab,
  0x10, 0xfe, 0xe5, 0x14, 0xe7, 0xef, 0xd5, 0xfe, 0xad, 0x34, 0x1f, 0xe4,
  0xc9, 0xe7, 0x2c, 0x23, 0x32, 0xd1, 0xbf, 0x87, 0x08, 0xc9, 0xeb, 0x81,
  0xa3, 0x10, 0x44, 0xec, 0xb0, 0xdc, 0x29, 0x11, 0xe3, 0xe7, 0xea, 0xc7,
  0x1c, 0x06, 0x02, 0x41, 0x1f, 0x3c, 0x31, 0xc4, 0xe4, 0xad, 0xcc, 0x7f,
  0xe9, 0x1b, 0xec, 0x23, 0x3b, 0xec, 0xd2, 0xe7, 0xd6, 0xca, 0xc1, 0x81,
  0xf3, 0x9b, 0x4c, 0x4e, 0xdc, 0x21, 0x8d, 0xf6, 0x2b, 0x98, 0x81, 0xed,
  0xb8, 0x2f, 0xf9, 0x81, 0x09, 0x32, 0x34, 0x0c, 0xa7, 0xa4, 0xdc, 0x61,
  0xb8, 0xcf, 0xa0, 0x07, 0x06, 0xd5, 0x30, 0x7f, 0x0a, 0xe3, 0xd0, 0x15,
  0x0a, 0x0c, 0xef, 0x0f, 0x81, 0x51, 0xdd, 0x1e, 0xc4, 0x01, 0x3a, 0xf4,
  0x15, 0x2e, 0xd5, 0x26, 0x09, 0x0f, 0xf8, 0xcf, 0x5a, 0xd4, 0x23, 0x0e,
  0xd5, 0xfc, 0xc1, 0xdf, 0x37, 0xe5, 0xe2, 0x24, 0x17, 0x9f, 0xd0, 0x10,
  0xe6, 0xdf, 0xfa, 0x53, 0x22, 0xd7, 0xda, 0x7f, 0xd4, 0xe4, 0xfe, 0xc9,
  0x20, 0x58, 0x04, 0xa3, 0xda, 0xeb, 0x1b, 0xd9, 0xbd, 0x25, 0xd8, 0x4b,
  0x54, 0xe4, 0x22, 0xe0, 0x46, 0xf1, 0x1c, 0x3f, 0x29, 0xc0, 0xdf, 0x09,
  0x18, 0xd7, 0x30, 0xda, 0x22, 0x28, 0x08, 0xfb, 0x9f, 0xe4, 0x55, 0x8d,
  0xbd, 0xdf, 0xd0, 0x7f, 0xd0, 0xa9, 0xdb, 0x36, 0xbb, 0xc5, 0x10, 0xcb,
  0x02, 0x45, 0x2d, 0xfc, 0xe3, 0x2c, 0xb8, 0xf1, 0xff, 0xe5, 0x3e, 0x10,
  0x10, 0xc5, 0xae, 0x27, 0x23, 0xd0, 0x29, 0x0c, 0xed, 0x24, 0xcd, 0x97,
  0x2c, 0x19, 0x30, 0xb8, 0x21, 0x43, 0x56, 0x20, 0x42, 0xfc, 0x1f, 0x49,
  0xfe, 0xa1, 0x64, 0xfe, 0x0d, 0xc7, 0x09, 0x18, 0x90, 0x0f, 0xdd, 0x5a,
  0xcc, 0x26, 0xe3, 0x21, 0x7f, 0xdd, 0x25, 0xe6, 0xe2, 0x8b, 0xb6, 0x2c,
  0x53, 0xbf, 0xe2, 0xee, 0xbd, 0xd0, 0x2b, 0xf2, 0xf8, 0x1d, 0xf3, 0x81,
  0x2f, 0xec, 0xb8, 0x0f, 0xd7, 0x04, 0xc2, 0x40, 0xb8, 0xee, 0xd3, 0xe5,
  0x25, 0x12, 0xc1, 0xd6, 0x33, 0xe4, 0xd8, 0xe7, 0x2a, 0x02, 0xfe, 0x4e,
  0x05, 0xdf, 0xd0, 0xfd, 0x18, 0x7f, 0xc0, 0xec, 0xe8, 0x24, 0x20, 0x24,
  0xd3, 0xef, 0x08, 0x25, 0xf1, 0x2a, 0x2f, 0x2c, 0xed, 0x64, 0x05, 0xc3,
  0xcd, 0xf8, 0x41, 0xcb, 0xd7, 0x28, 0xf6, 0xb8, 0xee, 0x21, 0xe6, 0xe2,
  0xca, 0x09, 0x1e, 0xeb, 0x20, 0x5b, 0x31, 0x35, 0x71, 0xa1, 0xfa, 0xba,
  0x0e, 0xa3, 0x2f, 0x81, 0x06, 0xbf, 0xdd, 0xd1, 0x3d, 0x86, 0xc9, 0xaa,
  0x0f, 0x28, 0x22, 0x7e, 0xff, 0x72, 0xef, 0x1e, 0xdf, 0x16, 0xf8, 0x12,
  0xc2, 0x12, 0xb2, 0xb5, 0xb7, 0x91, 0xe1, 0xa6, 0xd5, 0xd6, 0x1e, 0xf4,
  0xda, 0xef, 0xdf, 0xf1, 0x98, 0x1e, 0x4e, 0xf9, 0xe7, 0xf2, 0x33, 0xfb,
  0xa6, 0x01, 0x26, 0xd2, 0x20, 0xf3, 0x01, 0xc3, 0x4f, 0xc1, 0x11, 0xdb,
  0xb1, 0xea, 0x0f, 0x3d, 0x36, 0x17, 0xe0, 0xce, 0xed, 0x7e, 0x45, 0xe0,
  0xde, 0xab, 0xdb, 0x81, 0x13, 0x56, 0x6e, 0x17, 0x0c, 0xe7, 0x19, 0xa6,
  0x29, 0xe9, 0x0e, 0x39, 0x5b, 0x02, 0xc5, 0x12, 0xf4, 0x18, 0xe1, 0xfd,
  0x09, 0x33, 0x2f, 0xe4, 0x11, 0x27, 0x47, 0xc1, 0xb5, 0x85, 0x1d, 0x92,
  0xaf, 0xeb, 0x0e, 0x05, 0x20, 0xa0, 0x04, 0x00, 0x26, 0x11, 0x34, 0x1b,
  0x0e, 0xe4, 0xea, 0x96, 0x3d, 0x38, 0x02, 0xbb, 0x09, 0xf8, 0xbe, 0x67,
  0x5c, 0x07, 0xe9, 0x95, 0xb2, 0x5a, 0xb0, 0xb9, 0x02, 0x08, 0xee, 0x81,
  0x11, 0xde, 0xb5, 0x91, 0x86, 0x88, 0x0a, 0x3a, 0x20, 0xe5, 0xf0, 0x7f,
  0xfc, 0x11, 0xb0, 0x90, 0xe7, 0xfd, 0x81, 0x11, 0x10, 0xe8, 0xaf, 0xf8,
  0x03, 0xf9, 0x5a, 0x87, 0x18, 0x94, 0x27, 0xeb, 0x57, 0xbd, 0xc1, 0x04,
  0x0b, 0xcd, 0xb3, 0x7f, 0x2e, 0x02, 0xc9, 0x0f, 0x14, 0x04, 0x9b, 0x54,
  0x10, 0x23, 0x14, 0x39, 0xf4, 0x3f, 0x05, 0x81, 0xdd, 0xb7, 0x05, 0x96,
  0x18, 0xdb, 0xd0, 0xe7, 0xdb, 0xa3, 0xda, 0xd7, 0xc5, 0x12, 0x06, 0x15,
  0x35, 0xf8, 0xaa, 0xec, 0xf6, 0xfe, 0xad, 0xfa, 0xfb, 0x39, 0xa9, 0xe2,
  0xf9, 0xed, 0x9f, 0xd4, 0x16, 0xcb, 0xcd, 0xb3, 0x15, 0xf7, 0x14, 0x0a,
  0x05, 0xa6, 0x96, 0x51, 0x05, 0xa4, 0xbb, 0xf0, 0xc7, 0xc6, 0xdd, 0xe7,
  0xf3, 0x46, 0x0d, 0x16, 0x1c, 0xe8, 0x6a, 0xa6, 0x1d, 0x2b, 0x43, 0x7f,
  0xe9, 0xfe, 0xe9, 0xe4, 0xf5, 0x34, 0xf8, 0xe8, 0x36, 0xb7, 0x81, 0x3d,
  0xcf, 0xb0, 0xbf, 0xf8, 0xeb, 0x0d, 0xe8, 0x0c, 0xf6, 0x75, 0x53, 0x40,
  0xaa, 0x3b, 0x32, 0xd3, 0xa0, 0xe9, 0x86, 0xe8, 0xf2, 0x33, 0xb2, 0x0d,
  0x36, 0xd3, 0x02, 0x12, 0xef, 0x9b, 0xca, 0xd9, 0xf0, 0x0f, 0xfa, 0x00,
  0xea, 0xf1, 0xf5, 0x5c, 0xe8, 0x87, 0xd5, 0x25, 0xe0, 0x42, 0x2e, 0xff,
  0xd6, 0x10, 0xd7, 0xbf, 0x16, 0xe0, 0xad, 0x0d, 0x05, 0xfb, 0xe6, 0x25,
  0x1a, 0xe5, 0xe6, 0x75, 0x9c, 0xc0, 0xe0, 0x0c, 0x27, 0x27, 0x0d, 0xf8,
  0xe6, 0x27, 0xc1, 0x04, 0xcc, 0x3b, 0x44, 0xbe, 0xce, 0x39, 0x15, 0x0d,
  0xc4, 0xed, 0x25, 0xf7, 0x9e, 0xc8, 0xed, 0x05, 0x28, 0xe9, 0x17, 0x81,
  0xc3, 0x1e, 0x89, 0xdf, 0xf5, 0xce, 0x28, 0x3b, 0x02, 0x08, 0xe0, 0xc9,
  0xf0, 0xc0, 0x44, 0x39, 0xfe, 0xc8, 0xe9, 0x0a, 0x88, 0xd6, 0x36, 0x39,
  0xef, 0xfd, 0x05, 0xfa, 0x34, 0xd6, 0x9a, 0xeb, 0x14, 0x0b, 0xa0, 0xe9,
  0xa6, 0xd9, 0x1d, 0x14, 0xf3, 0xdd, 0xf3, 0xd1, 0xc5, 0x0d, 0xd0, 0x39,
  0x0f, 0x0b, 0x41, 0xb4, 0xd8, 0xf8, 0x81, 0x00, 0xc2, 0xe7, 0xfd, 0xcd,
  0xf4, 0x9e, 0xe7, 0xc8, 0x08, 0xd5, 0xdd, 0xbf, 0x26, 0xc6, 0x12, 0x31,
  0xf0, 0x4c, 0x1f, 0x8b, 0x94, 0xb8, 0xc4, 0x32, 0xfe, 0x97, 0x12, 0xc8,
  0x7f, 0xf8, 0x18, 0x0c, 0x30, 0x14, 0xd1, 0xfb, 0x67, 0xa5, 0x16, 0xff,
  0x4a, 0x7f, 0xf0, 0x6d, 0x0d, 0xed, 0xff, 0xc9, 0x34, 0x36, 0x02, 0x81,
  0xa5, 0x53, 0xc8, 0x2b, 0xd8, 0xf5, 0x19, 0x0c, 0xf5, 0x4a, 0x8d, 0x18,
  0xc9, 0xa9, 0x52, 0x18, 0x11, 0xaa, 0x1f, 0xfc, 0x3a, 0xd3, 0xee, 0xe9,
  0x33, 0x49, 0xe8, 0x0a, 0xf2, 0x53, 0xd6, 0x81, 0xc5, 0x13, 0x0f, 0x19,
  0xec, 0xad, 0xec, 0xd4, 0xd0, 0x42, 0xf9, 0xd3, 0xe3, 0xff, 0xda, 0xbd,
  0xea, 0xfd, 0x3a, 0x84, 0xdf, 0xb4, 0xe7, 0xf8, 0x16, 0x4d, 0xca, 0x06,
  0x1f, 0xc8, 0xd5, 0xc7, 0xf8, 0xf4, 0x0c, 0x3f, 0x23, 0xf0, 0xe6, 0x13,
  0xde, 0xc8, 0x23, 0xde, 0x93, 0xd2, 0x77, 0x04, 0xe8, 0xcf, 0xf1, 0x4c,
  0x1a, 0xfa, 0xa0, 0xc7, 0x03, 0xc2, 0x34, 0x81, 0xfd, 0xc5, 0x17, 0x55,
  0xfb, 0xdd, 0x2f, 0x00, 0x45, 0xd1, 0x32, 0xe6, 0xfb, 0xdb, 0x3b, 0xd8,
  0xae, 0x20, 0xfe, 0x4e, 0xc5, 0xd4, 0xe6, 0xf7, 0xb1, 0xf3, 0x1c, 0x57,
  0xb9, 0x09, 0x17, 0x13, 0xf6, 0xab, 0xea, 0x01, 0xe7, 0x4d, 0x2c, 0x40,
  0x37, 0xb9, 0xa6, 0x81, 0xf7, 0xfe, 0x45, 0x7f, 0xc7, 0xf2, 0x00, 0xe6,
  0xd9, 0x97, 0xfb, 0x35, 0xb1, 0xef, 0x31, 0xcc, 0x2e, 0xe9, 0x0c, 0xf4,
  0xed, 0xcd, 0xeb, 0x44, 0x34, 0x28, 0xe8, 0xfd, 0x23, 0xbf, 0xc2, 0xbd,
  0xf5, 0x10, 0xd5, 0x05, 0xfc, 0x52, 0x6c, 0x81, 0x22, 0xc0, 0x16, 0x23,
  0x4c, 0x2b, 0xbc, 0x1b, 0xd4, 0xad, 0xf4, 0xc8, 0x1a, 0x1c, 0x14, 0xec,
  0xaf, 0x45, 0xa6, 0x51, 0xd8, 0x0d, 0xe8, 0xc3, 0x20, 0x0a, 0xbe, 0x1c,
  0xc2, 0x41, 0xc9, 0xd2, 0x2d, 0xe8, 0x26, 0x45, 0x06, 0x63, 0x9c, 0xfa,
  0x46, 0x45, 0xc9, 0x66, 0xeb, 0x6c, 0xad, 0x81, 0xb0, 0xda, 0xe5, 0x81,
  0x96, 0xdc, 0xe1, 0x44, 0xf9, 0xf6, 0xd8, 0x40, 0xfb, 0x24, 0xd2, 0x1d,
  0xe3, 0x1a, 0xe1, 0x29, 0x3a, 0xff, 0xf9, 0x3c, 0xf1, 0xe4, 0x30, 0xc6,
  0xad, 0x81, 0xde, 0x2d, 0x29, 0x55, 0x25, 0x33, 0x03, 0xf0, 0xf7, 0x42,
  0x26, 0xa6, 0x15, 0xe4, 0x42, 0x6c, 0xa6, 0xcd, 0x19, 0x02, 0x8b, 0x7f,
  0x14, 0x01, 0xb7, 0xfe, 0x30, 0x81, 0xb2, 0x51, 0xcc, 0xc0, 0xf8, 0x10,
  0x16, 0x33, 0x20, 0xda, 0x18, 0x23, 0x11, 0xe7, 0x9a, 0x15, 0x06, 0x11,
  0x16, 0x57, 0x39, 0xf4, 0x1d, 0xf4, 0x26, 0xae, 0xc3, 0x1f, 0xe5, 0x1b,
  0x29, 0xd5, 0xf9, 0x47, 0x17, 0x92, 0xb7, 0xf9, 0x70, 0xdd, 0x46, 0x20,
  0x13, 0xd3, 0x98, 0xb6, 0x90, 0x0e, 0x4b, 0xba, 0x71, 0x45, 0x2c, 0x74,
  0xe1, 0xf4, 0x0b, 0xb4, 0x0a, 0x36, 0x1e, 0xee, 0xeb, 0xe9, 0x1e, 0x90,
  0xe5, 0x05, 0x03, 0x4a, 0xbb, 0x20, 0x92, 0x49, 0x57, 0xa6, 0xe6, 0xd9,
  0x00, 0x18, 0x13, 0xf6, 0x82, 0x28, 0x67, 0x3a, 0x1c, 0x15, 0x1b, 0x07,
  0x33, 0x03, 0xfd, 0x81, 0xeb, 0xba, 0x1d, 0x59, 0xfb, 0x88, 0xee, 0xdb,
  0x31, 0xbf, 0x7f, 0xe9, 0xdd, 0x02, 0x3c, 0x3b, 0x5a, 0x83, 0x29, 0xd6,
  0xde, 0x70, 0x06, 0x2d, 0x3f, 0xed, 0xcf, 0xc3, 0xb3, 0xc7, 0xdc, 0x45,
  0xf7, 0xa3, 0xd0, 0xec, 0xc8, 0x93, 0x2d, 0x20, 0x9c, 0xd6, 0xe3, 0xd7,
  0xcc, 0x81, 0x41, 0x19, 0xfe, 0xcc, 0xed, 0x0e, 0xea, 0x97, 0xf8, 0x2e,
  0x81, 0x1f, 0xbc, 0x16, 0xc9, 0xa9, 0xdd, 0xb2, 0x32, 0xf1, 0xd7, 0x11,
  0x32, 0x2d, 0x10, 0x04, 0xe1, 0xeb, 0x76, 0x27, 0xd5, 0xd1, 0x95, 0xf7,
  0xc0, 0xd0, 0xaa, 0xfb, 0x1b, 0x48, 0xe3, 0x81, 0xb1, 0xef, 0x51, 0x29,
  0x6a, 0xbe, 0x5b, 0x81, 0xa2, 0xcf, 0x4f, 0x52, 0xce, 0xc0, 0xe2, 0xce,
  0x1b, 0x1a, 0xf3, 0xde, 0xfb, 0xd5, 0x23, 0xf7, 0xb7, 0xf5, 0x47, 0x38,
  0xcb, 0xf9, 0x04, 0xcc, 0xf6, 0x08, 0x46, 0x0c, 0xd9, 0x4c, 0xd5, 0x9b,
  0x45, 0x3a, 0xde, 0xe2, 0x35, 0x28, 0x1b, 0xab, 0x8f, 0x0f, 0xd9, 0xdc,
  0xf7, 0x54, 0x15, 0x1a, 0xf2, 0xd1, 0x5b, 0x23, 0x2f, 0x3f, 0xe6, 0x04,
  0xeb, 0x13, 0xd2, 0xe1, 0xb4, 0x27, 0x15, 0x07, 0xf1, 0x1e, 0xf8, 0xf8,
  0xae, 0xe5, 0x0d, 0x71, 0x16, 0x02, 0x39, 0x13, 0x28, 0x24, 0xa5, 0xdb,
  0xe7, 0xf9, 0x29, 0x1b, 0xd9, 0x32, 0xcf, 0xeb, 0xd4, 0x25, 0x05, 0x06,
  0x41, 0x98, 0xd9, 0x1a, 0xdc, 0x81, 0x0b, 0xbd, 0xbb, 0x16, 0x01, 0xf3,
  0xc4, 0xa7, 0xad, 0x06, 0x3e, 0x81, 0xe4, 0x13, 0xc1, 0x26, 0x52, 0xbc,
  0x03, 0xf2, 0x07, 0xcd, 0xb5, 0xda, 0xfb, 0x88, 0x3b, 0xaf, 0xa7, 0xfb,
  0xfa, 0x21, 0x43, 0x2f, 0x4c, 0xb1, 0xd5, 0xf4, 0xfd, 0x94, 0xc5, 0xc0,
  0xc6, 0x31, 0x07, 0x2c, 0xf5, 0x22, 0x81, 0x0c, 0x2c, 0xf9, 0x91, 0xee,
  0xd3, 0x93, 0xfe, 0xa4, 0xaf, 0x02, 0x00, 0x08, 0xcd, 0xb0, 0xed, 0x01,
  0xf0, 0xdd, 0xfa, 0x07, 0x0a, 0xfe, 0x36, 0xe6, 0x0a, 0x15, 0x08, 0xbf,
  0x26, 0x36, 0xc0, 0x1d, 0x1b, 0x81, 0xd7, 0xbb, 0x20, 0x45, 0xb6, 0x7f,
  0x26, 0x60, 0x0a, 0xbf, 0x07, 0xd0, 0x13, 0x35, 0xb9, 0xe8, 0x09, 0x40,
  0xb4, 0xcf, 0x25, 0xbe, 0xe6, 0x01, 0x3a, 0x5d, 0x19, 0x07, 0xe5, 0x3d,
  0x1e, 0x00, 0xcd, 0x19, 0xb6, 0xb9, 0xfa, 0x63, 0xd8, 0x3f, 0xb6, 0xb2,
  0xc5, 0xf1, 0xeb, 0x0a, 0xd1, 0x03, 0xcb, 0x30, 0xfe, 0xc1, 0x27, 0xb6,
  0xa7, 0x19, 0xc6, 0x2b, 0xe6, 0x26, 0xde, 0x4b, 0xda, 0xc3, 0x28, 0x45,
  0xb3, 0xc6, 0x1c, 0x87, 0x16, 0xe4, 0x1a, 0xc1, 0xed, 0x81, 0xde, 0xec,
  0xf2, 0xd3, 0xfd, 0xf7, 0xde, 0xc6, 0x62, 0xc6, 0xb5, 0xdc, 0x69, 0xf9,
  0xd4, 0x32, 0xb0, 0xa5, 0xa3, 0xc8, 0xe8, 0x09, 0xef, 0xf8, 0xb4, 0x0e,
  0x1e, 0xf7, 0xe0, 0xe8, 0x67, 0x0e, 0xa0, 0x2f, 0x4b, 0x0f, 0x81, 0x1b,
  0x07, 0xa2, 0xe7, 0xed, 0xe0, 0x43, 0x23, 0x0f, 0xd8, 0xe9, 0xa6, 0xc1,
  0x1c, 0xe9, 0xe1, 0x13, 0xde, 0x54, 0x4e, 0xa3, 0x3c, 0xf8, 0x00, 0x33,
  0x67, 0xae, 0x0d, 0x3e, 0x24, 0xd2, 0xe1, 0xeb, 0x4a, 0xec, 0x3c, 0x39,
  0xe0, 0xcd, 0x2d, 0x3b, 0xd6, 0xdc, 0x3f, 0xb7, 0xd5, 0xfe, 0x2f, 0x45,
  0x81, 0xbf, 0xae, 0xab, 0x15, 0xf3, 0x8d, 0x34, 0xed, 0xdf, 0xcb, 0x7f,
  0x03, 0xfd, 0x89, 0x9a, 0xfe, 0xe4, 0xcc, 0x14, 0x3f, 0xb6, 0x17, 0x3b,
  0x7f, 0x59, 0x0c, 0x6b, 0x44, 0x12, 0x27, 0xc9, 0xec, 0x28, 0xa2, 0xe6,
  0xc6, 0xe3, 0xd2, 0x39, 0xcd, 0xf4, 0xd8, 0xf8, 0x05, 0xf3, 0xcf, 0x53,
  0x4a, 0xf1, 0xdf, 0x25, 0xcc, 0xae, 0x43, 0xec, 0x10, 0xdf, 0xb7, 0x1a,
  0x43, 0xa2, 0xe6, 0xb7, 0xcb, 0xee, 0xe5, 0x35, 0x24, 0xc7, 0xb6, 0xc2,
  0xe9, 0xfd, 0x38, 0x98, 0xc2, 0xfd, 0xe1, 0x00, 0xd7, 0xd3, 0x81, 0xd5,
  0x4c, 0xc6, 0x9c, 0x22, 0xc8, 0x04, 0x91, 0xd6, 0x02, 0x91, 0x22, 0x48,
  0xe3, 0x14, 0x4c, 0x3c, 0x39, 0xe9, 0xf7, 0x2c, 0x2e, 0x02, 0x14, 0x29,
  0xde, 0x7f, 0x04, 0x0b, 0x6a, 0x11, 0x7f, 0xc5, 0x10, 0x5c, 0x28, 0x4d,
  0xfa, 0xb8, 0x05, 0x38, 0x23, 0xea, 0xf9, 0x38, 0xff, 0xda, 0xab, 0xf0,
  0x28, 0xc6, 0x21, 0xef, 0xec, 0xde, 0x14, 0x89, 0xf9, 0x3c, 0x0b, 0x14,
  0x2f, 0xcb, 0x3a, 0x0b, 0x1d, 0x70, 0xf0, 0x81, 0x39, 0x3b, 0xbd, 0x00,
  0xd7, 0xd9, 0xbc, 0xc5, 0xdc, 0x19, 0x13, 0xd1, 0x46, 0x71, 0xd9, 0x84,
  0xde, 0x15, 0x26, 0xd6, 0x49, 0x47, 0xc4, 0xe6, 0x34, 0xe3, 0x18, 0x0c,
  0xb2, 0x71, 0x21, 0xe1, 0x2e, 0x1d, 0xc4, 0x9f, 0xd8, 0x95, 0x18, 0x5f,
  0x23, 0x81, 0x0d, 0x16, 0x29, 0x10, 0x06, 0xd3, 0xd0, 0xf1, 0x40, 0x50,
  0x26, 0xe0, 0x05, 0xac, 0x4a, 0x09, 0x0e, 0xf4, 0xf6, 0xd2, 0xe5, 0xde,
  0x1c, 0xdb, 0x03, 0x08, 0x51, 0x30, 0xc1, 0xbc, 0xbe, 0x07, 0xa6, 0xf3,
  0x57, 0xd8, 0x20, 0xdb, 0x30, 0xa6, 0xcd, 0xf9, 0x0c, 0x2b, 0x05, 0x0f,
  0x7d, 0xac, 0xc2, 0x20, 0x84, 0xfb, 0x65, 0x14, 0xc6, 0xc1, 0xf4, 0xec,
  0x2d, 0xbc, 0x81, 0xe9, 0x89, 0xf8, 0xef, 0xdf, 0xf7, 0xd9, 0xe5, 0xec,
  0x33, 0xca, 0xcb, 0xef, 0xa6, 0x26, 0x62, 0x51, 0xb5, 0xdb, 0x0d, 0xd6,
  0x12, 0x1b, 0x2d, 0x2a, 0xe4, 0xc7, 0x30, 0x3f, 0xf1, 0x2e, 0x5b, 0xd1,
  0x06, 0x09, 0x19, 0x81, 0xa7, 0x4b, 0x3a, 0xce, 0xe5, 0xb1, 0x2f, 0xb6,
  0x2f, 0xe2, 0x21, 0x19, 0x4c, 0x19, 0x2b, 0x1a, 0xaa, 0xce, 0x7f, 0x5f,
  0xf5, 0xa7, 0x18, 0xc8, 0x1c, 0x2b, 0xbd, 0x7f, 0xe4, 0xca, 0xe6, 0xdd,
  0x01, 0xf4, 0xf1, 0x06, 0xbd, 0xe8, 0xd3, 0xf9, 0x3d, 0xca, 0x17, 0xb9,
  0xa6, 0xa2, 0xeb, 0xd4, 0xb5, 0xcf, 0xeb, 0x4b, 0x81, 0xea, 0x1f, 0xd0,
  0xe2, 0x4c, 0x67, 0x10, 0x3c, 0x73, 0xff, 0xff, 0x5b, 0x14, 0x00, 0x00,
  0x07, 0x66, 0xff, 0xff, 0x01, 0x04, 0x00, 0x00, 0x7c, 0x28, 0x00, 0x00,
  0x54, 0xa3, 0xff, 0xff, 0x14, 0xec, 0xff, 0xff, 0xe0, 0xa1, 0xff, 0xff,
  0x30, 0x9f, 0xff, 0xff, 0xc8, 0xe1, 0xff, 0xff, 0x8a, 0xa8, 0xff, 0xff,
  0xed, 0x04, 0x00, 0x00, 0xaf, 0x01, 0x00, 0x00, 0x34, 0x2d, 0x00, 0x00,
  0xc4, 0x02, 0x00, 0x00, 0x12, 0x55, 0xff, 0xff, 0x80, 0x98, 0xff, 0xff,
  0xb5, 0xd6, 0xff, 0xff, 0x2a, 0x19, 0x00, 0x00, 0x4f, 0x93, 0xff, 0xff,
  0x73, 0x41, 0xff, 0xff, 0xc3, 0xe4, 0xff, 0xff, 0xb1, 0x9e, 0xff, 0xff,
  0xa7, 0xa8, 0xff, 0xff, 0x08, 0x85, 0xff, 0xff, 0x02, 0xd5, 0xff, 0xff,
  0xe8, 0xcb, 0xff, 0xff, 0xb2, 0xd0, 0xff, 0xff, 0xfc, 0xf6, 0xff, 0xff,
  0x72, 0xba, 0xff, 0xff, 0x8d, 0xc4, 0xff, 0xff, 0xe6, 0xcc, 0xff, 0xff,
  0x80, 0xac, 0xff, 0xff, 0xc7, 0xb0, 0xff, 0xff, 0xc6, 0xd2, 0xff, 0xff,
  0x2f, 0xfa, 0xff, 0xff, 0xab, 0xb9, 0xff, 0xff, 0xf4, 0xb2, 0xff, 0xff,
  0x0b, 0x9d, 0xff, 0xff, 0x51, 0xe1, 0xff, 0xff, 0xe6, 0xd1, 0xff, 0xff,
  0x60, 0xde, 0xff, 0xff, 0x9a, 0x81, 0xff, 0xff, 0x7e, 0xf0, 0xff, 0xff,
  0xde, 0xd4, 0xff, 0xff, 0x44, 0xa6, 0xff, 0xff, 0x3d, 0x44, 0x00, 0x00,
  0xfa, 0xe9, 0xff, 0xff, 0xc6, 0x45, 0x00, 0x00, 0xee, 0x19, 0x00, 0x00,
  0x78, 0x4c, 0x00, 0x00, 0xf9, 0xdd, 0xff, 0xff, 0x65, 0x45, 0xff, 0xff,
  0x18, 0xbb, 0xff, 0xff, 0xd6, 0xe5, 0xff, 0xff, 0x42, 0x35, 0x00, 0x00,
  0x5e, 0x93, 0xff, 0xff, 0x21, 0xac, 0xff, 0xff, 0x24, 0x28, 0x00, 0x00,
  0xb3, 0x92, 0xff, 0xff, 0x21, 0x9e, 0xff, 0xff, 0x02, 0xb6, 0xff, 0xff,
  0x87, 0x81, 0xff, 0xff, 0x5c, 0xb1, 0xff, 0xff, 0x09, 0xd1, 0x19, 0x00,
  0x6b, 0x3e, 0x18, 0x00, 0x73, 0xe2, 0x19, 0x00, 0x63, 0x84, 0x19, 0x00,
  0x5f, 0xbc, 0x19, 0x00, 0xd3, 0xe3, 0x18, 0x00, 0x61, 0xd9, 0x18, 0x00,
  0x03, 0xaa, 0x18, 0x00, 0xe5, 0x7c, 0x18, 0x00, 0x09, 0xb6, 0x19, 0x00,
  0xe5, 0x86, 0x18, 0x00, 0x93, 0x50, 0x18, 0x00, 0x79, 0x75, 0x18, 0x00,
  0x31, 0x14, 0x15, 0x00, 0xf5, 0xf3, 0x19, 0x00, 0xa5, 0x5d, 0x18, 0x00,
  0x23, 0x5b, 0x18, 0x00, 0x7f, 0xf9, 0x19, 0x00, 0x7d, 0xd5, 0x1a, 0x00,
  0xc7, 0xc4, 0x19, 0x00, 0xc3, 0x08, 0x15, 0x00, 0x0d, 0x71, 0x18, 0x00,
  0x29, 0xb0, 0x19, 0x00, 0x45, 0x4f, 0x18, 0x00, 0x41, 0x89, 0x18, 0x00,
  0x6f, 0x01, 0x12, 0x00, 0xdd, 0xfb, 0x19, 0x00, 0xb5, 0x73, 0x18, 0x00,
  0xc9, 0x92, 0x19, 0x00, 0x0d, 0xf2, 0x19, 0x00, 0x4f, 0x7f, 0x19, 0x00,
  0x8b, 0x6d, 0x17, 0x00, 0x27, 0x06, 0x14, 0x00, 0xff, 0x1b, 0x16, 0x00,
  0x95, 0x81, 0x18, 0x00, 0x83, 0xd1, 0x19, 0x00, 0xe3, 0xaa, 0x19, 0x00,
  0xd1, 0xb2, 0x19, 0x00, 0xe7, 0x33, 0x17, 0x00, 0x9b, 0xcc, 0x19, 0x00,
  0x33, 0xb1, 0x19, 0x00, 0x75, 0x90, 0x19, 0x00, 0xab, 0x10, 0x16, 0x00,
  0x37, 0x5a, 0x18, 0x00, 0xd7, 0xde, 0x18, 0x00, 0xb7, 0xbe, 0x19, 0x00,
  0x93, 0x84, 0x17, 0x00, 0xc1, 0x75, 0x19, 0x00, 0x03, 0xda, 0x19, 0x00,
  0x61, 0x59, 0x18, 0x00, 0x4f, 0x2c, 0x17, 0x00, 0x11, 0x63, 0x18, 0x00,
  0x8d, 0x5e, 0x18, 0x00, 0x7b, 0x28, 0x17, 0x00, 0xc1, 0xd1, 0x19, 0x00,
  0x41, 0x9c, 0x19, 0x00, 0x69, 0xb4, 0x19, 0x00, 0x7f, 0xd3, 0x19, 0x00,
  0x27, 0xa1, 0x19, 0x00, 0xe7, 0xb6, 0x19, 0x00, 0x89, 0x8d, 0x18, 0x00,
  0x19, 0x99, 0x19, 0x00, 0xc3, 0x1c, 0x16, 0x00, 0x79, 0xb2, 0x19, 0x00,
  0x6e, 0xc6, 0x33, 0x9a, 0x53, 0x20, 0xd5, 0x13, 0xd3, 0x3a, 0xab, 0xec,
  0x1f, 0x10, 0xb7, 0xc1, 0x8d, 0x37, 0xde, 0xe7, 0xca, 0x17, 0x76, 0x8b,
  0xde, 0x2f, 0x1a, 0x7f, 0x36, 0xee, 0x59, 0xc5, 0x10, 0xf8, 0xe2, 0xc9,
  0xc8, 0x11, 0x0e, 0x81, 0xd2, 0x29, 0xd3, 0x1a, 0x04, 0x33, 0x28, 0x01,
  0x0a, 0x6e, 0x1f, 0x34, 0xdd, 0x35, 0x55, 0x99, 0x81, 0xe6, 0x0b, 0xfc,
  0xf7, 0xe3, 0xe3, 0xc4, 0x94, 0xd2, 0x0f, 0xd8, 0x63, 0x0c, 0xcd, 0xdc,
  0xc2, 0xd5, 0x5d, 0xf7, 0xed, 0xc8, 0x09, 0x0c, 0xdc, 0xe7, 0xf7, 0x22,
  0x7f, 0x64, 0x5e, 0x2b, 0x81, 0x3b, 0xc4, 0x5d, 0x3f, 0xe4, 0xf9, 0x41,
  0xd5, 0x1d, 0xf4, 0xfa, 0x81, 0xef, 0x05, 0x34, 0x42, 0xa0, 0xc7, 0x09,
  0x4a, 0x22, 0x81, 0xcb, 0xc9, 0xf9, 0x31, 0x2e, 0x00, 0xb1, 0x0b, 0xa8,
  0x25, 0x33, 0xff, 0xee, 0x41, 0x29, 0x7f, 0xbe, 0x20, 0xd2, 0xee, 0x7f,
  0xcb, 0x4a, 0x06, 0xbb, 0x07, 0x03, 0x38, 0x14, 0x15, 0x14, 0x31, 0xf0,
  0xdf, 0xf7, 0x02, 0x47, 0x43, 0x05, 0xbc, 0x01, 0x35, 0x1e, 0x3e, 0x30,
  0xcc, 0x05, 0x2c, 0xd3, 0xf9, 0x2c, 0xf3, 0x1e, 0x3d, 0xbc, 0x48, 0x08,
  0xc8, 0xeb, 0xc2, 0x0c, 0x34, 0xb8, 0x3a, 0x0f, 0xa5, 0x01, 0x30, 0x0a,
  0x3e, 0x24, 0xf0, 0x9b, 0xa5, 0x2e, 0xfb, 0xe4, 0x03, 0xfd, 0x3b, 0x16,
  0x37, 0x9e, 0xb8, 0xf0, 0xff, 0x11, 0x03, 0x4f, 0xd7, 0x4f, 0x58, 0xf8,
  0x23, 0x8f, 0x09, 0x03, 0x17, 0xd8, 0x29, 0xf6, 0xdb, 0xfe, 0x03, 0x0b,
  0xfb, 0x06, 0x32, 0xde, 0x34, 0x0a, 0xde, 0x0d, 0xe5, 0x16, 0xb0, 0x1c,
  0xef, 0x51, 0xf8, 0x1d, 0x0a, 0x8b, 0xd8, 0xe7, 0x8c, 0x75, 0xd7, 0xf0,
  0x4b, 0x10, 0xf2, 0x10, 0x5d, 0x01, 0xad, 0x81, 0x68, 0x96, 0xbf, 0x64,
  0x27, 0x14, 0xa3, 0xf5, 0xbc, 0x2b, 0x15, 0xec, 0x1b, 0xcc, 0xbc, 0xd1,
  0x42, 0xd5, 0x10, 0xeb, 0x2e, 0x6d, 0x7f, 0x38, 0xe9, 0x1d, 0x92, 0x11,
  0x47, 0xf4, 0xdf, 0x7f, 0xce, 0x43, 0xb0, 0x48, 0x26, 0x29, 0xca, 0x07,
  0x07, 0x39, 0xb1, 0xbc, 0xb5, 0x66, 0x1f, 0x22, 0x0c, 0xf7, 0xd2, 0x7f,
  0xf8, 0x16, 0x06, 0x0c, 0xfe, 0x26, 0x3f, 0xbb, 0x1d, 0xfb, 0xfb, 0xff,
  0x2e, 0xf3, 0x40, 0xde, 0xf2, 0xe7, 0xc9, 0xbd, 0x3f, 0xf9, 0x2d, 0x48,
  0x73, 0x7f, 0xc9, 0x54, 0xd5, 0x0d, 0x46, 0xbd, 0x21, 0x12, 0xac, 0xcf,
  0xd1, 0x0e, 0x28, 0x05, 0x4f, 0xb6, 0xda, 0xbc, 0xcf, 0xbf, 0x28, 0x5d,
  0x64, 0x8e, 0x0b, 0x92, 0x33, 0xf2, 0x3c, 0xb6, 0xe1, 0xe3, 0x97, 0xe8,
  0xd2, 0xf8, 0x17, 0x0e, 0x29, 0xf0, 0xe3, 0x64, 0x09, 0x9f, 0x19, 0xe9,
  0xed, 0xd4, 0x4a, 0x0b, 0xa7, 0xb6, 0x2c, 0x52, 0x1c, 0xd6, 0xfc, 0x17,
  0x11, 0xbd, 0x20, 0xc8, 0x35, 0x10, 0x10, 0x37, 0x23, 0xf6, 0x19, 0xe8,
  0xe7, 0x15, 0xf2, 0xeb, 0x7f, 0xc3, 0x40, 0x64, 0xb2, 0xb1, 0x96, 0x24,
  0xb1, 0xea, 0xc6, 0x23, 0xdc, 0xc0, 0x30, 0xa4, 0xcb, 0xc9, 0x16, 0xe7,
  0xe3, 0x0b, 0x07, 0xff, 0xfa, 0xc2, 0x2c, 0xb9, 0x5e, 0x2d, 0xfe, 0xe1,
  0x34, 0x08, 0x4b, 0x36, 0x03, 0xaf, 0x1b, 0x81, 0xee, 0xfc, 0xda, 0x39,
  0xf9, 0xf9, 0x1f, 0xb0, 0xe1, 0xf9, 0x36, 0x6f, 0x9b, 0xab, 0xdd, 0x18,
  0xe3, 0x39, 0x81, 0x4b, 0xe3, 0xdd, 0xfc, 0xec, 0xe4, 0xde, 0x48, 0x17,
  0xbc, 0xcc, 0x29, 0x02, 0x82, 0xf9, 0xe8, 0xdd, 0xd3, 0x2a, 0x68, 0xd6,
  0xe1, 0x97, 0x54, 0x36, 0xc6, 0x23, 0xf5, 0xf2, 0x05, 0xe4, 0x14, 0xf3,
  0xab, 0xa0, 0xc5, 0xf4, 0xe8, 0x0d, 0xe9, 0x53, 0x4a, 0x96, 0xa5, 0x07,
  0xc6, 0x96, 0x55, 0xe6, 0xed, 0xd7, 0xd8, 0xd4, 0xf0, 0x7e, 0xd5, 0x23,
  0x36, 0xec, 0xc3, 0x78, 0x48, 0x23, 0x5f, 0xf8, 0x2d, 0xb9, 0xde, 0x90,
  0xea, 0x3c, 0x56, 0x5e, 0xda, 0x00, 0x56, 0xaa, 0x2a, 0xb8, 0x19, 0x07,
  0x19, 0x1d, 0x01, 0xec, 0xcd, 0x39, 0x1e, 0xe5, 0x2f, 0x2b, 0x96, 0xf0,
  0x2f, 0xab, 0xf7, 0x5f, 0x37, 0xe9, 0x55, 0xea, 0x06, 0xd8, 0xc6, 0xa1,
  0xe5, 0x4a, 0x02, 0xb6, 0xcd, 0xeb, 0x8f, 0x2f, 0xca, 0xf3, 0xc1, 0x15,
  0x81, 0xf9, 0x10, 0x11, 0xf7, 0x9a, 0xb6, 0xfc, 0xaa, 0xbb, 0xb3, 0xc2,
  0x2c, 0x1f, 0xe2, 0xfb, 0x08, 0xe0, 0xec, 0xb1, 0x7f, 0x03, 0xf4, 0xe6,
  0xba, 0x00, 0xe4, 0x21, 0xaf, 0xe9, 0x05, 0x5e, 0x06, 0xd0, 0xa3, 0x33,
  0xfe, 0xfc, 0xf7, 0x14, 0x03, 0x30, 0x2f, 0x7f, 0x0a, 0x03, 0xf5, 0xd6,
  0xb5, 0xef, 0x4a, 0xf8, 0x3a, 0xdd, 0xec, 0xe2, 0x04, 0xf6, 0x56, 0xc2,
  0x0d, 0xe9, 0x37, 0x29, 0x18, 0xa2, 0x12, 0xe3, 0x02, 0x04, 0x17, 0xd2,
  0x06, 0x95, 0xed, 0x35, 0x8e, 0x1d, 0x4d, 0xc5, 0xfe, 0x4f, 0x32, 0x47,
  0x14, 0x23, 0x25, 0x81, 0x23, 0x93, 0x83, 0xfe, 0xfc, 0x7f, 0x2a, 0x1f,
  0x59, 0x3b, 0xff, 0x2f, 0xbc, 0xd3, 0x67, 0xdc, 0x28, 0x20, 0x47, 0x36,
  0x35, 0x10, 0x0c, 0xfd, 0x35, 0xe0, 0xba, 0xa6, 0xa6, 0xa3, 0x58, 0x59,
  0xfe, 0x1c, 0x2d, 0x14, 0xe4, 0x49, 0xa6, 0x04, 0x2c, 0x40, 0xe5, 0xbc,
  0x4c, 0x5c, 0x67, 0x04, 0xf5, 0xbc, 0xfe, 0xee, 0x1b, 0xe1, 0x3f, 0xea,
  0x3a, 0xd6, 0x25, 0xcf, 0xf3, 0xbf, 0xee, 0xbf, 0x4b, 0xc8, 0xb5, 0xec,
  0x0f, 0x3c, 0x15, 0xf7, 0xc2, 0x10, 0x7f, 0x31, 0x3c, 0xf1, 0xd1, 0xdc,
  0x21, 0x0f, 0xce, 0xee, 0x69, 0x44, 0x23, 0xb3, 0x07, 0x4e, 0x1a, 0xc5,
  0x4e, 0xf8, 0x0a, 0xeb, 0xe0, 0xca, 0xf9, 0xb5, 0xc7, 0x27, 0x57, 0x0f,
  0xdb, 0xad, 0x8f, 0x1d, 0x12, 0xed, 0xea, 0x17, 0xe8, 0xda, 0xc7, 0xee,
  0xbc, 0x7f, 0x34, 0x00, 0xc3, 0xff, 0x07, 0x06, 0xa7, 0x3e, 0x13, 0x12,
  0xf3, 0xfa, 0x04, 0x36, 0x23, 0xdc, 0xa9, 0xed, 0xdb, 0x69, 0xcb, 0xc7,
  0xc5, 0x18, 0x25, 0x0a, 0x9f, 0x44, 0x30, 0xe0, 0x3f, 0x81, 0x71, 0xf0,
  0x1f, 0x24, 0xd2, 0x76, 0xf7, 0x2f, 0xf1, 0x05, 0x02, 0xc2, 0xe3, 0xe3,
  0x1c, 0xd8, 0xeb, 0xdf, 0xc1, 0x00, 0xf9, 0xa0, 0xc6, 0xcb, 0xe4, 0x00,
  0x1b, 0x81, 0x09, 0xe8, 0x3d, 0x2b, 0x37, 0xf0, 0xe0, 0x3f, 0x1f, 0xcb,
  0xe4, 0xbe, 0xaf, 0x1e, 0x54, 0x7f, 0x0d, 0xf0, 0x12, 0xe4, 0x39, 0x67,
  0xf0, 0x05, 0x07, 0x0d, 0xa7, 0xb2, 0x04, 0x00, 0x12, 0x0d, 0xf1, 0x00,
  0x24, 0xbd, 0x14, 0xbb, 0x21, 0x40, 0xe7, 0x81, 0x03, 0x09, 0x2a, 0x07,
  0xfa, 0x40, 0x8e, 0xfe, 0xb7, 0x67, 0xbd, 0x46, 0x17, 0xf5, 0xb2, 0xb2,
  0xb5, 0x24, 0x7f, 0x2e, 0x09, 0xf0, 0x99, 0xf7, 0x20, 0xd8, 0x6b, 0xe7,
  0xcf, 0xff, 0x11, 0x0a, 0x35, 0xab, 0xe8, 0x99, 0xb0, 0xbd, 0x07, 0x00,
  0x44, 0xd0, 0xc9, 0x10, 0x40, 0x81, 0xdb, 0x29, 0xc5, 0xbc, 0x30, 0xc4,
  0x03, 0x86, 0xe7, 0xba, 0x5a, 0x27, 0xf8, 0xfb, 0xf1, 0xcb, 0x81, 0xc1,
  0x29, 0xb7, 0x45, 0x0e, 0x7f, 0xdc, 0xae, 0x5c, 0x17, 0xe3, 0x06, 0xe5,
  0x83, 0xdb, 0x48, 0x62, 0xb3, 0x21, 0x44, 0xf3, 0x51, 0xe2, 0xe9, 0xe7,
  0xee, 0x86, 0x2d, 0xe2, 0x24, 0xed, 0x4e, 0x19, 0xe8, 0xfa, 0x35, 0xec,
  0xd1, 0xe4, 0xff, 0x55, 0x02, 0xdf, 0xc9, 0xe0, 0x21, 0x1d, 0xed, 0xe8,
  0x0b, 0xbf, 0x1c, 0xfb, 0xe6, 0xee, 0xfb, 0xc0, 0x07, 0xe7, 0x94, 0xda,
  0xc6, 0xa0, 0x69, 0x26, 0x03, 0xd0, 0xbc, 0xef, 0x81, 0xde, 0x61, 0x6e,
  0x25, 0xf7, 0xf8, 0x9e, 0xcf, 0x1d, 0x88, 0x1c, 0x49, 0x28, 0xd1, 0x64,
  0x16, 0x81, 0x05, 0x18, 0x01, 0x32, 0x27, 0xac, 0x6c, 0xf2, 0xcd, 0xf5,
  0x1f, 0x40, 0x28, 0x18, 0x27, 0xa3, 0x40, 0x1e, 0xed, 0xda, 0xdb, 0x0f,
  0xf6, 0x0f, 0xe2, 0x61, 0x0f, 0x0f, 0xd8, 0xdc, 0x81, 0xe1, 0xf7, 0xba,
  0xf8, 0x0f, 0xb5, 0x99, 0x45, 0xf6, 0xa1, 0x7a, 0x81, 0xe7, 0x03, 0x31,
  0xf1, 0x06, 0xfa, 0xe9, 0xe4, 0xf2, 0xea, 0xd8, 0xea, 0xa3, 0xd0, 0xdf,
  0xd8, 0x05, 0x0a, 0x05, 0x16, 0xc2, 0xac, 0x30, 0x9c, 0xcb, 0xf2, 0xf3,
  0x07, 0x06, 0xeb, 0x1d, 0x0f, 0x19, 0xd0, 0x2d, 0xd9, 0xf8, 0xf0, 0x79,
  0x31, 0xda, 0x4d, 0x2b, 0x19, 0xb3, 0x61, 0x1b, 0x14, 0x31, 0x81, 0xff,
  0xee, 0xb8, 0xeb, 0x7f, 0x2a, 0xd9, 0xe5, 0x11, 0x0a, 0xe2, 0x10, 0x15,
  0x00, 0x0d, 0x01, 0x7f, 0x1b, 0xe5, 0x20, 0xb6, 0x31, 0x27, 0xd5, 0xec,
  0x7f, 0xff, 0xdc, 0x46, 0xf9, 0xf1, 0x34, 0x53, 0x15, 0x32, 0x25, 0x20,
  0xf8, 0x16, 0x4e, 0x07, 0xed, 0xf6, 0xc4, 0x07, 0x2e, 0x57, 0x1e, 0xfe,
  0xf7, 0x4a, 0x98, 0x39, 0xdf, 0x0d, 0x7f, 0xf3, 0x1e, 0x3e, 0x00, 0xf1,
  0xe4, 0x12, 0x02, 0x63, 0x17, 0x49, 0x77, 0x35, 0x97, 0xcd, 0xc5, 0xdc,
  0xe7, 0xd5, 0x19, 0x72, 0xfb, 0xf5, 0x30, 0x41, 0xf7, 0xdf, 0xdf, 0x43,
  0xf9, 0xe3, 0x0d, 0xce, 0x44, 0x00, 0xe3, 0xb4, 0xed, 0xc2, 0x16, 0x38,
  0xbf, 0x21, 0xf1, 0x1b, 0x50, 0xd4, 0x19, 0xd6, 0xdb, 0xdb, 0xf1, 0x18,
  0xf7, 0xe1, 0x40, 0xce, 0x28, 0x37, 0xdf, 0x42, 0x99, 0x20, 0xdc, 0xd7,
  0xdc, 0x24, 0x2b, 0x27, 0xc5, 0xf2, 0x27, 0x07, 0xcc, 0x16, 0x3e, 0xc5,
  0x5c, 0x12, 0x00, 0xf8, 0x16, 0xf5, 0xff, 0xef, 0xed, 0x1a, 0x14, 0x51,
  0x41, 0x29, 0x4f, 0x19, 0x1d, 0x28, 0x22, 0xca, 0x24, 0x09, 0x0c, 0x9a,
  0xed, 0x24, 0x32, 0x06, 0xc1, 0xf5, 0x3d, 0x01, 0x20, 0x9c, 0x49, 0xcf,
  0xc1, 0xf6, 0x0b, 0x47, 0x0a, 0x0b, 0xe4, 0xf5, 0xfa, 0x10, 0xb1, 0x04,
  0xde, 0x1f, 0x3d, 0x32, 0x2c, 0x02, 0x7f, 0x0b, 0xbd, 0xde, 0x01, 0x26,
  0x37, 0xed, 0x8c, 0xb2, 0x96, 0xc4, 0x12, 0xf0, 0x90, 0x7c, 0x15, 0xcf,
  0x49, 0xfe, 0x31, 0x3f, 0x61, 0xca, 0x38, 0x81, 0x1a, 0x1c, 0xdf, 0x01,
  0x2f, 0x0b, 0xbf, 0xdb, 0x75, 0x2a, 0xf1, 0xee, 0x19, 0x30, 0x19, 0xec,
  0x04, 0x2f, 0x79, 0x19, 0xcc, 0xd0, 0xcb, 0xf4, 0x41, 0x81, 0xf7, 0x8e,
  0xc1, 0xc1, 0xee, 0x47, 0x29, 0xa8, 0xa2, 0x9c, 0x1f, 0x00, 0xf7, 0x10,
  0x2f, 0xec, 0x1b, 0xed, 0xaa, 0xef, 0xb2, 0xeb, 0xce, 0x07, 0x2e, 0xf7,
  0x20, 0x16, 0xf7, 0x18, 0x0d, 0xda, 0x03, 0xbd, 0xe2, 0x74, 0x7f, 0x03,
  0xfd, 0xf9, 0xe8, 0x05, 0x51, 0xc8, 0xcb, 0xf7, 0x2d, 0xc5, 0xb4, 0x06,
  0xfc, 0xe2, 0xc1, 0x05, 0x3a, 0x13, 0x01, 0xec, 0x1e, 0x38, 0x2e, 0x81,
  0x00, 0x02, 0x27, 0xa5, 0xd8, 0xd0, 0xde, 0x13, 0x74, 0xc0, 0xdb, 0xdf,
  0x01, 0x44, 0x05, 0x27, 0x02, 0xe4, 0xe2, 0xf3, 0xc8, 0x45, 0x30, 0xe4,
  0x1d, 0xf3, 0x14, 0x9e, 0x0c, 0xd7, 0x32, 0xd6, 0xe4, 0xb2, 0x07, 0x34,
  0xf0, 0xe7, 0xed, 0x18, 0x38, 0x36, 0xea, 0x32, 0x4a, 0x41, 0x81, 0xb5,
  0x2e, 0xf0, 0x57, 0xb1, 0x1b, 0xc0, 0xea, 0xe8, 0xf2, 0x3e, 0x81, 0xfa,
  0x10, 0xf4, 0xfc, 0xcd, 0xf8, 0x2f, 0x38, 0xb9, 0xb4, 0x13, 0x52, 0x23,
  0x4d, 0xc4, 0x7f, 0xe5, 0xd9, 0xd1, 0x49, 0x14, 0xc0, 0x12, 0x06, 0x18,
  0xd7, 0xf5, 0xe3, 0x59, 0x4e, 0xe8, 0xda, 0x1b, 0x0b, 0xe6, 0xe6, 0x12,
  0xd3, 0xee, 0x08, 0x08, 0xd3, 0xfa, 0x1a, 0x09, 0x3e, 0xfe, 0xf5, 0xee,
  0x3a, 0x0c, 0x42, 0x2e, 0x9b, 0x5d, 0xef, 0xbc, 0xe1, 0xfd, 0xda, 0x1f,
  0xfc, 0x4d, 0xab, 0x33, 0x6c, 0xdb, 0x0f, 0xdb, 0x0c, 0x36, 0x37, 0xef,
  0xd3, 0x09, 0xaf, 0x3e, 0xfc, 0x19, 0x1c, 0x17, 0x4b, 0x2b, 0x09, 0x12,
  0x42, 0x79, 0xa0, 0xda, 0x1d, 0xd3, 0x1e, 0x28, 0xc5, 0x1b, 0x68, 0xc7,
  0x29, 0x3f, 0x39, 0x81, 0xe3, 0x5e, 0x5c, 0xed, 0x27, 0x29, 0xed, 0x8b,
  0x0f, 0x3a, 0xb8, 0xf5, 0xf2, 0x16, 0x73, 0x0b, 0xe3, 0x65, 0x28, 0xd9,
  0x9c, 0xaf, 0x30, 0x95, 0x0a, 0xd5, 0xde, 0xc5, 0xcf, 0xd9, 0xe7, 0xfc,
  0x07, 0x1d, 0x03, 0x0e, 0x11, 0x02, 0xfe, 0xfd, 0xc8, 0x28, 0x05, 0x41,
  0xe4, 0x54, 0xdb, 0x0f, 0xdf, 0x11, 0x0d, 0xe6, 0x9e, 0x42, 0x98, 0x1a,
  0x04, 0x27, 0x24, 0x34, 0x05, 0xe4, 0x0f, 0xf8, 0xc0, 0x37, 0x3c, 0x12,
  0x25, 0x23, 0x03, 0xd4, 0x81, 0x3b, 0xeb, 0x1e, 0x31, 0x21, 0xe2, 0x1f,
  0x31, 0x66, 0x22, 0x84, 0x37, 0xfa, 0x07, 0x22, 0x3b, 0xc0, 0x02, 0xc6,
  0x91, 0x3b, 0x39, 0x2b, 0xbd, 0x5c, 0xcf, 0xa1, 0x09, 0x04, 0xc5, 0xf0,
  0x3c, 0x3f, 0x2e, 0x2a, 0xae, 0x49, 0x4c, 0xdf, 0xa9, 0x61, 0x3a, 0x06,
  0xd6, 0xbf, 0xe9, 0x27, 0xc8, 0x43, 0x23, 0xcb, 0x56, 0x28, 0xcf, 0x38,
  0xf7, 0xdf, 0xd5, 0x14, 0x81, 0x33, 0xd5, 0x15, 0x1d, 0x29, 0x09, 0x0b,
  0x28, 0xec, 0x8f, 0x18, 0x1e, 0xc9, 0x75, 0xc2, 0x39, 0x14, 0xdd, 0x03,
  0x33, 0x4e, 0xf4, 0xb0, 0x24, 0xef, 0x03, 0x0b, 0xfe, 0xc0, 0x10, 0x0e,
  0x9e, 0xf4, 0x81, 0x69, 0x01, 0x0b, 0x32, 0x01, 0x0c, 0xef, 0xfb, 0x3b,
  0x0d, 0xcf, 0x0c, 0x1d, 0x45, 0x7f, 0x5f, 0x62, 0x08, 0x8d, 0x30, 0xe4,
  0x17, 0x82, 0xbc, 0xae, 0xb3, 0x38, 0xb5, 0xa9, 0xab, 0x0f, 0x36, 0xf9,
  0x1b, 0x12, 0x11, 0x04, 0xe2, 0x7f, 0xcf, 0xcc, 0xb7, 0xfb, 0x42, 0x01,
  0x1c, 0xf7, 0xd4, 0x3c, 0xf3, 0x10, 0xec, 0x4d, 0x0f, 0x09, 0x81, 0xf4,
  0xc8, 0xfc, 0xf0, 0xef, 0xcf, 0xf2, 0xcd, 0x24, 0x7f, 0xe7, 0xa5, 0x0d,
  0xcc, 0x81, 0xbf, 0xca, 0x2a, 0xd8, 0x04, 0x4c, 0xe2, 0xde, 0xec, 0xe6,
  0x7f, 0xff, 0xa8, 0x3e, 0x1f, 0xbc, 0xef, 0xf3, 0x26, 0x11, 0xb7, 0xed,
  0x10, 0xf0, 0x23, 0x2e, 0x20, 0x0c, 0xfb, 0x61, 0xf8, 0xda, 0x21, 0xcd,
  0x5f, 0xde, 0x81, 0xdc, 0x78, 0x81, 0x22, 0xf8, 0xe2, 0xf2, 0xe0, 0xb0,
  0x9a, 0x18, 0xcc, 0x5a, 0xb2, 0xb2, 0x7f, 0xbf, 0x0c, 0x21, 0xfa, 0x3c,
  0xe4, 0x57, 0xf0, 0xf8, 0xf3, 0xc4, 0x29, 0xcd, 0xfe, 0x32, 0x6a, 0x38,
  0xba, 0xcb, 0xe9, 0x38, 0xd0, 0xd2, 0x5b, 0xe5, 0x7f, 0xe8, 0x26, 0x53,
  0x25, 0xdf, 0xd2, 0xe7, 0xb6, 0xe6, 0xb4, 0xf0, 0xfc, 0xd6, 0xd2, 0x28,
  0xf2, 0x04, 0x51, 0xb8, 0xf5, 0x35, 0xb1, 0xb6, 0x81, 0x47, 0x1e, 0xc5,
  0x33, 0xcd, 0x4a, 0xbd, 0x05, 0xc7, 0xa0, 0x9b, 0x28, 0xb1, 0xd9, 0x18,
  0xfd, 0xc3, 0xe3, 0x27, 0xe4, 0xdd, 0xd9, 0xd5, 0xe2, 0xcc, 0x3a, 0x8d,
  0xba, 0xc9, 0x0f, 0x28, 0xbf, 0xed, 0x02, 0x05, 0x34, 0x85, 0x2e, 0xe4,
  0xe9, 0xa8, 0xf4, 0xf0, 0x3a, 0x06, 0x19, 0x30, 0xc7, 0xe9, 0x0e, 0x1e,
  0xd2, 0x17, 0x3e, 0x83, 0xf6, 0xad, 0x24, 0x09, 0x2b, 0x0a, 0x41, 0x37,
  0x01, 0x46, 0x1a, 0xf7, 0x0c, 0xf0, 0xe5, 0xd3, 0xf1, 0xfc, 0xc7, 0xff,
  0x23, 0xc1, 0x9c, 0x5b, 0x51, 0xb8, 0xf5, 0x13, 0x17, 0xe6, 0x36, 0x2e,
  0x27, 0xda, 0xf9, 0xf3, 0x24, 0x1b, 0xae, 0x7f, 0x33, 0x01, 0xb6, 0x97,
  0x61, 0xda, 0x1e, 0x4b, 0x2a, 0x05, 0x0a, 0xe2, 0x54, 0x0e, 0xf8, 0x58,
  0x18, 0xd6, 0xcf, 0xf0, 0xa8, 0xca, 0x6a, 0xd9, 0x5e, 0xfe, 0xff, 0xff,
  0xb4, 0xf2, 0xff, 0xff, 0xa9, 0x03, 0x00, 0x00, 0x17, 0xf8, 0xff, 0xff,
  0xc5, 0x09, 0x00, 0x00, 0x7c, 0xfa, 0xff, 0xff, 0x2b, 0xee, 0xff, 0xff,
  0x34, 0x0f, 0x00, 0x00, 0x56, 0xff, 0xff, 0xff, 0xc2, 0x06, 0x00, 0x00,
  0x4e, 0xfa, 0xff, 0xff, 0x40, 0x00, 0x00, 0x00, 0xac, 0x0c, 0x00, 0x00,
  0x0f, 0x1c, 0x00, 0x00, 0x1a, 0x08, 0x00, 0x00, 0x81, 0xf7, 0xff, 0xff,
  0x19, 0x01, 0x00, 0x00, 0xbe, 0x01, 0x00, 0x00, 0x00, 0xf7, 0xff, 0xff,
  0x51, 0x0c, 0x00, 0x00, 0x8e, 0x07, 0x00, 0x00, 0x64, 0xf5, 0xff, 0xff,
  0x8e, 0x12, 0x00, 0x00, 0x0f, 0x0b, 0x00, 0x00, 0x0c, 0x1c, 0x00, 0x00,
  0xd2, 0x0c, 0x00, 0x00, 0x07, 0x0a, 0x00, 0x00, 0xe8, 0xfd, 0xff, 0xff,
  0xf9, 0xf8, 0xff, 0xff, 0x98, 0xfc, 0xff, 0xff, 0x58, 0x12, 0x00, 0x00,
  0xf6, 0x0f, 0x00, 0x00, 0x22, 0xfa, 0xff, 0xff, 0xcd, 0xf9, 0xff, 0xff,
  0x58, 0xeb, 0xff, 0xff, 0x97, 0x05, 0x00, 0x00, 0x6a, 0xe8, 0xff, 0xff,
  0x18, 0x25, 0x00, 0x00, 0x5c, 0xf3, 0xff, 0xff, 0x1c, 0x08, 0x00, 0x00,
  0xa9, 0x07, 0x00, 0x00, 0x87, 0xfd, 0xff, 0xff, 0x4c, 0x0b, 0x00, 0x00,
  0x6b, 0xff, 0xff, 0xff, 0x70, 0xfb, 0xff, 0xff, 0x7b, 0x0a, 0x00, 0x00,
  0x39, 0xf6, 0xff, 0xff, 0x41, 0xf3, 0xff, 0xff, 0xea, 0xf8, 0xff, 0xff,
  0x18, 0x03, 0x00, 0x00, 0x7c, 0x0c, 0x00, 0x00, 0x34, 0x09, 0x00, 0x00,
  0xee, 0x09, 0x00, 0x00, 0x33, 0x0e, 0x00, 0x00, 0xbf, 0x03, 0x00, 0x00,
  0xfa, 0xf8, 0xff, 0xff, 0xc2, 0x05, 0x00, 0x00, 0x9e, 0x08, 0x00, 0x00,
  0x83, 0x07, 0x00, 0x00, 0xbd, 0xef, 0xff, 0xff, 0x65, 0xf8, 0xff, 0xff,
  0x01, 0xf0, 0xff, 0xff, 0x7c, 0x00, 0x00, 0x00, 0xca, 0x0c, 0x00, 0x00,
  0xc5, 0x8b, 0x16, 0x00, 0x55, 0x32, 0x14, 0x00, 0x6b, 0xf7, 0x17, 0x00,
  0x03, 0x4b, 0x15, 0x00, 0x33, 0x16, 0x13, 0x00, 0xbb, 0x63, 0x15, 0x00,
  0x8f, 0x00, 0x0e, 0x00, 0xcf, 0xb6, 0x16, 0x00, 0x5f, 0x86, 0x16, 0x00,
  0xb1, 0x4a, 0x15, 0x00, 0x75, 0x14, 0x13, 0x00, 0x17, 0xe2, 0x17, 0x00,
  0x0b, 0x1b, 0x14, 0x00, 0xdb, 0x8e, 0x16, 0x00, 0x13, 0x8c, 0x16, 0x00,
  0x69, 0x8a, 0x16, 0x00, 0x73, 0x7a, 0x16, 0x00, 0xe9, 0x25, 0x14, 0x00,
  0x71, 0x27, 0x14, 0x00, 0x85, 0x47, 0x15, 0x00, 0x8f, 0x1f, 0x14, 0x00,
  0x85, 0x6f, 0x16, 0x00, 0xcb, 0x22, 0x14, 0x00, 0x93, 0x6e, 0x16, 0x00,
  0x57, 0x9e, 0x16, 0x00, 0xb9, 0x31, 0x14, 0x00, 0xbb, 0x27, 0x14, 0x00,
  0x99, 0x8a, 0x16, 0x00, 0x27, 0x2a, 0x14, 0x00, 0x71, 0x43, 0x15, 0x00,
  0x9b, 0x82, 0x16, 0x00, 0xc5, 0x76, 0x16, 0x00, 0x11, 0x51, 0x15, 0x00,
  0x83, 0x29, 0x14, 0x00, 0x17, 0xdf, 0x16, 0x00, 0x05, 0x23, 0x14, 0x00,
  0x2d, 0x96, 0x16, 0x00, 0xc3, 0x9f, 0x16, 0x00, 0x65, 0x91, 0x16, 0x00,
  0xad, 0xd8, 0x16, 0x00, 0xe7, 0x53, 0x15, 0x00, 0x1d, 0x13, 0x13, 0x00,
  0x4f, 0x9d, 0x16, 0x00, 0xd3, 0x20, 0x14, 0x00, 0x35, 0xbc, 0x16, 0x00,
  0x07, 0x92, 0x16, 0x00, 0xa3, 0x10, 0x12, 0x00, 0x87, 0x5b, 0x15, 0x00,
  0x1f, 0x7e, 0x16, 0x00, 0x07, 0xc4, 0x16, 0x00, 0x17, 0x01, 0x0f, 0x00,
  0x61, 0x8f, 0x16, 0x00, 0x7d, 0x24, 0x14, 0x00, 0x91, 0x8e, 0x16, 0x00,
  0x21, 0x21, 0x14, 0x00, 0x1b, 0x04, 0x11, 0x00, 0xb9, 0x6e, 0x16, 0x00,
  0x09, 0x51, 0x15, 0x00, 0xf9, 0x84, 0x16, 0x00, 0x17, 0x8d, 0x16, 0x00,
  0xa1, 0x37, 0x14, 0x00, 0xe5, 0xf7, 0x17, 0x00, 0x5d, 0x17, 0x13, 0x00,
  0x63, 0x5f, 0x15, 0x00, 0x75, 0x7b, 0x1e, 0xda, 0x7f, 0x4b, 0x38, 0x05,
  0x47, 0x0e, 0xff, 0xb6, 0x0b, 0x26, 0xf8, 0x89, 0x16, 0xb3, 0x07, 0x33,
  0xdf, 0xed, 0xe5, 0xb5, 0x7f, 0x3e, 0x1f, 0x82, 0x52, 0x35, 0xce, 0x44,
  0x56, 0x7f, 0xe7, 0xea, 0xbf, 0xfb, 0xcc, 0x81, 0xc9, 0xde, 0xcc, 0x2a,
  0x98, 0x38, 0xea, 0xc6, 0x3a, 0xdd, 0x02, 0x81, 0xec, 0xd6, 0xb5, 0x23,
  0xe3, 0x41, 0xae, 0xe2, 0xbd, 0x81, 0x81, 0xe6, 0xa8, 0xdb, 0x81, 0x79,
  0xf3, 0x0a, 0xfb, 0x43, 0x7d, 0x7f, 0xfc, 0x7f, 0x16, 0xe0, 0x1f, 0x77,
  0xfa, 0xde, 0xff, 0x18, 0xd9, 0x7f, 0x7f, 0x2a, 0xd8, 0xd1, 0x45, 0x3b,
  0xe0, 0x09, 0xb2, 0x0e, 0x59, 0x33, 0xae, 0x5a, 0xb8, 0xcf, 0x30, 0x51,
  0x81, 0x37, 0xc4, 0x43, 0xd9, 0x74, 0x66, 0x7f, 0xa4, 0x9a, 0x7f, 0x6b,
  0x62, 0x25, 0xbf, 0x65, 0xef, 0x55, 0x86, 0xec, 0xbb, 0xcb, 0xc4, 0xf8,
  0xac, 0xf0, 0x9b, 0x29, 0x03, 0xb3, 0x2f, 0x1e, 0xb1, 0x86, 0x34, 0x0e,
  0x7f, 0xb6, 0x0d, 0x0b, 0x94, 0x81, 0x68, 0x1c, 0xb5, 0x7f, 0x16, 0x4d,
  0xe1, 0xfa, 0x7f, 0xde, 0xe3, 0x53, 0x7f, 0x7f, 0x00, 0x2b, 0x4b, 0xbd,
  0xe8, 0x96, 0xf6, 0x18, 0xa7, 0xd1, 0x1a, 0x16, 0x81, 0x53, 0xc1, 0x68,
  0x02, 0x2e, 0x16, 0xa3, 0xb8, 0x34, 0x53, 0x72, 0xf5, 0x1a, 0x0f, 0x81,
  0x13, 0xba, 0xbc, 0x2f, 0x7f, 0xec, 0xa8, 0x3b, 0xcc, 0x9a, 0xb1, 0x13,
  0x42, 0x30, 0xa0, 0xe2, 0x36, 0xbe, 0x6c, 0x20, 0xd1, 0x19, 0xe7, 0xe5,
  0x29, 0xc3, 0xe8, 0x19, 0x6f, 0x40, 0x46, 0x4a, 0x0a, 0xec, 0xf2, 0x54,
  0x0c, 0x23, 0x7f, 0x1b, 0x74, 0xa3, 0xeb, 0x28, 0x3a, 0x09, 0x55, 0xcf,
  0x62, 0xa2, 0xc5, 0x4a, 0x54, 0x62, 0xfd, 0x7f, 0x01, 0xb2, 0x04, 0x28,
  0xec, 0xd5, 0x5d, 0x4d, 0x15, 0x81, 0xd2, 0x32, 0x0e, 0xd0, 0x37, 0xf0,
  0xb5, 0x8b, 0x81, 0x39, 0xde, 0x7f, 0xd6, 0x71, 0x10, 0x01, 0x05, 0x7f,
  0x81, 0xfe, 0x0f, 0x5c, 0xdd, 0xe0, 0xd9, 0x4a, 0xdc, 0xce, 0xf8, 0x43,
  0x81, 0xe5, 0x8f, 0xd5, 0x8c, 0xe2, 0xc6, 0x81, 0x37, 0x47, 0x1c, 0x2b,
  0x9c, 0xb8, 0xbb, 0x96, 0x7f, 0x3e, 0x45, 0x95, 0x2d, 0xc6, 0x14, 0xd2,
  0x56, 0x4a, 0x59, 0x81, 0xb2, 0x47, 0xe7, 0xdc, 0xfb, 0x6e, 0x25, 0x5c,
  0x28, 0x6a, 0xbb, 0xa0, 0x0c, 0xce, 0xce, 0xfb, 0x7f, 0x45, 0x54, 0x0d,
  0x40, 0x95, 0xb9, 0xcd, 0xfc, 0x03, 0x0b, 0x2e, 0x1b, 0x06, 0x07, 0x49,
  0x4f, 0x57, 0xec, 0x1a, 0x15, 0x81, 0x9e, 0x34, 0x2a, 0x7f, 0x7f, 0xf8,
  0x21, 0xc9, 0x81, 0x12, 0x31, 0x44, 0x81, 0xf7, 0xe8, 0x0e, 0xb1, 0xb5,
  0x2f, 0xa6, 0x06, 0x71, 0xc7, 0xb6, 0x42, 0x3d, 0xf8, 0x81, 0x4b, 0x7f,
  0xfe, 0x81, 0x22, 0x7f, 0x59, 0x78, 0xc6, 0xf1, 0x79, 0x12, 0x81, 0xf3,
  0x2d, 0x47, 0xbd, 0x4a, 0x1a, 0xd0, 0xf2, 0x4d, 0xc0, 0xce, 0x33, 0x53,
  0x17, 0xb7, 0x19, 0x5d, 0x2d, 0x6e, 0xc7, 0x54, 0x7f, 0x51, 0x9d, 0x9d,
  0xeb, 0x1a, 0xaa, 0x18, 0x52, 0x5b, 0xe4, 0xe7, 0x81, 0xe1, 0xca, 0xf4,
  0x1b, 0x3a, 0x20, 0x01, 0x6c, 0xa1, 0x7f, 0x6c, 0x08, 0x15, 0xa5, 0xf2,
  0x6d, 0xc4, 0x74, 0x48, 0xc7, 0xb7, 0xc9, 0xee, 0x23, 0x19, 0xaf, 0x17,
  0x81, 0x25, 0x38, 0x4f, 0x49, 0x26, 0x26, 0x55, 0xdb, 0xd3, 0xc9, 0xb8,
  0x64, 0xfb, 0xa6, 0x62, 0xc6, 0x9a, 0xc7, 0xd6, 0x60, 0x35, 0xc0, 0xe4,
  0xa9, 0x1a, 0x55, 0x75, 0xdf, 0x7f, 0xed, 0xe7, 0xee, 0x00, 0xbb, 0xcf,
  0x2d, 0x2d, 0xd3, 0xcb, 0xf8, 0x30, 0xda, 0x16, 0x7f, 0x01, 0x4f, 0x81,
  0xf3, 0x7f, 0x7f, 0x7f, 0x30, 0x08, 0x20, 0x7f, 0xd6, 0x3c, 0x67, 0xe0,
  0x9f, 0xb9, 0x66, 0x3a, 0x29, 0x7f, 0xc2, 0xff, 0xd8, 0x13, 0xb9, 0x28,
  0x7f, 0x60, 0xa9, 0x20, 0xd7, 0xa9, 0x4b, 0x61, 0xe3, 0xa6, 0x7f, 0x81,
  0xc6, 0x81, 0x41, 0x62, 0x12, 0xf6, 0xe0, 0xcb, 0xe0, 0xef, 0xca, 0x5e,
  0xf3, 0x4b, 0xc2, 0x08, 0x8e, 0xf3, 0xcf, 0x31, 0x01, 0xa2, 0xf9, 0xc4,
  0x81, 0xc6, 0x13, 0xf1, 0xd3, 0xc8, 0xde, 0x09, 0xa5, 0xd1, 0x81, 0xf5,
  0xa7, 0xdb, 0xa2, 0x43, 0x80, 0x31, 0x00, 0x00, 0x00, 0x4a, 0x00, 0x00,
  0x80, 0x81, 0xff, 0xff, 0x00, 0xb9, 0xff, 0xff, 0x80, 0xa2, 0xff, 0xff,
  0x80, 0xe4, 0xff, 0xff, 0x80, 0x5a, 0xff, 0xff, 0x80, 0xeb, 0xff, 0xff,
  0x80, 0x9a, 0x00, 0x00, 0x00, 0x68, 0x00, 0x00, 0x80, 0x93, 0xff, 0xff,
  0x80, 0x9a, 0xff, 0xff, 0x00, 0xd7, 0xff, 0xff, 0x80, 0x13, 0x00, 0x00,
  0x00, 0x65, 0xff, 0xff, 0x00, 0x8d, 0xff, 0xff, 0x00, 0xb8, 0x00, 0x00,
  0x80, 0x6b, 0x00, 0x00, 0x00, 0xfb, 0xff, 0xff, 0x80, 0xac, 0xff, 0xff,
  0x00, 0x09, 0x00, 0x00, 0x00, 0x63, 0x00, 0x00, 0x80, 0xcc, 0xff, 0xff,
  0x00, 0x67, 0xff, 0xff, 0x00, 0x65, 0xff, 0xff, 0x80, 0xe7, 0xff, 0xff,
  0x00, 0xa3, 0xff, 0xff, 0x80, 0x95, 0x00, 0x00, 0x00, 0x18, 0x00, 0x00,
  0x00, 0xce, 0xff, 0xff, 0x80, 0x2a, 0x00, 0x00, 0x00, 0xab, 0x00, 0x00,
  0x80, 0x8c, 0xff, 0xff, 0x80, 0xfe, 0xff, 0xff, 0x00, 0xc3, 0xff, 0xff,
  0x80, 0xfe, 0x00, 0x00, 0x80, 0xff, 0xff, 0xff, 0x00, 0x02, 0x00, 0x00,
  0x80, 0x52, 0x00, 0x00, 0x80, 0x02, 0x01, 0x00, 0x80, 0xe6, 0xff, 0xff,
  0x00, 0x19, 0x00, 0x00, 0x80, 0x18, 0x00, 0x00, 0x00, 0xed, 0x00, 0x00,
  0x00, 0xe1, 0xff, 0xff, 0x00, 0x68, 0x00, 0x00, 0x80, 0x52, 0x00, 0x00,
  0x00, 0xf2, 0x00, 0x00, 0x00, 0x18, 0x00, 0x00, 0x00, 0x27, 0x00, 0x00,
  0x00, 0xb7, 0xff, 0xff, 0x00, 0x9e, 0xff, 0xff, 0x80, 0xbb, 0xff, 0xff,
  0x00, 0xae, 0xff, 0xff, 0x80, 0xea, 0xff, 0xff, 0x80, 0xaa, 0x00, 0x00,
  0x80, 0xd2, 0xff, 0xff, 0x00, 0xfa, 0xff, 0xff, 0x00, 0x50, 0x00, 0x00,
  0x80, 0x79, 0xff, 0xff, 0x80, 0x7b, 0xff, 0xff, 0x00, 0xe2, 0xff, 0xff,
  0x00, 0x30, 0x00, 0x00, 0x80, 0x1c, 0x01, 0x00, 0x80, 0x89, 0xff, 0xff,
  0x80, 0xdf, 0xff, 0xff, 0x80, 0xb8, 0x00, 0x00, 0x80, 0x78, 0xff, 0xff,
  0x00, 0x66, 0xff, 0xff, 0x80, 0x54, 0x00, 0x00, 0x80, 0x2d, 0x00, 0x00,
  0x80, 0xf6, 0x00, 0x00, 0x80, 0xc4, 0xff, 0xff, 0x00, 0x29, 0x00, 0x00,
  0x00, 0x37, 0x00, 0x00, 0x00, 0xe6, 0x00, 0x00, 0x80, 0x9c, 0xff, 0xff,
  0x00, 0x42, 0xff, 0xff, 0x00, 0x62, 0xff, 0xff, 0x80, 0x98, 0x00, 0x00,
  0x00, 0x1f, 0x00, 0x00, 0x00, 0x5f, 0x00, 0x00, 0x00, 0xc4, 0x00, 0x00,
  0x00, 0x00, 0x01, 0x00, 0x80, 0x0c, 0x00, 0x00, 0x80, 0xda, 0xfe, 0xff,
  0x00, 0x33, 0xff, 0xff, 0x80, 0xfb, 0x00, 0x00, 0x80, 0x81, 0x00, 0x00,
  0x80, 0x39, 0x00, 0x00, 0x80, 0xd5, 0x00, 0x00, 0x00, 0x78, 0x00, 0x00,
  0x80, 0x55, 0x00, 0x00, 0x80, 0xf7, 0xfe, 0xff, 0x80, 0x7c, 0xff, 0xff,
  0x80, 0xac, 0x00, 0x00, 0x00, 0x67, 0x00, 0x00, 0x80, 0xe7, 0x00, 0x00,
  0x00, 0x36, 0x00, 0x00, 0x80, 0xe4, 0xff, 0xff, 0x00, 0x4c, 0x00, 0x00,
  0x80, 0x90, 0xff, 0xff, 0x00, 0x69, 0xff, 0xff, 0x80, 0x59, 0x00, 0x00,
  0x80, 0x11, 0x00, 0x00, 0x80, 0x97, 0x00, 0x00, 0x80, 0x00, 0x00, 0x00,
  0x00, 0x59, 0xff, 0xff, 0x00, 0xd2, 0x00, 0x00, 0x00, 0xf8, 0xff, 0xff,
  0x00, 0xc6, 0xff, 0xff, 0x00, 0xfa, 0xff, 0xff, 0x00, 0xd7, 0xff, 0xff,
  0x00, 0x2b, 0x00, 0x00, 0x80, 0xc5, 0xff, 0xff, 0x00, 0x39, 0xff, 0xff,
  0x80, 0xa9, 0x00, 0x00, 0x00, 0x50, 0x00, 0x00, 0x00, 0x33, 0x00, 0x00,
  0x80, 0xb2, 0xff, 0xff, 0x80, 0xef, 0xff, 0xff, 0x00, 0x7b, 0x00, 0x00,
  0x80, 0x78, 0xff, 0xff, 0x00, 0x77, 0x00, 0x00, 0x00, 0xcb, 0x00, 0x00,
  0x80, 0x3f, 0x00, 0x00, 0x80, 0x96, 0xff, 0xff, 0x00, 0x11, 0x00, 0x00,
  0x80, 0x1b, 0x00, 0x00, 0x80, 0x30, 0x00, 0x00, 0x80, 0x61, 0xff, 0xff,
  0x80, 0xea, 0x00, 0x00, 0x80, 0xa1, 0x00, 0x00, 0x00, 0xe2, 0xff, 0xff,
  0x00, 0xa1, 0xff, 0xff, 0x80, 0x49, 0x00, 0x00, 0x00, 0x4f, 0x00, 0x00,
  0x00, 0xfc, 0xff, 0xff, 0x00, 0xc4, 0xff, 0xff, 0x80, 0xba, 0x00, 0x00,
  0x80, 0x2b, 0x00, 0x00, 0x00, 0x6f, 0xff, 0xff, 0x80, 0xd0, 0xff, 0xff,
  0x00, 0x87, 0x00, 0x00, 0x00, 0xcc, 0x00, 0x00, 0x80, 0x81, 0x00, 0x00,
  0x80, 0xcd, 0xff, 0xff, 0x00, 0xe7, 0xff, 0xff, 0x80, 0x91, 0xff, 0xff,
  0x00, 0x1b, 0x00, 0x00, 0x80, 0xfc, 0xff, 0xff, 0x80, 0x33, 0x00, 0x00,
  0x00, 0x4a, 0x01, 0x00, 0x80, 0x40, 0x00, 0x00, 0x80, 0x1e, 0x00, 0x00,
  0x80, 0x4c, 0x00, 0x00, 0x80, 0x39, 0xff, 0xff, 0x80, 0x13, 0x00, 0x00,
  0x80, 0xcf, 0xff, 0xff, 0x00, 0x4b, 0x00, 0x00, 0x80, 0x04, 0x01, 0x00,
  0x00, 0xea, 0xff, 0xff, 0x00, 0x17, 0x00, 0x00, 0x00, 0xb3, 0x00, 0x00,
  0x00, 0x4d, 0xff, 0xff, 0x00, 0xbc, 0xff, 0xff, 0x80, 0xc5, 0xff, 0xff,
  0x00, 0x19, 0x00, 0x00, 0x80, 0x18, 0xff, 0xff, 0x80, 0x51, 0xff, 0xff,
  0x80, 0xdc, 0xff, 0xff, 0x00, 0x9c, 0x00, 0x00, 0x80, 0xb1, 0xff, 0xff,
  0x00, 0x96, 0xff, 0xff, 0x00, 0xcd, 0xff, 0xff, 0x00, 0xb2, 0xff, 0xff,
  0x00, 0xec, 0xfe, 0xff, 0x80, 0x3b, 0xff, 0xff, 0x00, 0xfc, 0xff, 0xff,
  0x80, 0x0c, 0x01, 0x00, 0x80, 0xf0, 0xff, 0xff, 0x80, 0x23, 0x00, 0x00,
  0x00, 0xb6, 0xff, 0xff, 0x80, 0xb1, 0xff, 0xff, 0x00, 0x92, 0xff, 0xff,
  0x80, 0x76, 0xff, 0xff, 0x80, 0x4a, 0x00, 0x00, 0x00, 0x01, 0x01, 0x00,
  0x00, 0x33, 0x00, 0x00, 0x00, 0x81, 0x00, 0x00, 0x80, 0xf9, 0xff, 0xff,
  0x80, 0xa9, 0xff, 0xff, 0x45, 0x45, 0x17, 0x00, 0x95, 0x8e, 0x18, 0x00,
  0xa1, 0x59, 0x17, 0x00, 0xb3, 0x7c, 0x18, 0x00, 0x1f, 0x46, 0x17, 0x00,
  0xc7, 0xbf, 0x18, 0x00, 0x7b, 0x06, 0x13, 0x00, 0x57, 0x9c, 0x18, 0x00,
  0x97, 0xf8, 0x19, 0x00, 0x4b, 0x70, 0x18, 0x00, 0xb9, 0x80, 0x18, 0x00,
  0xeb, 0x91, 0x18, 0x00, 0x7d, 0xc4, 0x18, 0x00, 0x91, 0x8e, 0x18, 0x00,
  0xe5, 0x43, 0x17, 0x00, 0xd9, 0xf6, 0x19, 0x00, 0x3b, 0x12, 0x15, 0x00,
  0xf7, 0xbf, 0x18, 0x00, 0x1d, 0x10, 0x15, 0x00, 0xff, 0x2e, 0x16, 0x00,
  0x93, 0x93, 0x18, 0x00, 0xb1, 0x81, 0x18, 0x00, 0x01, 0x8d, 0x18, 0x00,
  0xa9, 0x8c, 0x18, 0x00, 0x53, 0x60, 0x17, 0x00, 0xa3, 0x89, 0x18, 0x00,
  0x37, 0x3a, 0x17, 0x00, 0xcd, 0x7d, 0x18, 0x00, 0xa9, 0x00, 0x10, 0x00,
  0xed, 0xce, 0x19, 0x00, 0x83, 0x99, 0x18, 0x00, 0x1b, 0x40, 0x17, 0x00,
  0x2b, 0x0a, 0x14, 0x00, 0x83, 0xa2, 0x18, 0x00, 0x35, 0xb0, 0x18, 0x00,
  0xfd, 0x84, 0x18, 0x00, 0xf7, 0x8b, 0x18, 0x00, 0x21, 0xef, 0x19, 0x00,
  0x49, 0xa1, 0x18, 0x00, 0xaf, 0x62, 0x17, 0x00, 0x21, 0xc6, 0x18, 0x00,
  0xef, 0x30, 0x17, 0x00, 0x1f, 0x46, 0x17, 0x00, 0xc3, 0x90, 0x18, 0x00,
  0xfb, 0x9c, 0x18, 0x00, 0x17, 0x4f, 0x17, 0x00, 0xc1, 0x13, 0x15, 0x00,
  0x1d, 0x26, 0x16, 0x00, 0xcd, 0x37, 0x17, 0x00, 0xbd, 0x29, 0x16, 0x00,
  0xbd, 0x85, 0x18, 0x00, 0xc9, 0x1d, 0x16, 0x00, 0x2d, 0x11, 0x15, 0x00,
  0xa5, 0x93, 0x18, 0x00, 0x23, 0x98, 0x18, 0x00, 0x59, 0xf7, 0x19, 0x00,
  0x15, 0xdd, 0x19, 0x00, 0x51, 0x5e, 0x17, 0x00, 0x7b, 0x8c, 0x18, 0x00,
  0xf3, 0xe1, 0x19, 0x00, 0xbf, 0x29, 0x16, 0x00, 0xd3, 0x9b, 0x18, 0x00,
  0xf9, 0x8f, 0x18, 0x00, 0xc1, 0xc4, 0x18, 0x00, 0x8f, 0xe7, 0xda, 0x25,
  0xb3, 0xba, 0x22, 0xff, 0xe5, 0x44, 0xdb, 0xd6, 0x44, 0xac, 0x11, 0xea,
  0x2f, 0x77, 0xb2, 0xf6, 0x50, 0x21, 0x7f, 0x8a, 0xce, 0xfe, 0x98, 0x58,
  0xd7, 0xfe, 0x1a, 0x27, 0xfc, 0x51, 0xba, 0x35, 0x6d, 0x0a, 0xfe, 0x0b,
  0x43, 0x7f, 0xd6, 0x21, 0x56, 0x7f, 0x54, 0xcb, 0xe0, 0x43, 0x81, 0x7f,
  0x81, 0xd9, 0xf1, 0x7f, 0x27, 0x55, 0xc7, 0x40, 0x1d, 0xf4, 0x20, 0x2f,
  0x7f, 0x27, 0x8b, 0x61, 0x0d, 0x67, 0x72, 0xdc, 0x2a, 0x9e, 0xe2, 0xcd,
  0xd2, 0x86, 0x81, 0x7f, 0xb4, 0xe6, 0x81, 0x0d, 0x9a, 0xd4, 0xa3, 0x4b,
  0x8f, 0x81, 0x81, 0x73, 0x46, 0xea, 0xd4, 0x31, 0x59, 0x86, 0x0b, 0xb9,
  0xb8, 0x8b, 0xa2, 0x6b, 0xf4, 0xbd, 0xca, 0xea, 0x83, 0xde, 0xf2, 0x3d,
  0x9e, 0xb7, 0xb7, 0x35, 0x25, 0xfd, 0x07, 0x3f, 0x7f, 0xe1, 0x34, 0xbb,
  0xb5, 0x81, 0xcc, 0x4e, 0x1d, 0x2c, 0x26, 0x26, 0xb9, 0x12, 0xce, 0x6d,
  0x14, 0x1a, 0xfc, 0x7f, 0x7f, 0x0a, 0x01, 0x7f, 0x10, 0x12, 0xbd, 0x0d,
  0x32, 0x42, 0x0c, 0x2f, 0x6d, 0xf6, 0xef, 0x30, 0x00, 0xf8, 0x0a, 0x5d,
  0xf2, 0xba, 0x7f, 0x5b, 0xb6, 0x81, 0x46, 0x60, 0x17, 0xdc, 0xbe, 0x1c,
  0x5c, 0x43, 0x1a, 0x81, 0x7f, 0x03, 0xc2, 0x4f, 0x10, 0xfd, 0xe6, 0x30,
  0x3f, 0x90, 0x5f, 0x7f, 0xe9, 0x9c, 0x2b, 0xf2, 0xee, 0xab, 0xb5, 0x21,
  0x7f, 0x45, 0x5f, 0x8d, 0x5b, 0xdb, 0x0e, 0x33, 0x25, 0x0f, 0x7f, 0x01,
  0xf6, 0x81, 0x66, 0x64, 0x90, 0xb8, 0x31, 0xc9, 0x98, 0x9f, 0x7f, 0x0c,
  0x2c, 0x18, 0x17, 0x7f, 0xa0, 0x98, 0x53, 0x7c, 0xa6, 0x05, 0xf2, 0xfd,
  0x0a, 0x4b, 0x27, 0x15, 0xdf, 0x81, 0x4d, 0xad, 0xba, 0xb8, 0x6a, 0xc4,
  0x4a, 0x02, 0xe6, 0x76, 0xdb, 0xfa, 0xf0, 0x7f, 0xd1, 0x55, 0x1b, 0x09,
  0x1a, 0x7b, 0xdf, 0x05, 0xc1, 0xde, 0x39, 0xe1, 0xaf, 0x8f, 0x48, 0xa4,
  0x25, 0xfc, 0xbb, 0x6f, 0x81, 0xdd, 0xdc, 0x3c, 0x81, 0x7b, 0x26, 0x18,
  0xee, 0x7f, 0xe2, 0xfb, 0xa3, 0x0b, 0x7f, 0xae, 0x51, 0xef, 0x19, 0xc1,
  0x5f, 0xf3, 0x31, 0x01, 0x7f, 0xf7, 0xb9, 0x87, 0x14, 0xe5, 0x0d, 0xbc,
  0x41, 0x35, 0x81, 0xaa, 0x81, 0xc8, 0xac, 0xba, 0x3a, 0xd7, 0x05, 0xa0,
  0x36, 0xe1, 0xee, 0xb9, 0x4a, 0xd6, 0xf2, 0x94, 0x18, 0xee, 0xce, 0xb6,
  0x1b, 0x4f, 0xbc, 0xbc, 0x9f, 0x97, 0x9c, 0x81, 0xf1, 0x9e, 0xf8, 0x81,
  0x4b, 0xf1, 0xf9, 0x28, 0x10, 0x81, 0xd6, 0x99, 0x32, 0xd7, 0x9b, 0xff,
  0x1a, 0xfa, 0x9c, 0xfb, 0x8b, 0x81, 0x81, 0xae, 0x7f, 0x92, 0x91, 0x57,
  0x7f, 0x7f, 0x5a, 0x81, 0x18, 0xd3, 0xdc, 0x07, 0x1b, 0x43, 0x7f, 0xad,
  0x05, 0x15, 0x76, 0x9c, 0xb5, 0xdd, 0x68, 0x9d, 0x69, 0x84, 0xa2, 0x19,
  0x59, 0x47, 0x22, 0x13, 0xcb, 0xac, 0xf3, 0xfa, 0xfb, 0x22, 0x36, 0x2d,
  0xdc, 0xed, 0x54, 0x9e, 0xa1, 0xe8, 0x0f, 0xd3, 0x69, 0x81, 0x81, 0x17,
  0x6c, 0x30, 0x33, 0x77, 0xaa, 0xef, 0xdb, 0xf4, 0x15, 0x0f, 0x62, 0x74,
  0xa6, 0xc1, 0x1c, 0x81, 0xc8, 0xee, 0xa4, 0x61, 0x37, 0xea, 0x89, 0x03,
  0xb4, 0xde, 0x25, 0x1f, 0xf4, 0xe3, 0x9f, 0x0a, 0xaf, 0x02, 0x7f, 0x08,
  0x8d, 0x27, 0x81, 0x7f, 0x16, 0x3f, 0xe2, 0x7f, 0x60, 0x9a, 0xda, 0xed,
  0xf7, 0xf4, 0x19, 0xd5, 0x2f, 0x1b, 0xe3, 0xfe, 0xdd, 0x21, 0x75, 0x35,
  0xcf, 0x30, 0x9d, 0x5c, 0x29, 0x5c, 0x07, 0x75, 0x7f, 0x81, 0x63, 0xb9,
  0xe8, 0xdb, 0x0e, 0xf5, 0x2f, 0xe5, 0x4d, 0x26, 0x81, 0x16, 0x74, 0x2d,
  0xe8, 0x2c, 0xcb, 0x70, 0xf0, 0x7f, 0x26, 0x6e, 0xf0, 0x86, 0x3c, 0x02,
  0x48, 0x7f, 0xc4, 0x77, 0x0c, 0xa7, 0x12, 0x2e, 0x7f, 0x67, 0xe6, 0xe4,
  0x46, 0xb4, 0x28, 0x1a, 0x24, 0x7c, 0x27, 0x8a, 0xb6, 0xdf, 0x4e, 0x5b,
  0x53, 0x54, 0xb6, 0x7b, 0x2d, 0xfc, 0x29, 0x7f, 0x67, 0x4a, 0xbc, 0x03,
  0x76, 0xf0, 0x4a, 0x0f, 0x34, 0x5c, 0x2c, 0x95, 0x9e, 0x32, 0x7f, 0x49,
  0x3a, 0x26, 0x81, 0x7f, 0x2c, 0x6e, 0x6a, 0x3d, 0x70, 0x29, 0xa8, 0x05,
  0x7f, 0x7f, 0x35, 0x4d, 0x39, 0x6e, 0x0e, 0x99, 0xf3, 0x12, 0x00, 0x00,
  0x2d, 0x33, 0x00, 0x00, 0x5b, 0xbd, 0xff, 0xff, 0x8e, 0x3b, 0x00, 0x00,
  0xe5, 0x08, 0x00, 0x00, 0x1b, 0x18, 0x00, 0x00, 0xcf, 0x1e, 0x00, 0x00,
  0x67, 0x11, 0x00, 0x00, 0xf6, 0x06, 0x00, 0x00, 0x0f, 0x48, 0x00, 0x00,
  0xa2, 0xa9, 0xff, 0xff, 0x9f, 0x39, 0x00, 0x00, 0x0c, 0x12, 0x00, 0x00,
  0x82, 0x08, 0x00, 0x00, 0xc1, 0x35, 0x00, 0x00, 0x3a, 0xff, 0xff, 0xff,
  0xb0, 0xf5, 0xff, 0xff, 0x70, 0x2f, 0x00, 0x00, 0x6f, 0xd0, 0xff, 0xff,
  0x7f, 0x14, 0x00, 0x00, 0x01, 0x1d, 0x00, 0x00, 0xce, 0x01, 0x00, 0x00,
  0xde, 0x24, 0x00, 0x00, 0x70, 0xed, 0xff, 0xff, 0xfb, 0x13, 0x00, 0x00,
  0x41, 0xe3, 0xff, 0xff, 0x22, 0xfc, 0xff, 0xff, 0x38, 0x07, 0x00, 0x00,
  0xed, 0xe8, 0xff, 0xff, 0x63, 0xdf, 0xff, 0xff, 0xf6, 0xe5, 0xff, 0xff,
  0x41, 0x46, 0x00, 0x00, 0x08, 0x01, 0x00, 0x00, 0xe6, 0xc2, 0xff, 0xff,
  0x86, 0xd7, 0xff, 0xff, 0x25, 0x11, 0x00, 0x00, 0xdf, 0xde, 0xff, 0xff,
  0x27, 0xc7, 0xff, 0xff, 0xee, 0xc3, 0xff, 0xff, 0x9c, 0x66, 0x00, 0x00,
  0x58, 0xea, 0xff, 0xff, 0xdf, 0xbd, 0xff, 0xff, 0x70, 0xcc, 0xff, 0xff,
  0xc5, 0x04, 0x00, 0x00, 0x52, 0xe1, 0xff, 0xff, 0xea, 0xd3, 0xff, 0xff,
  0xf3, 0xd0, 0xff, 0xff, 0x22, 0x3e, 0x00, 0x00, 0x94, 0x23, 0x00, 0x00,
  0x36, 0xcd, 0xff, 0xff, 0x08, 0x01, 0x00, 0x00, 0xe2, 0x35, 0x00, 0x00,
  0xa9, 0x11, 0x00, 0x00, 0xe8, 0xfc, 0xff, 0xff, 0x7a, 0x28, 0x00, 0x00,
  0x3a, 0xde, 0xff, 0xff, 0xe3, 0x31, 0x00, 0x00, 0x38, 0xc5, 0xff, 0xff,
  0x93, 0x06, 0x00, 0x00, 0x7a, 0x49, 0x00, 0x00, 0x91, 0x0e, 0x00, 0x00,
  0x03, 0xf4, 0xff, 0xff, 0x56, 0x34, 0x00, 0x00, 0xa6, 0xfc, 0xff, 0xff,
  0xc4, 0x29, 0x00, 0x00, 0x51, 0xe5, 0xff, 0xff, 0x4a, 0x01, 0x00, 0x00,
  0xc2, 0x31, 0x00, 0x00, 0xdd, 0x07, 0x00, 0x00, 0x77, 0xf2, 0xff, 0xff,
  0x67, 0x11, 0x00, 0x00, 0x6f, 0x12, 0x00, 0x00, 0x6d, 0xd8, 0xff, 0xff,
  0x18, 0x03, 0x00, 0x00, 0x1f, 0x08, 0x00, 0x00, 0x83, 0x04, 0x00, 0x00,
  0xc5, 0xe3, 0xff, 0xff, 0x97, 0x17, 0x00, 0x00, 0xda, 0x13, 0x00, 0x00,
  0x35, 0x13, 0x00, 0x00, 0xef, 0xbf, 0xff, 0xff, 0xda, 0xf2, 0xff, 0xff,
  0x38, 0x28, 0x00, 0x00, 0xc0, 0x18, 0x00, 0x00, 0x96, 0xd9, 0xff, 0xff,
  0xf5, 0x0a, 0x00, 0x00, 0xf0, 0x1e, 0x00, 0x00, 0x7e, 0x18, 0x00, 0x00,
  0x11, 0xdd, 0xff, 0xff, 0x8f, 0xf5, 0xff, 0xff, 0x72, 0x27, 0x00, 0x00,
  0x85, 0x1d, 0x00, 0x00, 0x2d, 0xf1, 0xff, 0xff, 0x33, 0xfa, 0xff, 0xff,
  0x90, 0x12, 0x00, 0x00, 0xa9, 0x11, 0x00, 0x00, 0xfa, 0x17, 0x00, 0x00,
  0xb5, 0xe1, 0xff, 0xff, 0xbd, 0xe2, 0xff, 0xff, 0xa5, 0xbe, 0xff, 0xff,
  0x95, 0xfe, 0xff, 0xff, 0x8f, 0xd4, 0xff, 0xff, 0x0d, 0xcc, 0xff, 0xff,
  0x65, 0xd7, 0xff, 0xff, 0x2b, 0x3b, 0x00, 0x00, 0x30, 0xe5, 0xff, 0xff,
  0x70, 0xcc, 0xff, 0xff, 0xd7, 0x9b, 0xff, 0xff, 0x09, 0xfd, 0xff, 0xff,
  0x2f, 0xc8, 0xff, 0xff, 0x37, 0xc9, 0xff, 0xff, 0xbc, 0xc5, 0xff, 0xff,
  0xb0, 0x37, 0x00, 0x00, 0xf7, 0x02, 0x00, 0x00, 0xc6, 0xdf, 0xff, 0xff,
  0x22, 0xba, 0xff, 0xff, 0x01, 0xfc, 0xff, 0xff, 0xc6, 0xdf, 0xff, 0xff,
  0x82, 0xe7, 0xff, 0xff, 0x47, 0xcb, 0xff, 0xff, 0xe9, 0xf8, 0xff, 0xff,
  0x0e, 0xc8, 0xff, 0xff, 0x81, 0xeb, 0xff, 0xff, 0xdd, 0xe6, 0xff, 0xff,
  0xfe, 0x07, 0x00, 0x00, 0x3e, 0x10, 0x00, 0x00, 0xa0, 0x14, 0x00, 0x00,
  0x3f, 0x2d, 0x00, 0x00, 0x05, 0x0d, 0x00, 0x00, 0xc8, 0xb6, 0xff, 0xff,
  0xc4, 0xe7, 0xff, 0xff, 0x17, 0xe6, 0xff, 0xff, 0x2d, 0x12, 0x00, 0x00,
  0xbd, 0x24, 0x00, 0x00, 0x01, 0x3e, 0x00, 0x00, 0x6a, 0x05, 0x00, 0x00,
  0x2c, 0x16, 0x00, 0x00, 0x77, 0xd1, 0xff, 0xff, 0x4c, 0xf9, 0xff, 0xff,
  0x0b, 0xf5, 0xff, 0xff, 0xc4, 0x08, 0x00, 0x00, 0xf0, 0x1e, 0x00, 0x00,
  0xa8, 0x36, 0x00, 0x00, 0x9e, 0xda, 0xff, 0xff, 0x74, 0x1f, 0x00, 0x00,
  0x57, 0xee, 0xff, 0xff, 0x75, 0xfa, 0xff, 0xff, 0x56, 0x13, 0x00, 0x00,
  0x16, 0xea, 0xff, 0xff, 0x01, 0x1d, 0x00, 0x00, 0xdd, 0x28, 0x00, 0x00,
  0xef, 0x22, 0x00, 0x00, 0x2c, 0x16, 0x00, 0x00, 0xcb, 0xec, 0xff, 0xff,
  0x3e, 0xce, 0xff, 0xff, 0x62, 0x25, 0x00, 0x00, 0xaf, 0xd8, 0xff, 0xff,
  0x00, 0x21, 0x00, 0x00, 0x23, 0x3a, 0x00, 0x00, 0x55, 0x38, 0x00, 0x00,
  0xd6, 0x02, 0x00, 0x00, 0xf9, 0xfa, 0xff, 0xff, 0x63, 0xbe, 0xff, 0xff,
  0x33, 0x1b, 0x00, 0x00, 0x36, 0xee, 0xff, 0xff, 0x90, 0x12, 0x00, 0x00,
  0x7b, 0x24, 0x00, 0x00, 0xc5, 0x25, 0x00, 0x00, 0xe2, 0x14, 0x00, 0x00,
  0x2a, 0x1e, 0x00, 0x00, 0xbf, 0x3d, 0x00, 0x00, 0x3c, 0x39, 0x00, 0x00,
  0xf1, 0x3b, 0x00, 0x00, 0x97, 0x38, 0x00, 0x00, 0x75, 0xd9, 0xff, 0xff,
  0x30, 0x06, 0x00, 0x00, 0x64, 0x1d, 0x00, 0x00, 0x2b, 0xf9, 0xff, 0xff,
  0xf5, 0x4c, 0x00, 0x00, 0xc6, 0x42, 0x00, 0x00, 0x3c, 0x5a, 0x00, 0x00,
  0x39, 0x66, 0x00, 0x00, 0x66, 0xd3, 0xff, 0xff, 0xb5, 0x02, 0x00, 0x00,
  0xfb, 0x13, 0x00, 0x00, 0x2c, 0xd4, 0xff, 0xff, 0x17, 0x28, 0x00, 0x00,
  0x93, 0x27, 0x00, 0x00, 0xf9, 0x3c, 0x00, 0x00, 0xdc, 0x4d, 0x00, 0x00,
  0x4f, 0xed, 0xff, 0xff, 0xf8, 0xfe, 0xff, 0xff, 0x9f, 0x6f, 0x17, 0x00,
  0xa5, 0x83, 0x18, 0x00, 0xbb, 0xb8, 0x19, 0x00, 0x6d, 0xb5, 0x18, 0x00,
  0x87, 0xa8, 0x18, 0x00, 0x73, 0xa6, 0x18, 0x00, 0x97, 0xb3, 0x18, 0x00,
  0xad, 0xba, 0x18, 0x00, 0xd1, 0x94, 0x18, 0x00, 0x47, 0x49, 0x18, 0x00,
  0x6d, 0xc0, 0x18, 0x00, 0xff, 0xb0, 0x18, 0x00, 0x4b, 0xea, 0x19, 0x00,
  0x35, 0x48, 0x17, 0x00, 0x63, 0xa0, 0x18, 0x00, 0x81, 0xad, 0x19, 0x00,
  0x9b, 0x3c, 0x17, 0x00, 0x07, 0xc1, 0x18, 0x00, 0x87, 0xd0, 0x18, 0x00,
  0xdf, 0x52, 0x17, 0x00, 0xc7, 0x89, 0x18, 0x00, 0xef, 0xed, 0x18, 0x00,
  0x13, 0x4f, 0x17, 0x00, 0x5b, 0x02, 0x12, 0x00, 0x93, 0x50, 0x17, 0x00,
  0x4d, 0x22, 0x16, 0x00, 0xe5, 0x8d, 0x18, 0x00, 0xdb, 0x86, 0x18, 0x00,
  0x5b, 0x99, 0x18, 0x00, 0x31, 0x52, 0x17, 0x00, 0x77, 0xfe, 0x19, 0x00,
  0xa9, 0xa7, 0x18, 0x00, 0x37, 0xe8, 0x19, 0x00, 0x59, 0xce, 0x18, 0x00,
  0x7f, 0xb3, 0x18, 0x00, 0x89, 0x47, 0x17, 0x00, 0x1f, 0x97, 0x18, 0x00,
  0xa5, 0x9b, 0x18, 0x00, 0xe5, 0xb4, 0x18, 0x00, 0x2f, 0x3a, 0x17, 0x00,
  0x3b, 0x92, 0x18, 0x00, 0x85, 0xfd, 0x19, 0x00, 0x1b, 0x13, 0x15, 0x00,
  0xa1, 0x60, 0x17, 0x00, 0x95, 0xa6, 0x18, 0x00, 0x21, 0x28, 0x16, 0x00,
  0xb3, 0x93, 0x18, 0x00, 0xb9, 0x83, 0x18, 0x00, 0xc1, 0x0a, 0x14, 0x00,
  0xc1, 0x9c, 0x18, 0x00, 0xc1, 0x51, 0x17, 0x00, 0x07, 0x63, 0x17, 0x00,
  0xab, 0x09, 0x14, 0x00, 0x25, 0xaa, 0x18, 0x00, 0x6f, 0x10, 0x15, 0x00,
  0x35, 0x43, 0x17, 0x00, 0xe5, 0x15, 0x15, 0x00, 0xe1, 0x21, 0x16, 0x00,
  0xfb, 0xb7, 0x18, 0x00, 0x0d, 0x01, 0x11, 0x00, 0x43, 0xad, 0x18, 0x00,
  0xf7, 0x09, 0x14, 0x00, 0x53, 0x55, 0x17, 0x00, 0xb5, 0x4e, 0x17, 0x00,
  0x52, 0xb8, 0x11, 0x1b, 0x35, 0x95, 0x98, 0xbe, 0x25, 0x01, 0x53, 0x14,
  0xbc, 0xbf, 0x2b, 0xa1, 0x16, 0x23, 0x4b, 0xf4, 0xc7, 0x17, 0x31, 0x34,
  0x16, 0x44, 0x7d, 0xe2, 0x78, 0xf9, 0x43, 0xb9, 0x81, 0x5a, 0x13, 0x45,
  0x02, 0xff, 0x09, 0xa7, 0x14, 0xef, 0x3a, 0x08, 0x9f, 0x01, 0xe5, 0xfc,
  0x03, 0x0a, 0xf4, 0x02, 0xb9, 0x17, 0xb3, 0xeb, 0xb9, 0xcf, 0x1f, 0x31,
  0x52, 0x16, 0x06, 0x4a, 0x19, 0x23, 0xec, 0xc8, 0x98, 0xc1, 0x11, 0x0a,
  0xee, 0xe8, 0x08, 0x81, 0xd6, 0xbb, 0xc9, 0x49, 0xfa, 0xed, 0xf5, 0xe7,
  0x3c, 0xe1, 0xe3, 0xbc, 0x19, 0x39, 0xaf, 0x0a, 0xf3, 0xf3, 0xe1, 0x50,
  0xc0, 0x5b, 0x76, 0xa4, 0x00, 0x0a, 0x93, 0xf0, 0x40, 0x22, 0x23, 0x18,
  0xb4, 0xe3, 0xd8, 0x1c, 0x0a, 0x10, 0xc3, 0x13, 0xab, 0xe2, 0x2b, 0xda,
  0x26, 0x44, 0xd1, 0xe2, 0xee, 0xf9, 0x14, 0xf6, 0x32, 0x63, 0x59, 0xfc,
  0xdf, 0x09, 0xe8, 0xcc, 0xa8, 0xd4, 0xf5, 0xda, 0xf4, 0x5f, 0x5c, 0x8d,
  0x9d, 0xdc, 0xe2, 0xe1, 0x37, 0x30, 0x81, 0x13, 0xb0, 0xc2, 0x2d, 0xf7,
  0x5a, 0x85, 0x2f, 0xe8, 0xe9, 0x1b, 0xe6, 0xee, 0xf1, 0xb4, 0x12, 0xca,
  0x46, 0xf3, 0x08, 0x2e, 0xd5, 0x21, 0xcd, 0x07, 0x14, 0x7f, 0x84, 0xfe,
  0x00, 0x12, 0x21, 0xf9, 0x2a, 0x06, 0x0a, 0x8b, 0x6d, 0x08, 0x13, 0xea,
  0xfa, 0x0f, 0x52, 0x0a, 0x12, 0x07, 0xde, 0xfb, 0x2b, 0x57, 0xb0, 0x11,
  0x08, 0xef, 0x67, 0xd7, 0xce, 0xdc, 0xbe, 0x3f, 0xee, 0xde, 0x50, 0xc1,
  0xda, 0x58, 0x45, 0x02, 0x03, 0x46, 0x19, 0x53, 0xe8, 0x7f, 0x1e, 0xfe,
  0x1d, 0x09, 0xfb, 0x2c, 0xf4, 0xfa, 0xd3, 0x49, 0xbf, 0xe3, 0x7f, 0x53,
  0xd2, 0xac, 0x0a, 0x7f, 0x20, 0xfd, 0x0f, 0x57, 0x10, 0xf5, 0xfd, 0x50,
  0xc8, 0x0b, 0xf3, 0xac, 0x35, 0xdf, 0x1b, 0x58, 0x0a, 0xd8, 0xe6, 0x81,
  0x70, 0x57, 0x37, 0xd3, 0x89, 0xc8, 0x59, 0xde, 0xc5, 0x14, 0xa2, 0xba,
  0x33, 0x0c, 0xdb, 0xbe, 0x25, 0x2d, 0xdb, 0x1a, 0x2d, 0x76, 0xc0, 0x22,
  0x54, 0xde, 0xd5, 0xd7, 0x62, 0xa5, 0x28, 0x41, 0x3c, 0xc1, 0xdf, 0x3f,
  0x7f, 0xd3, 0xe1, 0x7c, 0x0b, 0x43, 0x0d, 0x1b, 0x11, 0x31, 0xc3, 0xef,
  0xaa, 0xc4, 0xf6, 0x10, 0x0b, 0xbb, 0x14, 0x81, 0x27, 0x1b, 0xf3, 0x14,
  0xc8, 0xc7, 0xee, 0x04, 0x49, 0x57, 0xb9, 0x0f, 0xf2, 0x12, 0xc7, 0xc1,
  0x7f, 0x3b, 0xe1, 0x0b, 0xdf, 0x31, 0xfa, 0x2e, 0x04, 0xcb, 0x52, 0x4b,
  0xb8, 0x16, 0x0e, 0x7f, 0x1b, 0xd3, 0xe0, 0xc6, 0x1a, 0xf5, 0xcf, 0x04,
  0xe8, 0xf6, 0x16, 0x28, 0x27, 0x0a, 0xff, 0x1f, 0xf9, 0x22, 0xd0, 0x6d,
  0x31, 0x5b, 0x6b, 0xfb, 0xbc, 0xa0, 0xfb, 0xfc, 0xa6, 0x41, 0xd2, 0x07,
  0xe1, 0x0b, 0x08, 0x9b, 0xf7, 0x1b, 0x5c, 0x47, 0x88, 0x9e, 0x3e, 0x30,
  0x7f, 0x16, 0x88, 0x2f, 0xec, 0xb7, 0x0c, 0x99, 0xf3, 0xe0, 0x08, 0x11,
  0xe9, 0x23, 0x7f, 0x5f, 0x25, 0x95, 0x0f, 0x44, 0xc8, 0x24, 0x9c, 0x10,
  0xd1, 0xa0, 0x50, 0x29, 0x07, 0xba, 0x09, 0xb7, 0x28, 0x32, 0x95, 0x29,
  0x23, 0x08, 0xfc, 0x0b, 0xf5, 0x22, 0xee, 0xe2, 0xcd, 0xdb, 0x40, 0xc1,
  0x9d, 0x83, 0x6b, 0xa5, 0x7f, 0xdb, 0x05, 0x34, 0x1d, 0xed, 0xb6, 0xa6,
  0x0d, 0xb3, 0xf4, 0xea, 0xc8, 0x59, 0xee, 0x1d, 0x01, 0x11, 0xd3, 0x33,
  0xeb, 0xcc, 0xab, 0xfc, 0x39, 0x36, 0x26, 0xee, 0x77, 0xff, 0xe2, 0xf5,
  0xd5, 0x50, 0x1a, 0x3a, 0xda, 0x07, 0x0d, 0x48, 0xf4, 0x33, 0xf6, 0x27,
  0x2c, 0x35, 0xc3, 0x75, 0x5b, 0x41, 0x2f, 0x25, 0xf8, 0xe7, 0x03, 0x42,
  0xcf, 0x0f, 0x02, 0x1d, 0xd3, 0x7f, 0x4b, 0x21, 0x15, 0x81, 0x1a, 0xe8,
  0x0c, 0x2b, 0xad, 0x20, 0x24, 0xcd, 0x1e, 0xdc, 0xec, 0x69, 0x1c, 0xd3,
  0x33, 0x10, 0xec, 0xe6, 0xf6, 0xcd, 0xd7, 0x33, 0x95, 0xc9, 0xcd, 0x81,
  0xc0, 0x02, 0x3f, 0xe3, 0xb7, 0xa9, 0x38, 0xe8, 0x65, 0xef, 0x46, 0xe5,
  0x22, 0xee, 0xee, 0xf2, 0xf3, 0xdd, 0xf4, 0xee, 0x98, 0x46, 0xd2, 0xfa,
  0x2c, 0xdc, 0x26, 0xca, 0x39, 0xe2, 0x24, 0xe3, 0x07, 0x01, 0xdb, 0x1c,
  0xa6, 0xde, 0x51, 0x0d, 0x42, 0x3e, 0x21, 0xa6, 0xc5, 0xe8, 0x8f, 0x4a,
  0x9c, 0x13, 0x28, 0x17, 0xfa, 0xd9, 0xcd, 0xac, 0x52, 0x58, 0x27, 0x59,
  0xde, 0x4a, 0xe4, 0x01, 0xde, 0x3e, 0x3c, 0x07, 0xf0, 0xd3, 0x12, 0xc6,
  0x7f, 0xe8, 0x5b, 0xd2, 0x5c, 0xe8, 0xe8, 0x2d, 0xed, 0x0f, 0x29, 0x1a,
  0xe2, 0xfc, 0xd7, 0x25, 0x1e, 0x81, 0x04, 0xcd, 0xed, 0x08, 0x04, 0xd2,
  0xf6, 0x18, 0xed, 0xeb, 0xf9, 0x12, 0xef, 0xfd, 0xdc, 0x11, 0x24, 0xd1,
  0xc0, 0x03, 0x40, 0xd5, 0x48, 0x1d, 0xc5, 0x4b, 0xe2, 0xe6, 0x39, 0xd9,
  0xf7, 0x13, 0x00, 0xd6, 0xa8, 0x03, 0xe1, 0xe5, 0x02, 0xd7, 0x17, 0xf8,
  0x5a, 0x29, 0x52, 0x90, 0xda, 0x59, 0x0d, 0x81, 0x05, 0x2d, 0x12, 0x81,
  0xe7, 0x26, 0xe3, 0x1d, 0x28, 0x3b, 0x0f, 0xd5, 0x09, 0x42, 0x1e, 0xf9,
  0xce, 0xf4, 0x9f, 0xec, 0x0e, 0xda, 0x2a, 0x34, 0xe7, 0xc0, 0xaf, 0x7f,
  0xeb, 0xf8, 0xd4, 0xb3, 0xda, 0x0f, 0xa9, 0x40, 0xc6, 0x1b, 0xa7, 0xe1,
  0xe1, 0xca, 0x21, 0x1a, 0x28, 0x90, 0x27, 0xeb, 0x11, 0x3d, 0x06, 0x18,
  0x71, 0x67, 0x56, 0xc9, 0x21, 0x23, 0x1f, 0xb3, 0xed, 0xbd, 0x02, 0x3b,
  0x7f, 0xa9, 0xcd, 0xdf, 0x6f, 0x23, 0xde, 0xc1, 0x55, 0x1b, 0x25, 0xee,
  0x2d, 0x0f, 0x03, 0xd9, 0xc5, 0xf4, 0x1d, 0xd6, 0x1d, 0xf7, 0xfd, 0x07,
  0x24, 0xed, 0xd6, 0xd0, 0x12, 0xd1, 0xdf, 0xf8, 0xe7, 0x93, 0x92, 0x1e,
  0x81, 0x08, 0xd5, 0xbf, 0xdf, 0xbf, 0x33, 0x20, 0x21, 0x81, 0xf4, 0x34,
  0xee, 0x0b, 0xa3, 0xe4, 0x99, 0x45, 0xde, 0x54, 0x1b, 0x9e, 0xd6, 0xc9,
  0xbb, 0x01, 0xc9, 0xba, 0x07, 0x03, 0x2f, 0xea, 0x0b, 0xbf, 0x00, 0x36,
  0x9b, 0xd9, 0x14, 0x4f, 0xe4, 0x1d, 0x7f, 0x18, 0x0f, 0x1b, 0xf7, 0xda,
  0x2a, 0x7f, 0x0b, 0xeb, 0x14, 0x0f, 0x02, 0xb7, 0x0c, 0xed, 0xbe, 0xb1,
  0xe4, 0xe6, 0x51, 0xea, 0x4d, 0xb2, 0x12, 0x0a, 0x27, 0xfc, 0x45, 0xc7,
  0x06, 0x3b, 0x81, 0xc1, 0x20, 0x05, 0x12, 0x7f, 0x1c, 0x2f, 0x32, 0xd2,
  0x15, 0xee, 0x1d, 0x55, 0x16, 0xf4, 0x14, 0x05, 0x04, 0x6c, 0xe4, 0xff,
  0xc2, 0xdb, 0xd2, 0xd2, 0x33, 0xe7, 0x42, 0x00, 0xd8, 0xda, 0xcf, 0x03,
  0x0d, 0x0c, 0xdb, 0x0f, 0x81, 0xe3, 0xdc, 0xea, 0x20, 0xef, 0x26, 0xfe,
  0x22, 0xeb, 0xf8, 0xf6, 0x3f, 0x50, 0xf1, 0x30, 0x98, 0xcf, 0xff, 0x31,
  0xf1, 0xf8, 0xd7, 0xe5, 0x16, 0x3e, 0x20, 0x2a, 0x5d, 0x32, 0xfa, 0x3b,
  0xd2, 0xd7, 0x0a, 0xf6, 0x1a, 0x4a, 0x94, 0xc3, 0x1d, 0x01, 0x05, 0xa5,
  0x18, 0x27, 0xe0, 0xf1, 0x28, 0xef, 0x53, 0xdf, 0xb9, 0xf1, 0x49, 0x41,
  0x05, 0x37, 0xda, 0xe2, 0x73, 0xfb, 0x58, 0x0c, 0x15, 0x24, 0xda, 0xe6,
  0xce, 0xd1, 0xbc, 0x91, 0xdc, 0xfb, 0x0d, 0xc7, 0xc2, 0xf7, 0x07, 0xbf,
  0xf1, 0x81, 0x24, 0xb4, 0x47, 0xda, 0xdf, 0x35, 0xc1, 0x9f, 0x4c, 0xdc,
  0x05, 0x9f, 0xc3, 0xaa, 0x08, 0xef, 0x2f, 0xdb, 0x11, 0xc9, 0x28, 0xd9,
  0x83, 0xae, 0x66, 0x35, 0xf3, 0xcf, 0xb7, 0xfa, 0x5c, 0xc7, 0x31, 0x3d,
  0x24, 0xcd, 0xfb, 0xda, 0xed, 0xdc, 0x1f, 0x1a, 0xef, 0x60, 0x0f, 0x1a,
  0x10, 0x12, 0x11, 0xfa, 0xa8, 0xfd, 0xff, 0xff, 0x6e, 0xfb, 0xff, 0xff,
  0x6d, 0x05, 0x00, 0x00, 0x43, 0xfe, 0xff, 0xff, 0x96, 0x00, 0x00, 0x00,
  0xc8, 0xe8, 0xff, 0xff, 0x2e, 0xfb, 0xff, 0xff, 0x2c, 0x0b, 0x00, 0x00,
  0xa7, 0x01, 0x00, 0x00, 0x89, 0x05, 0x00, 0x00, 0xc0, 0x02, 0x00, 0x00,
  0x85, 0xee, 0xff, 0xff, 0xb6, 0x03, 0x00, 0x00, 0xd4, 0xe8, 0xff, 0xff,
  0x9a, 0xf6, 0xff, 0xff, 0x69, 0x08, 0x00, 0x00, 0xf4, 0x00, 0x00, 0x00,
  0x04, 0x17, 0x00, 0x00, 0x23, 0xfb, 0xff, 0xff, 0x4a, 0x19, 0x00, 0x00,
  0xe2, 0x0d, 0x00, 0x00, 0xc8, 0xfb, 0xff, 0xff, 0x92, 0x02, 0x00, 0x00,
  0xd7, 0x02, 0x00, 0x00, 0x9b, 0x0e, 0x00, 0x00, 0xa6, 0xfa, 0xff, 0xff,
  0x72, 0x17, 0x00, 0x00, 0x76, 0xf9, 0xff, 0xff, 0x7c, 0x07, 0x00, 0x00,
  0xed, 0xf0, 0xff, 0xff, 0x7d, 0x01, 0x00, 0x00, 0x28, 0x0d, 0x00, 0x00,
  0xff, 0xca, 0x18, 0x00, 0x89, 0x5b, 0x17, 0x00, 0x21, 0x9c, 0x17, 0x00,
  0x4d, 0xff, 0x18, 0x00, 0x8d, 0x39, 0x16, 0x00, 0xa1, 0xe8, 0x18, 0x00,
  0xbb, 0xc8, 0x18, 0x00, 0xd5, 0x60, 0x17, 0x00, 0xc7, 0xb8, 0x17, 0x00,
  0xad, 0xe8, 0x18, 0x00, 0xcf, 0x9c, 0x17, 0x00, 0xbf, 0x67, 0x17, 0x00,
  0x3f, 0xfe, 0x18, 0x00, 0x51, 0x46, 0x16, 0x00, 0xe5, 0x20, 0x15, 0x00,
  0xf1, 0x1d, 0x15, 0x00, 0xd9, 0xe0, 0x17, 0x00, 0xa7, 0x79, 0x17, 0x00,
  0x1f, 0x3d, 0x16, 0x00, 0x7b, 0xcb, 0x18, 0x00, 0xa3, 0x2a, 0x16, 0x00,
  0xf5, 0xb7, 0x17, 0x00, 0x09, 0x92, 0x17, 0x00, 0xa5, 0x95, 0x17, 0x00,
  0x7b, 0xef, 0x18, 0x00, 0x43, 0x37, 0x16, 0x00, 0x7d, 0xcd, 0x18, 0x00,
  0x07, 0x88, 0x17, 0x00, 0x87, 0x60, 0x17, 0x00, 0x03, 0xaa, 0x18, 0x00,
  0xd3, 0x16, 0x14, 0x00, 0x39, 0x61, 0x16, 0x00, 0x55, 0x08, 0x37, 0x50,
  0xde, 0xf5, 0xcc, 0xf4, 0x39, 0xda, 0xff, 0x02, 0x00, 0x03, 0x1c, 0x19,
  0x39, 0xf6, 0xc6, 0xf2, 0x21, 0xf0, 0x12, 0x55, 0x42, 0xe8, 0xf8, 0xf4,
  0xca, 0xba, 0x08, 0x34, 0x65, 0xff, 0x24, 0xee, 0x13, 0xb0, 0x51, 0x9a,
  0x4f, 0xba, 0xcd, 0x6a, 0x0a, 0x41, 0x4f, 0xf3, 0x6d, 0xc3, 0x32, 0x4f,
  0x18, 0x08, 0x4e, 0xe6, 0xbb, 0x55, 0xde, 0x23, 0xfa, 0xc0, 0x21, 0xb1,
  0x7f, 0xae, 0x35, 0x48, 0xcb, 0x97, 0xfb, 0x25, 0x81, 0x22, 0xe6, 0x3f,
  0xd3, 0xbf, 0x31, 0xc1, 0x4f, 0xac, 0x32, 0x01, 0x0a, 0x9d, 0x53, 0xee,
  0x44, 0x29, 0x5d, 0xf5, 0xd8, 0xe3, 0x94, 0x33, 0x4c, 0xb1, 0x2d, 0x39,
  0xe2, 0x15, 0x31, 0xe9, 0xda, 0x50, 0xff, 0x65, 0xa9, 0x25, 0x42, 0xfa,
  0x9b, 0x1f, 0xe7, 0x13, 0x81, 0xe3, 0x00, 0xc5, 0xf8, 0x0d, 0xdb, 0x5b,
  0xd5, 0xd1, 0xf0, 0x2c, 0x90, 0x21, 0x63, 0x37, 0x19, 0xec, 0xaa, 0xe6,
  0x44, 0x00, 0x21, 0xfb, 0x19, 0x08, 0x0b, 0xf1, 0x0b, 0xad, 0xcf, 0xf0,
  0x34, 0x09, 0xe5, 0x0a, 0x12, 0xcf, 0xa8, 0xe1, 0xe3, 0x0d, 0xae, 0x1e,
  0xd1, 0xed, 0x05, 0x92, 0x1c, 0xdc, 0x40, 0xe4, 0x07, 0xea, 0xcd, 0x03,
  0x55, 0x3a, 0xf8, 0x03, 0xb4, 0x2d, 0x4b, 0x15, 0x26, 0xef, 0x17, 0xd3,
  0x21, 0x04, 0x4a, 0x71, 0xb6, 0xec, 0x53, 0x1f, 0xbb, 0x1b, 0xa5, 0x9d,
  0x02, 0x3b, 0x03, 0xc0, 0x08, 0xcd, 0xc9, 0x10, 0xd9, 0x9f, 0xdb, 0xff,
  0xbb, 0x0e, 0xc5, 0x81, 0x17, 0x13, 0xfa, 0x19, 0x35, 0x0a, 0xee, 0xd5,
  0xd8, 0xdc, 0xf8, 0x81, 0xc9, 0x12, 0xeb, 0xe7, 0x57, 0x0d, 0x23, 0xfa,
  0x0c, 0xc7, 0x64, 0x1c, 0xc6, 0x5f, 0xde, 0xcc, 0xf6, 0x19, 0xec, 0x4c,
  0xc2, 0x9f, 0x0d, 0x33, 0x21, 0xe7, 0xe9, 0x03, 0xc6, 0xd9, 0x81, 0x2a,
  0x17, 0x3e, 0x1a, 0xb2, 0xe3, 0xfc, 0xe6, 0xd6, 0x37, 0xf4, 0x42, 0x21,
  0x22, 0x66, 0xa1, 0x10, 0x1c, 0xdf, 0x62, 0xad, 0xd1, 0xb3, 0x13, 0x05,
  0x2a, 0xe7, 0x34, 0x39, 0xfd, 0xc5, 0xc3, 0x01, 0xd7, 0xc4, 0xac, 0x04,
  0xeb, 0x81, 0xe4, 0x20, 0xe8, 0xef, 0x99, 0xd3, 0xc1, 0xce, 0x20, 0x1b,
  0x18, 0x0a, 0xcc, 0xf2, 0xd4, 0x81, 0xbe, 0xda, 0x5b, 0x45, 0xcf, 0xd3,
  0xfb, 0x7f, 0xe7, 0x40, 0xc6, 0xd9, 0xc8, 0xd3, 0xb9, 0xe9, 0x6f, 0x42,
  0x0e, 0x58, 0xa9, 0x2a, 0x5b, 0x0e, 0x02, 0x28, 0xef, 0xe8, 0x9d, 0x0c,
  0xa6, 0x90, 0x49, 0x69, 0x22, 0x3a, 0xdb, 0xb0, 0xb5, 0xc9, 0xff, 0x11,
  0xe1, 0x36, 0xa3, 0xb7, 0xab, 0x9d, 0x4a, 0x0b, 0x08, 0x6b, 0xc5, 0xaa,
  0x12, 0xc1, 0x37, 0x0b, 0x26, 0xfc, 0xab, 0x00, 0x42, 0xf1, 0x32, 0x4a,
  0x4f, 0xb5, 0xd4, 0x13, 0xff, 0xe2, 0xe9, 0x4c, 0x12, 0x29, 0x11, 0xc0,
  0x24, 0x26, 0x36, 0x1f, 0xb3, 0xbb, 0x20, 0xae, 0xee, 0xe8, 0x31, 0x86,
  0xe7, 0xd0, 0xb3, 0xc2, 0xee, 0xcf, 0x3d, 0xa0, 0xc6, 0x94, 0xf7, 0x19,
  0x53, 0x14, 0x29, 0xed, 0x1a, 0x6a, 0x2d, 0xd9, 0xda, 0xcb, 0xe1, 0xc7,
  0x23, 0xbe, 0x74, 0x4c, 0x3d, 0xba, 0x40, 0xeb, 0x2a, 0x37, 0xde, 0x04,
  0x19, 0x0e, 0xfd, 0xee, 0xd9, 0xca, 0x18, 0xb6, 0xf1, 0x58, 0x11, 0x8f,
  0xe2, 0x12, 0x2e, 0x2a, 0xd5, 0x0e, 0x14, 0xed, 0x2f, 0x01, 0x25, 0x1d,
  0x60, 0x4c, 0xdc, 0x43, 0x4d, 0x41, 0x00, 0xeb, 0xfe, 0xcb, 0x2f, 0xcf,
  0x83, 0x2f, 0xb8, 0xf5, 0xf7, 0xdd, 0xa8, 0xc0, 0xdb, 0x1f, 0x55, 0xe0,
  0x38, 0xed, 0x24, 0xd9, 0x75, 0xe9, 0x2b, 0x97, 0xbd, 0x46, 0x3d, 0xd4,
  0x19, 0xd7, 0xbd, 0x39, 0x69, 0x28, 0xf2, 0x28, 0x25, 0xfb, 0xae, 0xce,
  0xfc, 0x2f, 0xed, 0xc9, 0x1b, 0xd6, 0xf4, 0x5c, 0xfc, 0xd8, 0x05, 0x23,
  0xca, 0x2b, 0x9a, 0xf0, 0xd6, 0x37, 0x60, 0x20, 0xde, 0x28, 0xe7, 0x21,
  0xe8, 0xea, 0x62, 0xea, 0xe3, 0x31, 0xe5, 0x48, 0xb2, 0xe8, 0x3f, 0x11,
  0xf3, 0x32, 0xe1, 0x29, 0xbc, 0xc5, 0xde, 0x04, 0x0f, 0x4e, 0x96, 0x0b,
  0xd5, 0x97, 0x2a, 0x35, 0xe9, 0x44, 0xe9, 0x45, 0xd4, 0xc3, 0xd8, 0xf0,
  0xd4, 0xab, 0xdf, 0xef, 0x3f, 0x1f, 0xe1, 0xb9, 0xd7, 0xd7, 0xc1, 0x01,
  0xf9, 0x0d, 0x46, 0xe6, 0xd2, 0xec, 0xcf, 0x22, 0x41, 0x26, 0x9f, 0xe9,
  0x18, 0x49, 0xc3, 0xdb, 0xb7, 0xb5, 0x30, 0x16, 0xec, 0xbb, 0xfe, 0x51,
  0xd0, 0xf0, 0xd7, 0xe1, 0x46, 0x0a, 0xaa, 0xfa, 0xab, 0xa6, 0x07, 0xf6,
  0xd3, 0x13, 0x6d, 0x43, 0x29, 0x2c, 0xba, 0x87, 0xbc, 0x6c, 0xe4, 0x22,
  0x3e, 0xe5, 0x08, 0xb6, 0x03, 0x4d, 0xf6, 0x3e, 0x02, 0xed, 0x01, 0xec,
  0xd2, 0xf7, 0xd5, 0x3f, 0x10, 0x19, 0x12, 0xa8, 0x60, 0x62, 0x51, 0xf9,
  0x7f, 0xdb, 0x65, 0x30, 0x54, 0x58, 0x56, 0x0c, 0x17, 0x22, 0x19, 0xd1,
  0x7c, 0x4e, 0x04, 0x2a, 0x35, 0x4b, 0x45, 0x15, 0xf2, 0x46, 0xbc, 0x4f,
  0xd6, 0xbd, 0x23, 0x1e, 0x09, 0xbe, 0xb9, 0x33, 0x4a, 0x08, 0xba, 0xcf,
  0xc1, 0x13, 0xa1, 0x4f, 0x0f, 0xbf, 0x28, 0xda, 0x31, 0x31, 0x67, 0xfb,
  0x5f, 0x2a, 0x43, 0x65, 0x15, 0xc4, 0xca, 0xf6, 0x30, 0x28, 0x5f, 0xc7,
  0xd0, 0x29, 0xcf, 0x8c, 0xe2, 0x17, 0xf1, 0x48, 0x45, 0xe6, 0xa9, 0x07,
  0x1a, 0xc5, 0x0e, 0xf4, 0xf4, 0xdf, 0xd1, 0x18, 0xdf, 0x09, 0x3c, 0x30,
  0x0c, 0xd8, 0x92, 0x2f, 0x1f, 0xfa, 0x19, 0xda, 0x42, 0xdc, 0x2b, 0x4f,
  0xa5, 0x14, 0xfc, 0xe5, 0x0f, 0x40, 0xcb, 0x9b, 0x23, 0x2e, 0x37, 0xde,
  0x40, 0x18, 0xe5, 0x22, 0xfc, 0x4c, 0x28, 0x00, 0x54, 0x2f, 0x18, 0x2e,
  0x29, 0x27, 0x2c, 0x23, 0x1b, 0xbb, 0xf0, 0xe2, 0x55, 0xbf, 0xf3, 0xe2,
  0xd9, 0xab, 0x81, 0xa6, 0x43, 0x17, 0xed, 0x22, 0xe2, 0x84, 0xe4, 0xdf,
  0x3a, 0x42, 0xde, 0x23, 0x4a, 0xd2, 0xcb, 0xbd, 0x20, 0x55, 0xd4, 0x0a,
  0x7f, 0xfe, 0xf8, 0xe3, 0x3c, 0xf3, 0x96, 0x62, 0x61, 0x03, 0x03, 0xec,
  0x30, 0x5b, 0xcc, 0x37, 0x10, 0xf8, 0x79, 0xff, 0x30, 0xc9, 0x12, 0xd4,
  0xef, 0xff, 0x30, 0xb0, 0x0e, 0x48, 0xee, 0x31, 0xba, 0xe6, 0x6b, 0x1e,
  0xdc, 0x3c, 0x1b, 0x1b, 0x16, 0xe7, 0x26, 0x82, 0x21, 0x40, 0x9a, 0x07,
  0xf8, 0xfa, 0xea, 0x0e, 0x31, 0x0b, 0x0d, 0x07, 0x67, 0xea, 0xfe, 0xb3,
  0x49, 0x26, 0xa1, 0x7d, 0xfd, 0x31, 0xed, 0x02, 0xc7, 0xc9, 0x24, 0x67,
  0xf9, 0xab, 0xf3, 0x42, 0x53, 0x02, 0x24, 0xf9, 0xe3, 0xc4, 0xef, 0xee,
  0x16, 0xef, 0x08, 0x38, 0xd0, 0xb4, 0x07, 0x7f, 0x29, 0x47, 0xa5, 0x36,
  0x0b, 0x06, 0xef, 0x2a, 0x1e, 0x26, 0x18, 0xe8, 0x2e, 0x21, 0x52, 0xec,
  0xc9, 0x68, 0xcf, 0xc5, 0x4e, 0x46, 0x27, 0xd0, 0x47, 0x6d, 0xe5, 0x81,
  0x09, 0x14, 0x0b, 0x1b, 0xce, 0x0b, 0x23, 0x34, 0x05, 0x08, 0xa8, 0x57,
  0x37, 0x59, 0xb1, 0x65, 0xca, 0x13, 0x03, 0x51, 0xf7, 0x1f, 0xa2, 0x78,
  0xa6, 0x04, 0xa5, 0x16, 0xc2, 0x86, 0x64, 0xd6, 0x58, 0x9a, 0x8b, 0x1c,
  0xbb, 0x30, 0xde, 0xfd, 0x1b, 0x1f, 0x01, 0x14, 0x22, 0xe7, 0x26, 0x9a,
  0x11, 0xaf, 0x95, 0xf7, 0xda, 0xfe, 0xf5, 0x3f, 0xbf, 0xd3, 0x13, 0x2e,
  0x3f, 0x17, 0x22, 0xf9, 0xde, 0x1e, 0xe8, 0x4b, 0x43, 0x55, 0xc4, 0x7f,
  0xa5, 0xf3, 0xfd, 0xac, 0x81, 0x16, 0x37, 0x38, 0x26, 0x52, 0xe2, 0x07,
  0xe1, 0xfb, 0x34, 0xc8, 0x4f, 0x29, 0x32, 0xcc, 0xce, 0x0e, 0x03, 0xa1,
  0x09, 0x14, 0x00, 0x00, 0x79, 0x29, 0x00, 0x00, 0x17, 0xf9, 0xff, 0xff,
  0x11, 0x02, 0x00, 0x00, 0xed, 0xef, 0xff, 0xff, 0x0c, 0x08, 0x00, 0x00,
  0x51, 0x0e, 0x00, 0x00, 0xb3, 0x1c, 0x00, 0x00, 0x61, 0xf7, 0xff, 0xff,
  0x1f, 0xee, 0xff, 0xff, 0xff, 0xf4, 0xff, 0xff, 0x6c, 0xe5, 0xff, 0xff,
  0x08, 0xf9, 0xff, 0xff, 0xa7, 0x23, 0x00, 0x00, 0xb3, 0xff, 0xff, 0xff,
  0xbe, 0xec, 0xff, 0xff, 0x11, 0x08, 0x12, 0x00, 0xe9, 0x43, 0x15, 0x00,
  0x2d, 0xe4, 0x17, 0x00, 0x03, 0xfe, 0x17, 0x00, 0x33, 0x8f, 0x16, 0x00,
  0x3d, 0xe3, 0x17, 0x00, 0xdd, 0x85, 0x16, 0x00, 0x83, 0xfd, 0x17, 0x00,
  0x7d, 0xff, 0x17, 0x00, 0x6f, 0x8a, 0x16, 0x00, 0xf5, 0x37, 0x15, 0x00,
  0x89, 0x59, 0x15, 0x00, 0x49, 0x6b, 0x16, 0x00, 0x31, 0x02, 0x10, 0x00,
  0xf3, 0xfd, 0x17, 0x00, 0x7b, 0x3e, 0x15, 0x00, 0x85, 0xc9, 0xc2, 0x1b,
  0xe8, 0x01, 0x23, 0x3d, 0x96, 0xe0, 0x82, 0x50, 0xb2, 0x81, 0xef, 0x7f,
  0x7f, 0x16, 0x21, 0x6c, 0x81, 0x87, 0x9d, 0x65, 0x9d, 0xba, 0xbc, 0xcd,
  0x29, 0xac, 0x7f, 0x3e, 0x33, 0x81, 0xdc, 0x4a, 0x09, 0xf0, 0xcd, 0x54,
  0x78, 0x49, 0x7f, 0x7f, 0x8c, 0xcc, 0x9c, 0xfa, 0x2e, 0xf9, 0x38, 0xe3,
  0x18, 0xa5, 0x6a, 0xd3, 0x4f, 0xea, 0x62, 0x3e, 0x12, 0xf4, 0xc3, 0xc8,
  0x35, 0x2d, 0x7e, 0x2b, 0xfe, 0x03, 0xd7, 0xe7, 0x4a, 0xd6, 0x26, 0x37,
  0x81, 0xf5, 0xf9, 0x00, 0x32, 0xc7, 0xdc, 0x3b, 0x9d, 0x02, 0xd1, 0xe5,
  0xd7, 0x05, 0x81, 0x7f, 0x9a, 0xbc, 0x08, 0x81, 0x55, 0xa7, 0x87, 0x2c,
  0xcf, 0x27, 0x81, 0xf3, 0x7f, 0x12, 0x96, 0xe6, 0xa3, 0x7f, 0x99, 0x09,
  0x0b, 0x47, 0xbd, 0x57, 0xbc, 0x3c, 0xdb, 0x8c, 0x28, 0xe8, 0x8d, 0xf1,
  0xfa, 0x49, 0x98, 0x3d, 0x2d, 0x52, 0x9f, 0x9a, 0xe5, 0x69, 0xa1, 0x31,
  0x36, 0x7f, 0xb0, 0x8c, 0xe9, 0x4e, 0xb9, 0xab, 0xd2, 0x65, 0xd2, 0xb3,
  0x06, 0xd7, 0xc6, 0x9e, 0xae, 0x7f, 0xc5, 0xfe, 0x7f, 0x0f, 0x1e, 0x19,
  0x26, 0x2f, 0x69, 0x35, 0x28, 0xd1, 0x2b, 0x2e, 0xfc, 0x3d, 0x4d, 0x81,
  0xef, 0x81, 0x81, 0xab, 0x81, 0x4b, 0xfb, 0xef, 0x3c, 0xa8, 0xd5, 0x30,
  0xea, 0xfb, 0x7f, 0x65, 0x1d, 0xa2, 0x11, 0x73, 0x06, 0xff, 0x4c, 0x8c,
  0xcf, 0xa9, 0x8a, 0x03, 0xc9, 0x1c, 0x61, 0xfc, 0xcb, 0x96, 0xb8, 0x3b,
  0x1d, 0xc3, 0x78, 0x45, 0xdc, 0xbb, 0x31, 0x7f, 0xee, 0x23, 0xf8, 0xc1,
  0x4e, 0xb2, 0x81, 0x81, 0x59, 0x36, 0xec, 0x81, 0x48, 0xc9, 0x23, 0xcf,
  0x4a, 0x7f, 0xee, 0xe8, 0x2f, 0x82, 0xb0, 0x6a, 0x81, 0x0d, 0xd7, 0xdc,
  0x7f, 0xc4, 0x97, 0xe9, 0x03, 0x9c, 0xbb, 0x99, 0x17, 0x91, 0x87, 0xf6,
  0x3a, 0x13, 0xd0, 0xe5, 0xe4, 0xe4, 0xe4, 0x63, 0xa4, 0x2a, 0xc4, 0x1f,
  0x40, 0xd7, 0x0a, 0x1d, 0x82, 0x8b, 0x8c, 0x18, 0xfa, 0x81, 0xf6, 0x23,
  0x86, 0xcd, 0x81, 0xf1, 0xe4, 0x96, 0xd3, 0x53, 0x00, 0x7d, 0x00, 0x00,
  0x00, 0xca, 0xff, 0xff, 0x80, 0x97, 0x00, 0x00, 0x00, 0x71, 0x00, 0x00,
  0x00, 0xf3, 0xff, 0xff, 0x00, 0x82, 0xff, 0xff, 0x00, 0xf6, 0xff, 0xff,
  0x00, 0x07, 0x00, 0x00, 0x00, 0x4a, 0x00, 0x00, 0x80, 0xa9, 0xff, 0xff,
  0x00, 0x4a, 0x00, 0x00, 0x80, 0xdc, 0x00, 0x00, 0x80, 0x80, 0xff, 0xff,
  0x80, 0x06, 0xff, 0xff, 0x80, 0xcd, 0xff, 0xff, 0x80, 0x97, 0x00, 0x00,
  0x00, 0xf1, 0xff, 0xff, 0x80, 0xa1, 0xff, 0xff, 0x00, 0xbe, 0xff, 0xff,
  0x80, 0xb6, 0x00, 0x00, 0x80, 0x6c, 0xff, 0xff, 0x80, 0x38, 0xff, 0xff,
  0x80, 0xcb, 0xff, 0xff, 0x80, 0xd6, 0x00, 0x00, 0x00, 0xb5, 0x00, 0x00,
  0x80, 0x5c, 0x00, 0x00, 0x00, 0xdb, 0xfe, 0xff, 0x00, 0xc0, 0xff, 0xff,
  0x00, 0x7b, 0xff, 0xff, 0x00, 0xf1, 0x00, 0x00, 0x80, 0xf3, 0xfe, 0xff,
  0x80, 0xd0, 0xff, 0xff, 0x80, 0xde, 0x00, 0x00, 0x80, 0x2d, 0x00, 0x00,
  0x80, 0x9c, 0xfe, 0xff, 0x80, 0x38, 0x00, 0x00, 0x00, 0xd7, 0xfe, 0xff,
  0x80, 0xca, 0x00, 0x00, 0x80, 0xdc, 0xfe, 0xff, 0x80, 0x83, 0xff, 0xff,
  0x00, 0x99, 0x00, 0x00, 0x00, 0xd1, 0xff, 0xff, 0x80, 0x2e, 0xff, 0xff,
  0x00, 0xad, 0x00, 0x00, 0x00, 0xf3, 0xfe, 0xff, 0x80, 0x4a, 0x00, 0x00,
  0x80, 0x63, 0xff, 0xff, 0x00, 0x77, 0xff, 0xff, 0x80, 0xa9, 0xff, 0xff,
  0x80, 0x30, 0x00, 0x00, 0x00, 0xf6, 0x00, 0x00, 0x00, 0xd1, 0xff, 0xff,
  0x00, 0xdf, 0xff, 0xff, 0x80, 0xe2, 0xfe, 0xff, 0x00, 0x6d, 0xff, 0xff,
  0x80, 0x85, 0x00, 0x00, 0x80, 0x7c, 0xff, 0xff, 0x00, 0xba, 0x00, 0x00,
  0x00, 0xf6, 0x00, 0x00, 0x00, 0xc4, 0xff, 0xff, 0x80, 0x35, 0x00, 0x00,
  0x00, 0xbe, 0xfe, 0xff, 0x80, 0x74, 0xff, 0xff, 0x00, 0x78, 0x00, 0x00,
  0x80, 0x86, 0xff, 0xff, 0x00, 0xcb, 0x00, 0x00, 0x80, 0x63, 0x00, 0x00,
  0x80, 0xdd, 0xff, 0xff, 0x80, 0x7a, 0x00, 0x00, 0x00, 0x41, 0xff, 0xff,
  0x00, 0xbb, 0xff, 0xff, 0x80, 0x19, 0x00, 0x00, 0x00, 0x35, 0xff, 0xff,
  0x00, 0x9f, 0xff, 0xff, 0x80, 0x19, 0xff, 0xff, 0x00, 0xc1, 0xff, 0xff,
  0x00, 0x4c, 0x00, 0x00, 0x80, 0x13, 0xff, 0xff, 0x80, 0x6a, 0xff, 0xff,
  0x80, 0x6a, 0x00, 0x00, 0x80, 0x7d, 0xff, 0xff, 0x00, 0x0b, 0x00, 0x00,
  0x80, 0x02, 0xff, 0xff, 0x00, 0x56, 0xff, 0xff, 0x80, 0xae, 0x00, 0x00,
  0x00, 0x92, 0xfe, 0xff, 0x80, 0x14, 0xff, 0xff, 0x80, 0x47, 0x00, 0x00,
  0x80, 0x27, 0x00, 0x00, 0x00, 0x4a, 0x00, 0x00, 0x00, 0x9a, 0xff, 0xff,
  0x00, 0x42, 0xff, 0xff, 0x80, 0x9f, 0x00, 0x00, 0x00, 0x1b, 0xff, 0xff,
  0x00, 0x2b, 0xff, 0xff, 0x00, 0xfe, 0xff, 0xff, 0xdb, 0x80, 0x18, 0x00,
  0xa9, 0x29, 0x16, 0x00, 0xe1, 0x53, 0x18, 0x00, 0x9f, 0xdd, 0x19, 0x00,
  0x37, 0xa4, 0x18, 0x00, 0x75, 0x29, 0x17, 0x00, 0xbf, 0xe3, 0x19, 0x00,
  0x77, 0xd6, 0x19, 0x00, 0xf7, 0x4e, 0x17, 0x00, 0x9f, 0x49, 0x17, 0x00,
  0x0d, 0x35, 0x17, 0x00, 0x7b, 0x81, 0x18, 0x00, 0x19, 0x19, 0x16, 0x00,
  0x59, 0x36, 0x17, 0x00, 0x07, 0xdd, 0x19, 0x00, 0xf1, 0x1e, 0x16, 0x00,
  0xf9, 0x7e, 0x18, 0x00, 0xb3, 0xdb, 0x19, 0x00, 0xa5, 0x97, 0x19, 0x00,
  0xc3, 0xe2, 0x19, 0x00, 0xb1, 0x74, 0x17, 0x00, 0xbb, 0x4b, 0x17, 0x00,
  0xef, 0xfe, 0x19, 0x00, 0x1b, 0x85, 0x18, 0x00, 0xbf, 0xdf, 0x19, 0x00,
  0x09, 0x78, 0x18, 0x00, 0xff, 0x16, 0x16, 0x00, 0xb7, 0x9d, 0x18, 0x00,
  0xa3, 0x6d, 0x18, 0x00, 0xdf, 0x1b, 0x16, 0x00, 0x87, 0x30, 0x17, 0x00,
  0x5d, 0xfe, 0x19, 0x00, 0x74, 0x0d, 0xa8, 0x7f, 0xfc, 0xc8, 0x31, 0x6e,
  0x57, 0xa9, 0x0c, 0x78, 0x10, 0xc3, 0x4b, 0x40, 0xfa, 0x81, 0x45, 0x1f,
  0x58, 0x81, 0x4c, 0x5f, 0x6f, 0xe8, 0x81, 0x20, 0xcd, 0x16, 0x24, 0x81,
  0x7f, 0x03, 0xf7, 0x3e, 0x2a, 0xd5, 0x7f, 0x94, 0xda, 0xfd, 0x5f, 0xb9,
  0x7f, 0xf7, 0x4f, 0xb5, 0xc6, 0x0f, 0xc7, 0xf2, 0x91, 0xd3, 0xd9, 0xf5,
  0xfb, 0x5c, 0x01, 0x16, 0xed, 0x1a, 0xd1, 0x0d, 0x5c, 0x2d, 0x7c, 0xac,
  0x38, 0xec, 0xe1, 0x24, 0x92, 0x02, 0xe7, 0x24, 0xd3, 0xd8, 0xdb, 0x8d,
  0x95, 0x1f, 0x7f, 0x4a, 0x34, 0xec, 0x44, 0xa9, 0xd9, 0x3d, 0x20, 0x28,
  0x7f, 0xb1, 0x7f, 0xb6, 0xa1, 0x01, 0xcf, 0x25, 0xb3, 0x22, 0xc3, 0xe8,
  0x81, 0x81, 0x06, 0x4c, 0x71, 0xb1, 0x36, 0xa4, 0x0c, 0x11, 0x00, 0x0b,
  0x4b, 0x81, 0x44, 0x66, 0x1e, 0xdc, 0xe2, 0x6b, 0xc2, 0x19, 0xde, 0xae,
  0x21, 0xb5, 0x09, 0x7f, 0xa4, 0xd5, 0xd0, 0x34, 0x42, 0x2c, 0x19, 0x0d,
  0xc5, 0xd9, 0xe7, 0x7f, 0xa5, 0xad, 0xcf, 0x2b, 0xba, 0x78, 0xca, 0x81,
  0x7b, 0xe0, 0x0e, 0x01, 0xd7, 0x7f, 0xf6, 0x81, 0x40, 0x16, 0x4a, 0x7f,
  0x81, 0x3a, 0x44, 0xe5, 0xd2, 0xa6, 0xea, 0x17, 0xa7, 0xd2, 0xc4, 0xf1,
  0x7f, 0x1c, 0x10, 0x29, 0xc1, 0xdb, 0x13, 0xdd, 0x42, 0x70, 0x63, 0x7f,
  0xa7, 0xc6, 0x7f, 0xf4, 0xd9, 0x81, 0x3d, 0x36, 0xb8, 0x10, 0xef, 0x65,
  0x19, 0x03, 0x41, 0x5a, 0x08, 0xc2, 0x27, 0x0c, 0x28, 0xeb, 0x7f, 0x3b,
  0xfd, 0xad, 0x21, 0x6a, 0x7f, 0x00, 0x81, 0xcd, 0xb7, 0xe3, 0xd5, 0xfd,
  0x63, 0x39, 0x13, 0x81, 0x81, 0x5b, 0xd2, 0xbe, 0xcf, 0x33, 0x60, 0x98,
  0x27, 0x0b, 0xe9, 0xb9, 0x3a, 0x3e, 0xb7, 0x09, 0xb5, 0x7f, 0x27, 0xc3,
  0x4f, 0x7f, 0xed, 0xd6, 0xa1, 0x71, 0xda, 0x98, 0x16, 0x72, 0x25, 0x15,
  0xd4, 0x1c, 0xcc, 0x9e, 0xf3, 0xe9, 0xb1, 0x0d, 0xb3, 0x6f, 0x7f, 0x81,
  0xfa, 0x14, 0xf2, 0x28, 0xbb, 0x3c, 0x17, 0xdf, 0xd5, 0x0f, 0xfd, 0x1d,
  0xf1, 0xf2, 0xfb, 0x9a, 0xba, 0x2c, 0x00, 0x00, 0x00, 0x19, 0x00, 0x00,
  0x46, 0x05, 0x00, 0x00, 0xa6, 0xf5, 0xff, 0xff, 0x98, 0x08, 0x00, 0x00,
  0x86, 0xf2, 0xff, 0xff, 0x6a, 0x18, 0x00, 0x00, 0xe0, 0xca, 0xff, 0xff,
  0x34, 0x53, 0x00, 0x00, 0xbe, 0xf1, 0xff, 0xff, 0xe8, 0x03, 0x00, 0x00,
  0xf2, 0x2b, 0x00, 0x00, 0x20, 0x1c, 0x00, 0x00, 0xde, 0xc2, 0xff, 0xff,
  0x7a, 0x3f, 0x00, 0x00, 0x6a, 0xff, 0xff, 0xff, 0x8a, 0x4d, 0x00, 0x00,
  0x0e, 0xd4, 0xff, 0xff, 0xa0, 0xf6, 0xff, 0xff, 0xca, 0x3a, 0x00, 0x00,
  0x94, 0x2a, 0x00, 0x00, 0x7c, 0xca, 0xff, 0xff, 0x54, 0x56, 0x00, 0x00,
  0xfe, 0xf7, 0xff, 0xff, 0x2e, 0xf0, 0xff, 0xff, 0xa0, 0xdd, 0xff, 0xff,
  0x62, 0xf8, 0xff, 0xff, 0x76, 0x48, 0x00, 0x00, 0x14, 0xec, 0xff, 0xff,
  0x46, 0xd3, 0xff, 0xff, 0x04, 0xf7, 0xff, 0xff, 0x36, 0x10, 0x00, 0x00,
  0x2e, 0xbe, 0xff, 0xff, 0xfc, 0xef, 0xff, 0xff, 0x8e, 0x12, 0x00, 0x00,
  0xc2, 0x65, 0x00, 0x00, 0x40, 0x06, 0x00, 0x00, 0x20, 0xb8, 0xff, 0xff,
  0xe0, 0x15, 0x00, 0x00, 0x4e, 0xda, 0xff, 0xff, 0xfc, 0xa4, 0xff, 0xff,
  0x12, 0xfd, 0xff, 0xff, 0xc6, 0x11, 0x00, 0x00, 0x84, 0x35, 0x00, 0x00,
  0xda, 0x2f, 0x00, 0x00, 0x42, 0xc3, 0xff, 0xff, 0xc6, 0x2a, 0x00, 0x00,
  0x5c, 0xc7, 0xff, 0xff, 0xca, 0x21, 0x00, 0x00, 0x72, 0xed, 0xff, 0xff,
  0x94, 0x43, 0x00, 0x00, 0xf4, 0x4c, 0x00, 0x00, 0xd8, 0xc3, 0xff, 0xff,
  0x44, 0xcb, 0xff, 0xff, 0x8a, 0x1b, 0x00, 0x00, 0xaa, 0x1e, 0x00, 0x00,
  0x8a, 0x34, 0x00, 0x00, 0x48, 0xdb, 0xff, 0xff, 0x32, 0x4b, 0x00, 0x00,
  0x5a, 0x6e, 0x00, 0x00, 0x5c, 0x95, 0xff, 0xff, 0xd6, 0x06, 0x00, 0x00,
  0x52, 0x1c, 0x00, 0x00, 0xc8, 0xe7, 0xff, 0xff, 0x76, 0x2f, 0x00, 0x00,
  0x9a, 0xf7, 0xff, 0xff, 0xc8, 0x19, 0x00, 0x00, 0xb4, 0x46, 0x00, 0x00,
  0x72, 0xa2, 0xff, 0xff, 0x08, 0x20, 0x00, 0x00, 0x94, 0x11, 0x00, 0x00,
  0x02, 0xbd, 0xff, 0xff, 0xf2, 0x12, 0x00, 0x00, 0x86, 0x3d, 0x00, 0x00,
  0x82, 0xe2, 0xff, 0xff, 0xac, 0x0d, 0x00, 0x00, 0xc2, 0xb6, 0xff, 0xff,
  0x02, 0x53, 0x00, 0x00, 0x5c, 0x12, 0x00, 0x00, 0x76, 0x99, 0xff, 0xff,
  0x84, 0x35, 0x00, 0x00, 0x9e, 0x52, 0x00, 0x00, 0x2a, 0xe0, 0xff, 0xff,
  0x98, 0xd6, 0xff, 0xff, 0x50, 0x97, 0xff, 0xff, 0x44, 0x61, 0x00, 0x00,
  0x7c, 0xfc, 0xff, 0xff, 0x1e, 0x7e, 0xff, 0xff, 0xa0, 0x41, 0x00, 0x00,
  0x46, 0x50, 0x00, 0x00, 0xea, 0xf2, 0xff, 0xff, 0x94, 0xc6, 0xff, 0xff,
  0xc2, 0xb6, 0xff, 0xff, 0x9a, 0x42, 0x00, 0x00, 0x2a, 0xe0, 0xff, 0xff,
  0x4a, 0xb1, 0xff, 0xff, 0xe7, 0x04, 0x13, 0x00, 0xf7, 0xbb, 0x18, 0x00,
  0x5f, 0x48, 0x17, 0x00, 0xc1, 0xca, 0x18, 0x00, 0x3d, 0x25, 0x16, 0x00,
  0xdb, 0x48, 0x17, 0x00, 0x13, 0xb7, 0x18, 0x00, 0xdf, 0x94, 0x18, 0x00,
  0xa5, 0x2a, 0x16, 0x00, 0x7f, 0xaf, 0x18, 0x00, 0x91, 0x73, 0x17, 0x00,
  0xd5, 0xf8, 0x19, 0x00, 0x23, 0x20, 0x16, 0x00, 0x03, 0x54, 0x17, 0x00,
  0x09, 0x24, 0x16, 0x00, 0xc1, 0xf5, 0x19, 0x00, 0xf9, 0x1f, 0x16, 0x00,
  0x69, 0x59, 0x17, 0x00, 0xab, 0x5a, 0x17, 0x00, 0x6b, 0x96, 0x18, 0x00,
  0xfb, 0x8d, 0x18, 0x00, 0xbb, 0x9f, 0x18, 0x00, 0x83, 0x03, 0x12, 0x00,
  0x49, 0xe9, 0x19, 0x00, 0xa3, 0x0a, 0x14, 0x00, 0x03, 0x9d, 0x18, 0x00,
  0x2f, 0x64, 0x17, 0x00, 0x79, 0xa9, 0x18, 0x00, 0x4b, 0x8c, 0x18, 0x00,
  0x65, 0x71, 0x18, 0x00, 0xf5, 0xca, 0x18, 0x00, 0x8d, 0xc8, 0x19, 0x00,
  0x0e, 0xea, 0x3b, 0x03, 0x06, 0xcc, 0x50, 0x67, 0x7f, 0x0e, 0xb7, 0xd8,
  0x77, 0xe9, 0x1e, 0xe6, 0xc6, 0x14, 0x09, 0x0a, 0x7f, 0x37, 0xe7, 0xf0,
  0x13, 0xa5, 0xc7, 0x49, 0xd3, 0xfe, 0xf9, 0x13, 0x38, 0x25, 0xf8, 0x26,
  0xe9, 0x2c, 0xfc, 0xfa, 0x37, 0x1c, 0x9d, 0xd6, 0x84, 0x1f, 0x68, 0xf2,
  0xaa, 0xb4, 0xb6, 0xed, 0x98, 0x0b, 0xae, 0x99, 0xe3, 0x7f, 0x32, 0xf6,
  0x1c, 0xd2, 0x2c, 0x1e, 0xd7, 0x81, 0xdf, 0x9e, 0x59, 0xd9, 0x02, 0xea,
  0x76, 0x81, 0x3d, 0xfc, 0xe6, 0xba, 0x1e, 0xf1, 0x7f, 0xcd, 0x02, 0x31,
  0x21, 0x1c, 0xde, 0xb6, 0xc8, 0xf1, 0xa2, 0xdb, 0x06, 0x04, 0x81, 0xe6,
  0x6d, 0x81, 0x2b, 0xdc, 0x22, 0x31, 0xc6, 0x96, 0xe9, 0x2e, 0xfb, 0x3e,
  0x38, 0xb7, 0x57, 0x85, 0x99, 0x5e, 0x09, 0x64, 0xe5, 0x54, 0xae, 0x3f,
  0xcd, 0x10, 0xe8, 0xe6, 0x81, 0xde, 0x22, 0xdf, 0x54, 0xb6, 0x9b, 0x7f,
  0x4f, 0x04, 0x26, 0x1b, 0xc6, 0xf5, 0xf8, 0x72, 0x37, 0xdb, 0x0c, 0x78,
  0xbc, 0x49, 0xf4, 0xed, 0xc3, 0xbc, 0x31, 0xf0, 0x5c, 0x2f, 0x7f, 0x10,
  0x4d, 0xf9, 0xa7, 0xcb, 0x09, 0x31, 0x7f, 0x4a, 0x6c, 0x28, 0xf7, 0x24,
  0x60, 0xa7, 0x7f, 0x0b, 0xf1, 0xb2, 0xb8, 0x61, 0xaa, 0x81, 0x84, 0xab,
  0x10, 0xbd, 0xfe, 0xa0, 0x8e, 0x18, 0xd1, 0xcc, 0xc9, 0x4f, 0x0d, 0xe2,
  0xb9, 0x08, 0xc0, 0xc7, 0x13, 0xe0, 0xc4, 0xad, 0x1d, 0xe8, 0xa8, 0x35,
  0x49, 0xe3, 0x3d, 0xeb, 0x62, 0xfc, 0x3b, 0x32, 0x29, 0x76, 0x4e, 0x10,
  0x92, 0xf0, 0xbf, 0xe4, 0xa9, 0xc0, 0xe3, 0x8b, 0xdd, 0xee, 0xf8, 0xcf,
  0x3f, 0xe9, 0xbf, 0xff, 0x43, 0x08, 0xa0, 0x34, 0x46, 0x2c, 0x81, 0x13,
  0x12, 0x68, 0xf9, 0xaf, 0xff, 0xaf, 0xeb, 0x7f, 0x0e, 0x02, 0xa3, 0x00,
  0x48, 0x00, 0xae, 0xed, 0xd9, 0xc5, 0xc3, 0xb3, 0x35, 0x05, 0x7d, 0xae,
  0xb2, 0x7f, 0x11, 0x69, 0x1d, 0x42, 0xd0, 0x3c, 0x1a, 0xc3, 0x13, 0x33,
  0xad, 0x0f, 0xe9, 0x31, 0x7f, 0xf9, 0x46, 0x0f, 0x05, 0xd8, 0x32, 0x17,
  0x5c, 0xd3, 0xe2, 0xeb, 0x8e, 0x81, 0x46, 0xf3, 0x05, 0x81, 0xf2, 0xd1,
  0x1a, 0x0e, 0x23, 0x83, 0x47, 0x47, 0xfb, 0xa4, 0x61, 0xff, 0x74, 0xd2,
  0x81, 0x48, 0x30, 0x21, 0xfb, 0x1d, 0xfc, 0x37, 0xd3, 0x35, 0x44, 0xfe,
  0x35, 0xe0, 0xa3, 0x3e, 0x7f, 0x19, 0x11, 0xc4, 0x2a, 0xcd, 0x46, 0x94,
  0x34, 0x9a, 0x03, 0x3a, 0xe3, 0x0c, 0x22, 0x81, 0xe2, 0x41, 0x7f, 0x2e,
  0x3a, 0x4b, 0xec, 0x5e, 0xff, 0x1b, 0xfd, 0x61, 0x2c, 0x7a, 0x16, 0xe3,
  0xd8, 0x42, 0xf9, 0xcf, 0x07, 0x81, 0x18, 0xa5, 0x1b, 0xff, 0xe1, 0xea,
  0x3b, 0x04, 0x1f, 0xf3, 0x4d, 0xc1, 0x88, 0x19, 0x4e, 0xc0, 0x31, 0xd2,
  0x81, 0xbf, 0x45, 0x0b, 0x47, 0xb5, 0x75, 0xdb, 0x97, 0x6c, 0xad, 0x5c,
  0xa8, 0x53, 0x2a, 0x61, 0x45, 0xf7, 0xb0, 0x7f, 0x07, 0x24, 0x0f, 0x0b,
  0x2f, 0xff, 0x20, 0xf7, 0x2a, 0xe2, 0x05, 0xe3, 0xea, 0xed, 0x23, 0xf9,
  0x05, 0x25, 0xd9, 0xea, 0xb1, 0xb7, 0x11, 0x33, 0xef, 0x0d, 0x2e, 0xdb,
  0xb1, 0xdd, 0xe0, 0x3e, 0xf8, 0x2f, 0x7f, 0x20, 0xcf, 0x32, 0x23, 0xad,
  0xce, 0xce, 0xda, 0xb2, 0xdd, 0x0b, 0xae, 0xaa, 0xe1, 0x3a, 0xac, 0x81,
  0x6f, 0x24, 0xfb, 0x13, 0x1a, 0xe3, 0xfb, 0x5e, 0xa4, 0x0e, 0xfd, 0xf8,
  0x42, 0x2d, 0xe5, 0xec, 0x0a, 0x2a, 0xca, 0x55, 0x63, 0x45, 0xa8, 0xd4,
  0x56, 0xda, 0x7f, 0x2f, 0x19, 0xd9, 0xde, 0x52, 0xf4, 0xd3, 0xb6, 0xab,
  0xf5, 0xb2, 0x75, 0xa7, 0xb5, 0xee, 0x81, 0xbd, 0xc8, 0xde, 0x23, 0x2e,
  0x98, 0xf2, 0xce, 0x81, 0x17, 0xb8, 0x79, 0x0b, 0x32, 0x4f, 0x00, 0x00,
  0xf5, 0x44, 0x00, 0x00, 0x43, 0xf2, 0xff, 0xff, 0xeb, 0x13, 0x00, 0x00,
  0x7b, 0x7f, 0x00, 0x00, 0x8d, 0x01, 0x00, 0x00, 0xfd, 0x17, 0xff, 0xff,
  0x5c, 0xf8, 0xff, 0xff, 0xf5, 0x78, 0xff, 0xff, 0xcd, 0x07, 0x00, 0x00,
  0xa8, 0x63, 0x00, 0x00, 0x3d, 0x49, 0xff, 0xff, 0x45, 0xe1, 0xff, 0xff,
  0x24, 0x0d, 0x00, 0x00, 0xc2, 0x1e, 0x00, 0x00, 0x0e, 0xb5, 0xff, 0xff,
  0x52, 0xe2, 0xff, 0xff, 0x19, 0x54, 0x00, 0x00, 0xcf, 0x25, 0x00, 0x00,
  0x42, 0x42, 0x00, 0x00, 0xc5, 0xce, 0xff, 0xff, 0x0e, 0xc7, 0xff, 0xff,
  0x90, 0x4b, 0x00, 0x00, 0x6f, 0xd8, 0xff, 0xff, 0xd7, 0xbb, 0xff, 0xff,
  0xd7, 0x43, 0x00, 0x00, 0xcf, 0xf5, 0xff, 0xff, 0x7a, 0x74, 0x00, 0x00,
  0x79, 0x7b, 0x00, 0x00, 0x07, 0x8c, 0xff, 0xff, 0x9d, 0xd3, 0xff, 0xff,
  0xab, 0xc6, 0xff, 0xff, 0x77, 0x2d, 0x16, 0x00, 0xcd, 0x8a, 0x17, 0x00,
  0xd5, 0x47, 0x17, 0x00, 0xfb, 0x57, 0x17, 0x00, 0xad, 0x4e, 0x17, 0x00,
  0x1f, 0x33, 0x16, 0x00, 0x61, 0xfd, 0x19, 0x00, 0x57, 0xd5, 0x18, 0x00,
  0x8f, 0xfe, 0x19, 0x00, 0x01, 0xdb, 0x18, 0x00, 0x03, 0xf6, 0x19, 0x00,
  0x85, 0x10, 0x15, 0x00, 0xc7, 0xbf, 0x18, 0x00, 0xb1, 0xd5, 0x18, 0x00,
  0x1f, 0xac, 0x18, 0x00, 0xf7, 0xb9, 0x17, 0x00, 0x3f, 0x23, 0x16, 0x00,
  0xa7, 0xa0, 0x18, 0x00, 0xb9, 0x32, 0x16, 0x00, 0xd9, 0x71, 0x17, 0x00,
  0xd9, 0xb8, 0x18, 0x00, 0x99, 0xd7, 0x18, 0x00, 0xb7, 0x94, 0x18, 0x00,
  0xe5, 0x15, 0x15, 0x00, 0xbb, 0xa8, 0x18, 0x00, 0x51, 0x86, 0x17, 0x00,
  0x4f, 0xf9, 0x18, 0x00, 0x87, 0xaa, 0x18, 0x00, 0xa1, 0x11, 0x15, 0x00,
  0x67, 0x96, 0x18, 0x00, 0x69, 0xbf, 0x18, 0x00, 0x5b, 0x21, 0x16, 0x00,
  0xb0, 0x39, 0x23, 0x38, 0x81, 0xfb, 0x08, 0xf2, 0x1e, 0xed, 0xfb, 0x46,
  0x7f, 0xef, 0x5f, 0x48, 0x22, 0x13, 0x23, 0x29, 0xfd, 0x1c, 0x1b, 0xe5,
  0xbe, 0x7f, 0xbf, 0xaa, 0x05, 0xb3, 0xda, 0x71, 0x2c, 0x0f, 0xd9, 0xf7,
  0x57, 0xca, 0xf9, 0x04, 0xee, 0x0f, 0x15, 0xb5, 0xed, 0x16, 0x2d, 0xba,
  0x6e, 0x27, 0xbc, 0x3f, 0xb1, 0xeb, 0xde, 0xcd, 0x6e, 0x81, 0x85, 0x65,
  0x8b, 0xf8, 0x6b, 0xef, 0xf9, 0xb9, 0x17, 0x7f, 0x0a, 0x0a, 0xb0, 0x2f,
  0xe1, 0x69, 0x16, 0x4f, 0x13, 0xa9, 0x2d, 0x8a, 0xf2, 0xe3, 0x13, 0xde,
  0x15, 0x81, 0x92, 0xf4, 0xad, 0x19, 0xe3, 0xc0, 0x11, 0xf5, 0x46, 0x3d,
  0xb3, 0xef, 0x0a, 0x81, 0x02, 0xfe, 0x25, 0x42, 0xee, 0x23, 0xa4, 0x15,
  0xc0, 0xe8, 0xc3, 0x32, 0x0c, 0x23, 0x3d, 0xd2, 0xe2, 0xc5, 0xed, 0x5a,
  0xe2, 0x24, 0xed, 0xb5, 0xd1, 0x58, 0x19, 0xec, 0xe9, 0xf7, 0xe2, 0xee,
  0xfb, 0x2b, 0x1a, 0x39, 0xfb, 0x34, 0x3e, 0xc8, 0x10, 0x38, 0xdc, 0xce,
  0xd9, 0x37, 0x81, 0x2c, 0x2a, 0xc4, 0xb7, 0x0c, 0x63, 0x0d, 0x04, 0x25,
  0x22, 0xc5, 0x57, 0x23, 0xba, 0x40, 0xb5, 0x1c, 0x0a, 0xd6, 0xba, 0x81,
  0xdb, 0xf0, 0xd4, 0xdf, 0x81, 0x02, 0xff, 0x26, 0xdd, 0x7f, 0x24, 0xee,
  0x2a, 0x30, 0xe6, 0x54, 0x21, 0xee, 0x11, 0x59, 0x0e, 0xb9, 0x92, 0xfb,
  0x0f, 0x09, 0xae, 0x15, 0x5e, 0xf4, 0x0d, 0x14, 0x4f, 0x4d, 0x7f, 0xf5,
  0x0b, 0x43, 0x98, 0xb4, 0xf5, 0x01, 0xfd, 0xd7, 0x05, 0x19, 0xd2, 0xcb,
  0x5a, 0x23, 0x2b, 0xc5, 0x8c, 0x06, 0x32, 0x81, 0x05, 0x91, 0x3d, 0x91,
  0x15, 0x91, 0xfc, 0x95, 0x22, 0xac, 0x7f, 0xdb, 0xeb, 0x5f, 0x4c, 0xbc,
  0x95, 0xc8, 0x56, 0x54, 0x5d, 0xdc, 0x55, 0x7f, 0x32, 0xfa, 0x81, 0x34,
  0xee, 0xe8, 0xd7, 0x15, 0x4a, 0x68, 0x06, 0x81, 0x38, 0xef, 0x45, 0xbf,
  0xd1, 0xf3, 0x0e, 0xfd, 0x7f, 0x99, 0x9b, 0xe2, 0x12, 0x4d, 0x38, 0x29,
  0xfd, 0x15, 0x3e, 0x21, 0xf5, 0x6b, 0xb2, 0x25, 0x6d, 0xdb, 0x7f, 0xf6,
  0x0c, 0xe1, 0x1f, 0x22, 0x81, 0x21, 0xe3, 0xc7, 0xf5, 0x35, 0x7f, 0x77,
  0x4f, 0x4f, 0x19, 0xd0, 0x9a, 0x11, 0x7a, 0xec, 0x24, 0xd1, 0x8b, 0x43,
  0x09, 0x22, 0x0d, 0xbb, 0x37, 0x42, 0x77, 0xf4, 0x7f, 0xfc, 0x03, 0xc4,
  0x06, 0x45, 0x09, 0xc4, 0x4a, 0xec, 0xcf, 0x46, 0x6d, 0x04, 0xf2, 0xa7,
  0xab, 0xd2, 0xf2, 0x0a, 0xd9, 0xd7, 0xc9, 0x3b, 0x33, 0x43, 0xdf, 0x49,
  0xf9, 0x42, 0xf6, 0xd0, 0x17, 0xdd, 0x7f, 0xe6, 0x17, 0x4c, 0xd0, 0xce,
  0xb8, 0xdd, 0xe8, 0x33, 0x7d, 0xf3, 0xfb, 0xad, 0x20, 0xe4, 0x71, 0x81,
  0x10, 0xcf, 0x1d, 0xc2, 0xbc, 0xfd, 0xb6, 0xe1, 0x09, 0xae, 0xc5, 0x14,
  0x11, 0x4a, 0x4c, 0x28, 0xed, 0x59, 0x0d, 0xbb, 0x1c, 0xf0, 0xe5, 0x1e,
  0xe2, 0xe3, 0x32, 0x09, 0x23, 0x13, 0x19, 0xeb, 0xf8, 0x7f, 0x32, 0xdd,
  0xdf, 0x31, 0x32, 0xb5, 0xb5, 0x08, 0xeb, 0x01, 0x40, 0x0d, 0x30, 0x07,
  0x0b, 0x1c, 0x33, 0x4f, 0x4c, 0x9c, 0x60, 0x0b, 0xe6, 0x3d, 0xdc, 0xdc,
  0xa4, 0x38, 0xd7, 0xdc, 0x7f, 0x29, 0xe6, 0xf3, 0xe0, 0x81, 0x0d, 0xbc,
  0xe6, 0x5e, 0xfc, 0xa6, 0x2c, 0xe5, 0xee, 0xc5, 0xe5, 0xc6, 0x25, 0x43,
  0xa5, 0x7f, 0xfd, 0x21, 0x44, 0xc8, 0x4c, 0x34, 0x1c, 0xc9, 0xf9, 0x16,
  0xf4, 0xc6, 0x81, 0xdb, 0xbc, 0x31, 0x12, 0x81, 0x33, 0x3d, 0x3a, 0x3c,
  0xe5, 0x11, 0xd8, 0x3f, 0x1c, 0xb4, 0xcc, 0x38, 0x65, 0xeb, 0x81, 0x83,
  0x3e, 0xad, 0x11, 0xb6, 0xd2, 0x19, 0xe0, 0x10, 0x0b, 0xd5, 0xee, 0x1d,
  0x19, 0x7f, 0x00, 0xc9, 0x25, 0xba, 0xbb, 0x1b, 0x85, 0x05, 0x00, 0x00,
  0xae, 0xd8, 0xff, 0xff, 0xd3, 0xf8, 0xff, 0xff, 0xd6, 0xf0, 0xff, 0xff,
  0x9d, 0x19, 0x00, 0x00, 0x67, 0x1d, 0x00, 0x00, 0xc7, 0xdd, 0xff, 0xff,
  0x69, 0x08, 0x00, 0x00, 0x60, 0xf0, 0xff, 0xff, 0x4f, 0xec, 0xff, 0xff,
  0x0d, 0x32, 0x00, 0x00, 0x44, 0x12, 0x00, 0x00, 0xc9, 0x40, 0x00, 0x00,
  0x1f, 0x09, 0x00, 0x00, 0x19, 0xd9, 0xff, 0xff, 0xca, 0x0b, 0x00, 0x00,
  0x73, 0xd6, 0xff, 0xff, 0x9d, 0x0a, 0x00, 0x00, 0xde, 0xc8, 0xff, 0xff,
  0x91, 0xec, 0xff, 0xff, 0x2b, 0xec, 0xff, 0xff, 0x38, 0xd4, 0xff, 0xff,
  0x1a, 0x0d, 0x00, 0x00, 0x7d, 0x11, 0x00, 0x00, 0xdc, 0xf5, 0xff, 0xff,
  0xbc, 0xce, 0xff, 0xff, 0xdc, 0x3d, 0x00, 0x00, 0xad, 0xdc, 0xff, 0xff,
  0x27, 0xf3, 0xff, 0xff, 0xac, 0x1a, 0x00, 0x00, 0x0b, 0x0c, 0x00, 0x00,
  0x6a, 0x19, 0x00, 0x00, 0x83, 0x6a, 0x15, 0x00, 0x31, 0x8f, 0x16, 0x00,
  0xeb, 0x86, 0x16, 0x00, 0x71, 0xda, 0x17, 0x00, 0x01, 0x3c, 0x15, 0x00,
  0x4b, 0xa1, 0x16, 0x00, 0xa7, 0xea, 0x17, 0x00, 0x0f, 0x71, 0x16, 0x00,
  0x1f, 0x04, 0x11, 0x00, 0xa9, 0x60, 0x16, 0x00, 0x45, 0xc6, 0x16, 0x00,
  0x35, 0x40, 0x15, 0x00, 0xbb, 0xeb, 0x17, 0x00, 0x4f, 0x5e, 0x16, 0x00,
  0xb3, 0x0b, 0x13, 0x00, 0xc1, 0xe4, 0x17, 0x00, 0x1f, 0xba, 0x17, 0x00,
  0x09, 0x7e, 0x16, 0x00, 0x51, 0x6b, 0x16, 0x00, 0x95, 0xfe, 0x17, 0x00,
  0x8b, 0x0a, 0x12, 0x00, 0xb9, 0xb5, 0x17, 0x00, 0x15, 0x67, 0x16, 0x00,
  0x4f, 0xd7, 0x17, 0x00, 0x5b, 0x28, 0x14, 0x00, 0x3b, 0x5f, 0x16, 0x00,
  0x5f, 0x5c, 0x15, 0x00, 0x9f, 0x03, 0x11, 0x00, 0x51, 0x42, 0x15, 0x00,
  0x69, 0xdf, 0x17, 0x00, 0x6b, 0xb7, 0x17, 0x00, 0x11, 0xf9, 0x17, 0x00,
  0xff, 0xff, 0x00, 0x00, 0x00, 0x00, 0x00, 0x00, 0x01, 0x00, 0x00, 0x00,
  0x00, 0x00, 0x00, 0x00, 0x00, 0x01, 0x00, 0x00, 0x00, 0x00, 0x00, 0x00,
  0x00, 0x00, 0x01, 0x00, 0x00, 0x00, 0x00, 0x00, 0x00, 0x00, 0x00, 0x01,
  0x00, 0x00, 0x00, 0x00, 0x00, 0x00, 0x00, 0x00, 0x01, 0x00, 0x00, 0x00,
  0x00, 0x00, 0x00, 0x00, 0x00, 0x01, 0x00, 0x00, 0x00, 0x00, 0x00, 0x00,
  0x00, 0x00, 0x01, 0x00, 0x00, 0x00, 0x00, 0x00, 0x00, 0x00, 0x00, 0x01,
  0x3a, 0xa1, 0xff, 0xff, 0x10, 0xc1, 0xff, 0xa9, 0x36, 0xd6, 0xe3, 0x70,
  0x40, 0xe4, 0xf6, 0x4a, 0x94, 0xed, 0xc7, 0x31, 0xc4, 0xf3, 0x0e, 0x21,
  0xe0, 0xf7, 0xf3, 0x15, 0x9a, 0xfa, 0x94, 0x0e, 0x6a, 0xfc, 0xae, 0x09,
  0x9e, 0xfd, 0x6e, 0x06, 0x6a, 0xfe, 0x45, 0x04, 0xf2, 0xfe, 0xd6, 0x02,
  0x4e, 0xff, 0xe2, 0x01, 0x8a, 0xff, 0x40, 0x01, 0xb2, 0xff, 0xd4, 0x00,
  0xcc, 0xff, 0x8d, 0x00, 0xdc, 0xff, 0x5e, 0x00, 0xea, 0xff, 0x3e, 0x00,
  0xf2, 0xff, 0x29, 0x00, 0xf6, 0xff, 0x1b, 0x00, 0xfa, 0xff, 0x12, 0x00,
  0xfc, 0xff, 0x0c, 0x00, 0xfe, 0xff, 0x08, 0x00, 0xfe, 0xff, 0x05, 0x00,
  0xfe, 0xff, 0x04, 0x00, 0x00, 0x00, 0x02, 0x00, 0xfe, 0xff, 0x02, 0x00,
  0x00, 0x00, 0x01, 0x00, 0x00, 0x00, 0x01, 0x00, 0x00, 0x00, 0x00, 0x00,
  0x00, 0x00, 0x00, 0x00, 0x00, 0x00, 0x00, 0x00, 0x00, 0x00, 0x00, 0x00,
  0x00, 0x00, 0x00, 0x00, 0x00, 0x00, 0x00, 0x00, 0x00, 0x00, 0x00, 0x00,
  0x00, 0x00, 0x00, 0x00, 0x00, 0x00, 0x00, 0x00, 0x00, 0x00, 0x00, 0x00,
  0x00, 0x00, 0x00, 0x00, 0x00, 0x00, 0x00, 0x00, 0x00, 0x00, 0x00, 0x00,
  0x00, 0x00, 0x00, 0x00, 0x00, 0x00, 0x00, 0x00, 0x00, 0x00, 0x00, 0x00,
  0x00, 0x00, 0x00, 0x00, 0x00, 0x00, 0x00, 0x00, 0x00, 0x00, 0x00, 0x00,
  0x00, 0x00, 0x00, 0x00, 0x00, 0x00, 0x00, 0x00, 0x00, 0x00, 0x00, 0x00,
  0x00, 0x00, 0x00, 0x00, 0x00, 0x00, 0x00, 0x00, 0x00, 0x00, 0x00, 0x00,
  0x00, 0x00, 0x00, 0x00, 0x00, 0x00, 0x00, 0x00, 0x00, 0x00, 0x00, 0x00,
  0x00, 0x00, 0x00, 0x00, 0x00, 0x00, 0x00, 0x00, 0x00, 0x00, 0x00, 0x00,
  0x00, 0x00, 0x00, 0x00, 0x00, 0x00, 0x00, 0x00, 0x00, 0x00, 0x00, 0x00,
  0x00, 0x00, 0x00, 0x00, 0x00, 0x00, 0x00, 0x00, 0x00, 0x00, 0x00, 0x00,
  0x00, 0x00, 0x00, 0x00, 0x00, 0x00, 0x00, 0x00, 0x00, 0x00, 0x00, 0x00,
  0x00, 0x00, 0x00, 0x00, 0x00, 0x00, 0x00, 0x00, 0x00, 0x00, 0x00, 0x00,
  0x00, 0x00, 0x00, 0x00, 0x00, 0x00, 0x00, 0x00, 0x00, 0x00, 0x00, 0x00,
  0x00, 0x00, 0x00, 0x00, 0x00, 0x00, 0x00, 0x00, 0x00, 0x00, 0x00, 0x00,
  0x00, 0x00, 0x00, 0x00, 0x00, 0x00, 0x00, 0x00, 0x00, 0x00, 0x00, 0x00,
  0x00, 0x00, 0x00, 0x00, 0x00, 0x00, 0x00, 0x00, 0x00, 0x00, 0x00, 0x00,
  0x00, 0x00, 0x00, 0x00, 0x00, 0x00, 0x00, 0x00, 0x00, 0x00, 0x00, 0x00,
  0x00, 0x00, 0x00, 0x00, 0x00, 0x00, 0x00, 0x00, 0x00, 0x00, 0x00, 0x00,
  0x00, 0x00, 0x00, 0x00, 0x00, 0x00, 0x00, 0x00, 0x00, 0x00, 0x00, 0x00,
  0x00, 0x00, 0x00, 0x00, 0x00, 0x00, 0x00, 0x00, 0x00, 0x00, 0x00, 0x00,
  0x00, 0x00, 0x00, 0x00, 0x00, 0x00, 0x00, 0x00, 0x00, 0x00, 0x00, 0x00,
  0x00, 0x00, 0x00, 0x00, 0x00, 0x00, 0x00, 0x00, 0x00, 0x00, 0x00, 0x00,
  0x00, 0x00, 0x00, 0x00, 0x00, 0x00, 0x00, 0x00, 0x00, 0x00, 0x00, 0x00,
  0x00, 0x00, 0x00, 0x00, 0x00, 0x00, 0x00, 0x00, 0x00, 0x00, 0x00, 0x00,
  0x00, 0x00, 0x00, 0x00, 0x00, 0x00, 0x00, 0x00, 0x00, 0x00, 0x00, 0x00,
  0x00, 0x00, 0x00, 0x00, 0x00, 0x00, 0x00, 0x00, 0x00, 0x00, 0x00, 0x00,
  0x00, 0x00, 0x00, 0x00, 0x00, 0x00, 0x00, 0x00, 0x00, 0x00, 0x00, 0x00,
  0x00, 0x00, 0x00, 0x00, 0x00, 0x00, 0x00, 0x00, 0x00, 0x00, 0x00, 0x00,
  0x00, 0x00, 0x00, 0x00, 0x00, 0x00, 0x00, 0x00, 0x00, 0x00, 0x00, 0x00,
  0x00, 0x00, 0x00, 0x00, 0x00, 0x00, 0x00, 0x00, 0x00, 0x00, 0x00, 0x00,
  0x00, 0x00, 0x00, 0x00, 0x00, 0x00, 0x00, 0x00, 0x01, 0x01, 0x00, 0x00,
  0x00, 0x00, 0x00, 0x00, 0x55, 0x55, 0x00, 0x00, 0x00, 0x00, 0x00, 0x00,
  0xca, 0xb8, 0x54, 0xa5, 0xf9, 0xca, 0x1f, 0x7f, 0x3d, 0x04, 0x94, 0xb5,
  0x40, 0xdf, 0x29, 0x1a, 0x7f, 0x73, 0x81, 0xe3, 0x41, 0x98, 0x32, 0xde,
  0xf5, 0x02, 0xa2, 0xba, 0xfb, 0x0a, 0xcc, 0x69, 0x06, 0x7c, 0xdd, 0x30,
  0x58, 0xb2, 0x7f, 0x4c, 0xf7, 0x7f, 0xdb, 0x9d, 0x7f, 0x81, 0x42, 0xb0,
  0xa6, 0x17, 0xb0, 0x8f, 0x3a, 0x42, 0x39, 0xea, 0xce, 0x53, 0x29, 0xfc,
  0x3c, 0x9d, 0x68, 0xe9, 0x00, 0x1a, 0x33, 0x81, 0x5f, 0xcf, 0xec, 0xa2,
  0x76, 0xaf, 0x6c, 0x5a, 0xc9, 0x45, 0x44, 0x38, 0x63, 0xae, 0x3d, 0x7f,
  0xa0, 0x5e, 0xea, 0x3e, 0x42, 0xf7, 0xa7, 0xf3, 0x81, 0x64, 0xc4, 0xae,
  0x7f, 0x81, 0x47, 0xf8, 0xcd, 0x1f, 0x7f, 0x7f, 0x64, 0x0b, 0xac, 0x60,
  0x06, 0x40, 0xf0, 0x36, 0x1e, 0xe2, 0x9c, 0x23, 0xc9, 0x7f, 0xc9, 0xef,
  0x0a, 0xec, 0x7f, 0x0a, 0x62, 0xef, 0x4f, 0x53, 0xc9, 0xab, 0xf3, 0xff,
  0x52, 0x22, 0xcf, 0x2e, 0xee, 0xf5, 0xe1, 0xd4, 0x18, 0x22, 0xff, 0xc2,
  0x00, 0xb3, 0xff, 0xff, 0x80, 0xc0, 0x00, 0x00, 0x00, 0xb3, 0xff, 0xff,
  0x80, 0x49, 0xff, 0xff, 0x80, 0xd3, 0x00, 0x00, 0x80, 0x75, 0xff, 0xff,
  0x00, 0x8d, 0x00, 0x00, 0x00, 0xed, 0xff, 0xff, 0x00, 0xf6, 0xff, 0xff,
  0x00, 0xd8, 0x00, 0x00, 0x80, 0x67, 0xff, 0xff, 0x00, 0xe8, 0xfe, 0xff,
  0x80, 0x10, 0x01, 0x00, 0x00, 0x16, 0xff, 0xff, 0x00, 0xca, 0x00, 0x00,
  0x80, 0x28, 0x00, 0x00, 0x00, 0x3c, 0x00, 0x00, 0x00, 0x96, 0x00, 0x00,
  0x80, 0x61, 0xff, 0xff, 0x00, 0x62, 0xff, 0xff, 0x00, 0xa6, 0x00, 0x00,
  0x00, 0x3f, 0xff, 0xff, 0x80, 0x83, 0x00, 0x00, 0x00, 0x6e, 0x00, 0x00,
  0x00, 0x61, 0x00, 0x00, 0x00, 0x7d, 0xff, 0xff, 0x00, 0xf1, 0xff, 0xff,
  0x00, 0x2c, 0x00, 0x00, 0x00, 0x34, 0x00, 0x00, 0x80, 0x88, 0x00, 0x00,
  0x80, 0x2a, 0x00, 0x00, 0x80, 0x73, 0x00, 0x00, 0x80, 0xee, 0x00, 0x00,
  0x00, 0x27, 0xff, 0xff, 0x00, 0x19, 0x00, 0x00, 0x00, 0x92, 0x00, 0x00,
  0x00, 0xa9, 0xff, 0xff, 0x00, 0x0c, 0x01, 0x00, 0x80, 0x23, 0x00, 0x00,
  0x80, 0x85, 0x00, 0x00, 0x00, 0x0e, 0x01, 0x00, 0x00, 0x61, 0xff, 0xff,
  0x80, 0xef, 0xff, 0xff, 0x80, 0xa3, 0x00, 0x00, 0x00, 0x43, 0xff, 0xff,
  0x80, 0xf2, 0x00, 0x00, 0x00, 0x15, 0x00, 0x00, 0x00, 0x64, 0x00, 0x00,
  0xcf, 0x3c, 0x17, 0x00, 0x1f, 0x81, 0x18, 0x00, 0x21, 0xea, 0x19, 0x00,
  0x6b, 0xf8, 0x19, 0x00, 0x35, 0xb3, 0x18, 0x00, 0xbd, 0x96, 0x18, 0x00,
  0xbf, 0x15, 0x15, 0x00, 0xe5, 0x09, 0x14, 0x00, 0x2b, 0x74, 0x18, 0x00,
  0x09, 0xde, 0x19, 0x00, 0x87, 0xe0, 0x19, 0x00, 0x59, 0xc0, 0x18, 0x00,
  0xe1, 0x43, 0x17, 0x00, 0x9b, 0x4f, 0x17, 0x00, 0xeb, 0xd3, 0x18, 0x00,
  0xcd, 0x17, 0x15, 0x00, 0x4e, 0x0e, 0x81, 0xbb, 0xe5, 0xe8, 0x2d, 0x00,
  0xdc, 0x81, 0xd6, 0xff, 0x35, 0xb6, 0x2a, 0xbb, 0x4b, 0x91, 0xda, 0x5f,
  0xfc, 0xe6, 0xbf, 0xb6, 0x4b, 0xe3, 0xbc, 0x81, 0x71, 0xf0, 0x69, 0xe8,
  0xef, 0x23, 0xed, 0x93, 0x67, 0x81, 0x22, 0x81, 0xc3, 0x88, 0xe3, 0x11,
  0x81, 0xf3, 0x81, 0xea, 0x5d, 0x3e, 0xd6, 0xe8, 0x40, 0x21, 0x1c, 0x02,
  0x81, 0x74, 0xc4, 0x1b, 0x12, 0xbc, 0x10, 0xd8, 0x96, 0xe3, 0xed, 0x53,
  0xaf, 0x13, 0xc5, 0xd3, 0xdb, 0x14, 0xcc, 0x1a, 0xbd, 0x05, 0xcc, 0x79,
  0x81, 0x57, 0x81, 0x37, 0x16, 0x0d, 0x4a, 0x4f, 0x81, 0x7f, 0xf5, 0x7f,
  0x08, 0xd9, 0x10, 0x36, 0xd4, 0x22, 0xd4, 0xf1, 0x0f, 0xd6, 0xd8, 0x8d,
  0x41, 0x57, 0x09, 0x6f, 0x1a, 0xd0, 0x3d, 0x23, 0xd7, 0x70, 0xf1, 0x1e,
  0x7f, 0x81, 0x7f, 0x76, 0x06, 0xf9, 0x44, 0x52, 0xab, 0x15, 0xfb, 0x96,
  0x43, 0x01, 0x19, 0x2b, 0x46, 0x0f, 0x02, 0x81, 0x59, 0x14, 0x1c, 0xe6,
  0x61, 0x0e, 0x39, 0x33, 0xed, 0xdd, 0xff, 0xff, 0x57, 0x08, 0x00, 0x00,
  0x87, 0xc7, 0xff, 0xff, 0x4f, 0xe0, 0xff, 0xff, 0x72, 0x15, 0x00, 0x00,
  0x04, 0xd7, 0xff, 0xff, 0x49, 0xff, 0xff, 0xff, 0x00, 0xc3, 0xff, 0xff,
  0xce, 0xf9, 0xff, 0xff, 0xf7, 0xd2, 0xff, 0xff, 0x34, 0x96, 0xff, 0xff,
  0x44, 0xe6, 0xff, 0xff, 0xb0, 0x1a, 0x00, 0x00, 0x78, 0xb9, 0xff, 0xff,
  0x87, 0x04, 0x00, 0x00, 0xed, 0xa0, 0xff, 0xff, 0x2a, 0x1b, 0x00, 0x00,
  0x76, 0xaf, 0xff, 0xff, 0x09, 0xb3, 0xff, 0xff, 0xc6, 0xd1, 0xff, 0xff,
  0x73, 0x1a, 0x00, 0x00, 0x48, 0xbd, 0xff, 0xff, 0x1a, 0x08, 0x00, 0x00,
  0xb4, 0xb4, 0xff, 0xff, 0xd6, 0x21, 0x00, 0x00, 0xdb, 0x3a, 0x00, 0x00,
  0xeb, 0x10, 0x00, 0x00, 0x9d, 0x35, 0x00, 0x00, 0x92, 0x3b, 0x00, 0x00,
  0x35, 0xd8, 0xff, 0xff, 0x22, 0x30, 0x00, 0x00, 0xb0, 0xdd, 0xff, 0xff,
  0x7f, 0xdc, 0xff, 0xff, 0x9d, 0x72, 0x00, 0x00, 0xa5, 0xe3, 0xff, 0xff,
  0x2d, 0x67, 0x00, 0x00, 0xc1, 0x32, 0x00, 0x00, 0x34, 0xd3, 0xff, 0xff,
  0x30, 0x39, 0x00, 0x00, 0x36, 0x1a, 0x00, 0x00, 0xe5, 0xb5, 0xff, 0xff,
  0x47, 0x6f, 0x00, 0x00, 0xd0, 0xc6, 0xff, 0xff, 0x96, 0x4f, 0x00, 0x00,
  0x37, 0x1f, 0x00, 0x00, 0x4a, 0xc7, 0xff, 0xff, 0x52, 0x2c, 0x00, 0x00,
  0x94, 0x45, 0x00, 0x00, 0x05, 0x69, 0x17, 0x00, 0xab, 0xb2, 0x18, 0x00,
  0xd7, 0x87, 0x17, 0x00, 0xd1, 0x28, 0x15, 0x00, 0x9d, 0x22, 0x15, 0x00,
  0x09, 0x96, 0x17, 0x00, 0x3d, 0xea, 0x18, 0x00, 0xe7, 0x0f, 0x14, 0x00,
  0xaf, 0x69, 0x17, 0x00, 0x45, 0xf7, 0x18, 0x00, 0x4d, 0x09, 0x13, 0x00,
  0xbd, 0x54, 0x17, 0x00, 0xbd, 0xbd, 0x18, 0x00, 0x3b, 0x8d, 0x17, 0x00,
  0x0f, 0x0d, 0x14, 0x00, 0x4f, 0x2f, 0x16, 0x00, 0xe8, 0x0b, 0x0e, 0x0a,
  0xb6, 0xe7, 0x53, 0x02, 0xfb, 0xec, 0x3b, 0x1b, 0x03, 0x37, 0x33, 0x34,
  0x34, 0xea, 0xc3, 0x05, 0x7f, 0xf5, 0xc6, 0x0a, 0x1c, 0x1d, 0xc3, 0x42,
  0x13, 0x38, 0xd1, 0x38, 0x00, 0x00, 0x00, 0x00, 0x00, 0x00, 0x00, 0x00,
  0x00, 0x00, 0x00, 0x00, 0x00, 0x00, 0x00, 0x00, 0x00, 0x00, 0x00, 0x00,
  0x00, 0x00, 0x00, 0x00, 0x00, 0x00, 0x00, 0x00, 0x00, 0x00, 0x00, 0x00,
  0x2e, 0x18, 0xdc, 0x08, 0xc5, 0xee, 0x40, 0x06, 0x14, 0xe9, 0x58, 0x0c,
  0x0f, 0x23, 0x43, 0x1e, 0x69, 0x12, 0xf8, 0x12, 0x71, 0x16, 0xf7, 0x0b,
  0xe3, 0x59, 0x5c, 0x44, 0xe4, 0x7f, 0x44, 0x3c, 0x00, 0x00, 0x00, 0x00,
  0x00, 0x00, 0x00, 0x00, 0x00, 0x00, 0x00, 0x00, 0x00, 0x00, 0x00, 0x00,
  0x00, 0x00, 0x00, 0x00, 0x00, 0x00, 0x00, 0x00, 0x00, 0x00, 0x00, 0x00,
  0x00, 0x00, 0x00, 0x00, 0x35, 0xf8, 0xd7, 0x00, 0xf8, 0xec, 0xf1, 0x07,
  0x16, 0xdd, 0x35, 0xfe, 0x1a, 0x00, 0x24, 0x09, 0xdc, 0x08, 0x21, 0x00,
  0x04, 0xf7, 0x02, 0xf9, 0x98, 0xfb, 0x60, 0x35, 0xc8, 0x43, 0x19, 0x33,
  0x00, 0x00, 0x00, 0x00, 0x00, 0x00, 0x00, 0x00, 0x00, 0x00, 0x00, 0x00,
  0x00, 0x00, 0x00, 0x00, 0x00, 0x00, 0x00, 0x00, 0x00, 0x00, 0x00, 0x00,
  0x00, 0x00, 0x00, 0x00, 0x00, 0x00, 0x00, 0x00, 0xa6, 0xfd, 0x7f, 0x08,
  0xd1, 0xf1, 0x59, 0x06, 0xfa, 0x7f, 0xf8, 0x35, 0x03, 0x50, 0x05, 0x22,
  0x4b, 0xfb, 0xcd, 0x07, 0x34, 0xff, 0xe9, 0x03, 0xf6, 0x47, 0xf6, 0x26,
  0x16, 0x75, 0x1f, 0x2c, 0x00, 0x00, 0x00, 0x00, 0x00, 0x00, 0x00, 0x00,
  0x00, 0x00, 0x00, 0x00, 0x00, 0x00, 0x00, 0x00, 0x00, 0x00, 0x00, 0x00,
  0x00, 0x00, 0x00, 0x00, 0x00, 0x00, 0x00, 0x00, 0x00, 0x00, 0x00, 0x00,
  0xfa, 0xf0, 0xf7, 0x0d, 0x00, 0x00, 0x00, 0x00, 0x0f, 0x12, 0xe9, 0x0b,
  0x00, 0x00, 0x00, 0x00, 0x4a, 0xdf, 0xeb, 0xf9, 0x00, 0x00, 0x00, 0x00,
  0x1d, 0x62, 0xe1, 0x2c, 0x00, 0x00, 0x00, 0x00, 0x00, 0x00, 0x00, 0x00,
  0x00, 0x00, 0x00, 0x00, 0x00, 0x00, 0x00, 0x00, 0x00, 0x00, 0x00, 0x00,
  0x00, 0x00, 0x00, 0x00, 0x00, 0x00, 0x00, 0x00, 0x00, 0x00, 0x00, 0x00,
  0x00, 0x00, 0x00, 0x00, 0x35, 0x2f, 0x00, 0x00, 0xfa, 0x86, 0x01, 0x00,
  0x7d, 0xc0, 0x00, 0x00, 0x9d, 0x66, 0x02, 0x00, 0x00, 0x00, 0x00, 0x00,
  0x00, 0x00, 0x00, 0x00, 0x00, 0x00, 0x00, 0x00, 0x00, 0x00, 0x00, 0x00,
  0xed, 0x41, 0x16, 0x00, 0x51, 0xe3, 0x18, 0x00, 0x3d, 0x96, 0x18, 0x00,
  0xbd, 0x4f, 0x18, 0x00, 0xb5, 0x86, 0x0f, 0x00, 0xb5, 0x86, 0x0f, 0x00,
  0xb5, 0x86, 0x0f, 0x00, 0xb5, 0x86, 0x0f, 0x00, 0xfa, 0x33, 0xa7, 0xda,
  0x24, 0x1e, 0x30, 0xe8, 0xf3, 0x79, 0xbe, 0x81, 0x18, 0xc7, 0x97, 0xa8,
  0x3d, 0x11, 0x11, 0x17, 0x7f, 0x10, 0xc1, 0x19, 0x18, 0x11, 0xdb, 0x0c,
  0x81, 0xf5, 0xf4, 0xd7, 0xab, 0xf4, 0x29, 0x47, 0x98, 0xbd, 0x49, 0x1c,
  0xe6, 0xe6, 0x1b, 0x11, 0xd7, 0x81, 0xae, 0xe9, 0x45, 0x7f, 0x6e, 0x2d,
  0xe1, 0x10, 0x05, 0xa8, 0xcd, 0xc6, 0x24, 0x43, 0x07, 0x49, 0xdc, 0xa3,
  0x1c, 0x81, 0x07, 0x1b, 0x3c, 0x95, 0xd9, 0x90, 0x06, 0xd2, 0x0b, 0x1e,
  0x12, 0x2c, 0xe0, 0x1f, 0x19, 0xeb, 0xcb, 0xf6, 0xa2, 0x52, 0x7f, 0x26,
  0x15, 0x43, 0x0c, 0x4f, 0x15, 0x05, 0x73, 0x88, 0x7d, 0xfa, 0xbd, 0x0d,
  0x17, 0xe4, 0x05, 0xf5, 0xd8, 0x1a, 0xc6, 0xc2, 0x15, 0xf7, 0xd8, 0x81,
  0xcb, 0xed, 0xeb, 0x09, 0xdc, 0xc7, 0x5e, 0xde, 0x98, 0x56, 0x38, 0x17,
  0xe5, 0xf7, 0x4b, 0xb8, 0x5a, 0x42, 0x54, 0x7f, 0xe4, 0x3f, 0x12, 0x76,
  0x8a, 0xd8, 0xce, 0x98, 0xe6, 0xdd, 0x2a, 0x2d, 0xf1, 0x4a, 0xeb, 0xf1,
  0xfc, 0x31, 0x9a, 0xa8, 0x06, 0xcf, 0x17, 0x10, 0x06, 0xa5, 0xde, 0x21,
  0xc2, 0x12, 0x0a, 0x14, 0x93, 0xbc, 0xc9, 0x81, 0x33, 0x15, 0x2b, 0xf5,
  0xf8, 0xd5, 0x11, 0xf0, 0x5b, 0x4f, 0x2d, 0x55, 0xab, 0xf3, 0xdd, 0x13,
  0xdf, 0xcb, 0x7f, 0x16, 0xfa, 0x09, 0x98, 0x10, 0x16, 0xa7, 0x84, 0x92,
  0x30, 0x61, 0x31, 0xe6, 0xfe, 0xf6, 0x2d, 0xe5, 0xe3, 0x1c, 0x81, 0xb4,
  0xda, 0xd5, 0x00, 0xfe, 0x39, 0x56, 0xc4, 0xfa, 0x0a, 0x97, 0x7f, 0x5a,
  0x58, 0xcc, 0xd0, 0x44, 0x47, 0xd6, 0x7f, 0xfd, 0xb0, 0x2f, 0xe1, 0xc2,
  0x03, 0xd1, 0xdd, 0x60, 0x11, 0x08, 0xd5, 0x3a, 0x7f, 0x36, 0x12, 0x00,
  0x88, 0x4d, 0x42, 0x2b, 0x63, 0x10, 0xde, 0x38, 0x81, 0x95, 0x0f, 0xf1,
  0xef, 0xf6, 0xff, 0xff, 0x67, 0xf2, 0xff, 0xff, 0xd3, 0x01, 0x00, 0x00,
  0x62, 0x02, 0x00, 0x00, 0x0b, 0x03, 0x00, 0x00, 0xff, 0xfc, 0xff, 0xff,
  0x0b, 0x06, 0x00, 0x00, 0x04, 0x07, 0x00, 0x00, 0x3f, 0xf5, 0xff, 0xff,
  0x91, 0x03, 0x00, 0x00, 0xc4, 0x00, 0x00, 0x00, 0x73, 0x01, 0x00, 0x00,
  0x90, 0xf7, 0xff, 0xff, 0x2b, 0xf6, 0xff, 0xff, 0xd7, 0xf9, 0xff, 0xff,
  0xcd, 0xff, 0xff, 0xff, 0xdb, 0x42, 0x16, 0x00, 0xb9, 0x41, 0x16, 0x00,
  0x75, 0x97, 0x17, 0x00, 0xd5, 0xa3, 0x17, 0x00, 0x49, 0xd4, 0x18, 0x00,
  0xbb, 0x89, 0x17, 0x00, 0xb1, 0x70, 0x17, 0x00, 0x47, 0x00, 0x0e, 0x00,
  0x33, 0x95, 0x17, 0x00, 0x59, 0xbd, 0x17, 0x00, 0x47, 0x28, 0x15, 0x00,
  0xb9, 0xe3, 0x18, 0x00, 0x99, 0x07, 0x13, 0x00, 0x73, 0xb1, 0x17, 0x00,
  0x45, 0x25, 0x15, 0x00, 0x2d, 0xf5, 0x18, 0x00, 0xc3, 0x4a, 0x39, 0x37,
  0xc8, 0xa8, 0xc6, 0x5b, 0x3c, 0xb6, 0xe4, 0x9e, 0x56, 0x52, 0x39, 0x97,
  0xbf, 0x3b, 0xb6, 0x9f, 0xa4, 0x57, 0x5d, 0x30, 0x4c, 0x8d, 0x71, 0x4f,
  0x4c, 0x95, 0x91, 0x93, 0xb6, 0x4c, 0x23, 0x27, 0xcb, 0xac, 0xc8, 0x67,
  0x59, 0xe3, 0xe5, 0xe8, 0x51, 0x59, 0x4f, 0xc2, 0xc0, 0x61, 0xc6, 0xbe,
  0xa5, 0x4a, 0x5b, 0x27, 0x58, 0xb6, 0x4f, 0x63, 0x5b, 0xc9, 0xb4, 0xc7,
  0xb1, 0x35, 0x4c, 0x4c, 0x96, 0xc2, 0x9d, 0x45, 0x6e, 0xa1, 0xae, 0xb8,
  0x5b, 0x2c, 0x75, 0x81, 0xaf, 0x58, 0x9f, 0xb2, 0xbd, 0x3e, 0x2e, 0x5e,
  0x57, 0xb4, 0x47, 0x66, 0x53, 0xb3, 0xbd, 0xba, 0xd1, 0x12, 0x1c, 0x44,
  0xd3, 0xcb, 0xe4, 0x21, 0x45, 0xcd, 0xbb, 0xcc, 0x22, 0x43, 0x3c, 0xbb,
  0xdd, 0x38, 0xc3, 0xe8, 0xbb, 0x47, 0x37, 0x28, 0x1a, 0xdd, 0x4f, 0x3d,
  0x3e, 0xa6, 0xec, 0xcf, 0xcd, 0x20, 0x3c, 0x20, 0xcc, 0xca, 0xec, 0x35,
  0x3d, 0xcb, 0xba, 0xe5, 0x3f, 0x28, 0x07, 0xe0, 0xf1, 0x1b, 0xf9, 0xc4,
  0xed, 0x31, 0x35, 0x27, 0x2c, 0xc9, 0x36, 0x0d, 0x3c, 0xae, 0xe4, 0xc6,
  0xb3, 0x3d, 0x36, 0x0f, 0xaf, 0xca, 0xbe, 0x39, 0x47, 0xb1, 0xd2, 0xc8,
  0x44, 0x57, 0x49, 0xca, 0xd3, 0x3a, 0xc8, 0xbb, 0xd8, 0x34, 0x37, 0x41,
  0x1d, 0xd5, 0x34, 0x4c, 0x4e, 0xcd, 0xba, 0xcb, 0xdc, 0x43, 0x29, 0x37,
  0x81, 0xd5, 0xa3, 0x2e, 0x40, 0xe1, 0xc6, 0xb6, 0x73, 0x27, 0x3e, 0x9d,
  0xbd, 0x50, 0xac, 0xb5, 0xe3, 0x42, 0x23, 0x48, 0x28, 0xb7, 0x51, 0x5e,
  0x47, 0xc7, 0xb1, 0xda, 0xd3, 0x37, 0x28, 0x2f, 0xaf, 0xde, 0xb5, 0x35,
  0x39, 0xbe, 0xbf, 0xc0, 0x79, 0x42, 0x36, 0xb4, 0xdc, 0x41, 0xbc, 0xe3,
  0xe0, 0x27, 0x1e, 0x3d, 0x38, 0xad, 0x42, 0x2a, 0x26, 0xbd, 0xe7, 0xdf,
  0xa4, 0x64, 0x43, 0x28, 0x94, 0xb7, 0xa3, 0x61, 0x33, 0x9c, 0xb9, 0xee,
  0x7d, 0x50, 0x7f, 0xc9, 0xbe, 0x2d, 0x9f, 0xd1, 0xa8, 0x4a, 0x16, 0x30,
  0x43, 0xb1, 0x4b, 0x27, 0x28, 0xd2, 0xb9, 0xba, 0x36, 0x39, 0xff, 0xff,
  0x3a, 0xd6, 0x00, 0x00, 0x00, 0x00, 0x00, 0x00, 0x00, 0x00, 0x00, 0x00,
  0x00, 0x00, 0x00, 0x00, 0x00, 0x00, 0x00, 0x00, 0x00, 0x00, 0x00, 0x00,
  0x00, 0x00, 0x00, 0x00, 0xff, 0xb8, 0x1b, 0x00, 0xb3, 0x29, 0x19, 0x00,
  0x79, 0x6e, 0x13, 0x00, 0x79, 0x6e, 0x13, 0x00, 0x79, 0x6e, 0x13, 0x00,
  0x79, 0x6e, 0x13, 0x00, 0x79, 0x6e, 0x13, 0x00, 0x79, 0x6e, 0x13, 0x00,
  0x55, 0x55, 0x55, 0x55, 0x55, 0x55, 0x55, 0x55, 0x55, 0x55, 0x55, 0x55,
  0x55, 0x55, 0x55, 0x55, 0x55, 0x55, 0x55, 0x55, 0x55, 0x55, 0x55, 0x55,
  0x55, 0x55, 0x55, 0x55, 0x55, 0x55, 0x55, 0x55, 0x55, 0x55, 0x55, 0x55,
  0x55, 0x55, 0x55, 0x55, 0x55, 0x55, 0x55, 0x55, 0x55, 0x55, 0x55, 0x55,
  0x55, 0x55, 0x55, 0x55, 0x55, 0x55, 0x55, 0x55, 0x55, 0x55, 0x55, 0x55,
  0x55, 0x55, 0x55, 0x55, 0x55, 0x55, 0x55, 0x55, 0x55, 0x55, 0x55, 0x55,
  0x55, 0x55, 0x55, 0x55, 0x55, 0x55, 0x55, 0x55, 0x55, 0x55, 0x55, 0x55,
  0x55, 0x55, 0x55, 0x55, 0x55, 0x55, 0x55, 0x55, 0x55, 0x55, 0x55, 0x55,
  0x55, 0x55, 0x55, 0x55, 0x55, 0x55, 0x55, 0x55, 0x55, 0x55, 0x55, 0x55,
  0x55, 0x55, 0x55, 0x55, 0x55, 0x55, 0x55, 0x55, 0x55, 0x55, 0x55, 0x55,
  0x55, 0x55, 0x55, 0x55, 0x55, 0x55, 0x55, 0x55, 0x55, 0x55, 0x55, 0x55,
  0x55, 0x55, 0x55, 0x55, 0x55, 0x55, 0x55, 0x55, 0x55, 0x55, 0x55, 0x55,
  0x55, 0x55, 0x55, 0x55, 0x55, 0x55, 0x55, 0x55, 0x55, 0x55, 0x55, 0x55,
  0x55, 0x55, 0x55, 0x55, 0x55, 0x55, 0x55, 0x55, 0x55, 0x55, 0x55, 0x55,
  0x55, 0x55, 0x55, 0x55, 0x55, 0x55, 0x55, 0x55, 0x55, 0x55, 0x55, 0x55,
  0x55, 0x55, 0x55, 0x55, 0x55, 0x55, 0x55, 0x55, 0x55, 0x55, 0x55, 0x55,
  0x55, 0x55, 0x55, 0x55, 0x55, 0x55, 0x55, 0x55, 0x55, 0x55, 0x55, 0x55,
  0x55, 0x55, 0x55, 0x55, 0x55, 0x55, 0x55, 0x55, 0x55, 0x55, 0x55, 0x55,
  0x55, 0x55, 0x55, 0x55, 0x55, 0x55, 0x55, 0x55, 0x55, 0x55, 0x55, 0x55,
  0x55, 0x55, 0x55, 0x55, 0x55, 0x55, 0x55, 0x55, 0x55, 0x55, 0x55, 0x55,
  0x55, 0x55, 0x55, 0x55, 0x55, 0x55, 0x55, 0x55, 0x55, 0x55, 0x55, 0x55,
  0x55, 0x55, 0x55, 0x55, 0x81, 0xff, 0xff, 0xff, 0x81, 0xff, 0xff, 0xff,
  0x81, 0xff, 0xff, 0xff, 0x81, 0xff, 0xff, 0xff, 0x81, 0xff, 0xff, 0xff,
  0x81, 0xff, 0xff, 0xff, 0x81, 0xff, 0xff, 0xff, 0x81, 0xff, 0xff, 0xff,
  0xe8, 0x28, 0x81, 0x28, 0xbe, 0xff, 0xea, 0xbf, 0xc4, 0x7f, 0x54, 0x02,
  0x1e, 0x45, 0xf8, 0x1e, 0x2d, 0x19, 0x86, 0x81, 0xe4, 0xb5, 0x5c, 0x25,
  0x32, 0x51, 0xcc, 0x1c, 0x7f, 0x10, 0x37, 0x03, 0xce, 0x39, 0x7f, 0xf0,
  0xf7, 0xdc, 0xb9, 0x53, 0x2c, 0x73, 0x7f, 0x10, 0xbb, 0x0d, 0xa2, 0x61,
  0x7f, 0x34, 0xbb, 0xfa, 0x17, 0x91, 0xf4, 0x54, 0xb1, 0x94, 0x4d, 0x9e,
  0xdd, 0x7f, 0x2d, 0x73, 0x7f, 0x25, 0xe2, 0x6c, 0x1f, 0xd9, 0x51, 0x14,
  0x2a, 0xaa, 0x25, 0xa6, 0xd2, 0x81, 0x3c, 0xb4, 0xb6, 0xe1, 0x81, 0x53,
  0x45, 0x46, 0x15, 0x25, 0x37, 0xfb, 0x81, 0xf7, 0x02, 0x24, 0x15, 0x2a,
  0x0f, 0x81, 0x14, 0xff, 0x0e, 0x0d, 0xd8, 0xb9, 0xf0, 0x77, 0xd7, 0x5b,
  0xfc, 0x53, 0x7f, 0x38, 0xe6, 0xad, 0x56, 0x81, 0xda, 0xe2, 0xe1, 0xb9,
  0x36, 0x1c, 0x0a, 0x38, 0x5e, 0xdb, 0x7f, 0x25, 0xce, 0xe5, 0xff, 0xff,
  0xf1, 0x1f, 0x00, 0x00, 0x93, 0xf0, 0xff, 0xff, 0x4b, 0x1a, 0x00, 0x00,
  0x9d, 0x08, 0x00, 0x00, 0xa6, 0x19, 0x00, 0x00, 0x75, 0x07, 0x00, 0x00,
  0xd7, 0x0d, 0x00, 0x00, 0xd4, 0x20, 0x00, 0x00, 0x1e, 0xe1, 0xff, 0xff,
  0x77, 0x01, 0x00, 0x00, 0x30, 0x03, 0x00, 0x00, 0x0e, 0xe7, 0xff, 0xff,
  0x08, 0x2c, 0x00, 0x00, 0x78, 0xe2, 0xff, 0xff, 0x63, 0x20, 0x00, 0x00,
  0xd5, 0x7e, 0x17, 0x00, 0x2f, 0x74, 0x17, 0x00, 0x75, 0xb0, 0x17, 0x00,
  0xe1, 0xb2, 0x17, 0x00, 0x03, 0xbb, 0x18, 0x00, 0xcf, 0xa9, 0x18, 0x00,
  0x15, 0x4a, 0x16, 0x00, 0x3d, 0x9f, 0x18, 0x00, 0xbf, 0xe9, 0x18, 0x00,
  0x87, 0x8a, 0x17, 0x00, 0xa7, 0x0d, 0x14, 0x00, 0xf5, 0x14, 0x14, 0x00,
  0x2f, 0x8a, 0x17, 0x00, 0xb5, 0xbd, 0x18, 0x00, 0x97, 0x08, 0x13, 0x00,
  0xf5, 0x99, 0x17, 0x00, 0xd6, 0xe6, 0x11, 0x40, 0x7f, 0x07, 0x4e, 0x30,
  0xb0, 0x6b, 0x23, 0x81, 0xb6, 0xfd, 0x1b, 0x98, 0xe9, 0xf8, 0x12, 0xba,
  0x7f, 0x3b, 0x17, 0x29, 0xd8, 0x38, 0xe1, 0xca, 0x08, 0x7f, 0xf1, 0xcc,
  0xac, 0x81, 0x2b, 0xd9, 0xc8, 0x36, 0xb9, 0xc7, 0x11, 0xaf, 0x03, 0x4b,
  0xef, 0xee, 0x08, 0x7f, 0xc9, 0x09, 0x81, 0xf7, 0x0c, 0xc4, 0xc8, 0x4a,
  0xb9, 0xb0, 0xfc, 0xff, 0xbc, 0x60, 0xb8, 0x7f, 0x4c, 0x57, 0x7f, 0xcc,
  0x82, 0x1e, 0xc2, 0x17, 0xfd, 0x4a, 0x0c, 0x04, 0x25, 0x7f, 0x4a, 0x14,
  0x66, 0x1b, 0x75, 0x7f, 0x03, 0x29, 0x64, 0xf1, 0xe5, 0x2d, 0x2a, 0x81,
  0xfe, 0xcd, 0xbe, 0x63, 0x37, 0x07, 0x0d, 0x5e, 0x81, 0x41, 0x05, 0xf2,
  0xb2, 0xa1, 0x1c, 0x81, 0x20, 0xd7, 0xc0, 0x37, 0x81, 0xb9, 0xc3, 0xd5,
  0x26, 0x3b, 0x9c, 0x36, 0xb5, 0x12, 0x7f, 0x1c, 0x16, 0x24, 0xec, 0xae,
  0x33, 0x25, 0x00, 0x00, 0x0c, 0xdf, 0xff, 0xff, 0x2b, 0x13, 0x00, 0x00,
  0xbc, 0xfd, 0xff, 0xff, 0x5e, 0xca, 0xff, 0xff, 0xc9, 0x15, 0x00, 0x00,
  0x11, 0xda, 0xff, 0xff, 0xf9, 0x00, 0x00, 0x00, 0xf1, 0x1f, 0x00, 0x00,
  0x92, 0x3a, 0x00, 0x00, 0x05, 0x59, 0x00, 0x00, 0xd5, 0xf1, 0xff, 0xff,
  0x11, 0x1e, 0x00, 0x00, 0x74, 0xcd, 0xff, 0xff, 0xa6, 0xda, 0xff, 0xff,
  0x4e, 0x0c, 0x00, 0x00, 0x87, 0x9d, 0x16, 0x00, 0x13, 0x92, 0x16, 0x00,
  0xdb, 0x5e, 0x15, 0x00, 0xab, 0x79, 0x15, 0x00, 0x37, 0x99, 0x16, 0x00,
  0x7b, 0x03, 0x10, 0x00, 0x4f, 0x6d, 0x15, 0x00, 0xe9, 0xa0, 0x16, 0x00,
  0xdd, 0x85, 0x16, 0x00, 0xb9, 0xe0, 0x16, 0x00, 0xdf, 0x3d, 0x15, 0x00,
  0x3b, 0x84, 0x15, 0x00, 0x67, 0x4d, 0x15, 0x00, 0x1b, 0x95, 0x16, 0x00,
  0xfb, 0xe9, 0x17, 0x00, 0x9b, 0xab, 0x16, 0x00, 0x7f, 0x33, 0xaf, 0xfc,
  0x00, 0x00, 0x00, 0x00, 0x19, 0x69, 0x3f, 0xe7, 0x00, 0x00, 0x00, 0x00,
  0x03, 0x54, 0x7f, 0x69, 0x00, 0x00, 0x00, 0x00, 0x4b, 0x0b, 0xaf, 0x83,
  0x00, 0x00, 0x00, 0x00, 0x50, 0x0e, 0x6f, 0x25, 0x00, 0x00, 0x00, 0x00,
  0x93, 0x7f, 0xfe, 0x7f, 0x00, 0x00, 0x00, 0x00, 0x84, 0xf1, 0xf9, 0x98,
  0x00, 0x00, 0x00, 0x00, 0xf4, 0xfa, 0xe8, 0x5a, 0x00, 0x00, 0x00, 0x00,
  0xb0, 0xac, 0xd1, 0xe3, 0x00, 0x00, 0x00, 0x00, 0x00, 0xab, 0xff, 0xff,
  0x80, 0x17, 0x00, 0x00, 0x00, 0xe7, 0xff, 0xff, 0x00, 0xfe, 0xff, 0xff,
  0x00, 0x00, 0x00, 0x00, 0x00, 0x00, 0x00, 0x00, 0x00, 0x00, 0x00, 0x00,
  0x00, 0x00, 0x00, 0x00, 0x80, 0xf8, 0xff, 0xff, 0x80, 0x8f, 0x00, 0x00,
  0x80, 0x1d, 0x00, 0x00, 0x00, 0x24, 0x00, 0x00, 0x00, 0x00, 0x00, 0x00,
  0x00, 0x00, 0x00, 0x00, 0x00, 0x00, 0x00, 0x00, 0x00, 0x00, 0x00, 0x00,
  0x80, 0x64, 0x00, 0x00, 0x00, 0xc4, 0x00, 0x00, 0x80, 0x44, 0x00, 0x00,
  0x80, 0x39, 0x00, 0x00, 0x00, 0x00, 0x00, 0x00, 0x00, 0x00, 0x00, 0x00,
  0x00, 0x00, 0x00, 0x00, 0x00, 0x00, 0x00, 0x00, 0xb9, 0xb8, 0x18, 0x00,
  0x2b, 0xfc, 0x19, 0x00, 0xd9, 0x29, 0x16, 0x00, 0x23, 0xb7, 0x18, 0x00,
  0xbb, 0x31, 0x0e, 0x00, 0xbb, 0x31, 0x0e, 0x00, 0xbb, 0x31, 0x0e, 0x00,
  0xbb, 0x31, 0x0e, 0x00, 0x9f, 0x39, 0xdb, 0xd7, 0x4d, 0xdf, 0x5a, 0xf9,
  0x5d, 0x92, 0x81, 0x58, 0x32, 0xc9, 0x81, 0x81, 0x40, 0xa3, 0xd3, 0x77,
  0x9c, 0xef, 0xd2, 0xb1, 0x24, 0x0f, 0xdc, 0xe7, 0x23, 0x3d, 0xbc, 0x0a,
  0x69, 0x2f, 0xfb, 0x02, 0x0e, 0xca, 0x30, 0x92, 0xe4, 0x13, 0x17, 0xb2,
  0xcf, 0xde, 0x89, 0xf4, 0xc7, 0xdf, 0xd1, 0xc6, 0x0f, 0x33, 0xfb, 0x44,
  0x7f, 0x7f, 0x2e, 0x8b, 0x13, 0x9f, 0x21, 0x92, 0xe6, 0x65, 0xf6, 0x81,
  0x7f, 0x81, 0xce, 0xcf, 0x80, 0x4e, 0x00, 0x00, 0x00, 0x8a, 0x00, 0x00,
  0x80, 0xf1, 0xff, 0xff, 0x80, 0x36, 0xff, 0xff, 0x80, 0x50, 0x00, 0x00,
  0x00, 0x9c, 0xff, 0xff, 0x80, 0xaf, 0xff, 0xff, 0x80, 0x9a, 0xff, 0xff,
  0x80, 0x6c, 0x00, 0x00, 0x00, 0x41, 0x00, 0x00, 0x00, 0x89, 0xff, 0xff,
  0x80, 0x89, 0xff, 0xff, 0x00, 0x5e, 0x00, 0x00, 0x80, 0x67, 0xff, 0xff,
  0x00, 0x86, 0xff, 0xff, 0x00, 0x30, 0xff, 0xff, 0x80, 0x56, 0x00, 0x00,
  0x80, 0xdf, 0xff, 0xff, 0x80, 0x8e, 0xff, 0xff, 0x80, 0x20, 0x00, 0x00,
  0x80, 0x0d, 0x00, 0x00, 0x00, 0xbe, 0xff, 0xff, 0x00, 0x91, 0xff, 0xff,
  0x80, 0x5d, 0xff, 0xff, 0x79, 0x03, 0x13, 0x00, 0xe9, 0x5f, 0x18, 0x00,
  0x23, 0x3f, 0x17, 0x00, 0x4d, 0x5f, 0x18, 0x00, 0x4b, 0x3f, 0x17, 0x00,
  0x83, 0x84, 0x18, 0x00, 0x61, 0xf5, 0x19, 0x00, 0x5d, 0xfb, 0x19, 0x00,
  0x14, 0xbe, 0x81, 0x05, 0xdf, 0xea, 0x05, 0x6e, 0x42, 0x06, 0x99, 0xbf,
  0xe1, 0x7f, 0x13, 0x28, 0xf3, 0x1f, 0xc6, 0x7f, 0x2f, 0x26, 0x36, 0xe4,
  0xa4, 0x1d, 0x08, 0x8d, 0x43, 0x27, 0x1f, 0x7f, 0x7f, 0x7f, 0x3b, 0x2b,
  0x19, 0x24, 0x7f, 0x00, 0x62, 0x42, 0x1a, 0x3b, 0x7f, 0x36, 0x13, 0xa9,
  0xed, 0xb2, 0xe1, 0x84, 0x38, 0xf2, 0xd9, 0xd7, 0x29, 0x3f, 0x7b, 0x04,
  0x4a, 0xe0, 0x4c, 0x97, 0x61, 0xe8, 0x68, 0x6d, 0x19, 0xcf, 0x1d, 0xa3,
  0x84, 0x1e, 0x00, 0x00, 0x29, 0x16, 0x00, 0x00, 0xff, 0x22, 0x00, 0x00,
  0x18, 0xfd, 0xff, 0xff, 0x4a, 0x2d, 0x00, 0x00, 0x1e, 0x04, 0x00, 0x00,
  0x6d, 0x1d, 0x00, 0x00, 0xe7, 0xe7, 0xff, 0xff, 0x5b, 0x27, 0x00, 0x00,
  0xa6, 0x12, 0x00, 0x00, 0x1f, 0x00, 0x00, 0x00, 0x35, 0x05, 0x00, 0x00,
  0x3b, 0x2b, 0x00, 0x00, 0x6f, 0x15, 0x00, 0x00, 0xdf, 0x26, 0x00, 0x00,
  0xad, 0xf6, 0xff, 0xff, 0xf2, 0x18, 0x00, 0x00, 0x5f, 0x17, 0x00, 0x00,
  0x63, 0xe8, 0xff, 0xff, 0x8a, 0x06, 0x00, 0x00, 0x76, 0x18, 0x00, 0x00,
  0xf0, 0x20, 0x00, 0x00, 0xe1, 0x1e, 0x00, 0x00, 0x9e, 0x13, 0x00, 0x00,
  0x63, 0x62, 0x17, 0x00, 0xdd, 0x71, 0x17, 0x00, 0x77, 0xbf, 0x18, 0x00,
  0x87, 0xbd, 0x18, 0x00, 0xe5, 0x8a, 0x17, 0x00, 0x35, 0x8a, 0x17, 0x00,
  0xcd, 0x81, 0x17, 0x00, 0xed, 0x17, 0x15, 0x00, 0xe5, 0x6e, 0x7f, 0x00,
  0xf3, 0x54, 0x36, 0x00, 0xe6, 0xcc, 0x42, 0x00, 0x81, 0x90, 0x28, 0x00,
  0x2f, 0x9e, 0x81, 0x00, 0x15, 0xdc, 0xaf, 0x00, 0xd8, 0xe5, 0xfe, 0x00,
  0x93, 0x81, 0xa7, 0x00, 0x00, 0x00, 0x00, 0x00, 0x00, 0x00, 0x00, 0x00,
  0x00, 0x00, 0x00, 0x00, 0x00, 0x00, 0x00, 0x00, 0x00, 0x00, 0x00, 0x00,
  0x00, 0x00, 0x00, 0x00, 0x00, 0x00, 0x00, 0x00, 0x00, 0x00, 0x00, 0x00,
  0xbb, 0xa1, 0x8f, 0x00, 0x00, 0x00, 0x00, 0x00, 0xf1, 0xf1, 0x48, 0x00,
  0x00, 0x00, 0x00, 0x00, 0x44, 0x4d, 0x28, 0x00, 0x00, 0x00, 0x00, 0x00,
  0x8d, 0x8c, 0xdf, 0x00, 0x00, 0x00, 0x00, 0x00, 0x00, 0x00, 0x00, 0x00,
  0x00, 0x00, 0x00, 0x00, 0x00, 0x00, 0x00, 0x00, 0x00, 0x00, 0x00, 0x00,
  0x00, 0x00, 0x00, 0x00, 0x00, 0x00, 0x00, 0x00, 0x00, 0x00, 0x00, 0x00,
  0x00, 0x00, 0x00, 0x00, 0x59, 0x08, 0x00, 0x00, 0xb8, 0x03, 0x00, 0x00,
  0xe8, 0xf2, 0xff, 0xff, 0x24, 0xa7, 0xff, 0xff, 0x00, 0x00, 0x00, 0x00,
  0x00, 0x00, 0x00, 0x00, 0x00, 0x00, 0x00, 0x00, 0x00, 0x00, 0x00, 0x00,
  0x2d, 0x3d, 0x16, 0x00, 0x29, 0x02, 0x12, 0x00, 0xfb, 0x36, 0x16, 0x00,
  0x0b, 0xec, 0x1b, 0x00, 0x63, 0x71, 0x11, 0x00, 0x63, 0x71, 0x11, 0x00,
  0x63, 0x71, 0x11, 0x00, 0x63, 0x71, 0x11, 0x00, 0xb4, 0x1e, 0x11, 0x7f,
  0x00, 0x00, 0x00, 0x00, 0xf6, 0x3c, 0x7f, 0xba, 0x00, 0x00, 0x00, 0x00,
  0xd1, 0x81, 0xfc, 0xaf, 0x00, 0x00, 0x00, 0x00, 0xeb, 0x1b, 0xe8, 0x7f,
  0x00, 0x00, 0x00, 0x00, 0x4b, 0x0b, 0x81, 0x2f, 0x00, 0x00, 0x00, 0x00,
  0xe6, 0x7f, 0xda, 0xed, 0x00, 0x00, 0x00, 0x00, 0x29, 0x81, 0x1b, 0xe2,
  0x00, 0x00, 0x00, 0x00, 0x1a, 0x36, 0xf9, 0x81, 0x00, 0x00, 0x00, 0x00,
  0x6c, 0x26, 0x00, 0x00, 0xd4, 0x30, 0x00, 0x00, 0x80, 0x8f, 0xff, 0xff,
  0xe7, 0x2d, 0x00, 0x00, 0xdf, 0x0c, 0x00, 0x00, 0x07, 0x16, 0x00, 0x00,
  0x77, 0xd7, 0xff, 0xff, 0xc8, 0xec, 0xff, 0xff, 0xd9, 0x68, 0x16, 0x00,
  0x2f, 0x27, 0x15, 0x00, 0x07, 0xad, 0x17, 0x00, 0x9b, 0x5a, 0x16, 0x00,
  0x4d, 0x1a, 0x15, 0x00, 0x2f, 0xd1, 0x17, 0x00, 0x7d, 0xa1, 0x17, 0x00,
  0xf9, 0xa5, 0x16, 0x00, 0x09, 0xdc, 0xb3, 0x81, 0x00, 0x00, 0x00, 0x00,
  0xae, 0x81, 0x14, 0x91, 0x00, 0x00, 0x00, 0x00, 0x7f, 0x00, 0x82, 0xd7,
  0x00, 0x00, 0x00, 0x00, 0x7f, 0xc7, 0xae, 0xf6, 0x00, 0x00, 0x00, 0x00,
  0xf6, 0x7f, 0xe7, 0x8b, 0x00, 0x00, 0x00, 0x00, 0xf1, 0xde, 0x7f, 0x43,
  0x00, 0x00, 0x00, 0x00, 0x81, 0xef, 0x8a, 0xca, 0x00, 0x00, 0x00, 0x00,
  0xfa, 0x2b, 0x27, 0x7f, 0x00, 0x00, 0x00, 0x00, 0xf4, 0xf3, 0xff, 0xff,
  0xa0, 0xea, 0xff, 0xff, 0xda, 0xfe, 0xff, 0xff, 0x86, 0x00, 0x00, 0x00,
  0xe0, 0xfd, 0xff, 0xff, 0xaa, 0x0a, 0x00, 0x00, 0xcc, 0xe9, 0xff, 0xff,
  0x08, 0x0c, 0x00, 0x00, 0xcf, 0xc9, 0x16, 0x00, 0x41, 0x88, 0x16, 0x00,
  0x75, 0x62, 0x15, 0x00, 0xa5, 0x06, 0x11, 0x00, 0x1b, 0x7d, 0x15, 0x00,
  0xdb, 0x8a, 0x15, 0x00, 0x19, 0xbb, 0x16, 0x00, 0xf5, 0xea, 0x16, 0x00,
  0x7f, 0xd2, 0xfa, 0xfa, 0xaa, 0xbd, 0xed, 0x88, 0x81, 0xed, 0xc4, 0x39,
  0x3a, 0xc4, 0xae, 0x1c, 0x37, 0xe3, 0x17, 0x0c, 0x81, 0xe9, 0x11, 0x2d,
  0xbc, 0x81, 0x41, 0xb0, 0xc6, 0x4b, 0x1a, 0xd8, 0x56, 0x60, 0xcb, 0x01,
  0x10, 0xff, 0x7f, 0x37, 0x4b, 0x11, 0x59, 0x24, 0x81, 0x2b, 0x26, 0x04,
  0xe7, 0xb4, 0x2f, 0x1c, 0xae, 0x3c, 0x81, 0x97, 0x56, 0x04, 0x04, 0xf9,
  0xd5, 0xad, 0x01, 0x7f, 0x84, 0x1a, 0x00, 0x00, 0x47, 0x1d, 0x00, 0x00,
  0xd8, 0x04, 0x00, 0x00, 0xf5, 0x20, 0x00, 0x00, 0x52, 0xd3, 0xff, 0xff,
  0xb1, 0xe7, 0xff, 0xff, 0x79, 0x28, 0x00, 0x00, 0x55, 0xf1, 0xff, 0xff,
  0x2f, 0x6a, 0x16, 0x00, 0xf5, 0x9a, 0x16, 0x00, 0x65, 0x12, 0x13, 0x00,
  0xfd, 0xa8, 0x16, 0x00, 0xf9, 0x87, 0x16, 0x00, 0xb5, 0x34, 0x14, 0x00,
  0x17, 0x0d, 0x13, 0x00, 0x8b, 0xa3, 0x17, 0x00, 0x55, 0x55, 0x55, 0x55,
  0x55, 0x55, 0x55, 0x55, 0x55, 0x00, 0x00, 0x00, 0x00, 0x00, 0x00, 0x00,
  0xdc, 0xff, 0xff, 0xff, 0xdc, 0xff, 0xff, 0xff, 0xdc, 0xff, 0xff, 0xff,
  0xdc, 0xff, 0xff, 0xff, 0xdc, 0xff, 0xff, 0xff, 0xdc, 0xff, 0xff, 0xff,
  0xdc, 0xff, 0xff, 0xff, 0xdc, 0xff, 0xff, 0xff, 0x55, 0x55, 0x00, 0x00,
  0x00, 0x00, 0x00, 0x00, 0x80, 0x00, 0x00, 0x00, 0x80, 0x00, 0x00, 0x00,
  0x80, 0x00, 0x00, 0x00, 0x80, 0x00, 0x00, 0x00, 0x80, 0x00, 0x00, 0x00,
  0x80, 0x00, 0x00, 0x00, 0x80, 0x00, 0x00, 0x00, 0x80, 0x00, 0x00, 0x00,
  0x01, 0x01, 0x00, 0x00, 0x00, 0x00, 0x00, 0x00, 0x00, 0x00, 0x00, 0x00,
  0x00, 0x00, 0x00, 0x00, 0x00, 0x00, 0x80, 0x80, 0x80, 0x80, 0x80, 0x80,
  0x01, 0x01, 0x01, 0x01, 0x01, 0x01, 0x01, 0x01, 0x00, 0x00, 0x00, 0x00,
  0x00, 0x00, 0x00, 0x00, 0xc3, 0x58, 0x00, 0x00, 0x00, 0x00, 0xc3, 0x58,
  0xdc, 0xf6, 0xff, 0xff, 0xdc, 0xf6, 0xff, 0xff, 0xf9, 0xbc, 0x00, 0x00,
  0x00, 0x00, 0xf9, 0xbc, 0x2d, 0x20, 0x00, 0x00, 0x2d, 0x20, 0x00, 0x00,
  0xd6, 0x81, 0x00, 0x00, 0x00, 0x00, 0xd6, 0x81, 0xab, 0x02, 0x00, 0x00,
  0xab, 0x02, 0x00, 0x00, 0xbc, 0x99, 0x00, 0x00, 0x00, 0x00, 0xbc, 0x99,
  0x6b, 0x0a, 0x00, 0x00, 0x6b, 0x0a, 0x00, 0x00, 0x01, 0x01, 0x01, 0x01,
  0x01, 0x01, 0x01, 0x01, 0x00, 0x00, 0x00, 0x00, 0x00, 0x00, 0x06, 0x00,
  0x08, 0x00, 0x04, 0x00, 0x06, 0x00, 0x00, 0x00, 0x04, 0x00, 0x00, 0x00,
  0x88, 0x14, 0x00, 0x00, 0x6e, 0x4d, 0x43, 0x64, 0x38, 0x35, 0x7b, 0x44,
  0x2c, 0x14, 0x00, 0x00, 0x00, 0x00, 0x00, 0x00, 0x2c, 0x14, 0x10, 0x31,
  0x08, 0x00, 0x00, 0x00, 0x88, 0x14, 0x00, 0x00, 0x98, 0x5a, 0x00, 0x00,
  0x00, 0x00, 0x00, 0x00, 0x20, 0x53, 0x02, 0x00, 0x00, 0x00, 0x00, 0x00,
  0x00, 0x00, 0x00, 0x00, 0x00, 0x00, 0x00, 0x00, 0x01, 0x00, 0x00, 0x00,
  0x01, 0x00, 0x00, 0x00, 0x2a, 0x00, 0x00, 0x00, 0xb2, 0x02, 0x00, 0x00,
  0x00, 0x00, 0x00, 0x00, 0x00, 0x00, 0x00, 0x00, 0x00, 0x00, 0x00, 0x00,
  0x02, 0x00, 0x04, 0x00, 0x00, 0x00, 0x04, 0x00, 0x04, 0x00, 0x01, 0x01,
  0x06, 0x00, 0x32, 0x00, 0x00, 0x00, 0x30, 0x00, 0x00, 0x00, 0x00, 0x00,
  0x00, 0x00, 0x00, 0x00, 0x18, 0x52, 0x00, 0x00, 0x18, 0x53, 0x00, 0x00,
  0x00, 0x00, 0x00, 0x00, 0x60, 0x00, 0x00, 0x00, 0x60, 0x00, 0x00, 0x00,
  0x01, 0x00, 0x00, 0x00, 0x20, 0x02, 0x0d, 0x07, 0x00, 0x00, 0x00, 0x00,
  0x00, 0x00, 0x00, 0x00, 0x80, 0xff, 0x01, 0x00, 0x02, 0x00, 0x05, 0x00,
  0x00, 0x00, 0x05, 0x00, 0x04, 0x04, 0x01, 0x01, 0x01, 0x00, 0x00, 0x00,
  0x06, 0x00, 0x2a, 0x00, 0x00, 0x00, 0x84, 0x00, 0x00, 0x24, 0x00, 0x00,
  0x00, 0x00, 0x00, 0x00, 0x90, 0x57, 0x00, 0x00, 0x10, 0x58, 0x00, 0x00,
  0x30, 0x58, 0x00, 0x00, 0x5e, 0x00, 0x00, 0x00, 0x5e, 0x00, 0x00, 0x00,
  0x08, 0x00, 0x00, 0x00, 0x08, 0x00, 0x00, 0x00, 0x60, 0x00, 0x00, 0x00,
  0x60, 0x00, 0x00, 0x00, 0x01, 0x00, 0x00, 0x00, 0x03, 0x00, 0x00, 0x00,
  0x03, 0x00, 0x00, 0x00, 0x01, 0x00, 0x00, 0x00, 0x01, 0x00, 0x00, 0x00,
  0x00, 0x00, 0x00, 0x00, 0x00, 0x00, 0x00, 0x00, 0x00, 0x00, 0x00, 0x00,
  0x00, 0x00, 0x00, 0x00, 0x01, 0x00, 0x00, 0x00, 0x01, 0x00, 0x00, 0x00,
  0x20, 0x00, 0x0f, 0x07, 0x00, 0x00, 0x00, 0x00, 0x00, 0x00, 0x00, 0x00,
  0x01, 0x00, 0x00, 0x00, 0x01, 0x00, 0x00, 0x00, 0xff, 0xff, 0xff, 0xff,
  0x00, 0x80, 0x00, 0x00, 0x00, 0x00, 0x00, 0x00, 0x00, 0x00, 0x00, 0x00,
  0x00, 0x01, 0x88, 0x00, 0x00, 0x00, 0x00, 0x00, 0x02, 0x00, 0x03, 0x00,
  0x00, 0x00, 0x03, 0x00, 0x04, 0x04, 0x01, 0x00, 0x06, 0x00, 0x52, 0x00,
  0x00, 0x00, 0x24, 0x00, 0x20, 0x38, 0x01, 0x00, 0x00, 0x24, 0x00, 0x00,
  0x40, 0x5a, 0x00, 0x00, 0x01, 0x00, 0x00, 0x00, 0x84, 0x22, 0x00, 0x00,
  0x08, 0x00, 0x00, 0x00, 0x04, 0x00, 0x00, 0x00, 0x00, 0x00, 0x0f, 0x06,
  0x80, 0x00, 0x01, 0x00, 0x02, 0x00, 0x05, 0x00, 0x00, 0x00, 0x05, 0x00,
  0x04, 0x04, 0x01, 0x01, 0x01, 0x00, 0x00, 0x00, 0x06, 0x00, 0x2a, 0x00,
  0x00, 0x00, 0x84, 0x00, 0x00, 0x00, 0x00, 0x00, 0x20, 0x38, 0x01, 0x00,
  0xb8, 0x4d, 0x00, 0x00, 0xf8, 0x4e, 0x00, 0x00, 0x18, 0x4f, 0x00, 0x00,
  0x5c, 0x00, 0x00, 0x00, 0x5c, 0x00, 0x00, 0x00, 0x08, 0x00, 0x00, 0x00,
  0x08, 0x00, 0x00, 0x00, 0x5e, 0x00, 0x00, 0x00, 0x5e, 0x00, 0x00, 0x00,
  0x04, 0x00, 0x00, 0x00, 0x03, 0x00, 0x00, 0x00, 0x03, 0x00, 0x00, 0x00,
  0x01, 0x00, 0x00, 0x00, 0x01, 0x00, 0x00, 0x00, 0x00, 0x00, 0x00, 0x00,
  0x00, 0x00, 0x00, 0x00, 0x00, 0x00, 0x00, 0x00, 0x00, 0x00, 0x00, 0x00,
  0x01, 0x00, 0x00, 0x00, 0x01, 0x00, 0x00, 0x00, 0x20, 0x00, 0x0f, 0x07,
  0x00, 0x00, 0x00, 0x00, 0x00, 0x00, 0x00, 0x00, 0x01, 0x00, 0x00, 0x00,
  0x01, 0x00, 0x00, 0x00, 0x80, 0xff, 0xff, 0xff, 0x00, 0x80, 0x00, 0x00,
  0x00, 0x00, 0x00, 0x00, 0x00, 0x00, 0x00, 0x00, 0x08, 0x11, 0x40, 0x01,
  0x00, 0x00, 0x00, 0x00, 0x02, 0x00, 0x05, 0x00, 0x00, 0x00, 0x05, 0x00,
  0x04, 0x04, 0x01, 0x01, 0x01, 0x00, 0x00, 0x00, 0x06, 0x00, 0x27, 0x00,
  0x00, 0x00, 0x84, 0x00, 0x80, 0x08, 0x01, 0x00, 0x00, 0x00, 0x00, 0x00,
  0x50, 0x58, 0x00, 0x00, 0x90, 0x58, 0x00, 0x00, 0xb0, 0x58, 0x00, 0x00,
  0x2e, 0x00, 0x00, 0x00, 0x2e, 0x00, 0x00, 0x00, 0x08, 0x00, 0x00, 0x00,
  0x08, 0x00, 0x00, 0x00, 0x5c, 0x00, 0x00, 0x00, 0x5c, 0x00, 0x00, 0x00,
  0x08, 0x00, 0x00, 0x00, 0x01, 0x00, 0x00, 0x00, 0x01, 0x00, 0x00, 0x00,
  0x02, 0x00, 0x00, 0x00, 0x02, 0x00, 0x00, 0x00, 0x00, 0x00, 0x00, 0x00,
  0x00, 0x00, 0x00, 0x00, 0x00, 0x00, 0x00, 0x00, 0x00, 0x00, 0x00, 0x00,
  0x01, 0x00, 0x00, 0x00, 0x01, 0x00, 0x00, 0x00, 0x20, 0x00, 0x0f, 0x07,
  0x00, 0x00, 0x00, 0x00, 0x00, 0x00, 0x00, 0x00, 0x01, 0x00, 0x00, 0x00,
  0x01, 0x00, 0x00, 0x00, 0x80, 0xff, 0xff, 0xff, 0x00, 0x00, 0x00, 0x00,
  0x00, 0x00, 0x00, 0x00, 0x00, 0x00, 0x00, 0x00, 0x00, 0x00, 0x00, 0x00,
  0x00, 0x00, 0x00, 0x00, 0x02, 0x00, 0x05, 0x00, 0x00, 0x00, 0x05, 0x00,
  0x04, 0x04, 0x01, 0x01, 0x01, 0x00, 0x00, 0x00, 0x06, 0x00, 0x1e, 0x00,
  0x00, 0x00, 0x84, 0x00, 0xa0, 0x4a, 0x01, 0x00, 0x00, 0x00, 0x00, 0x00,
  0x38, 0x55, 0x00, 0x00, 0x80, 0x55, 0x00, 0x00, 0xe0, 0x55, 0x00, 0x00,
  0x5c, 0x00, 0x00, 0x00, 0x5c, 0x00, 0x00, 0x00, 0x08, 0x00, 0x00, 0x00,
  0x08, 0x00, 0x00, 0x00, 0x5c, 0x00, 0x00, 0x00, 0x5c, 0x00, 0x00, 0x00,
  0x08, 0x00, 0x00, 0x00, 0x03, 0x00, 0x00, 0x00, 0x03, 0x00, 0x00, 0x00,
  0x01, 0x00, 0x00, 0x00, 0x01, 0x00, 0x00, 0x00, 0x01, 0x00, 0x00, 0x00,
  0x01, 0x00, 0x00, 0x00, 0x01, 0x00, 0x00, 0x00, 0x01, 0x00, 0x00, 0x00,
  0x01, 0x00, 0x00, 0x00, 0x01, 0x00, 0x00, 0x00, 0x20, 0x00, 0x0f, 0x07,
  0x00, 0x00, 0x00, 0x00, 0x00, 0x00, 0x00, 0x00, 0x01, 0x00, 0x00, 0x00,
  0x01, 0x00, 0x00, 0x00, 0x80, 0xff, 0xff, 0xff, 0x00, 0xeb, 0x00, 0x00,
  0x00, 0x00, 0x00, 0x00, 0x00, 0x00, 0x00, 0x00, 0x00, 0x00, 0x00, 0x00,
  0x00, 0x00, 0x00, 0x00, 0x02, 0x00, 0x03, 0x00, 0x00, 0x00, 0x03, 0x00,
  0x04, 0x04, 0x01, 0x00, 0x06, 0x00, 0x52, 0x00, 0x00, 0x00, 0x24, 0x00,
  0x00, 0x00, 0x00, 0x00, 0xa0, 0x4a, 0x01, 0x00, 0x40, 0x5a, 0x00, 0x00,
  0x01, 0x00, 0x00, 0x00, 0x10, 0x21, 0x00, 0x00, 0x08, 0x00, 0x00, 0x00,
  0x04, 0x00, 0x00, 0x00, 0x00, 0x00, 0x0f, 0x06, 0x80, 0x00, 0x01, 0x00,
  0x02, 0x00, 0x05, 0x00, 0x00, 0x00, 0x05, 0x00, 0x04, 0x04, 0x01, 0x01,
  0x01, 0x00, 0x00, 0x00, 0x06, 0x00, 0x2a, 0x00, 0x00, 0x00, 0x84, 0x00,
  0xa0, 0x4a, 0x01, 0x00, 0x00, 0x00, 0x00, 0x00, 0xd0, 0x58, 0x00, 0x00,
  0x10, 0x59, 0x00, 0x00, 0x30, 0x59, 0x00, 0x00, 0x5c, 0x00, 0x00, 0x00,
  0x5c, 0x00, 0x00, 0x00, 0x08, 0x00, 0x00, 0x00, 0x08, 0x00, 0x00, 0x00,
  0x5c, 0x00, 0x00, 0x00, 0x5c, 0x00, 0x00, 0x00, 0x04, 0x00, 0x00, 0x00,
  0x01, 0x00, 0x00, 0x00, 0x01, 0x00, 0x00, 0x00, 0x01, 0x00, 0x00, 0x00,
  0x01, 0x00, 0x00, 0x00, 0x00, 0x00, 0x00, 0x00, 0x00, 0x00, 0x00, 0x00,
  0x00, 0x00, 0x00, 0x00, 0x00, 0x00, 0x00, 0x00, 0x01, 0x00, 0x00, 0x00,
  0x01, 0x00, 0x00, 0x00, 0x20, 0x00, 0x0f, 0x07, 0x00, 0x00, 0x00, 0x00,
  0x00, 0x00, 0x00, 0x00, 0x01, 0x00, 0x00, 0x00, 0x01, 0x00, 0x00, 0x00,
  0xeb, 0xff, 0xff, 0xff, 0x00, 0x80, 0x00, 0x00, 0x00, 0x00, 0x00, 0x00,
  0x00, 0x00, 0x00, 0x00, 0x00, 0x00, 0x00, 0x00, 0x00, 0x00, 0x00, 0x00,
  0x02, 0x00, 0x05, 0x00, 0x00, 0x00, 0x05, 0x00, 0x04, 0x04, 0x01, 0x01,
  0x01, 0x00, 0x00, 0x00, 0x06, 0x00, 0x1e, 0x00, 0x00, 0x00, 0x84, 0x00,
  0x00, 0x00, 0x00, 0x00, 0xa0, 0x4a, 0x01, 0x00, 0x00, 0x56, 0x00, 0x00,
  0x48, 0x56, 0x00, 0x00, 0xa8, 0x56, 0x00, 0x00, 0x5c, 0x00, 0x00, 0x00,
  0x5c, 0x00, 0x00, 0x00, 0x08, 0x00, 0x00, 0x00, 0x08, 0x00, 0x00, 0x00,
  0x5c, 0x00, 0x00, 0x00, 0x5c, 0x00, 0x00, 0x00, 0x08, 0x00, 0x00, 0x00,
  0x03, 0x00, 0x00, 0x00, 0x03, 0x00, 0x00, 0x00, 0x01, 0x00, 0x00, 0x00,
  0x01, 0x00, 0x00, 0x00, 0x01, 0x00, 0x00, 0x00, 0x01, 0x00, 0x00, 0x00,
  0x01, 0x00, 0x00, 0x00, 0x01, 0x00, 0x00, 0x00, 0x01, 0x00, 0x00, 0x00,
  0x01, 0x00, 0x00, 0x00, 0x20, 0x00, 0x0f, 0x07, 0x00, 0x00, 0x00, 0x00,
  0x00, 0x00, 0x00, 0x00, 0x01, 0x00, 0x00, 0x00, 0x01, 0x00, 0x00, 0x00,
  0x80, 0xff, 0xff, 0xff, 0x00, 0x25, 0x00, 0x00, 0x00, 0x00, 0x00, 0x00,
  0x00, 0x00, 0x00, 0x00, 0x00, 0x00, 0x00, 0x00, 0x00, 0x00, 0x00, 0x00,
  0x02, 0x00, 0x05, 0x00, 0x00, 0x00, 0x05, 0x00, 0x04, 0x04, 0x01, 0x01,
  0x01, 0x00, 0x00, 0x00, 0x06, 0x00, 0x22, 0x00, 0x00, 0x00, 0x84, 0x00,
  0xa0, 0x4a, 0x01, 0x00, 0x00, 0x00, 0x00, 0x00, 0x50, 0x59, 0x00, 0x00,
  0x90, 0x59, 0x00, 0x00, 0xb0, 0x59, 0x00, 0x00, 0x5c, 0x00, 0x00, 0x00,
  0x5c, 0x00, 0x00, 0x00, 0x08, 0x00, 0x00, 0x00, 0x08, 0x00, 0x00, 0x00,
  0x5c, 0x00, 0x00, 0x00, 0x5c, 0x00, 0x00, 0x00, 0x08, 0x00, 0x00, 0x00,
  0x01, 0x00, 0x00, 0x00, 0x01, 0x00, 0x00, 0x00, 0x01, 0x00, 0x00, 0x00,
  0x01, 0x00, 0x00, 0x00, 0x00, 0x00, 0x00, 0x00, 0x00, 0x00, 0x00, 0x00,
  0x00, 0x00, 0x00, 0x00, 0x00, 0x00, 0x00, 0x00, 0x01, 0x00, 0x00, 0x00,
  0x01, 0x00, 0x00, 0x00, 0x20, 0x00, 0x0f, 0x07, 0x00, 0x00, 0x00, 0x00,
  0x00, 0x00, 0x00, 0x00, 0x01, 0x00, 0x00, 0x00, 0x01, 0x00, 0x00, 0x00,
  0x25, 0x00, 0x00, 0x00, 0x00, 0x0c, 0x00, 0x00, 0x00, 0x00, 0x00, 0x00,
  0x00, 0x00, 0x00, 0x00, 0x00, 0x00, 0x00, 0x00, 0x00, 0x00, 0x00, 0x00,
  0x02, 0x00, 0x02, 0x00, 0x00, 0x00, 0x02, 0x00, 0x04, 0x04, 0x00, 0x00,
  0x06, 0x00, 0x3f, 0x00, 0x00, 0x00, 0x50, 0x00, 0x00, 0x00, 0x00, 0x00,
  0xa0, 0x4a, 0x01, 0x00, 0x00, 0x00, 0x00, 0x00, 0x2e, 0x00, 0x00, 0x00,
  0x2e, 0x00, 0x00, 0x00, 0x08, 0x00, 0x00, 0x00, 0x08, 0x00, 0x00, 0x00,
  0x5c, 0x00, 0x00, 0x00, 0x5c, 0x00, 0x00, 0x00, 0x08, 0x00, 0x00, 0x00,
  0x03, 0x00, 0x00, 0x00, 0x03, 0x00, 0x00, 0x00, 0x02, 0x00, 0x00, 0x00,
  0x02, 0x00, 0x00, 0x00, 0x00, 0x00, 0x00, 0x00, 0x00, 0x00, 0x00, 0x00,
  0x01, 0x00, 0x00, 0x00, 0x01, 0x00, 0x00, 0x00, 0x20, 0x00, 0x09, 0x40,
  0x00, 0x00, 0x00, 0x00, 0x02, 0x00, 0x05, 0x00, 0x00, 0x00, 0x05, 0x00,
  0x04, 0x04, 0x04, 0x01, 0x01, 0x00, 0x00, 0x00, 0x06, 0x00, 0x08, 0x00,
  0x00, 0x00, 0x34, 0x00, 0x20, 0x42, 0x00, 0x00, 0x00, 0x00, 0x00, 0x00,
  0x80, 0x08, 0x01, 0x00, 0x50, 0x5a, 0x00, 0x00, 0x58, 0x5a, 0x00, 0x00,
  0x01, 0x00, 0x00, 0x00, 0x01, 0x00, 0x00, 0x00, 0x20, 0x42, 0x00, 0x00,
  0x01, 0x00, 0x00, 0x00, 0x20, 0x02, 0x0e, 0x07, 0x96, 0xe1, 0xa3, 0x64,
  0x00, 0x00, 0x00, 0x00, 0x00, 0x00, 0x00, 0x00, 0x02, 0x00, 0x05, 0x00,
  0x00, 0x00, 0x05, 0x00, 0x04, 0x04, 0x01, 0x01, 0x01, 0x00, 0x00, 0x00,
  0x06, 0x00, 0x27, 0x00, 0x00, 0x00, 0x84, 0x00, 0x00, 0x00, 0x00, 0x00,
  0x20, 0x42, 0x00, 0x00, 0x38, 0x53, 0x00, 0x00, 0xb8, 0x53, 0x00, 0x00,
  0xf8, 0x53, 0x00, 0x00, 0x17, 0x00, 0x00, 0x00, 0x17, 0x00, 0x00, 0x00,
  0x10, 0x00, 0x00, 0x00, 0x10, 0x00, 0x00, 0x00, 0x2e, 0x00, 0x00, 0x00,
  0x2e, 0x00, 0x00, 0x00, 0x08, 0x00, 0x00, 0x00, 0x01, 0x00, 0x00, 0x00,
  0x01, 0x00, 0x00, 0x00, 0x02, 0x00, 0x00, 0x00, 0x02, 0x00, 0x00, 0x00,
  0x00, 0x00, 0x00, 0x00, 0x00, 0x00, 0x00, 0x00, 0x00, 0x00, 0x00, 0x00,
  0x00, 0x00, 0x00, 0x00, 0x01, 0x00, 0x00, 0x00, 0x01, 0x00, 0x00, 0x00,
  0x20, 0x00, 0x0f, 0x07, 0x00, 0x00, 0x00, 0x00, 0x00, 0x00, 0x00, 0x00,
  0x01, 0x00, 0x00, 0x00, 0x01, 0x00, 0x00, 0x00, 0xe1, 0xff, 0xff, 0xff,
  0x00, 0xf0, 0x00, 0x00, 0x00, 0x00, 0x00, 0x00, 0x00, 0x00, 0x00, 0x00,
  0x00, 0x00, 0x00, 0x00, 0x00, 0x00, 0x00, 0x00, 0x02, 0x00, 0x05, 0x00,
  0x00, 0x00, 0x05, 0x00, 0x04, 0x04, 0x01, 0x01, 0x01, 0x00, 0x00, 0x00,
  0x06, 0x00, 0x1e, 0x00, 0x00, 0x00, 0x84, 0x00, 0x40, 0x84, 0x00, 0x00,
  0x20, 0x42, 0x00, 0x00, 0xc8, 0x56, 0x00, 0x00, 0x10, 0x57, 0x00, 0x00,
  0x70, 0x57, 0x00, 0x00, 0x2e, 0x00, 0x00, 0x00, 0x2e, 0x00, 0x00, 0x00,
  0x08, 0x00, 0x00, 0x00, 0x08, 0x00, 0x00, 0x00, 0x2e, 0x00, 0x00, 0x00,
  0x2e, 0x00, 0x00, 0x00, 0x08, 0x00, 0x00, 0x00, 0x03, 0x00, 0x00, 0x00,
  0x03, 0x00, 0x00, 0x00, 0x01, 0x00, 0x00, 0x00, 0x01, 0x00, 0x00, 0x00,
  0x01, 0x00, 0x00, 0x00, 0x01, 0x00, 0x00, 0x00, 0x01, 0x00, 0x00, 0x00,
  0x01, 0x00, 0x00, 0x00, 0x01, 0x00, 0x00, 0x00, 0x01, 0x00, 0x00, 0x00,
  0x20, 0x00, 0x0f, 0x07, 0x00, 0x00, 0x00, 0x00, 0x00, 0x00, 0x00, 0x00,
  0x01, 0x00, 0x00, 0x00, 0x01, 0x00, 0x00, 0x00, 0xe1, 0xff, 0xff, 0xff,
  0x00, 0xd1, 0x00, 0x00, 0x00, 0x00, 0x00, 0x00, 0x00, 0x00, 0x00, 0x00,
  0x00, 0x00, 0x00, 0x00, 0x00, 0x00, 0x00, 0x00, 0x02, 0x00, 0x05, 0x00,
  0x00, 0x00, 0x05, 0x00, 0x04, 0x04, 0x01, 0x01, 0x01, 0x00, 0x00, 0x00,
  0x06, 0x00, 0x22, 0x00, 0x00, 0x00, 0x84, 0x00, 0x60, 0xc6, 0x00, 0x00,
  0x40, 0x84, 0x00, 0x00, 0x38, 0x54, 0x00, 0x00, 0xb8, 0x54, 0x00, 0x00,
  0xf8, 0x54, 0x00, 0x00, 0x2e, 0x00, 0x00, 0x00, 0x2e, 0x00, 0x00, 0x00,
  0x10, 0x00, 0x00, 0x00, 0x10, 0x00, 0x00, 0x00, 0x2e, 0x00, 0x00, 0x00,
  0x2e, 0x00, 0x00, 0x00, 0x08, 0x00, 0x00, 0x00, 0x01, 0x00, 0x00, 0x00,
  0x01, 0x00, 0x00, 0x00, 0x01, 0x00, 0x00, 0x00, 0x01, 0x00, 0x00, 0x00,
  0x00, 0x00, 0x00, 0x00, 0x00, 0x00, 0x00, 0x00, 0x00, 0x00, 0x00, 0x00,
  0x00, 0x00, 0x00, 0x00, 0x01, 0x00, 0x00, 0x00, 0x01, 0x00, 0x00, 0x00,
  0x20, 0x00, 0x0f, 0x07, 0x00, 0x00, 0x00, 0x00, 0x00, 0x00, 0x00, 0x00,
  0x01, 0x00, 0x00, 0x00, 0x01, 0x00, 0x00, 0x00, 0xd1, 0xff, 0xff, 0xff,
  0x00, 0x80, 0x00, 0x00, 0x00, 0x00, 0x00, 0x00, 0x00, 0x00, 0x00, 0x00,
  0x00, 0x00, 0x00, 0x00, 0x00, 0x00, 0x00, 0x00, 0x02, 0x00, 0x05, 0x00,
  0x00, 0x00, 0x05, 0x00, 0x04, 0x04, 0x01, 0x01, 0x01, 0x00, 0x00, 0x00,
  0x06, 0x00, 0x1e, 0x00, 0x00, 0x00, 0x84, 0x00, 0x10, 0x21, 0x00, 0x00,
  0x60, 0xc6, 0x00, 0x00, 0x98, 0x4a, 0x00, 0x00, 0x28, 0x4b, 0x00, 0x00,
  0xe8, 0x4b, 0x00, 0x00, 0x2e, 0x00, 0x00, 0x00, 0x2e, 0x00, 0x00, 0x00,
  0x10, 0x00, 0x00, 0x00, 0x10, 0x00, 0x00, 0x00, 0x2e, 0x00, 0x00, 0x00,
  0x2e, 0x00, 0x00, 0x00, 0x10, 0x00, 0x00, 0x00, 0x03, 0x00, 0x00, 0x00,
  0x03, 0x00, 0x00, 0x00, 0x01, 0x00, 0x00, 0x00, 0x01, 0x00, 0x00, 0x00,
  0x01, 0x00, 0x00, 0x00, 0x01, 0x00, 0x00, 0x00, 0x01, 0x00, 0x00, 0x00,
  0x01, 0x00, 0x00, 0x00, 0x01, 0x00, 0x00, 0x00, 0x01, 0x00, 0x00, 0x00,
  0x20, 0x00, 0x0f, 0x07, 0x00, 0x00, 0x00, 0x00, 0x00, 0x00, 0x00, 0x00,
  0x01, 0x00, 0x00, 0x00, 0x01, 0x00, 0x00, 0x00, 0x80, 0xff, 0xff, 0xff,
  0x00, 0xfb, 0x00, 0x00, 0x00, 0x00, 0x00, 0x00, 0x00, 0x00, 0x00, 0x00,
  0x00, 0x00, 0x00, 0x00, 0x00, 0x00, 0x00, 0x00, 0x02, 0x00, 0x05, 0x00,
  0x00, 0x00, 0x05, 0x00, 0x04, 0x04, 0x01, 0x01, 0x01, 0x00, 0x00, 0x00,
  0x06, 0x00, 0x22, 0x00, 0x00, 0x00, 0x84, 0x00, 0x50, 0xa5, 0x00, 0x00,
  0x10, 0x21, 0x00, 0x00, 0x38, 0x4f, 0x00, 0x00, 0x38, 0x50, 0x00, 0x00,
  0x78, 0x50, 0x00, 0x00, 0x2e, 0x00, 0x00, 0x00, 0x2e, 0x00, 0x00, 0x00,
  0x10, 0x00, 0x00, 0x00, 0x10, 0x00, 0x00, 0x00, 0x2e, 0x00, 0x00, 0x00,
  0x2e, 0x00, 0x00, 0x00, 0x10, 0x00, 0x00, 0x00, 0x01, 0x00, 0x00, 0x00,
  0x01, 0x00, 0x00, 0x00, 0x01, 0x00, 0x00, 0x00, 0x01, 0x00, 0x00, 0x00,
  0x00, 0x00, 0x00, 0x00, 0x00, 0x00, 0x00, 0x00, 0x00, 0x00, 0x00, 0x00,
  0x00, 0x00, 0x00, 0x00, 0x01, 0x00, 0x00, 0x00, 0x01, 0x00, 0x00, 0x00,
  0x20, 0x00, 0x0f, 0x07, 0x00, 0x00, 0x00, 0x00, 0x00, 0x00, 0x00, 0x00,
  0x01, 0x00, 0x00, 0x00, 0x01, 0x00, 0x00, 0x00, 0xfb, 0xff, 0xff, 0xff,
  0x00, 0xeb, 0x00, 0x00, 0x00, 0x00, 0x00, 0x00, 0x00, 0x00, 0x00, 0x00,
  0x00, 0x00, 0x00, 0x00, 0x00, 0x00, 0x00, 0x00, 0x02, 0x00, 0x02, 0x00,
  0x00, 0x00, 0x02, 0x00, 0x04, 0x04, 0x00, 0x00, 0x06, 0x00, 0x3f, 0x00,
  0x00, 0x00, 0x50, 0x00, 0x10, 0x21, 0x00, 0x00, 0x50, 0xa5, 0x00, 0x00,
  0x00, 0x00, 0x00, 0x00, 0x17, 0x00, 0x00, 0x00, 0x17, 0x00, 0x00, 0x00,
  0x10, 0x00, 0x00, 0x00, 0x10, 0x00, 0x00, 0x00, 0x2e, 0x00, 0x00, 0x00,
  0x2e, 0x00, 0x00, 0x00, 0x10, 0x00, 0x00, 0x00, 0x03, 0x00, 0x00, 0x00,
  0x03, 0x00, 0x00, 0x00, 0x02, 0x00, 0x00, 0x00, 0x02, 0x00, 0x00, 0x00,
  0x00, 0x00, 0x00, 0x00, 0x00, 0x00, 0x00, 0x00, 0x01, 0x00, 0x00, 0x00,
  0x01, 0x00, 0x00, 0x00, 0x20, 0x00, 0x09, 0x40, 0x00, 0x00, 0x00, 0x00,
  0x02, 0x00, 0x05, 0x00, 0x00, 0x00, 0x05, 0x00, 0x04, 0x04, 0x04, 0x01,
  0x01, 0x00, 0x00, 0x00, 0x06, 0x00, 0x08, 0x00, 0x00, 0x00, 0x34, 0x00,
  0x20, 0x42, 0x00, 0x00, 0x10, 0x21, 0x00, 0x00, 0x00, 0x00, 0x00, 0x00,
  0x60, 0x5a, 0x00, 0x00, 0x68, 0x5a, 0x00, 0x00, 0x01, 0x00, 0x00, 0x00,
  0x01, 0x00, 0x00, 0x00, 0x10, 0x21, 0x00, 0x00, 0x01, 0x00, 0x00, 0x00,
  0x20, 0x02, 0x0e, 0x07, 0x94, 0xc3, 0xdf, 0x0f, 0x00, 0x00, 0x00, 0x00,
  0x00, 0x00, 0x00, 0x00, 0x02, 0x00, 0x05, 0x00, 0x00, 0x00, 0x05, 0x00,
  0x04, 0x04, 0x01, 0x01, 0x01, 0x00, 0x00, 0x00, 0x06, 0x00, 0x27, 0x00,
  0x00, 0x00, 0x84, 0x00, 0x00, 0x00, 0x00, 0x00, 0x20, 0x42, 0x00, 0x00,
  0x40, 0x42, 0x00, 0x00, 0x40, 0x44, 0x00, 0x00, 0xc0, 0x44, 0x00, 0x00,
  0x0c, 0x00, 0x00, 0x00, 0x0c, 0x00, 0x00, 0x00, 0x20, 0x00, 0x00, 0x00,
  0x20, 0x00, 0x00, 0x00, 0x17, 0x00, 0x00, 0x00, 0x17, 0x00, 0x00, 0x00,
  0x10, 0x00, 0x00, 0x00, 0x01, 0x00, 0x00, 0x00, 0x01, 0x00, 0x00, 0x00,
  0x02, 0x00, 0x00, 0x00, 0x02, 0x00, 0x00, 0x00, 0x00, 0x00, 0x00, 0x00,
  0x00, 0x00, 0x00, 0x00, 0x00, 0x00, 0x00, 0x00, 0x00, 0x00, 0x00, 0x00,
  0x01, 0x00, 0x00, 0x00, 0x01, 0x00, 0x00, 0x00, 0x20, 0x00, 0x0f, 0x07,
  0x00, 0x00, 0x00, 0x00, 0x00, 0x00, 0x00, 0x00, 0x01, 0x00, 0x00, 0x00,
  0x01, 0x00, 0x00, 0x00, 0xc3, 0xff, 0xff, 0xff, 0x00, 0x03, 0x00, 0x00,
  0x00, 0x00, 0x00, 0x00, 0x00, 0x00, 0x00, 0x00, 0x00, 0x00, 0x00, 0x00,
  0x00, 0x00, 0x00, 0x00, 0x02, 0x00, 0x05, 0x00, 0x00, 0x00, 0x05, 0x00,
  0x04, 0x04, 0x01, 0x01, 0x01, 0x00, 0x00, 0x00, 0x06, 0x00, 0x1e, 0x00,
  0x00, 0x00, 0x84, 0x00, 0x00, 0x12, 0x00, 0x00, 0x20, 0x42, 0x00, 0x00,
  0x28, 0x4c, 0x00, 0x00, 0xb8, 0x4c, 0x00, 0x00, 0x78, 0x4d, 0x00, 0x00,
  0x17, 0x00, 0x00, 0x00, 0x17, 0x00, 0x00, 0x00, 0x10, 0x00, 0x00, 0x00,
  0x10, 0x00, 0x00, 0x00, 0x17, 0x00, 0x00, 0x00, 0x17, 0x00, 0x00, 0x00,
  0x10, 0x00, 0x00, 0x00, 0x03, 0x00, 0x00, 0x00, 0x03, 0x00, 0x00, 0x00,
  0x01, 0x00, 0x00, 0x00, 0x01, 0x00, 0x00, 0x00, 0x01, 0x00, 0x00, 0x00,
  0x01, 0x00, 0x00, 0x00, 0x01, 0x00, 0x00, 0x00, 0x01, 0x00, 0x00, 0x00,
  0x01, 0x00, 0x00, 0x00, 0x01, 0x00, 0x00, 0x00, 0x20, 0x00, 0x0f, 0x07,
  0x00, 0x00, 0x00, 0x00, 0x00, 0x00, 0x00, 0x00, 0x01, 0x00, 0x00, 0x00,
  0x01, 0x00, 0x00, 0x00, 0xc3, 0xff, 0xff, 0xff, 0x00, 0x1e, 0x00, 0x00,
  0x00, 0x00, 0x00, 0x00, 0x00, 0x00, 0x00, 0x00, 0x00, 0x00, 0x00, 0x00,
  0x00, 0x00, 0x00, 0x00, 0x02, 0x00, 0x05, 0x00, 0x00, 0x00, 0x05, 0x00,
  0x04, 0x04, 0x01, 0x01, 0x01, 0x00, 0x00, 0x00, 0x06, 0x00, 0x22, 0x00,
  0x00, 0x00, 0x84, 0x00, 0x10, 0x33, 0x00, 0x00, 0x00, 0x12, 0x00, 0x00,
  0x40, 0x45, 0x00, 0x00, 0x40, 0x47, 0x00, 0x00, 0xc0, 0x47, 0x00, 0x00,
  0x17, 0x00, 0x00, 0x00, 0x17, 0x00, 0x00, 0x00, 0x20, 0x00, 0x00, 0x00,
  0x20, 0x00, 0x00, 0x00, 0x17, 0x00, 0x00, 0x00, 0x17, 0x00, 0x00, 0x00,
  0x10, 0x00, 0x00, 0x00, 0x01, 0x00, 0x00, 0x00, 0x01, 0x00, 0x00, 0x00,
  0x01, 0x00, 0x00, 0x00, 0x01, 0x00, 0x00, 0x00, 0x00, 0x00, 0x00, 0x00,
  0x00, 0x00, 0x00, 0x00, 0x00, 0x00, 0x00, 0x00, 0x00, 0x00, 0x00, 0x00,
  0x01, 0x00, 0x00, 0x00, 0x01, 0x00, 0x00, 0x00, 0x20, 0x00, 0x0f, 0x07,
  0x00, 0x00, 0x00, 0x00, 0x00, 0x00, 0x00, 0x00, 0x01, 0x00, 0x00, 0x00,
  0x01, 0x00, 0x00, 0x00, 0x1e, 0x00, 0x00, 0x00, 0x00, 0x80, 0x00, 0x00,
  0x00, 0x00, 0x00, 0x00, 0x00, 0x00, 0x00, 0x00, 0x00, 0x00, 0x00, 0x00,
  0x00, 0x00, 0x00, 0x00, 0x02, 0x00, 0x05, 0x00, 0x00, 0x00, 0x05, 0x00,
  0x04, 0x04, 0x01, 0x01, 0x01, 0x00, 0x00, 0x00, 0x06, 0x00, 0x1e, 0x00,
  0x00, 0x00, 0x84, 0x00, 0x30, 0x75, 0x00, 0x00, 0x10, 0x33, 0x00, 0x00,
  0x00, 0x3c, 0x00, 0x00, 0x20, 0x3d, 0x00, 0x00, 0xa0, 0x3e, 0x00, 0x00,
  0x17, 0x00, 0x00, 0x00, 0x17, 0x00, 0x00, 0x00, 0x20, 0x00, 0x00, 0x00,
  0x20, 0x00, 0x00, 0x00, 0x17, 0x00, 0x00, 0x00, 0x17, 0x00, 0x00, 0x00,
  0x20, 0x00, 0x00, 0x00, 0x03, 0x00, 0x00, 0x00, 0x03, 0x00, 0x00, 0x00,
  0x01, 0x00, 0x00, 0x00, 0x01, 0x00, 0x00, 0x00, 0x01, 0x00, 0x00, 0x00,
  0x01, 0x00, 0x00, 0x00, 0x01, 0x00, 0x00, 0x00, 0x01, 0x00, 0x00, 0x00,
  0x01, 0x00, 0x00, 0x00, 0x01, 0x00, 0x00, 0x00, 0x20, 0x00, 0x0f, 0x07,
  0x00, 0x00, 0x00, 0x00, 0x00, 0x00, 0x00, 0x00, 0x01, 0x00, 0x00, 0x00,
  0x01, 0x00, 0x00, 0x00, 0x80, 0xff, 0xff, 0xff, 0x00, 0x07, 0x00, 0x00,
  0x00, 0x00, 0x00, 0x00, 0x00, 0x00, 0x00, 0x00, 0x00, 0x00, 0x00, 0x00,
  0x00, 0x00, 0x00, 0x00, 0x02, 0x00, 0x05, 0x00, 0x00, 0x00, 0x05, 0x00,
  0x04, 0x04, 0x01, 0x01, 0x01, 0x00, 0x00, 0x00, 0x06, 0x00, 0x22, 0x00,
  0x00, 0x00, 0x84, 0x00, 0x00, 0x12, 0x00, 0x00, 0x30, 0x75, 0x00, 0x00,
  0x80, 0x32, 0x00, 0x00, 0x80, 0x36, 0x00, 0x00, 0x00, 0x37, 0x00, 0x00,
  0x17, 0x00, 0x00, 0x00, 0x17, 0x00, 0x00, 0x00, 0x20, 0x00, 0x00, 0x00,
  0x20, 0x00, 0x00, 0x00, 0x17, 0x00, 0x00, 0x00, 0x17, 0x00, 0x00, 0x00,
  0x20, 0x00, 0x00, 0x00, 0x01, 0x00, 0x00, 0x00, 0x01, 0x00, 0x00, 0x00,
  0x01, 0x00, 0x00, 0x00, 0x01, 0x00, 0x00, 0x00, 0x00, 0x00, 0x00, 0x00,
  0x00, 0x00, 0x00, 0x00, 0x00, 0x00, 0x00, 0x00, 0x00, 0x00, 0x00, 0x00,
  0x01, 0x00, 0x00, 0x00, 0x01, 0x00, 0x00, 0x00, 0x20, 0x00, 0x0f, 0x07,
  0x00, 0x00, 0x00, 0x00, 0x00, 0x00, 0x00, 0x00, 0x01, 0x00, 0x00, 0x00,
  0x01, 0x00, 0x00, 0x00, 0x07, 0x00, 0x00, 0x00, 0x00, 0xfb, 0x00, 0x00,
  0x00, 0x00, 0x00, 0x00, 0x00, 0x00, 0x00, 0x00, 0x00, 0x00, 0x00, 0x00,
  0x00, 0x00, 0x00, 0x00, 0x02, 0x00, 0x02, 0x00, 0x00, 0x00, 0x02, 0x00,
  0x04, 0x04, 0x00, 0x00, 0x06, 0x00, 0x3f, 0x00, 0x00, 0x00, 0x50, 0x00,
  0x20, 0x54, 0x00, 0x00, 0x00, 0x12, 0x00, 0x00, 0x00, 0x00, 0x00, 0x00,
  0x0c, 0x00, 0x00, 0x00, 0x0c, 0x00, 0x00, 0x00, 0x20, 0x00, 0x00, 0x00,
  0x20, 0x00, 0x00, 0x00, 0x17, 0x00, 0x00, 0x00, 0x17, 0x00, 0x00, 0x00,
  0x20, 0x00, 0x00, 0x00, 0x03, 0x00, 0x00, 0x00, 0x03, 0x00, 0x00, 0x00,
  0x02, 0x00, 0x00, 0x00, 0x02, 0x00, 0x00, 0x00, 0x01, 0x00, 0x00, 0x00,
  0x01, 0x00, 0x00, 0x00, 0x01, 0x00, 0x00, 0x00, 0x01, 0x00, 0x00, 0x00,
  0x20, 0x00, 0x09, 0x40, 0x00, 0x00, 0x00, 0x00, 0x02, 0x00, 0x05, 0x00,
  0x00, 0x00, 0x05, 0x00, 0x04, 0x04, 0x04, 0x01, 0x01, 0x00, 0x00, 0x00,
  0x06, 0x00, 0x08, 0x00, 0x00, 0x00, 0x34, 0x00, 0x00, 0x12, 0x00, 0x00,
  0x20, 0x54, 0x00, 0x00, 0x00, 0x00, 0x00, 0x00, 0x70, 0x5a, 0x00, 0x00,
  0x78, 0x5a, 0x00, 0x00, 0x01, 0x00, 0x00, 0x00, 0x01, 0x00, 0x00, 0x00,
  0x00, 0x12, 0x00, 0x00, 0x01, 0x00, 0x00, 0x00, 0x20, 0x02, 0x0e, 0x07,
  0x97, 0xce, 0xaf, 0xa1, 0x00, 0x00, 0x00, 0x00, 0x00, 0x00, 0x00, 0x00,
  0x02, 0x00, 0x05, 0x00, 0x00, 0x00, 0x05, 0x00, 0x04, 0x04, 0x01, 0x01,
  0x01, 0x00, 0x00, 0x00, 0x06, 0x00, 0x27, 0x00, 0x00, 0x00, 0x84, 0x00,
  0x00, 0x00, 0x00, 0x00, 0x00, 0x12, 0x00, 0x00, 0x00, 0x12, 0x00, 0x00,
  0x00, 0x1a, 0x00, 0x00, 0x00, 0x1b, 0x00, 0x00, 0x06, 0x00, 0x00, 0x00,
  0x06, 0x00, 0x00, 0x00, 0x40, 0x00, 0x00, 0x00, 0x40, 0x00, 0x00, 0x00,
  0x0c, 0x00, 0x00, 0x00, 0x0c, 0x00, 0x00, 0x00, 0x20, 0x00, 0x00, 0x00,
  0x01, 0x00, 0x00, 0x00, 0x01, 0x00, 0x00, 0x00, 0x02, 0x00, 0x00, 0x00,
  0x02, 0x00, 0x00, 0x00, 0x00, 0x00, 0x00, 0x00, 0x00, 0x00, 0x00, 0x00,
  0x00, 0x00, 0x00, 0x00, 0x00, 0x00, 0x00, 0x00, 0x01, 0x00, 0x00, 0x00,
  0x01, 0x00, 0x00, 0x00, 0x20, 0x00, 0x0f, 0x07, 0x00, 0x00, 0x00, 0x00,
  0x00, 0x00, 0x00, 0x00, 0x01, 0x00, 0x00, 0x00, 0x01, 0x00, 0x00, 0x00,
  0xce, 0xff, 0xff, 0xff, 0x00, 0x01, 0x00, 0x00, 0x00, 0x00, 0x00, 0x00,
  0x00, 0x00, 0x00, 0x00, 0x00, 0x00, 0x00, 0x00, 0x00, 0x00, 0x00, 0x00,
  0x02, 0x00, 0x05, 0x00, 0x00, 0x00, 0x05, 0x00, 0x04, 0x04, 0x01, 0x01,
  0x01, 0x00, 0x00, 0x00, 0x06, 0x00, 0x1e, 0x00, 0x00, 0x00, 0x84, 0x00,
  0x00, 0x24, 0x00, 0x00, 0x00, 0x12, 0x00, 0x00, 0x20, 0x3f, 0x00, 0x00,
  0x40, 0x40, 0x00, 0x00, 0xc0, 0x41, 0x00, 0x00, 0x0c, 0x00, 0x00, 0x00,
  0x0c, 0x00, 0x00, 0x00, 0x20, 0x00, 0x00, 0x00, 0x20, 0x00, 0x00, 0x00,
  0x0c, 0x00, 0x00, 0x00, 0x0c, 0x00, 0x00, 0x00, 0x20, 0x00, 0x00, 0x00,
  0x03, 0x00, 0x00, 0x00, 0x03, 0x00, 0x00, 0x00, 0x01, 0x00, 0x00, 0x00,
  0x01, 0x00, 0x00, 0x00, 0x01, 0x00, 0x00, 0x00, 0x01, 0x00, 0x00, 0x00,
  0x01, 0x00, 0x00, 0x00, 0x01, 0x00, 0x00, 0x00, 0x01, 0x00, 0x00, 0x00,
  0x01, 0x00, 0x00, 0x00, 0x20, 0x00, 0x0f, 0x07, 0x00, 0x00, 0x00, 0x00,
  0x00, 0x00, 0x00, 0x00, 0x01, 0x00, 0x00, 0x00, 0x01, 0x00, 0x00, 0x00,
  0xce, 0xff, 0xff, 0xff, 0x00, 0x09, 0x00, 0x00, 0x00, 0x00, 0x00, 0x00,
  0x00, 0x00, 0x00, 0x00, 0x00, 0x00, 0x00, 0x00, 0x00, 0x00, 0x00, 0x00,
  0x02, 0x00, 0x05, 0x00, 0x00, 0x00, 0x05, 0x00, 0x04, 0x04, 0x01, 0x01,
  0x01, 0x00, 0x00, 0x00, 0x06, 0x00, 0x22, 0x00, 0x00, 0x00, 0x84, 0x00,
  0x00, 0x36, 0x00, 0x00, 0x00, 0x24, 0x00, 0x00, 0x00, 0x1c, 0x00, 0x00,
  0x00, 0x24, 0x00, 0x00, 0x00, 0x25, 0x00, 0x00, 0x0c, 0x00, 0x00, 0x00,
  0x0c, 0x00, 0x00, 0x00, 0x40, 0x00, 0x00, 0x00, 0x40, 0x00, 0x00, 0x00,
  0x0c, 0x00, 0x00, 0x00, 0x0c, 0x00, 0x00, 0x00, 0x20, 0x00, 0x00, 0x00,
  0x01, 0x00, 0x00, 0x00, 0x01, 0x00, 0x00, 0x00, 0x01, 0x00, 0x00, 0x00,
  0x01, 0x00, 0x00, 0x00, 0x00, 0x00, 0x00, 0x00, 0x00, 0x00, 0x00, 0x00,
  0x00, 0x00, 0x00, 0x00, 0x00, 0x00, 0x00, 0x00, 0x01, 0x00, 0x00, 0x00,
  0x01, 0x00, 0x00, 0x00, 0x20, 0x00, 0x0f, 0x07, 0x00, 0x00, 0x00, 0x00,
  0x00, 0x00, 0x00, 0x00, 0x01, 0x00, 0x00, 0x00, 0x01, 0x00, 0x00, 0x00,
  0x09, 0x00, 0x00, 0x00, 0x00, 0x80, 0x00, 0x00, 0x00, 0x00, 0x00, 0x00,
  0x00, 0x00, 0x00, 0x00, 0x00, 0x00, 0x00, 0x00, 0x00, 0x00, 0x00, 0x00,
  0x02, 0x00, 0x05, 0x00, 0x00, 0x00, 0x05, 0x00, 0x04, 0x04, 0x01, 0x01,
  0x01, 0x00, 0x00, 0x00, 0x06, 0x00, 0x1e, 0x00, 0x00, 0x00, 0x84, 0x00,
  0x00, 0x09, 0x00, 0x00, 0x00, 0x36, 0x00, 0x00, 0x00, 0x26, 0x00, 0x00,
  0x40, 0x28, 0x00, 0x00, 0x40, 0x2b, 0x00, 0x00, 0x0c, 0x00, 0x00, 0x00,
  0x0c, 0x00, 0x00, 0x00, 0x40, 0x00, 0x00, 0x00, 0x40, 0x00, 0x00, 0x00,
  0x0c, 0x00, 0x00, 0x00, 0x0c, 0x00, 0x00, 0x00, 0x40, 0x00, 0x00, 0x00,
  0x03, 0x00, 0x00, 0x00, 0x03, 0x00, 0x00, 0x00, 0x01, 0x00, 0x00, 0x00,
  0x01, 0x00, 0x00, 0x00, 0x01, 0x00, 0x00, 0x00, 0x01, 0x00, 0x00, 0x00,
  0x01, 0x00, 0x00, 0x00, 0x01, 0x00, 0x00, 0x00, 0x01, 0x00, 0x00, 0x00,
  0x01, 0x00, 0x00, 0x00, 0x20, 0x00, 0x0f, 0x07, 0x00, 0x00, 0x00, 0x00,
  0x00, 0x00, 0x00, 0x00, 0x01, 0x00, 0x00, 0x00, 0x01, 0x00, 0x00, 0x00,
  0x80, 0xff, 0xff, 0xff, 0x00, 0x03, 0x00, 0x00, 0x00, 0x00, 0x00, 0x00,
  0x00, 0x00, 0x00, 0x00, 0x00, 0x00, 0x00, 0x00, 0x00, 0x00, 0x00, 0x00,
  0x02, 0x00, 0x05, 0x00, 0x00, 0x00, 0x05, 0x00, 0x04, 0x04, 0x01, 0x01,
  0x01, 0x00, 0x00, 0x00, 0x06, 0x00, 0x22, 0x00, 0x00, 0x00, 0x84, 0x00,
  0x00, 0x2d, 0x00, 0x00, 0x00, 0x09, 0x00, 0x00, 0x00, 0x00, 0x00, 0x00,
  0x00, 0x10, 0x00, 0x00, 0x00, 0x11, 0x00, 0x00, 0x0c, 0x00, 0x00, 0x00,
  0x0c, 0x00, 0x00, 0x00, 0x40, 0x00, 0x00, 0x00, 0x40, 0x00, 0x00, 0x00,
  0x0c, 0x00, 0x00, 0x00, 0x0c, 0x00, 0x00, 0x00, 0x40, 0x00, 0x00, 0x00,
  0x01, 0x00, 0x00, 0x00, 0x01, 0x00, 0x00, 0x00, 0x01, 0x00, 0x00, 0x00,
  0x01, 0x00, 0x00, 0x00, 0x00, 0x00, 0x00, 0x00, 0x00, 0x00, 0x00, 0x00,
  0x00, 0x00, 0x00, 0x00, 0x00, 0x00, 0x00, 0x00, 0x01, 0x00, 0x00, 0x00,
  0x01, 0x00, 0x00, 0x00, 0x20, 0x00, 0x0f, 0x07, 0x00, 0x00, 0x00, 0x00,
  0x00, 0x00, 0x00, 0x00, 0x01, 0x00, 0x00, 0x00, 0x01, 0x00, 0x00, 0x00,
  0x03, 0x00, 0x00, 0x00, 0x00, 0xf1, 0x00, 0x00, 0x00, 0x00, 0x00, 0x00,
  0x00, 0x00, 0x00, 0x00, 0x00, 0x00, 0x00, 0x00, 0x00, 0x00, 0x00, 0x00,
  0x02, 0x00, 0x02, 0x00, 0x00, 0x00, 0x02, 0x00, 0x04, 0x04, 0x00, 0x00,
  0x06, 0x00, 0x3f, 0x00, 0x00, 0x00, 0x50, 0x00, 0x00, 0x09, 0x00, 0x00,
  0x00, 0x2d, 0x00, 0x00, 0x00, 0x00, 0x00, 0x00, 0x06, 0x00, 0x00, 0x00,
  0x06, 0x00, 0x00, 0x00, 0x40, 0x00, 0x00, 0x00, 0x40, 0x00, 0x00, 0x00,
  0x0c, 0x00, 0x00, 0x00, 0x0c, 0x00, 0x00, 0x00, 0x40, 0x00, 0x00, 0x00,
  0x03, 0x00, 0x00, 0x00, 0x03, 0x00, 0x00, 0x00, 0x02, 0x00, 0x00, 0x00,
  0x02, 0x00, 0x00, 0x00, 0x00, 0x00, 0x00, 0x00, 0x00, 0x00, 0x00, 0x00,
  0x01, 0x00, 0x00, 0x00, 0x01, 0x00, 0x00, 0x00, 0x20, 0x00, 0x09, 0x40,
  0x00, 0x00, 0x00, 0x00, 0x02, 0x00, 0x05, 0x00, 0x00, 0x00, 0x05, 0x00,
  0x04, 0x04, 0x04, 0x01, 0x01, 0x00, 0x00, 0x00, 0x06, 0x00, 0x08, 0x00,
  0x00, 0x00, 0x34, 0x00, 0x00, 0x12, 0x00, 0x00, 0x00, 0x09, 0x00, 0x00,
  0x00, 0x00, 0x00, 0x00, 0x80, 0x5a, 0x00, 0x00, 0x88, 0x5a, 0x00, 0x00,
  0x01, 0x00, 0x00, 0x00, 0x01, 0x00, 0x00, 0x00, 0x00, 0x09, 0x00, 0x00,
  0x01, 0x00, 0x00, 0x00, 0x20, 0x02, 0x0e, 0x07, 0x97, 0xdf, 0x35, 0xaa,
  0x00, 0x00, 0x00, 0x00, 0x00, 0x00, 0x00, 0x00, 0x02, 0x00, 0x05, 0x00,
  0x00, 0x00, 0x05, 0x00, 0x04, 0x04, 0x01, 0x01, 0x01, 0x00, 0x00, 0x00,
  0x06, 0x00, 0x1e, 0x00, 0x00, 0x00, 0x84, 0x00, 0x00, 0x00, 0x00, 0x00,
  0x00, 0x12, 0x00, 0x00, 0x40, 0x2c, 0x00, 0x00, 0x80, 0x2e, 0x00, 0x00,
  0x80, 0x31, 0x00, 0x00, 0x06, 0x00, 0x00, 0x00, 0x06, 0x00, 0x00, 0x00,
  0x40, 0x00, 0x00, 0x00, 0x40, 0x00, 0x00, 0x00, 0x06, 0x00, 0x00, 0x00,
  0x06, 0x00, 0x00, 0x00, 0x40, 0x00, 0x00, 0x00, 0x03, 0x00, 0x00, 0x00,
  0x03, 0x00, 0x00, 0x00, 0x01, 0x00, 0x00, 0x00, 0x01, 0x00, 0x00, 0x00,
  0x01, 0x00, 0x00, 0x00, 0x01, 0x00, 0x00, 0x00, 0x01, 0x00, 0x00, 0x00,
  0x01, 0x00, 0x00, 0x00, 0x01, 0x00, 0x00, 0x00, 0x01, 0x00, 0x00, 0x00,
  0x20, 0x00, 0x0f, 0x07, 0x00, 0x00, 0x00, 0x00, 0x00, 0x00, 0x00, 0x00,
  0x01, 0x00, 0x00, 0x00, 0x01, 0x00, 0x00, 0x00, 0xdf, 0xff, 0xff, 0xff,
  0x00, 0xf4, 0x00, 0x00, 0x00, 0x00, 0x00, 0x00, 0x00, 0x00, 0x00, 0x00,
  0x00, 0x00, 0x00, 0x00, 0x00, 0x00, 0x00, 0x00, 0x02, 0x00, 0x05, 0x00,
  0x00, 0x00, 0x05, 0x00, 0x04, 0x04, 0x01, 0x01, 0x01, 0x00, 0x00, 0x00,
  0x06, 0x00, 0x22, 0x00, 0x00, 0x00, 0x84, 0x00, 0x00, 0x09, 0x00, 0x00,
  0x00, 0x00, 0x00, 0x00, 0x80, 0x37, 0x00, 0x00, 0x80, 0x3b, 0x00, 0x00,
  0xc0, 0x3b, 0x00, 0x00, 0x06, 0x00, 0x00, 0x00, 0x06, 0x00, 0x00, 0x00,
  0x10, 0x00, 0x00, 0x00, 0x10, 0x00, 0x00, 0x00, 0x06, 0x00, 0x00, 0x00,
  0x06, 0x00, 0x00, 0x00, 0x40, 0x00, 0x00, 0x00, 0x01, 0x00, 0x00, 0x00,
  0x01, 0x00, 0x00, 0x00, 0x01, 0x00, 0x00, 0x00, 0x01, 0x00, 0x00, 0x00,
  0x00, 0x00, 0x00, 0x00, 0x00, 0x00, 0x00, 0x00, 0x00, 0x00, 0x00, 0x00,
  0x00, 0x00, 0x00, 0x00, 0x01, 0x00, 0x00, 0x00, 0x01, 0x00, 0x00, 0x00,
  0x20, 0x00, 0x0f, 0x07, 0x00, 0x00, 0x00, 0x00, 0x00, 0x00, 0x00, 0x00,
  0x01, 0x00, 0x00, 0x00, 0x01, 0x00, 0x00, 0x00, 0xf4, 0xff, 0xff, 0xff,
  0x00, 0x80, 0x00, 0x00, 0x00, 0x00, 0x00, 0x00, 0x00, 0x00, 0x00, 0x00,
  0x00, 0x00, 0x00, 0x00, 0x00, 0x00, 0x00, 0x00, 0x02, 0x00, 0x05, 0x00,
  0x00, 0x00, 0x05, 0x00, 0x04, 0x04, 0x01, 0x01, 0x01, 0x00, 0x00, 0x00,
  0x06, 0x00, 0x14, 0x00, 0x00, 0x00, 0x84, 0x00, 0x00, 0x00, 0x00, 0x00,
  0x00, 0x09, 0x00, 0x00, 0xb8, 0x50, 0x00, 0x00, 0xd8, 0x51, 0x00, 0x00,
  0xf8, 0x51, 0x00, 0x00, 0x06, 0x00, 0x00, 0x00, 0x06, 0x00, 0x00, 0x00,
  0x08, 0x00, 0x00, 0x00, 0x02, 0x00, 0x00, 0x00, 0x06, 0x00, 0x00, 0x00,
  0x06, 0x00, 0x00, 0x00, 0x10, 0x00, 0x00, 0x00, 0x03, 0x00, 0x00, 0x00,
  0x03, 0x00, 0x00, 0x00, 0x01, 0x00, 0x00, 0x00, 0x01, 0x00, 0x00, 0x00,
  0x01, 0x00, 0x00, 0x00, 0x01, 0x00, 0x00, 0x00, 0x01, 0x00, 0x00, 0x00,
  0x01, 0x00, 0x00, 0x00, 0x01, 0x00, 0x00, 0x00, 0x01, 0x00, 0x00, 0x00,
  0x20, 0x00, 0x0f, 0x07, 0x00, 0x00, 0x00, 0x00, 0x00, 0x00, 0x00, 0x00,
  0x01, 0x00, 0x00, 0x00, 0x01, 0x00, 0x00, 0x00, 0x80, 0xff, 0xff, 0xff,
  0x00, 0x01, 0x00, 0x00, 0x00, 0x00, 0x00, 0x00, 0x00, 0x00, 0x00, 0x00,
  0x00, 0x00, 0x00, 0x00, 0x00, 0x00, 0x00, 0x00, 0x02, 0x00, 0x04, 0x00,
  0x00, 0x00, 0x04, 0x00, 0x04, 0x04, 0x01, 0x01, 0x06, 0x00, 0x31, 0x00,
  0x00, 0x00, 0x24, 0x00, 0x20, 0x01, 0x00, 0x00, 0x00, 0x00, 0x00, 0x00,
  0xd0, 0x59, 0x00, 0x00, 0xe0, 0x59, 0x00, 0x00, 0x01, 0x00, 0x00, 0x00,
  0x24, 0x00, 0x00, 0x00, 0x08, 0x00, 0x00, 0x00, 0x20, 0x02, 0x0f, 0x07,
  0x93, 0xff, 0xc7, 0x99, 0x02, 0x00, 0x03, 0x00, 0x00, 0x00, 0x03, 0x00,
  0x04, 0x04, 0x01, 0x00, 0x06, 0x00, 0x52, 0x00, 0x00, 0x00, 0x24, 0x00,
  0x00, 0x00, 0x00, 0x00, 0x20, 0x01, 0x00, 0x00, 0x40, 0x5a, 0x00, 0x00,
  0x01, 0x00, 0x00, 0x00, 0x01, 0x00, 0x00, 0x00, 0x08, 0x00, 0x00, 0x00,
  0x02, 0x00, 0x00, 0x00, 0x00, 0x00, 0x0f, 0x06, 0x80, 0x00, 0x01, 0x00,
  0x02, 0x00, 0x03, 0x00, 0x00, 0x00, 0x03, 0x00, 0x04, 0x04, 0x01, 0x00,
  0x06, 0x00, 0x53, 0x00, 0x00, 0x00, 0x24, 0x00, 0x08, 0x00, 0x00, 0x00,
  0x00, 0x00, 0x00, 0x00, 0x28, 0x5a, 0x00, 0x00, 0x01, 0x00, 0x00, 0x00,
  0x01, 0x00, 0x00, 0x00, 0x02, 0x00, 0x00, 0x00, 0x08, 0x00, 0x00, 0x00,
  0x00, 0x00, 0x0e, 0x07, 0x80, 0x00, 0x01, 0x00, 0x02, 0x00, 0x04, 0x00,
  0x00, 0x00, 0x04, 0x00, 0x04, 0x04, 0x01, 0x04, 0x06, 0x00, 0x57, 0x00,
  0x00, 0x00, 0x3c, 0x00, 0x00, 0x00, 0x00, 0x00, 0x08, 0x00, 0x00, 0x00,
  0x40, 0x48, 0x00, 0x00, 0x10, 0x00, 0x00, 0x00, 0x01, 0x00, 0x00, 0x00,
  0x01, 0x00, 0x00, 0x00, 0x02, 0x00, 0x00, 0x00, 0x01, 0x00, 0x00, 0x00,
  0x01, 0x00, 0x00, 0x00, 0xff, 0xff, 0xff, 0xff, 0x80, 0xff, 0xff, 0xff,
  0x67, 0x34, 0x09, 0x00, 0x01, 0x00, 0x08, 0x00, 0x01, 0x00, 0x00, 0x00,
  0x01, 0x00, 0x00, 0x00, 0x02, 0x00, 0x04, 0x00, 0x00, 0x00, 0x04, 0x00,
  0x04, 0x04, 0x01, 0x01, 0x06, 0x00, 0x32, 0x00, 0x00, 0x00, 0x30, 0x00,
  0x08, 0x00, 0x00, 0x00, 0x00, 0x00, 0x00, 0x00, 0x00, 0x5a, 0x00, 0x00,
  0x08, 0x5a, 0x00, 0x00, 0x00, 0x00, 0x00, 0x00, 0x01, 0x00, 0x00, 0x00,
  0x01, 0x00, 0x00, 0x00, 0x08, 0x00, 0x00, 0x00, 0x20, 0x02, 0x07, 0x07,
  0x00, 0x00, 0x00, 0x00, 0x00, 0x00, 0x00, 0x00, 0x80, 0x00, 0x01, 0x00,
  0x02, 0x00, 0x03, 0x00, 0x00, 0x00, 0x03, 0x00, 0x02, 0x04, 0x01, 0x00,
  0x06, 0x00, 0x52, 0x00, 0x00, 0x00, 0x24, 0x00, 0x00, 0x00, 0x00, 0x00,
  0x08, 0x00, 0x00, 0x00, 0x40, 0x5a, 0x00, 0x00, 0x01, 0x00, 0x00, 0x00,
  0x01, 0x00, 0x00, 0x00, 0x08, 0x00, 0x00, 0x00, 0x02, 0x00, 0x00, 0x00,
  0x00, 0x00, 0x0f, 0x06, 0x80, 0x00, 0x01, 0x00, 0x01, 0x00, 0x00, 0x00,
  0x00, 0x00, 0x00, 0x00, 0x00, 0x00, 0x00, 0x00, 0x00, 0x24, 0x00, 0x00,
  0x02, 0x00, 0x00, 0x00, 0x04, 0x00, 0x04, 0x00, 0x04, 0x00, 0x00, 0x00,
  0x7c, 0x00, 0x00, 0x00, 0x4d, 0x4c, 0x49, 0x52, 0x20, 0x43, 0x6f, 0x6e,
  0x76, 0x65, 0x72, 0x74, 0x65, 0x64, 0x2e, 0x0a, 0x43, 0x6f, 0x6e, 0x76,
  0x65, 0x72, 0x74, 0x65, 0x64, 0x20, 0x77, 0x69, 0x74, 0x68, 0x20, 0x65,
  0x49, 0x51, 0x20, 0x6e, 0x65, 0x75, 0x74, 0x72, 0x6f, 0x6e, 0x2d, 0x63,
  0x6f, 0x6e, 0x76, 0x65, 0x72, 0x74, 0x65, 0x72, 0x0a, 0x56, 0x65, 0x72,
  0x73, 0x69, 0x6f, 0x6e, 0x3a, 0x20, 0x33, 0x2e, 0x31, 0x2e, 0x31, 0x2b,
  0x30, 0x58, 0x34, 0x34, 0x37, 0x62, 0x33, 0x35, 0x33, 0x38, 0x0a, 0x54,
  0x61, 0x72, 0x67, 0x65, 0x74, 0x3a, 0x20, 0x69, 0x6d, 0x78, 0x72, 0x74,
  0x37, 0x30, 0x30, 0x0a, 0x54, 0x46, 0x4c, 0x69, 0x74, 0x65, 0x3a, 0x20,
  0x32, 0x2e, 0x31, 0x39, 0x2e, 0x30, 0x0a, 0x54, 0x4f, 0x53, 0x41, 0x3a,
  0x20, 0x31, 0x2e, 0x31, 0x2e, 0x30, 0x64, 0x0a, 0x00, 0x00, 0x00, 0x00,
  0x01, 0x00, 0x00, 0x00, 0x14, 0x00, 0x00, 0x00, 0x00, 0x00, 0x0e, 0x00,
  0x18, 0x00, 0x04, 0x00, 0x08, 0x00, 0x0c, 0x00, 0x10, 0x00, 0x14, 0x00,
  0x0e, 0x00, 0x00, 0x00, 0xa8, 0x00, 0x00, 0x00, 0x9c, 0x00, 0x00, 0x00,
  0x90, 0x00, 0x00, 0x00, 0x14, 0x00, 0x00, 0x00, 0x04, 0x00, 0x00, 0x00,
  0x04, 0x00, 0x00, 0x00, 0x6d, 0x61, 0x69, 0x6e, 0x00, 0x00, 0x00, 0x00,
  0x01, 0x00, 0x00, 0x00, 0x14, 0x00, 0x00, 0x00, 0x10, 0x00, 0x10, 0x00,
  0x00, 0x00, 0x04, 0x00, 0x08, 0x00, 0x00, 0x00, 0x00, 0x00, 0x0c, 0x00,
  0x10, 0x00, 0x00, 0x00, 0x48, 0x00, 0x00, 0x00, 0x30, 0x00, 0x00, 0x00,
  0x04, 0x00, 0x00, 0x00, 0x21, 0x00, 0x00, 0x00, 0x73, 0x75, 0x62, 0x67,
  0x72, 0x61, 0x70, 0x68, 0x00, 0x0c, 0x73, 0x75, 0x62, 0x67, 0x72, 0x61,
  0x70, 0x68, 0x5f, 0x30, 0x34, 0x33, 0x00, 0x01, 0x18, 0x01, 0x01, 0x01,
  0x12, 0x14, 0x02, 0x24, 0x01, 0x00, 0x00, 0x00, 0x04, 0x00, 0x00, 0x00,
  0x01, 0x00, 0x00, 0x00, 0x05, 0x00, 0x00, 0x00, 0x06, 0x00, 0x00, 0x00,
  0x07, 0x00, 0x00, 0x00, 0x04, 0x00, 0x00, 0x00, 0x00, 0x00, 0x00, 0x00,
  0x02, 0x00, 0x00, 0x00, 0x03, 0x00, 0x00, 0x00, 0x04, 0x00, 0x00, 0x00,
  0x01, 0x00, 0x00, 0x00, 0x01, 0x00, 0x00, 0x00, 0x01, 0x00, 0x00, 0x00,
  0x00, 0x00, 0x00, 0x00, 0x08, 0x00, 0x00, 0x00, 0xc4, 0x01, 0x00, 0x00,
  0x5c, 0x01, 0x00, 0x00, 0x14, 0x01, 0x00, 0x00, 0xd4, 0x00, 0x00, 0x00,
  0xa0, 0x00, 0x00, 0x00, 0x70, 0x00, 0x00, 0x00, 0x34, 0x00, 0x00, 0x00,
  0x04, 0x00, 0x00, 0x00, 0xa8, 0xff, 0xff, 0xff, 0x00, 0x00, 0x00, 0x03,
  0x1c, 0x00, 0x00, 0x00, 0x04, 0x00, 0x00, 0x00, 0x0c, 0x00, 0x00, 0x00,
  0x4e, 0x65, 0x75, 0x74, 0x72, 0x6f, 0x6e, 0x44, 0x65, 0x62, 0x75, 0x67,
  0x00, 0x00, 0x00, 0x00, 0x01, 0x00, 0x00, 0x00, 0x00, 0x00, 0x00, 0x00,
  0xd4, 0xff, 0xff, 0xff, 0x00, 0x00, 0x00, 0x03, 0x1c, 0x00, 0x00, 0x00,
  0x04, 0x00, 0x00, 0x00, 0x0e, 0x00, 0x00, 0x00, 0x4e, 0x65, 0x75, 0x74,
  0x72, 0x6f, 0x6e, 0x50, 0x72, 0x6f, 0x66, 0x69, 0x6c, 0x65, 0x00, 0x00,
  0x01, 0x00, 0x00, 0x00, 0x00, 0x00, 0x00, 0x00, 0x0c, 0x00, 0x10, 0x00,
  0x08, 0x00, 0x07, 0x00, 0x00, 0x00, 0x0c, 0x00, 0x0c, 0x00, 0x00, 0x00,
  0x00, 0x00, 0x00, 0x03, 0x1c, 0x00, 0x00, 0x00, 0x04, 0x00, 0x00, 0x00,
  0x0e, 0x00, 0x00, 0x00, 0x4e, 0x65, 0x75, 0x74, 0x72, 0x6f, 0x6e, 0x53,
  0x63, 0x72, 0x61, 0x74, 0x63, 0x68, 0x00, 0x00, 0x01, 0x00, 0x00, 0x00,
  0x20, 0x53, 0x02, 0x00, 0xa0, 0xff, 0xff, 0xff, 0x00, 0x00, 0x00, 0x03,
  0x20, 0x00, 0x00, 0x00, 0x03, 0x00, 0x00, 0x00, 0x04, 0x00, 0x00, 0x00,
  0x0e, 0x00, 0x00, 0x00, 0x4e, 0x65, 0x75, 0x74, 0x72, 0x6f, 0x6e, 0x4b,
  0x65, 0x72, 0x6e, 0x65, 0x6c, 0x73, 0x00, 0x00, 0x01, 0x00, 0x00, 0x00,
  0x01, 0x00, 0x00, 0x00, 0xd0, 0xff, 0xff, 0xff, 0x00, 0x00, 0x00, 0x03,
  0x20, 0x00, 0x00, 0x00, 0x02, 0x00, 0x00, 0x00, 0x04, 0x00, 0x00, 0x00,
  0x0e, 0x00, 0x00, 0x00, 0x4e, 0x65, 0x75, 0x74, 0x72, 0x6f, 0x6e, 0x57,
  0x65, 0x69, 0x67, 0x68, 0x74, 0x73, 0x00, 0x00, 0x01, 0x00, 0x00, 0x00,
  0x98, 0x5a, 0x00, 0x00, 0x0c, 0x00, 0x14, 0x00, 0x08, 0x00, 0x07, 0x00,
  0x0c, 0x00, 0x10, 0x00, 0x0c, 0x00, 0x00, 0x00, 0x00, 0x00, 0x00, 0x03,
  0x24, 0x00, 0x00, 0x00, 0x01, 0x00, 0x00, 0x00, 0x04, 0x00, 0x00, 0x00,
  0x10, 0x00, 0x00, 0x00, 0x4e, 0x65, 0x75, 0x74, 0x72, 0x6f, 0x6e, 0x4d,
  0x69, 0x63, 0x72, 0x6f, 0x63, 0x6f, 0x64, 0x65, 0x00, 0x00, 0x00, 0x00,
  0x01, 0x00, 0x00, 0x00, 0x88, 0x14, 0x00, 0x00, 0x00, 0x00, 0x0e, 0x00,
  0x14, 0x00, 0x08, 0x00, 0x07, 0x00, 0x00, 0x00, 0x0c, 0x00, 0x10, 0x00,
  0x0e, 0x00, 0x00, 0x00, 0x00, 0x00, 0x00, 0x03, 0x3c, 0x00, 0x00, 0x00,
  0x28, 0x00, 0x00, 0x00, 0x04, 0x00, 0x00, 0x00, 0x84, 0xff, 0xff, 0xff,
  0x14, 0x00, 0x00, 0x00, 0x04, 0x00, 0x00, 0x00, 0x01, 0x00, 0x00, 0x00,
  0x00, 0x00, 0x00, 0x00, 0x00, 0x00, 0x00, 0x00, 0x01, 0x00, 0x00, 0x00,
  0x00, 0x00, 0x80, 0x3b, 0x08, 0x00, 0x00, 0x00, 0x49, 0x64, 0x65, 0x6e,
  0x74, 0x69, 0x74, 0x79, 0x00, 0x00, 0x00, 0x00, 0x02, 0x00, 0x00, 0x00,
  0x01, 0x00, 0x00, 0x00, 0x02, 0x00, 0x00, 0x00, 0x14, 0x00, 0x18, 0x00,
  0x08, 0x00, 0x07, 0x00, 0x00, 0x00, 0x0c, 0x00, 0x10, 0x00, 0x00, 0x00,
  0x00, 0x00, 0x14, 0x00, 0x14, 0x00, 0x00, 0x00, 0x00, 0x00, 0x00, 0x03,
  0x5c, 0x00, 0x00, 0x00, 0x4c, 0x00, 0x00, 0x00, 0x28, 0x00, 0x00, 0x00,
  0x04, 0x00, 0x00, 0x00, 0x04, 0x00, 0x00, 0x00, 0x01, 0x00, 0x00, 0x00,
  0x60, 0x00, 0x00, 0x00, 0x60, 0x00, 0x00, 0x00, 0x01, 0x00, 0x00, 0x00,
  0x0c, 0x00, 0x0c, 0x00, 0x00, 0x00, 0x00, 0x00, 0x04, 0x00, 0x08, 0x00,
  0x0c, 0x00, 0x00, 0x00, 0x14, 0x00, 0x00, 0x00, 0x04, 0x00, 0x00, 0x00,
  0x01, 0x00, 0x00, 0x00, 0x7f, 0x00, 0x00, 0x00, 0x00, 0x00, 0x00, 0x00,
  0x01, 0x00, 0x00, 0x00, 0x81, 0x80, 0x00, 0x3c, 0x07, 0x00, 0x00, 0x00,
  0x69, 0x6e, 0x70, 0x75, 0x74, 0x5f, 0x31, 0x00, 0x04, 0x00, 0x00, 0x00,
  0x01, 0x00, 0x00, 0x00, 0x60, 0x00, 0x00, 0x00, 0x60, 0x00, 0x00, 0x00,
  0x01, 0x00, 0x00, 0x00, 0x01, 0x00, 0x00, 0x00, 0x10, 0x00, 0x00, 0x00,
  0x0c, 0x00, 0x10, 0x00, 0x07, 0x00, 0x08, 0x00, 0x00, 0x00, 0x0c, 0x00,
  0x0c, 0x00, 0x00, 0x00, 0x00, 0x00, 0x00, 0x20, 0x08, 0x00, 0x00, 0x00,
  0x20, 0x00, 0x00, 0x00, 0x0c, 0x00, 0x00, 0x00, 0x4e, 0x65, 0x75, 0x74,
  0x72, 0x6f, 0x6e, 0x47, 0x72, 0x61, 0x70, 0x68, 0x00, 0x00, 0x00, 0x00
};
unsigned int antispoofing_data_len = 29520;
